"id_op_ob","data_emissao_op","numero_ordem_pagamento","vinculacao_op","situacao_op","descricao_situacao_op","data_situacao_op","data_emissao_ob","numero_ordem_bancaria","numero_ordem_lancamento","data_assinatura_ordenador_despesa_ob","data_assinatura_gestor_financeiro_ob","id_dh"
40050,"2025-09-09","2025OP001281",405,5,"OB Enviada à instituição bancária para pagamento","2025-09-09","2025-09-09","2025OB001281","2025NS013449","2025-09-09","2025-09-09",60879
41307,"2025-09-09","2025OP002538",405,5,"OB Enviada à instituição bancária para pagamento","2025-09-09","2025-09-09","2025OB002538","2025NS014706","2025-09-09","2025-09-09",60885
40531,"2025-09-09","2025OP001762",405,5,"OB Enviada à instituição bancária para pagamento","2025-09-09","2025-09-09","2025OB001762","2025NS013930","2025-09-09","2025-09-09",60891
40127,"2025-09-09","2025OP001358",405,5,"OB Enviada à instituição bancária para pagamento","2025-09-09","2025-09-09","2025OB001358","2025NS013526","2025-09-09","2025-09-09",60880
40268,"2025-09-09","2025OP001499",405,5,"OB Enviada à instituição bancária para pagamento","2025-09-09","2025-09-09","2025OB001499","2025NS013667","2025-09-09","2025-09-09",60887
39850,"2025-09-09","2025OP001081",405,5,"OB Enviada à instituição bancária para pagamento","2025-09-09","2025-09-09","2025OB001081","2025NS013249","2025-09-09","2025-09-09",60888
40482,"2025-09-09","2025OP001713",405,5,"OB Enviada à instituição bancária para pagamento","2025-09-09","2025-09-09","2025OB001727","2025NS013881","2025-09-09","2025-09-09",60666
40807,"2025-09-09","2025OP002038",405,5,"OB Enviada à instituição bancária para pagamento","2025-09-09","2025-09-09","2025OB002038","2025NS014206","2025-09-09","2025-09-09",60903
40799,"2025-09-09","2025OP002030",405,5,"OB Enviada à instituição bancária para pagamento","2025-09-09","2025-09-09","2025OB002029","2025NS014198","2025-09-09","2025-09-09",60904
40292,"2025-09-09","2025OP001523",405,5,"OB Enviada à instituição bancária para pagamento","2025-09-09","2025-09-09","2025OB001523","2025NS013691","2025-09-09","2025-09-09",60893
40430,"2025-09-09","2025OP001661",405,5,"OB Enviada à instituição bancária para pagamento","2025-09-09","2025-09-09","2025OB001661","2025NS013829","2025-09-09","2025-09-09",60895
40300,"2025-09-09","2025OP001531",405,5,"OB Enviada à instituição bancária para pagamento","2025-09-09","2025-09-09","2025OB001531","2025NS013699","2025-09-09","2025-09-09",60897
40960,"2025-09-09","2025OP002191",405,5,"OB Enviada à instituição bancária para pagamento","2025-09-09","2025-09-09","2025OB002191","2025NS014359","2025-09-09","2025-09-09",60906
40297,"2025-09-09","2025OP001528",405,5,"OB Enviada à instituição bancária para pagamento","2025-09-09","2025-09-09","2025OB001528","2025NS013696","2025-09-09","2025-09-09",60688
40289,"2025-09-09","2025OP001520",405,5,"OB Enviada à instituição bancária para pagamento","2025-09-09","2025-09-09","2025OB001520","2025NS013688","2025-09-09","2025-09-09",60899
43719,"2025-09-29","2025OP004959",405,3,"Aguardando assinaturas do ordenador de despesas e/ou gestor financeiro","2025-09-29",,,"2025NS020174",,,65000
41756,"2025-09-11","2025OP002987",405,5,"OB Enviada à instituição bancária para pagamento","2025-09-12","2025-09-12","2025OB002969","2025NS016796","2025-09-11","2025-09-11",63369
39166,"2025-09-09","2025OP000397",405,5,"OB Enviada à instituição bancária para pagamento","2025-09-09","2025-09-09","2025OB000397","2025NS012565","2025-09-09","2025-09-09",61322
40730,"2025-09-09","2025OP001961",405,5,"OB Enviada à instituição bancária para pagamento","2025-09-09","2025-09-09","2025OB001961","2025NS014129","2025-09-09","2025-09-09",61060
43470,"2025-09-29","2025OP004710",405,3,"Aguardando assinaturas do ordenador de despesas e/ou gestor financeiro","2025-09-29",,,"2025NS019925",,,64931
39627,"2025-09-09","2025OP000858",405,5,"OB Enviada à instituição bancária para pagamento","2025-09-09","2025-09-09","2025OB000858","2025NS013026","2025-09-09","2025-09-09",61870
41585,"2025-09-09","2025OP002816",405,5,"OB Enviada à instituição bancária para pagamento","2025-09-09","2025-09-09","2025OB002816","2025NS014984","2025-09-09","2025-09-09",60672
40540,"2025-09-09","2025OP001771",405,5,"OB Enviada à instituição bancária para pagamento","2025-09-09","2025-09-09","2025OB001771","2025NS013939","2025-09-09","2025-09-09",60673
40343,"2025-09-09","2025OP001574",405,5,"OB Enviada à instituição bancária para pagamento","2025-09-09","2025-09-09","2025OB001574","2025NS013742","2025-09-09","2025-09-09",60674
38961,"2025-09-09","2025OP000192",405,5,"OB Enviada à instituição bancária para pagamento","2025-09-09","2025-09-09","2025OB000192","2025NS012360","2025-09-09","2025-09-09",61548
40543,"2025-09-09","2025OP001774",405,5,"OB Enviada à instituição bancária para pagamento","2025-09-09","2025-09-09","2025OB001774","2025NS013942","2025-09-09","2025-09-09",63119
41217,"2025-09-09","2025OP002448",405,5,"OB Enviada à instituição bancária para pagamento","2025-09-09","2025-09-09","2025OB002448","2025NS014616","2025-09-09","2025-09-09",62295
39102,"2025-09-09","2025OP000333",405,5,"OB Enviada à instituição bancária para pagamento","2025-09-09","2025-09-09","2025OB000329","2025NS012501","2025-09-09","2025-09-09",61871
43293,"2025-09-29","2025OP004533",405,3,"Aguardando assinaturas do ordenador de despesas e/ou gestor financeiro","2025-09-29",,,"2025NS019748",,,65001
40817,"2025-09-09","2025OP002048",405,5,"OB Enviada à instituição bancária para pagamento","2025-09-09","2025-09-09","2025OB002048","2025NS014216","2025-09-09","2025-09-09",61188
39517,"2025-09-09","2025OP000748",405,5,"OB Enviada à instituição bancária para pagamento","2025-09-09","2025-09-09","2025OB000748","2025NS012916","2025-09-09","2025-09-09",60907
41498,"2025-09-09","2025OP002729",405,5,"OB Enviada à instituição bancária para pagamento","2025-09-09","2025-09-09","2025OB002728","2025NS014897","2025-09-09","2025-09-09",60676
42736,"2025-09-11","2025OP003967",405,5,"OB Enviada à instituição bancária para pagamento","2025-09-12","2025-09-12","2025OB003990","2025NS017776","2025-09-11","2025-09-11",63591
41642,"2025-09-11","2025OP002873",405,5,"OB Enviada à instituição bancária para pagamento","2025-09-12","2025-09-12","2025OB002878","2025NS016682","2025-09-11","2025-09-11",64427
41495,"2025-09-09","2025OP002726",405,5,"OB Enviada à instituição bancária para pagamento","2025-09-09","2025-09-09","2025OB002722","2025NS014894","2025-09-09","2025-09-09",60677
40889,"2025-09-09","2025OP002120",405,5,"OB Enviada à instituição bancária para pagamento","2025-09-09","2025-09-09","2025OB002120","2025NS014288","2025-09-09","2025-09-09",63066
41582,"2025-09-09","2025OP002813",405,5,"OB Enviada à instituição bancária para pagamento","2025-09-09","2025-09-09","2025OB002813","2025NS014981","2025-09-09","2025-09-09",61051
41583,"2025-09-09","2025OP002814",405,5,"OB Enviada à instituição bancária para pagamento","2025-09-09","2025-09-09","2025OB002814","2025NS014982","2025-09-09","2025-09-09",61466
41577,"2025-09-09","2025OP002808",405,5,"OB Enviada à instituição bancária para pagamento","2025-09-09","2025-09-09","2025OB002808","2025NS014976","2025-09-09","2025-09-09",61972
41579,"2025-09-09","2025OP002810",405,5,"OB Enviada à instituição bancária para pagamento","2025-09-09","2025-09-09","2025OB002810","2025NS014978","2025-09-09","2025-09-09",61973
41575,"2025-09-09","2025OP002806",405,5,"OB Enviada à instituição bancária para pagamento","2025-09-09","2025-09-09","2025OB002806","2025NS014974","2025-09-09","2025-09-09",60726
39106,"2025-09-09","2025OP000337",405,5,"OB Enviada à instituição bancária para pagamento","2025-09-09","2025-09-09","2025OB000337","2025NS012505","2025-09-09","2025-09-09",60652
39131,"2025-09-09","2025OP000362",405,5,"OB Enviada à instituição bancária para pagamento","2025-09-09","2025-09-09","2025OB000362","2025NS012530","2025-09-09","2025-09-09",60619
41523,"2025-09-09","2025OP002754",405,5,"OB Enviada à instituição bancária para pagamento","2025-09-09","2025-09-09","2025OB002754","2025NS014922","2025-09-09","2025-09-09",60630
43528,"2025-09-29","2025OP004768",405,3,"Aguardando assinaturas do ordenador de despesas e/ou gestor financeiro","2025-09-29",,,"2025NS019983",,,65268
41154,"2025-09-09","2025OP002385",405,5,"OB Enviada à instituição bancária para pagamento","2025-09-09","2025-09-09","2025OB002385","2025NS014553","2025-09-09","2025-09-09",60631
41816,"2025-09-11","2025OP003047",405,5,"OB Enviada à instituição bancária para pagamento","2025-09-12","2025-09-12","2025OB003048","2025NS016856","2025-09-11","2025-09-11",63717
40713,"2025-09-09","2025OP001944",405,5,"OB Enviada à instituição bancária para pagamento","2025-09-09","2025-09-09","2025OB001944","2025NS014112","2025-09-09","2025-09-09",63257
42880,"2025-09-11","2025OP004111",405,5,"OB Enviada à instituição bancária para pagamento","2025-09-12","2025-09-12","2025OB004102","2025NS017920","2025-09-11","2025-09-11",63846
39804,"2025-09-09","2025OP001035",405,5,"OB Enviada à instituição bancária para pagamento","2025-09-09","2025-09-09","2025OB001035","2025NS013203","2025-09-09","2025-09-09",61243
39805,"2025-09-09","2025OP001036",405,5,"OB Enviada à instituição bancária para pagamento","2025-09-09","2025-09-09","2025OB001036","2025NS013204","2025-09-09","2025-09-09",63011
41807,"2025-09-11","2025OP003038",405,5,"OB Enviada à instituição bancária para pagamento","2025-09-12","2025-09-12","2025OB003039","2025NS016847","2025-09-11","2025-09-11",63470
39793,"2025-09-09","2025OP001024",405,5,"OB Enviada à instituição bancária para pagamento","2025-09-09","2025-09-09","2025OB001024","2025NS013192","2025-09-09","2025-09-09",61039
42121,"2025-09-11","2025OP003352",405,5,"OB Enviada à instituição bancária para pagamento","2025-09-12","2025-09-12","2025OB003335","2025NS017161","2025-09-11","2025-09-11",63461
39800,"2025-09-09","2025OP001031",405,5,"OB Enviada à instituição bancária para pagamento","2025-09-09","2025-09-09","2025OB001031","2025NS013199","2025-09-09","2025-09-09",61509
39792,"2025-09-09","2025OP001023",405,5,"OB Enviada à instituição bancária para pagamento","2025-09-09","2025-09-09","2025OB001023","2025NS013191","2025-09-09","2025-09-09",61202
42119,"2025-09-11","2025OP003350",405,5,"OB Enviada à instituição bancária para pagamento","2025-09-12","2025-09-12","2025OB003348","2025NS017159","2025-09-11","2025-09-11",64205
40284,"2025-09-09","2025OP001515",405,5,"OB Enviada à instituição bancária para pagamento","2025-09-09","2025-09-09","2025OB001515","2025NS013683","2025-09-09","2025-09-09",62521
41203,"2025-09-09","2025OP002434",405,5,"OB Enviada à instituição bancária para pagamento","2025-09-09","2025-09-09","2025OB002434","2025NS014602","2025-09-09","2025-09-09",61021
43023,"2025-09-11","2025OP004254",405,5,"OB Enviada à instituição bancária para pagamento","2025-09-12","2025-09-12","2025OB004247","2025NS018063","2025-09-11","2025-09-11",64783
42122,"2025-09-11","2025OP003353",405,5,"OB Enviada à instituição bancária para pagamento","2025-09-12","2025-09-12","2025OB003337","2025NS017162","2025-09-11","2025-09-11",64293
41048,"2025-09-09","2025OP002279",405,5,"OB Enviada à instituição bancária para pagamento","2025-09-09","2025-09-09","2025OB002279","2025NS014447","2025-09-09","2025-09-09",60635
40285,"2025-09-09","2025OP001516",405,5,"OB Enviada à instituição bancária para pagamento","2025-09-09","2025-09-09","2025OB001516","2025NS013684","2025-09-09","2025-09-09",62782
42356,"2025-09-11","2025OP003587",405,5,"OB Enviada à instituição bancária para pagamento","2025-09-12","2025-09-12","2025OB003595","2025NS017396","2025-09-11","2025-09-11",64057
39784,"2025-09-09","2025OP001015",405,5,"OB Enviada à instituição bancária para pagamento","2025-09-09","2025-09-09","2025OB001016","2025NS013183","2025-09-09","2025-09-09",61791
39262,"2025-09-09","2025OP000493",405,5,"OB Enviada à instituição bancária para pagamento","2025-09-09","2025-09-09","2025OB000493","2025NS012661","2025-09-09","2025-09-09",60764
40826,"2025-09-09","2025OP002057",405,5,"OB Enviada à instituição bancária para pagamento","2025-09-09","2025-09-09","2025OB002057","2025NS014225","2025-09-09","2025-09-09",60636
39144,"2025-09-09","2025OP000375",405,5,"OB Enviada à instituição bancária para pagamento","2025-09-09","2025-09-09","2025OB000375","2025NS012543","2025-09-09","2025-09-09",60637
39796,"2025-09-09","2025OP001027",405,5,"OB Enviada à instituição bancária para pagamento","2025-09-09","2025-09-09","2025OB001027","2025NS013195","2025-09-09","2025-09-09",61977
38918,"2025-09-09","2025OP000149",405,5,"OB Enviada à instituição bancária para pagamento","2025-09-09","2025-09-09","2025OB000149","2025NS012317","2025-09-09","2025-09-09",60586
42624,"2025-09-11","2025OP003855",405,5,"OB Enviada à instituição bancária para pagamento","2025-09-12","2025-09-12","2025OB003849","2025NS017664","2025-09-11","2025-09-11",63678
40129,"2025-09-09","2025OP001360",405,5,"OB Enviada à instituição bancária para pagamento","2025-09-09","2025-09-09","2025OB001360","2025NS013528","2025-09-09","2025-09-09",62525
39782,"2025-09-09","2025OP001013",405,5,"OB Enviada à instituição bancária para pagamento","2025-09-09","2025-09-09","2025OB001013","2025NS013181","2025-09-09","2025-09-09",61480
40329,"2025-09-09","2025OP001560",405,5,"OB Enviada à instituição bancária para pagamento","2025-09-09","2025-09-09","2025OB001560","2025NS013728","2025-09-09","2025-09-09",63215
40893,"2025-09-09","2025OP002124",405,5,"OB Enviada à instituição bancária para pagamento","2025-09-09","2025-09-09","2025OB002124","2025NS014292","2025-09-09","2025-09-09",62967
43583,"2025-09-29","2025OP004823",405,3,"Aguardando assinaturas do ordenador de despesas e/ou gestor financeiro","2025-09-29",,,"2025NS020038",,,65152
40327,"2025-09-09","2025OP001558",405,5,"OB Enviada à instituição bancária para pagamento","2025-09-09","2025-09-09","2025OB001558","2025NS013726","2025-09-09","2025-09-09",61245
42469,"2025-09-11","2025OP003700",405,5,"OB Enviada à instituição bancária para pagamento","2025-09-12","2025-09-12","2025OB003704","2025NS017509","2025-09-11","2025-09-11",63700
40325,"2025-09-09","2025OP001556",405,5,"OB Enviada à instituição bancária para pagamento","2025-09-09","2025-09-09","2025OB001556","2025NS013724","2025-09-09","2025-09-09",60924
40855,"2025-09-09","2025OP002086",405,5,"OB Enviada à instituição bancária para pagamento","2025-09-09","2025-09-09","2025OB002086","2025NS014254","2025-09-09","2025-09-09",61621
43585,"2025-09-29","2025OP004825",405,3,"Aguardando assinaturas do ordenador de despesas e/ou gestor financeiro","2025-09-29",,,"2025NS020040",,,65016
39881,"2025-09-09","2025OP001112",405,5,"OB Enviada à instituição bancária para pagamento","2025-09-09","2025-09-09","2025OB001117","2025NS013280","2025-09-09","2025-09-09",60679
40332,"2025-09-09","2025OP001563",405,5,"OB Enviada à instituição bancária para pagamento","2025-09-09","2025-09-09","2025OB001563","2025NS013731","2025-09-09","2025-09-09",61511
42404,"2025-09-11","2025OP003635",405,5,"OB Enviada à instituição bancária para pagamento","2025-09-12","2025-09-12","2025OB003638","2025NS017444","2025-09-11","2025-09-11",64321
40347,"2025-09-09","2025OP001578",405,5,"OB Enviada à instituição bancária para pagamento","2025-09-09","2025-09-09","2025OB001578","2025NS013746","2025-09-09","2025-09-09",60956
40331,"2025-09-09","2025OP001562",405,5,"OB Enviada à instituição bancária para pagamento","2025-09-09","2025-09-09","2025OB001562","2025NS013730","2025-09-09","2025-09-09",62028
43142,"2025-09-11","2025OP004373",405,5,"OB Enviada à instituição bancária para pagamento","2025-09-12","2025-09-12","2025OB004361","2025NS018182","2025-09-11","2025-09-11",64701
43584,"2025-09-29","2025OP004824",405,3,"Aguardando assinaturas do ordenador de despesas e/ou gestor financeiro","2025-09-29",,,"2025NS020039",,,65063
41336,"2025-09-09","2025OP002567",405,5,"OB Enviada à instituição bancária para pagamento","2025-09-09","2025-09-09","2025OB002567","2025NS014735","2025-09-09","2025-09-09",63210
39178,"2025-09-09","2025OP000409",405,5,"OB Enviada à instituição bancária para pagamento","2025-09-09","2025-09-09","2025OB000419","2025NS012577","2025-09-09","2025-09-09",60680
42567,"2025-09-11","2025OP003798",405,5,"OB Enviada à instituição bancária para pagamento","2025-09-12","2025-09-12","2025OB003787","2025NS017607","2025-09-11","2025-09-11",63466
42572,"2025-09-11","2025OP003803",405,5,"OB Enviada à instituição bancária para pagamento","2025-09-12","2025-09-12","2025OB003806","2025NS017612","2025-09-11","2025-09-11",64327
42439,"2025-09-11","2025OP003670",405,5,"OB Enviada à instituição bancária para pagamento","2025-09-12","2025-09-12","2025OB003661","2025NS017479","2025-09-11","2025-09-11",64508
39452,"2025-09-09","2025OP000683",405,5,"OB Enviada à instituição bancária para pagamento","2025-09-09","2025-09-09","2025OB000683","2025NS012851","2025-09-09","2025-09-09",61516
43249,"2025-09-29","2025OP004489",405,3,"Aguardando assinaturas do ordenador de despesas e/ou gestor financeiro","2025-09-29",,,"2025NS019704",,,64985
41928,"2025-09-11","2025OP003159",405,5,"OB Enviada à instituição bancária para pagamento","2025-09-12","2025-09-12","2025OB003166","2025NS016968","2025-09-11","2025-09-11",64385
39454,"2025-09-09","2025OP000685",405,5,"OB Enviada à instituição bancária para pagamento","2025-09-09","2025-09-09","2025OB000685","2025NS012853","2025-09-09","2025-09-09",62378
39459,"2025-09-09","2025OP000690",405,5,"OB Enviada à instituição bancária para pagamento","2025-09-09","2025-09-09","2025OB000690","2025NS012858","2025-09-09","2025-09-09",61981
39228,"2025-09-09","2025OP000459",405,5,"OB Enviada à instituição bancária para pagamento","2025-09-09","2025-09-09","2025OB000459","2025NS012627","2025-09-09","2025-09-09",60621
41486,"2025-09-09","2025OP002717",405,5,"OB Enviada à instituição bancária para pagamento","2025-09-09","2025-09-09","2025OB002729","2025NS014885","2025-09-09","2025-09-09",62737
42565,"2025-09-11","2025OP003796",405,5,"OB Enviada à instituição bancária para pagamento","2025-09-12","2025-09-12","2025OB003791","2025NS017605","2025-09-11","2025-09-11",64502
40076,"2025-09-09","2025OP001307",405,5,"OB Enviada à instituição bancária para pagamento","2025-09-09","2025-09-09","2025OB001316","2025NS013475","2025-09-09","2025-09-09",60642
40829,"2025-09-09","2025OP002060",405,5,"OB Enviada à instituição bancária para pagamento","2025-09-09","2025-09-09","2025OB002060","2025NS014228","2025-09-09","2025-09-09",60656
40840,"2025-09-09","2025OP002071",405,5,"OB Enviada à instituição bancária para pagamento","2025-09-09","2025-09-09","2025OB002071","2025NS014239","2025-09-09","2025-09-09",60681
39829,"2025-09-09","2025OP001060",405,5,"OB Enviada à instituição bancária para pagamento","2025-09-09","2025-09-09","2025OB001060","2025NS013228","2025-09-09","2025-09-09",60657
39835,"2025-09-09","2025OP001066",405,5,"OB Enviada à instituição bancária para pagamento","2025-09-09","2025-09-09","2025OB001066","2025NS013234","2025-09-09","2025-09-09",60660
39306,"2025-09-09","2025OP000537",405,5,"OB Enviada à instituição bancária para pagamento","2025-09-09","2025-09-09","2025OB000534","2025NS012705","2025-09-09","2025-09-09",60683
40035,"2025-09-09","2025OP001266",405,5,"OB Enviada à instituição bancária para pagamento","2025-09-09","2025-09-09","2025OB001266","2025NS013434","2025-09-09","2025-09-09",60686
40913,"2025-09-09","2025OP002144",405,5,"OB Enviada à instituição bancária para pagamento","2025-09-09","2025-09-09","2025OB002144","2025NS014312","2025-09-09","2025-09-09",60662
41479,"2025-09-09","2025OP002710",405,5,"OB Enviada à instituição bancária para pagamento","2025-09-09","2025-09-09","2025OB002715","2025NS014878","2025-09-09","2025-09-09",60696
40080,"2025-09-09","2025OP001311",405,5,"OB Enviada à instituição bancária para pagamento","2025-09-09","2025-09-09","2025OB001324","2025NS013479","2025-09-09","2025-09-09",60737
40809,"2025-09-09","2025OP002040",405,5,"OB Enviada à instituição bancária para pagamento","2025-09-09","2025-09-09","2025OB002040","2025NS014208","2025-09-09","2025-09-09",60739
40747,"2025-09-09","2025OP001978",405,5,"OB Enviada à instituição bancária para pagamento","2025-09-09","2025-09-09","2025OB001978","2025NS014146","2025-09-09","2025-09-09",63261
40077,"2025-09-09","2025OP001308",405,5,"OB Enviada à instituição bancária para pagamento","2025-09-09","2025-09-09","2025OB001318","2025NS013476","2025-09-09","2025-09-09",60738
39029,"2025-09-09","2025OP000260",405,5,"OB Enviada à instituição bancária para pagamento","2025-09-09","2025-09-09","2025OB000260","2025NS012428","2025-09-09","2025-09-09",60698
41090,"2025-09-09","2025OP002321",405,5,"OB Enviada à instituição bancária para pagamento","2025-09-09","2025-09-09","2025OB002311","2025NS014489","2025-09-09","2025-09-09",60753
41510,"2025-09-09","2025OP002741",405,5,"OB Enviada à instituição bancária para pagamento","2025-09-09","2025-09-09","2025OB002741","2025NS014909","2025-09-09","2025-09-09",60664
41037,"2025-09-09","2025OP002268",405,5,"OB Enviada à instituição bancária para pagamento","2025-09-09","2025-09-09","2025OB002268","2025NS014436","2025-09-09","2025-09-09",60665
40587,"2025-09-09","2025OP001818",405,5,"OB Enviada à instituição bancária para pagamento","2025-09-09","2025-09-09","2025OB001818","2025NS013986","2025-09-09","2025-09-09",60700
40305,"2025-09-09","2025OP001536",405,5,"OB Enviada à instituição bancária para pagamento","2025-09-09","2025-09-09","2025OB001536","2025NS013704","2025-09-09","2025-09-09",60701
39293,"2025-09-09","2025OP000524",405,5,"OB Enviada à instituição bancária para pagamento","2025-09-09","2025-09-09","2025OB000508","2025NS012692","2025-09-09","2025-09-09",60713
41401,"2025-09-09","2025OP002632",405,5,"OB Enviada à instituição bancária para pagamento","2025-09-09","2025-09-09","2025OB002632","2025NS014800","2025-09-09","2025-09-09",60703
39500,"2025-09-09","2025OP000731",405,5,"OB Enviada à instituição bancária para pagamento","2025-09-09","2025-09-09","2025OB000731","2025NS012899","2025-09-09","2025-09-09",60711
42503,"2025-09-11","2025OP003734",405,5,"OB Enviada à instituição bancária para pagamento","2025-09-12","2025-09-12","2025OB003738","2025NS017543","2025-09-11","2025-09-11",63423
40497,"2025-09-09","2025OP001728",405,5,"OB Enviada à instituição bancária para pagamento","2025-09-09","2025-09-09","2025OB001720","2025NS013896","2025-09-09","2025-09-09",63190
40502,"2025-09-09","2025OP001733",405,5,"OB Enviada à instituição bancária para pagamento","2025-09-09","2025-09-09","2025OB001730","2025NS013901","2025-09-09","2025-09-09",63188
42494,"2025-09-11","2025OP003725",405,5,"OB Enviada à instituição bancária para pagamento","2025-09-12","2025-09-12","2025OB003734","2025NS017534","2025-09-11","2025-09-11",63476
40496,"2025-09-09","2025OP001727",405,5,"OB Enviada à instituição bancária para pagamento","2025-09-09","2025-09-09","2025OB001718","2025NS013895","2025-09-09","2025-09-09",61982
40768,"2025-09-09","2025OP001999",405,5,"OB Enviada à instituição bancária para pagamento","2025-09-09","2025-09-09","2025OB001999","2025NS014167","2025-09-09","2025-09-09",60716
40789,"2025-09-09","2025OP002020",405,5,"OB Enviada à instituição bancária para pagamento","2025-09-09","2025-09-09","2025OB002009","2025NS014188","2025-09-09","2025-09-09",60717
42496,"2025-09-11","2025OP003727",405,5,"OB Enviada à instituição bancária para pagamento","2025-09-12","2025-09-12","2025OB003724","2025NS017536","2025-09-11","2025-09-11",63484
40794,"2025-09-09","2025OP002025",405,5,"OB Enviada à instituição bancária para pagamento","2025-09-09","2025-09-09","2025OB002019","2025NS014193","2025-09-09","2025-09-09",60743
40501,"2025-09-09","2025OP001732",405,5,"OB Enviada à instituição bancária para pagamento","2025-09-09","2025-09-09","2025OB001728","2025NS013900","2025-09-09","2025-09-09",63152
41352,"2025-09-09","2025OP002583",405,5,"OB Enviada à instituição bancária para pagamento","2025-09-09","2025-09-09","2025OB002583","2025NS014751","2025-09-09","2025-09-09",61658
40499,"2025-09-09","2025OP001730",405,5,"OB Enviada à instituição bancária para pagamento","2025-09-09","2025-09-09","2025OB001724","2025NS013898","2025-09-09","2025-09-09",63015
40933,"2025-09-09","2025OP002164",405,5,"OB Enviada à instituição bancária para pagamento","2025-09-09","2025-09-09","2025OB002164","2025NS014332","2025-09-09","2025-09-09",60744
39882,"2025-09-09","2025OP001113",405,5,"OB Enviada à instituição bancária para pagamento","2025-09-09","2025-09-09","2025OB001119","2025NS013281","2025-09-09","2025-09-09",60705
39682,"2025-09-09","2025OP000913",405,5,"OB Enviada à instituição bancária para pagamento","2025-09-09","2025-09-09","2025OB000922","2025NS013081","2025-09-09","2025-09-09",60720
40500,"2025-09-09","2025OP001731",405,5,"OB Enviada à instituição bancária para pagamento","2025-09-09","2025-09-09","2025OB001726","2025NS013899","2025-09-09","2025-09-09",63185
40841,"2025-09-09","2025OP002072",405,5,"OB Enviada à instituição bancária para pagamento","2025-09-09","2025-09-09","2025OB002072","2025NS014240","2025-09-09","2025-09-09",60722
40835,"2025-09-09","2025OP002066",405,5,"OB Enviada à instituição bancária para pagamento","2025-09-09","2025-09-09","2025OB002066","2025NS014234","2025-09-09","2025-09-09",60708
40492,"2025-09-09","2025OP001723",405,5,"OB Enviada à instituição bancária para pagamento","2025-09-09","2025-09-09","2025OB001711","2025NS013891","2025-09-09","2025-09-09",61205
40498,"2025-09-09","2025OP001729",405,5,"OB Enviada à instituição bancária para pagamento","2025-09-09","2025-09-09","2025OB001722","2025NS013897","2025-09-09","2025-09-09",63009
42635,"2025-09-11","2025OP003866",405,5,"OB Enviada à instituição bancária para pagamento","2025-09-12","2025-09-12","2025OB003873","2025NS017675","2025-09-11","2025-09-11",64827
40505,"2025-09-09","2025OP001736",405,5,"OB Enviada à instituição bancária para pagamento","2025-09-09","2025-09-09","2025OB001736","2025NS013904","2025-09-09","2025-09-09",63039
42637,"2025-09-11","2025OP003868",405,5,"OB Enviada à instituição bancária para pagamento","2025-09-12","2025-09-12","2025OB003865","2025NS017677","2025-09-11","2025-09-11",64368
43677,"2025-09-29","2025OP004917",405,3,"Aguardando assinaturas do ordenador de despesas e/ou gestor financeiro","2025-09-29",,,"2025NS020132",,,65164
40754,"2025-09-09","2025OP001985",405,5,"OB Enviada à instituição bancária para pagamento","2025-09-09","2025-09-09","2025OB001985","2025NS014153","2025-09-09","2025-09-09",60725
40724,"2025-09-09","2025OP001955",405,5,"OB Enviada à instituição bancária para pagamento","2025-09-09","2025-09-09","2025OB001955","2025NS014123","2025-09-09","2025-09-09",62655
40722,"2025-09-09","2025OP001953",405,5,"OB Enviada à instituição bancária para pagamento","2025-09-09","2025-09-09","2025OB001953","2025NS014121","2025-09-09","2025-09-09",61528
39834,"2025-09-09","2025OP001065",405,5,"OB Enviada à instituição bancária para pagamento","2025-09-09","2025-09-09","2025OB001065","2025NS013233","2025-09-09","2025-09-09",63227
40729,"2025-09-09","2025OP001960",405,5,"OB Enviada à instituição bancária para pagamento","2025-09-09","2025-09-09","2025OB001960","2025NS014128","2025-09-09","2025-09-09",61745
40727,"2025-09-09","2025OP001958",405,5,"OB Enviada à instituição bancária para pagamento","2025-09-09","2025-09-09","2025OB001958","2025NS014126","2025-09-09","2025-09-09",62302
40379,"2025-09-09","2025OP001610",405,5,"OB Enviada à instituição bancária para pagamento","2025-09-09","2025-09-09","2025OB001629","2025NS013778","2025-09-09","2025-09-09",60749
42636,"2025-09-11","2025OP003867",405,5,"OB Enviada à instituição bancária para pagamento","2025-09-12","2025-09-12","2025OB003881","2025NS017676","2025-09-11","2025-09-11",63858
42641,"2025-09-11","2025OP003872",405,5,"OB Enviada à instituição bancária para pagamento","2025-09-12","2025-09-12","2025OB003868","2025NS017681","2025-09-11","2025-09-11",64514
40048,"2025-09-09","2025OP001279",405,5,"OB Enviada à instituição bancária para pagamento","2025-09-09","2025-09-09","2025OB001279","2025NS013447","2025-09-09","2025-09-09",62948
40723,"2025-09-09","2025OP001954",405,5,"OB Enviada à instituição bancária para pagamento","2025-09-09","2025-09-09","2025OB001954","2025NS014122","2025-09-09","2025-09-09",62918
41578,"2025-09-09","2025OP002809",405,5,"OB Enviada à instituição bancária para pagamento","2025-09-09","2025-09-09","2025OB002809","2025NS014977","2025-09-09","2025-09-09",60760
42605,"2025-09-11","2025OP003836",405,5,"OB Enviada à instituição bancária para pagamento","2025-09-12","2025-09-12","2025OB003830","2025NS017645","2025-09-11","2025-09-11",64570
39794,"2025-09-09","2025OP001025",405,5,"OB Enviada à instituição bancária para pagamento","2025-09-09","2025-09-09","2025OB001025","2025NS013193","2025-09-09","2025-09-09",60761
41688,"2025-09-11","2025OP002919",405,5,"OB Enviada à instituição bancária para pagamento","2025-09-12","2025-09-12","2025OB002918","2025NS016728","2025-09-11","2025-09-11",64612
41509,"2025-09-09","2025OP002740",405,5,"OB Enviada à instituição bancária para pagamento","2025-09-09","2025-09-09","2025OB002740","2025NS014908","2025-09-09","2025-09-09",60750
40338,"2025-09-09","2025OP001569",405,5,"OB Enviada à instituição bancária para pagamento","2025-09-09","2025-09-09","2025OB001569","2025NS013737","2025-09-09","2025-09-09",60765
41685,"2025-09-11","2025OP002916",405,5,"OB Enviada à instituição bancária para pagamento","2025-09-12","2025-09-12","2025OB002901","2025NS016725","2025-09-11","2025-09-11",63586
41691,"2025-09-11","2025OP002922",405,5,"OB Enviada à instituição bancária para pagamento","2025-09-12","2025-09-12","2025OB002928","2025NS016731","2025-09-11","2025-09-11",64372
41690,"2025-09-11","2025OP002921",405,5,"OB Enviada à instituição bancária para pagamento","2025-09-12","2025-09-12","2025OB002935","2025NS016730","2025-09-11","2025-09-11",64810
40448,"2025-09-09","2025OP001679",405,5,"OB Enviada à instituição bancária para pagamento","2025-09-09","2025-09-09","2025OB001679","2025NS013847","2025-09-09","2025-09-09",60796
41285,"2025-09-09","2025OP002516",405,5,"OB Enviada à instituição bancária para pagamento","2025-09-09","2025-09-09","2025OB002534","2025NS014684","2025-09-09","2025-09-09",60772
39032,"2025-09-09","2025OP000263",405,5,"OB Enviada à instituição bancária para pagamento","2025-09-09","2025-09-09","2025OB000263","2025NS012431","2025-09-09","2025-09-09",61474
40440,"2025-09-09","2025OP001671",405,5,"OB Enviada à instituição bancária para pagamento","2025-09-09","2025-09-09","2025OB001671","2025NS013839","2025-09-09","2025-09-09",60767
39030,"2025-09-09","2025OP000261",405,5,"OB Enviada à instituição bancária para pagamento","2025-09-09","2025-09-09","2025OB000261","2025NS012429","2025-09-09","2025-09-09",62820
40377,"2025-09-09","2025OP001608",405,5,"OB Enviada à instituição bancária para pagamento","2025-09-09","2025-09-09","2025OB001625","2025NS013776","2025-09-09","2025-09-09",62117
39878,"2025-09-09","2025OP001109",405,5,"OB Enviada à instituição bancária para pagamento","2025-09-09","2025-09-09","2025OB001111","2025NS013277","2025-09-09","2025-09-09",60766
39399,"2025-09-09","2025OP000630",405,5,"OB Enviada à instituição bancária para pagamento","2025-09-09","2025-09-09","2025OB000630","2025NS012798","2025-09-09","2025-09-09",60777
40374,"2025-09-09","2025OP001605",405,5,"OB Enviada à instituição bancária para pagamento","2025-09-09","2025-09-09","2025OB001619","2025NS013773","2025-09-09","2025-09-09",63065
43588,"2025-09-29","2025OP004828",405,3,"Aguardando assinaturas do ordenador de despesas e/ou gestor financeiro","2025-09-29",,,"2025NS020043",,,65188
40378,"2025-09-09","2025OP001609",405,5,"OB Enviada à instituição bancária para pagamento","2025-09-09","2025-09-09","2025OB001627","2025NS013777","2025-09-09","2025-09-09",62038
40372,"2025-09-09","2025OP001603",405,5,"OB Enviada à instituição bancária para pagamento","2025-09-09","2025-09-09","2025OB001615","2025NS013771","2025-09-09","2025-09-09",62034
38895,"2025-09-09","2025OP000126",405,5,"OB Enviada à instituição bancária para pagamento","2025-09-09","2025-09-09","2025OB000126","2025NS012294","2025-09-09","2025-09-09",60779
42413,"2025-09-11","2025OP003644",405,5,"OB Enviada à instituição bancária para pagamento","2025-09-12","2025-09-12","2025OB003646","2025NS017453","2025-09-11","2025-09-11",64860
39155,"2025-09-09","2025OP000386",405,5,"OB Enviada à instituição bancária para pagamento","2025-09-09","2025-09-09","2025OB000386","2025NS012554","2025-09-09","2025-09-09",60781
42923,"2025-09-11","2025OP004154",405,5,"OB Enviada à instituição bancária para pagamento","2025-09-12","2025-09-12","2025OB004172","2025NS017963","2025-09-11","2025-09-11",63443
42915,"2025-09-11","2025OP004146",405,5,"OB Enviada à instituição bancária para pagamento","2025-09-12","2025-09-12","2025OB004143","2025NS017955","2025-09-11","2025-09-11",63287
41150,"2025-09-09","2025OP002381",405,5,"OB Enviada à instituição bancária para pagamento","2025-09-09","2025-09-09","2025OB002381","2025NS014549","2025-09-09","2025-09-09",60721
39231,"2025-09-09","2025OP000462",405,5,"OB Enviada à instituição bancária para pagamento","2025-09-09","2025-09-09","2025OB000462","2025NS012630","2025-09-09","2025-09-09",60782
42912,"2025-09-11","2025OP004143",405,5,"OB Enviada à instituição bancária para pagamento","2025-09-12","2025-09-12","2025OB004125","2025NS017952","2025-09-11","2025-09-11",64394
40275,"2025-09-09","2025OP001506",405,5,"OB Enviada à instituição bancária para pagamento","2025-09-09","2025-09-09","2025OB001506","2025NS013674","2025-09-09","2025-09-09",60785
41148,"2025-09-09","2025OP002379",405,5,"OB Enviada à instituição bancária para pagamento","2025-09-09","2025-09-09","2025OB002379","2025NS014547","2025-09-09","2025-09-09",60697
40296,"2025-09-09","2025OP001527",405,5,"OB Enviada à instituição bancária para pagamento","2025-09-09","2025-09-09","2025OB001527","2025NS013695","2025-09-09","2025-09-09",60786
42916,"2025-09-11","2025OP004147",405,5,"OB Enviada à instituição bancária para pagamento","2025-09-12","2025-09-12","2025OB004140","2025NS017956","2025-09-11","2025-09-11",63590
40385,"2025-09-09","2025OP001616",405,5,"OB Enviada à instituição bancária para pagamento","2025-09-09","2025-09-09","2025OB001642","2025NS013784","2025-09-09","2025-09-09",61343
40607,"2025-09-09","2025OP001838",405,5,"OB Enviada à instituição bancária para pagamento","2025-09-09","2025-09-09","2025OB001838","2025NS014006","2025-09-09","2025-09-09",60788
40093,"2025-09-09","2025OP001324",405,5,"OB Enviada à instituição bancária para pagamento","2025-09-09","2025-09-09","2025OB001311","2025NS013492","2025-09-09","2025-09-09",60791
40140,"2025-09-09","2025OP001371",405,5,"OB Enviada à instituição bancária para pagamento","2025-09-09","2025-09-09","2025OB001371","2025NS013539","2025-09-09","2025-09-09",60792
40389,"2025-09-09","2025OP001620",405,5,"OB Enviada à instituição bancária para pagamento","2025-09-09","2025-09-09","2025OB001596","2025NS013788","2025-09-09","2025-09-09",62959
40390,"2025-09-09","2025OP001621",405,5,"OB Enviada à instituição bancária para pagamento","2025-09-09","2025-09-09","2025OB001598","2025NS013789","2025-09-09","2025-09-09",61096
42427,"2025-09-11","2025OP003658",405,5,"OB Enviada à instituição bancária para pagamento","2025-09-12","2025-09-12","2025OB003650","2025NS017467","2025-09-11","2025-09-11",64638
42425,"2025-09-11","2025OP003656",405,5,"OB Enviada à instituição bancária para pagamento","2025-09-12","2025-09-12","2025OB003649","2025NS017465","2025-09-11","2025-09-11",64849
43591,"2025-09-29","2025OP004831",405,3,"Aguardando assinaturas do ordenador de despesas e/ou gestor financeiro","2025-09-29",,,"2025NS020046",,,65097
40387,"2025-09-09","2025OP001618",405,5,"OB Enviada à instituição bancária para pagamento","2025-09-09","2025-09-09","2025OB001592","2025NS013786","2025-09-09","2025-09-09",62732
40383,"2025-09-09","2025OP001614",405,5,"OB Enviada à instituição bancária para pagamento","2025-09-09","2025-09-09","2025OB001638","2025NS013782","2025-09-09","2025-09-09",61224
40136,"2025-09-09","2025OP001367",405,5,"OB Enviada à instituição bancária para pagamento","2025-09-09","2025-09-09","2025OB001367","2025NS013535","2025-09-09","2025-09-09",60793
40137,"2025-09-09","2025OP001368",405,5,"OB Enviada à instituição bancária para pagamento","2025-09-09","2025-09-09","2025OB001368","2025NS013536","2025-09-09","2025-09-09",60794
40464,"2025-09-09","2025OP001695",405,5,"OB Enviada à instituição bancária para pagamento","2025-09-09","2025-09-09","2025OB001695","2025NS013863","2025-09-09","2025-09-09",62386
39387,"2025-09-09","2025OP000618",405,5,"OB Enviada à instituição bancária para pagamento","2025-09-09","2025-09-09","2025OB000616","2025NS012786","2025-09-09","2025-09-09",61640
40386,"2025-09-09","2025OP001617",405,5,"OB Enviada à instituição bancária para pagamento","2025-09-09","2025-09-09","2025OB001644","2025NS013785","2025-09-09","2025-09-09",62598
40382,"2025-09-09","2025OP001613",405,5,"OB Enviada à instituição bancária para pagamento","2025-09-09","2025-09-09","2025OB001636","2025NS013781","2025-09-09","2025-09-09",61916
40470,"2025-09-09","2025OP001701",405,5,"OB Enviada à instituição bancária para pagamento","2025-09-09","2025-09-09","2025OB001702","2025NS013869","2025-09-09","2025-09-09",62021
42426,"2025-09-11","2025OP003657",405,5,"OB Enviada à instituição bancária para pagamento","2025-09-12","2025-09-12","2025OB003655","2025NS017466","2025-09-11","2025-09-11",63407
42465,"2025-09-11","2025OP003696",405,5,"OB Enviada à instituição bancária para pagamento","2025-09-12","2025-09-12","2025OB003701","2025NS017505","2025-09-11","2025-09-11",63362
39386,"2025-09-09","2025OP000617",405,5,"OB Enviada à instituição bancária para pagamento","2025-09-09","2025-09-09","2025OB000619","2025NS012785","2025-09-09","2025-09-09",60762
40286,"2025-09-09","2025OP001517",405,5,"OB Enviada à instituição bancária para pagamento","2025-09-09","2025-09-09","2025OB001517","2025NS013685","2025-09-09","2025-09-09",62762
43614,"2025-09-29","2025OP004854",405,3,"Aguardando assinaturas do ordenador de despesas e/ou gestor financeiro","2025-09-29",,,"2025NS020069",,,65094
40467,"2025-09-09","2025OP001698",405,5,"OB Enviada à instituição bancária para pagamento","2025-09-09","2025-09-09","2025OB001698","2025NS013866","2025-09-09","2025-09-09",62385
42497,"2025-09-11","2025OP003728",405,5,"OB Enviada à instituição bancária para pagamento","2025-09-12","2025-09-12","2025OB003737","2025NS017537","2025-09-11","2025-09-11",63477
42643,"2025-09-11","2025OP003874",405,5,"OB Enviada à instituição bancária para pagamento","2025-09-12","2025-09-12","2025OB003867","2025NS017683","2025-09-11","2025-09-11",64362
43613,"2025-09-29","2025OP004853",405,3,"Aguardando assinaturas do ordenador de despesas e/ou gestor financeiro","2025-09-29",,,"2025NS020068",,,65099
41522,"2025-09-09","2025OP002753",405,5,"OB Enviada à instituição bancária para pagamento","2025-09-09","2025-09-09","2025OB002753","2025NS014921","2025-09-09","2025-09-09",60817
39079,"2025-09-09","2025OP000310",405,5,"OB Enviada à instituição bancária para pagamento","2025-09-09","2025-09-09","2025OB000321","2025NS012478","2025-09-09","2025-09-09",60839
42645,"2025-09-11","2025OP003876",405,5,"OB Enviada à instituição bancária para pagamento","2025-09-12","2025-09-12","2025OB003870","2025NS017685","2025-09-11","2025-09-11",64262
41529,"2025-09-09","2025OP002760",405,5,"OB Enviada à instituição bancária para pagamento","2025-09-09","2025-09-09","2025OB002760","2025NS014928","2025-09-09","2025-09-09",60800
41264,"2025-09-09","2025OP002495",405,5,"OB Enviada à instituição bancária para pagamento","2025-09-09","2025-09-09","2025OB002495","2025NS014663","2025-09-09","2025-09-09",60801
40785,"2025-09-09","2025OP002016",405,5,"OB Enviada à instituição bancária para pagamento","2025-09-09","2025-09-09","2025OB002028","2025NS014184","2025-09-09","2025-09-09",61178
40731,"2025-09-09","2025OP001962",405,5,"OB Enviada à instituição bancária para pagamento","2025-09-09","2025-09-09","2025OB001962","2025NS014130","2025-09-09","2025-09-09",62122
40738,"2025-09-09","2025OP001969",405,5,"OB Enviada à instituição bancária para pagamento","2025-09-09","2025-09-09","2025OB001969","2025NS014137","2025-09-09","2025-09-09",62594
42646,"2025-09-11","2025OP003877",405,5,"OB Enviada à instituição bancária para pagamento","2025-09-12","2025-09-12","2025OB003882","2025NS017686","2025-09-11","2025-09-11",64299
42647,"2025-09-11","2025OP003878",405,5,"OB Enviada à instituição bancária para pagamento","2025-09-12","2025-09-12","2025OB003863","2025NS017687","2025-09-11","2025-09-11",64713
42642,"2025-09-11","2025OP003873",405,5,"OB Enviada à instituição bancária para pagamento","2025-09-12","2025-09-12","2025OB003877","2025NS017682","2025-09-11","2025-09-11",64210
42652,"2025-09-11","2025OP003883",405,5,"OB Enviada à instituição bancária para pagamento","2025-09-12","2025-09-12","2025OB003890","2025NS017692","2025-09-11","2025-09-11",64672
42648,"2025-09-11","2025OP003879",405,5,"OB Enviada à instituição bancária para pagamento","2025-09-12","2025-09-12","2025OB003875","2025NS017688","2025-09-11","2025-09-11",64219
39478,"2025-09-09","2025OP000709",405,5,"OB Enviada à instituição bancária para pagamento","2025-09-09","2025-09-09","2025OB000709","2025NS012877","2025-09-09","2025-09-09",60803
41179,"2025-09-09","2025OP002410",405,5,"OB Enviada à instituição bancária para pagamento","2025-09-09","2025-09-09","2025OB002410","2025NS014578","2025-09-09","2025-09-09",60805
41293,"2025-09-09","2025OP002524",405,5,"OB Enviada à instituição bancária para pagamento","2025-09-09","2025-09-09","2025OB002513","2025NS014692","2025-09-09","2025-09-09",60806
39194,"2025-09-09","2025OP000425",405,5,"OB Enviada à instituição bancária para pagamento","2025-09-09","2025-09-09","2025OB000413","2025NS012593","2025-09-09","2025-09-09",60813
40525,"2025-09-09","2025OP001756",405,5,"OB Enviada à instituição bancária para pagamento","2025-09-09","2025-09-09","2025OB001756","2025NS013924","2025-09-09","2025-09-09",60807
38976,"2025-09-09","2025OP000207",405,5,"OB Enviada à instituição bancária para pagamento","2025-09-09","2025-09-09","2025OB000218","2025NS012375","2025-09-09","2025-09-09",60814
39394,"2025-09-09","2025OP000625",405,5,"OB Enviada à instituição bancária para pagamento","2025-09-09","2025-09-09","2025OB000625","2025NS012793","2025-09-09","2025-09-09",60809
39192,"2025-09-09","2025OP000423",405,5,"OB Enviada à instituição bancária para pagamento","2025-09-09","2025-09-09","2025OB000409","2025NS012591","2025-09-09","2025-09-09",60811
43228,"2025-09-29","2025OP004468",405,3,"Aguardando assinaturas do ordenador de despesas e/ou gestor financeiro","2025-09-29",,,"2025NS019683",,,65146
43679,"2025-09-29","2025OP004919",405,3,"Aguardando assinaturas do ordenador de despesas e/ou gestor financeiro","2025-09-29",,,"2025NS020134",,,65241
40733,"2025-09-09","2025OP001964",405,5,"OB Enviada à instituição bancária para pagamento","2025-09-09","2025-09-09","2025OB001964","2025NS014132","2025-09-09","2025-09-09",60759
38979,"2025-09-09","2025OP000210",405,5,"OB Enviada à instituição bancária para pagamento","2025-09-09","2025-09-09","2025OB000224","2025NS012378","2025-09-09","2025-09-09",60819
41070,"2025-09-09","2025OP002301",405,5,"OB Enviada à instituição bancária para pagamento","2025-09-09","2025-09-09","2025OB002301","2025NS014469","2025-09-09","2025-09-09",61232
41071,"2025-09-09","2025OP002302",405,5,"OB Enviada à instituição bancária para pagamento","2025-09-09","2025-09-09","2025OB002302","2025NS014470","2025-09-09","2025-09-09",61606
38893,"2025-09-09","2025OP000124",405,5,"OB Enviada à instituição bancária para pagamento","2025-09-09","2025-09-09","2025OB000124","2025NS012292","2025-09-09","2025-09-09",61818
42938,"2025-09-11","2025OP004169",405,5,"OB Enviada à instituição bancária para pagamento","2025-09-12","2025-09-12","2025OB004159","2025NS017978","2025-09-11","2025-09-11",63455
41069,"2025-09-09","2025OP002300",405,5,"OB Enviada à instituição bancária para pagamento","2025-09-09","2025-09-09","2025OB002300","2025NS014468","2025-09-09","2025-09-09",61821
41233,"2025-09-09","2025OP002464",405,5,"OB Enviada à instituição bancária para pagamento","2025-09-09","2025-09-09","2025OB002464","2025NS014632","2025-09-09","2025-09-09",62891
42937,"2025-09-11","2025OP004168",405,5,"OB Enviada à instituição bancária para pagamento","2025-09-12","2025-09-12","2025OB004169","2025NS017977","2025-09-11","2025-09-11",64650
41592,"2025-09-11","2025OP002823",405,5,"OB Enviada à instituição bancária para pagamento","2025-09-12","2025-09-12","2025OB002838","2025NS016632","2025-09-11","2025-09-11",63693
43786,"2025-09-29","2025OP005026",405,3,"Aguardando assinaturas do ordenador de despesas e/ou gestor financeiro","2025-09-29",,,"2025NS020241",,,64917
39307,"2025-09-09","2025OP000538",405,5,"OB Enviada à instituição bancária para pagamento","2025-09-09","2025-09-09","2025OB000536","2025NS012706","2025-09-09","2025-09-09",60820
43090,"2025-09-11","2025OP004321",405,5,"OB Enviada à instituição bancária para pagamento","2025-09-12","2025-09-12","2025OB004311","2025NS018130","2025-09-11","2025-09-11",63402
39432,"2025-09-09","2025OP000663",405,5,"OB Enviada à instituição bancária para pagamento","2025-09-09","2025-09-09","2025OB000663","2025NS012831","2025-09-09","2025-09-09",60822
42090,"2025-09-11","2025OP003321",405,5,"OB Enviada à instituição bancária para pagamento","2025-09-12","2025-09-12","2025OB003332","2025NS017130","2025-09-11","2025-09-11",64395
40068,"2025-09-09","2025OP001299",405,5,"OB Enviada à instituição bancária para pagamento","2025-09-09","2025-09-09","2025OB001300","2025NS013467","2025-09-09","2025-09-09",60823
43837,"2025-09-29","2025OP005077",405,3,"Aguardando assinaturas do ordenador de despesas e/ou gestor financeiro","2025-09-29",,,"2025NS020292",,,65107
40002,"2025-09-09","2025OP001233",405,5,"OB Enviada à instituição bancária para pagamento","2025-09-09","2025-09-09","2025OB001232","2025NS013401","2025-09-09","2025-09-09",60826
41540,"2025-09-09","2025OP002771",405,5,"OB Enviada à instituição bancária para pagamento","2025-09-09","2025-09-09","2025OB002771","2025NS014939","2025-09-09","2025-09-09",60827
42087,"2025-09-11","2025OP003318",405,5,"OB Enviada à instituição bancária para pagamento","2025-09-12","2025-09-12","2025OB003323","2025NS017127","2025-09-11","2025-09-11",63582
43462,"2025-09-29","2025OP004702",405,3,"Aguardando assinaturas do ordenador de despesas e/ou gestor financeiro","2025-09-29",,,"2025NS019917",,,65247
39445,"2025-09-09","2025OP000676",405,5,"OB Enviada à instituição bancária para pagamento","2025-09-09","2025-09-09","2025OB000676","2025NS012844","2025-09-09","2025-09-09",60828
43144,"2025-09-11","2025OP004375",405,5,"OB Enviada à instituição bancária para pagamento","2025-09-12","2025-09-12","2025OB004384","2025NS018184","2025-09-11","2025-09-11",63388
39713,"2025-09-09","2025OP000944",405,5,"OB Enviada à instituição bancária para pagamento","2025-09-09","2025-09-09","2025OB000944","2025NS013112","2025-09-09","2025-09-09",61266
41900,"2025-09-11","2025OP003131",405,5,"OB Enviada à instituição bancária para pagamento","2025-09-12","2025-09-12","2025OB003139","2025NS016940","2025-09-11","2025-09-11",64416
40479,"2025-09-09","2025OP001710",405,5,"OB Enviada à instituição bancária para pagamento","2025-09-09","2025-09-09","2025OB001721","2025NS013878","2025-09-09","2025-09-09",60829
40251,"2025-09-09","2025OP001482",405,5,"OB Enviada à instituição bancária para pagamento","2025-09-09","2025-09-09","2025OB001482","2025NS013650","2025-09-09","2025-09-09",62303
41493,"2025-09-09","2025OP002724",405,5,"OB Enviada à instituição bancária para pagamento","2025-09-09","2025-09-09","2025OB002718","2025NS014892","2025-09-09","2025-09-09",61138
41492,"2025-09-09","2025OP002723",405,5,"OB Enviada à instituição bancária para pagamento","2025-09-09","2025-09-09","2025OB002716","2025NS014891","2025-09-09","2025-09-09",61354
39711,"2025-09-09","2025OP000942",405,5,"OB Enviada à instituição bancária para pagamento","2025-09-09","2025-09-09","2025OB000942","2025NS013110","2025-09-09","2025-09-09",61429
43170,"2025-09-11","2025OP004401",405,5,"OB Enviada à instituição bancária para pagamento","2025-09-12","2025-09-12","2025OB004389","2025NS018210","2025-09-11","2025-09-11",63479
43171,"2025-09-11","2025OP004402",405,5,"OB Enviada à instituição bancária para pagamento","2025-09-12","2025-09-12","2025OB004394","2025NS018211","2025-09-11","2025-09-11",64236
42368,"2025-09-11","2025OP003599",405,5,"OB Enviada à instituição bancária para pagamento","2025-09-12","2025-09-12","2025OB003601","2025NS017408","2025-09-11","2025-09-11",63305
43550,"2025-09-29","2025OP004790",405,3,"Aguardando assinaturas do ordenador de despesas e/ou gestor financeiro","2025-09-29",,,"2025NS020005",,,65109
39867,"2025-09-09","2025OP001098",405,5,"OB Enviada à instituição bancária para pagamento","2025-09-09","2025-09-09","2025OB001098","2025NS013266","2025-09-09","2025-09-09",60935
40254,"2025-09-09","2025OP001485",405,5,"OB Enviada à instituição bancária para pagamento","2025-09-09","2025-09-09","2025OB001485","2025NS013653","2025-09-09","2025-09-09",61254
40257,"2025-09-09","2025OP001488",405,5,"OB Enviada à instituição bancária para pagamento","2025-09-09","2025-09-09","2025OB001488","2025NS013656","2025-09-09","2025-09-09",61510
40256,"2025-09-09","2025OP001487",405,5,"OB Enviada à instituição bancária para pagamento","2025-09-09","2025-09-09","2025OB001487","2025NS013655","2025-09-09","2025-09-09",61633
40255,"2025-09-09","2025OP001486",405,5,"OB Enviada à instituição bancária para pagamento","2025-09-09","2025-09-09","2025OB001486","2025NS013654","2025-09-09","2025-09-09",61783
39863,"2025-09-09","2025OP001094",405,5,"OB Enviada à instituição bancária para pagamento","2025-09-09","2025-09-09","2025OB001094","2025NS013262","2025-09-09","2025-09-09",61885
40253,"2025-09-09","2025OP001484",405,5,"OB Enviada à instituição bancária para pagamento","2025-09-09","2025-09-09","2025OB001484","2025NS013652","2025-09-09","2025-09-09",63238
42172,"2025-09-11","2025OP003403",405,5,"OB Enviada à instituição bancária para pagamento","2025-09-12","2025-09-12","2025OB003396","2025NS017212","2025-09-11","2025-09-11",64478
43549,"2025-09-29","2025OP004789",405,3,"Aguardando assinaturas do ordenador de despesas e/ou gestor financeiro","2025-09-29",,,"2025NS020004",,,65181
42171,"2025-09-11","2025OP003402",405,5,"OB Enviada à instituição bancária para pagamento","2025-09-12","2025-09-12","2025OB003395","2025NS017211","2025-09-11","2025-09-11",63837
39866,"2025-09-09","2025OP001097",405,5,"OB Enviada à instituição bancária para pagamento","2025-09-09","2025-09-09","2025OB001097","2025NS013265","2025-09-09","2025-09-09",62552
42170,"2025-09-11","2025OP003401",405,5,"OB Enviada à instituição bancária para pagamento","2025-09-12","2025-09-12","2025OB003400","2025NS017210","2025-09-11","2025-09-11",64630
43548,"2025-09-29","2025OP004788",405,3,"Aguardando assinaturas do ordenador de despesas e/ou gestor financeiro","2025-09-29",,,"2025NS020003",,,65110
43547,"2025-09-29","2025OP004787",405,3,"Aguardando assinaturas do ordenador de despesas e/ou gestor financeiro","2025-09-29",,,"2025NS020002",,,65252
39384,"2025-09-09","2025OP000615",405,5,"OB Enviada à instituição bancária para pagamento","2025-09-09","2025-09-09","2025OB000615","2025NS012783","2025-09-09","2025-09-09",62003
39385,"2025-09-09","2025OP000616",405,5,"OB Enviada à instituição bancária para pagamento","2025-09-09","2025-09-09","2025OB000617","2025NS012784","2025-09-09","2025-09-09",62538
39389,"2025-09-09","2025OP000620",405,5,"OB Enviada à instituição bancária para pagamento","2025-09-09","2025-09-09","2025OB000620","2025NS012788","2025-09-09","2025-09-09",62803
41882,"2025-09-11","2025OP003113",405,5,"OB Enviada à instituição bancária para pagamento","2025-09-12","2025-09-12","2025OB003115","2025NS016922","2025-09-11","2025-09-11",64220
41881,"2025-09-11","2025OP003112",405,5,"OB Enviada à instituição bancária para pagamento","2025-09-12","2025-09-12","2025OB003114","2025NS016921","2025-09-11","2025-09-11",63289
41883,"2025-09-11","2025OP003114",405,5,"OB Enviada à instituição bancária para pagamento","2025-09-12","2025-09-12","2025OB003112","2025NS016923","2025-09-11","2025-09-11",63812
41884,"2025-09-11","2025OP003115",405,5,"OB Enviada à instituição bancária para pagamento","2025-09-12","2025-09-12","2025OB003116","2025NS016924","2025-09-11","2025-09-11",63901
41880,"2025-09-11","2025OP003111",405,5,"OB Enviada à instituição bancária para pagamento","2025-09-12","2025-09-12","2025OB003106","2025NS016920","2025-09-11","2025-09-11",64339
41879,"2025-09-11","2025OP003110",405,5,"OB Enviada à instituição bancária para pagamento","2025-09-12","2025-09-12","2025OB003100","2025NS016919","2025-09-11","2025-09-11",64182
43366,"2025-09-29","2025OP004606",405,3,"Aguardando assinaturas do ordenador de despesas e/ou gestor financeiro","2025-09-29",,,"2025NS019821",,,65111
41474,"2025-09-09","2025OP002705",405,5,"OB Enviada à instituição bancária para pagamento","2025-09-09","2025-09-09","2025OB002705","2025NS014873","2025-09-09","2025-09-09",62311
43146,"2025-09-11","2025OP004377",405,5,"OB Enviada à instituição bancária para pagamento","2025-09-12","2025-09-12","2025OB004375","2025NS018186","2025-09-11","2025-09-11",63428
41475,"2025-09-09","2025OP002706",405,5,"OB Enviada à instituição bancária para pagamento","2025-09-09","2025-09-09","2025OB002707","2025NS014874","2025-09-09","2025-09-09",62664
43141,"2025-09-11","2025OP004372",405,5,"OB Enviada à instituição bancária para pagamento","2025-09-12","2025-09-12","2025OB004382","2025NS018181","2025-09-11","2025-09-11",63376
43149,"2025-09-11","2025OP004380",405,5,"OB Enviada à instituição bancária para pagamento","2025-09-12","2025-09-12","2025OB004362","2025NS018189","2025-09-11","2025-09-11",63673
43147,"2025-09-11","2025OP004378",405,5,"OB Enviada à instituição bancária para pagamento","2025-09-12","2025-09-12","2025OB004371","2025NS018187","2025-09-11","2025-09-11",64140
43853,"2025-09-29","2025OP005093",405,3,"Aguardando assinaturas do ordenador de despesas e/ou gestor financeiro","2025-09-29",,,"2025NS020308",,,64987
43852,"2025-09-29","2025OP005092",405,3,"Aguardando assinaturas do ordenador de despesas e/ou gestor financeiro","2025-09-29",,,"2025NS020307",,,65114
40074,"2025-09-09","2025OP001305",405,5,"OB Enviada à instituição bancária para pagamento","2025-09-09","2025-09-09","2025OB001312","2025NS013473","2025-09-09","2025-09-09",60830
41488,"2025-09-09","2025OP002719",405,5,"OB Enviada à instituição bancária para pagamento","2025-09-09","2025-09-09","2025OB002708","2025NS014887","2025-09-09","2025-09-09",62163
41489,"2025-09-09","2025OP002720",405,5,"OB Enviada à instituição bancária para pagamento","2025-09-09","2025-09-09","2025OB002710","2025NS014888","2025-09-09","2025-09-09",62683
41830,"2025-09-11","2025OP003061",405,5,"OB Enviada à instituição bancária para pagamento","2025-09-12","2025-09-12","2025OB003066","2025NS016870","2025-09-11","2025-09-11",64680
39301,"2025-09-09","2025OP000532",405,5,"OB Enviada à instituição bancária para pagamento","2025-09-09","2025-09-09","2025OB000524","2025NS012700","2025-09-09","2025-09-09",62702
43165,"2025-09-11","2025OP004396",405,5,"OB Enviada à instituição bancária para pagamento","2025-09-12","2025-09-12","2025OB004387","2025NS018205","2025-09-11","2025-09-11",64061
43163,"2025-09-11","2025OP004394",405,5,"OB Enviada à instituição bancária para pagamento","2025-09-12","2025-09-12","2025OB004398","2025NS018203","2025-09-11","2025-09-11",64817
41398,"2025-09-09","2025OP002629",405,5,"OB Enviada à instituição bancária para pagamento","2025-09-09","2025-09-09","2025OB002629","2025NS014797","2025-09-09","2025-09-09",61657
39302,"2025-09-09","2025OP000533",405,5,"OB Enviada à instituição bancária para pagamento","2025-09-09","2025-09-09","2025OB000526","2025NS012701","2025-09-09","2025-09-09",61729
39304,"2025-09-09","2025OP000535",405,5,"OB Enviada à instituição bancária para pagamento","2025-09-09","2025-09-09","2025OB000530","2025NS012703","2025-09-09","2025-09-09",62096
41832,"2025-09-11","2025OP003063",405,5,"OB Enviada à instituição bancária para pagamento","2025-09-12","2025-09-12","2025OB003081","2025NS016872","2025-09-11","2025-09-11",63551
43333,"2025-09-29","2025OP004573",405,3,"Aguardando assinaturas do ordenador de despesas e/ou gestor financeiro","2025-09-29",,,"2025NS019788",,,65169
43083,"2025-09-11","2025OP004314",405,5,"OB Enviada à instituição bancária para pagamento","2025-09-12","2025-09-12","2025OB004325","2025NS018123","2025-09-11","2025-09-11",64017
43085,"2025-09-11","2025OP004316",405,5,"OB Enviada à instituição bancária para pagamento","2025-09-12","2025-09-12","2025OB004312","2025NS018125","2025-09-11","2025-09-11",63471
42651,"2025-09-11","2025OP003882",405,5,"OB Enviada à instituição bancária para pagamento","2025-09-12","2025-09-12","2025OB003878","2025NS017691","2025-09-11","2025-09-11",64218
43332,"2025-09-29","2025OP004572",405,3,"Aguardando assinaturas do ordenador de despesas e/ou gestor financeiro","2025-09-29",,,"2025NS019787",,,65173
40480,"2025-09-09","2025OP001711",405,5,"OB Enviada à instituição bancária para pagamento","2025-09-09","2025-09-09","2025OB001723","2025NS013879","2025-09-09","2025-09-09",60831
39822,"2025-09-09","2025OP001053",405,5,"OB Enviada à instituição bancária para pagamento","2025-09-09","2025-09-09","2025OB001053","2025NS013221","2025-09-09","2025-09-09",61065
40745,"2025-09-09","2025OP001976",405,5,"OB Enviada à instituição bancária para pagamento","2025-09-09","2025-09-09","2025OB001976","2025NS014144","2025-09-09","2025-09-09",62562
39819,"2025-09-09","2025OP001050",405,5,"OB Enviada à instituição bancária para pagamento","2025-09-09","2025-09-09","2025OB001050","2025NS013218","2025-09-09","2025-09-09",63067
39821,"2025-09-09","2025OP001052",405,5,"OB Enviada à instituição bancária para pagamento","2025-09-09","2025-09-09","2025OB001052","2025NS013220","2025-09-09","2025-09-09",63125
42133,"2025-09-11","2025OP003364",405,5,"OB Enviada à instituição bancária para pagamento","2025-09-12","2025-09-12","2025OB003377","2025NS017173","2025-09-11","2025-09-11",63547
42132,"2025-09-11","2025OP003363",405,5,"OB Enviada à instituição bancária para pagamento","2025-09-12","2025-09-12","2025OB003370","2025NS017172","2025-09-11","2025-09-11",63749
42135,"2025-09-11","2025OP003366",405,5,"OB Enviada à instituição bancária para pagamento","2025-09-12","2025-09-12","2025OB003378","2025NS017175","2025-09-11","2025-09-11",63836
42136,"2025-09-11","2025OP003367",405,5,"OB Enviada à instituição bancária para pagamento","2025-09-12","2025-09-12","2025OB003376","2025NS017176","2025-09-11","2025-09-11",63839
39818,"2025-09-09","2025OP001049",405,5,"OB Enviada à instituição bancária para pagamento","2025-09-09","2025-09-09","2025OB001049","2025NS013217","2025-09-09","2025-09-09",61324
39604,"2025-09-09","2025OP000835",405,5,"OB Enviada à instituição bancária para pagamento","2025-09-09","2025-09-09","2025OB000835","2025NS013003","2025-09-09","2025-09-09",62986
39816,"2025-09-09","2025OP001047",405,5,"OB Enviada à instituição bancária para pagamento","2025-09-09","2025-09-09","2025OB001047","2025NS013215","2025-09-09","2025-09-09",61893
40314,"2025-09-09","2025OP001545",405,5,"OB Enviada à instituição bancária para pagamento","2025-09-09","2025-09-09","2025OB001545","2025NS013713","2025-09-09","2025-09-09",62036
39606,"2025-09-09","2025OP000837",405,5,"OB Enviada à instituição bancária para pagamento","2025-09-09","2025-09-09","2025OB000837","2025NS013005","2025-09-09","2025-09-09",62561
39817,"2025-09-09","2025OP001048",405,5,"OB Enviada à instituição bancária para pagamento","2025-09-09","2025-09-09","2025OB001048","2025NS013216","2025-09-09","2025-09-09",62040
42021,"2025-09-11","2025OP003252",405,5,"OB Enviada à instituição bancária para pagamento","2025-09-12","2025-09-12","2025OB003239","2025NS017061","2025-09-11","2025-09-11",63771
42310,"2025-09-11","2025OP003541",405,5,"OB Enviada à instituição bancária para pagamento","2025-09-12","2025-09-12","2025OB003517","2025NS017350","2025-09-11","2025-09-11",64676
42020,"2025-09-11","2025OP003251",405,5,"OB Enviada à instituição bancária para pagamento","2025-09-12","2025-09-12","2025OB003248","2025NS017060","2025-09-11","2025-09-11",63558
39607,"2025-09-09","2025OP000838",405,5,"OB Enviada à instituição bancária para pagamento","2025-09-09","2025-09-09","2025OB000838","2025NS013006","2025-09-09","2025-09-09",62856
39600,"2025-09-09","2025OP000831",405,5,"OB Enviada à instituição bancária para pagamento","2025-09-09","2025-09-09","2025OB000831","2025NS012999","2025-09-09","2025-09-09",62498
39605,"2025-09-09","2025OP000836",405,5,"OB Enviada à instituição bancária para pagamento","2025-09-09","2025-09-09","2025OB000836","2025NS013004","2025-09-09","2025-09-09",63080
43477,"2025-09-29","2025OP004717",405,3,"Aguardando assinaturas do ordenador de despesas e/ou gestor financeiro","2025-09-29",,,"2025NS019932",,,65230
39603,"2025-09-09","2025OP000834",405,5,"OB Enviada à instituição bancária para pagamento","2025-09-09","2025-09-09","2025OB000834","2025NS013002","2025-09-09","2025-09-09",60723
40166,"2025-09-09","2025OP001397",405,5,"OB Enviada à instituição bancária para pagamento","2025-09-09","2025-09-09","2025OB001397","2025NS013565","2025-09-09","2025-09-09",61986
40167,"2025-09-09","2025OP001398",405,5,"OB Enviada à instituição bancária para pagamento","2025-09-09","2025-09-09","2025OB001398","2025NS013566","2025-09-09","2025-09-09",61997
39280,"2025-09-09","2025OP000511",405,5,"OB Enviada à instituição bancária para pagamento","2025-09-09","2025-09-09","2025OB000527","2025NS012679","2025-09-09","2025-09-09",62161
42328,"2025-09-11","2025OP003559",405,5,"OB Enviada à instituição bancária para pagamento","2025-09-12","2025-09-12","2025OB003562","2025NS017368","2025-09-11","2025-09-11",63460
42331,"2025-09-11","2025OP003562",405,5,"OB Enviada à instituição bancária para pagamento","2025-09-12","2025-09-12","2025OB003549","2025NS017371","2025-09-11","2025-09-11",63490
40170,"2025-09-09","2025OP001401",405,5,"OB Enviada à instituição bancária para pagamento","2025-09-09","2025-09-09","2025OB001401","2025NS013569","2025-09-09","2025-09-09",63181
42330,"2025-09-11","2025OP003561",405,5,"OB Enviada à instituição bancária para pagamento","2025-09-12","2025-09-12","2025OB003557","2025NS017370","2025-09-11","2025-09-11",63604
42327,"2025-09-11","2025OP003558",405,5,"OB Enviada à instituição bancária para pagamento","2025-09-12","2025-09-12","2025OB003563","2025NS017367","2025-09-11","2025-09-11",63957
43527,"2025-09-29","2025OP004767",405,3,"Aguardando assinaturas do ordenador de despesas e/ou gestor financeiro","2025-09-29",,,"2025NS019982",,,65253
41197,"2025-09-09","2025OP002428",405,5,"OB Enviada à instituição bancária para pagamento","2025-09-09","2025-09-09","2025OB002428","2025NS014596","2025-09-09","2025-09-09",61226
41196,"2025-09-09","2025OP002427",405,5,"OB Enviada à instituição bancária para pagamento","2025-09-09","2025-09-09","2025OB002427","2025NS014595","2025-09-09","2025-09-09",62692
41189,"2025-09-09","2025OP002420",405,5,"OB Enviada à instituição bancária para pagamento","2025-09-09","2025-09-09","2025OB002420","2025NS014588","2025-09-09","2025-09-09",61330
41193,"2025-09-09","2025OP002424",405,5,"OB Enviada à instituição bancária para pagamento","2025-09-09","2025-09-09","2025OB002424","2025NS014592","2025-09-09","2025-09-09",61895
41188,"2025-09-09","2025OP002419",405,5,"OB Enviada à instituição bancária para pagamento","2025-09-09","2025-09-09","2025OB002419","2025NS014587","2025-09-09","2025-09-09",62136
39260,"2025-09-09","2025OP000491",405,5,"OB Enviada à instituição bancária para pagamento","2025-09-09","2025-09-09","2025OB000491","2025NS012659","2025-09-09","2025-09-09",61327
41191,"2025-09-09","2025OP002422",405,5,"OB Enviada à instituição bancária para pagamento","2025-09-09","2025-09-09","2025OB002422","2025NS014590","2025-09-09","2025-09-09",62669
42943,"2025-09-11","2025OP004174",405,5,"OB Enviada à instituição bancária para pagamento","2025-09-12","2025-09-12","2025OB004186","2025NS017983","2025-09-11","2025-09-11",64004
42942,"2025-09-11","2025OP004173",405,5,"OB Enviada à instituição bancária para pagamento","2025-09-12","2025-09-12","2025OB004162","2025NS017982","2025-09-11","2025-09-11",64494
40476,"2025-09-09","2025OP001707",405,5,"OB Enviada à instituição bancária para pagamento","2025-09-09","2025-09-09","2025OB001714","2025NS013875","2025-09-09","2025-09-09",60832
40833,"2025-09-09","2025OP002064",405,5,"OB Enviada à instituição bancária para pagamento","2025-09-09","2025-09-09","2025OB002064","2025NS014232","2025-09-09","2025-09-09",60834
39277,"2025-09-09","2025OP000508",405,5,"OB Enviada à instituição bancária para pagamento","2025-09-09","2025-09-09","2025OB000521","2025NS012676","2025-09-09","2025-09-09",61175
39271,"2025-09-09","2025OP000502",405,5,"OB Enviada à instituição bancária para pagamento","2025-09-09","2025-09-09","2025OB000509","2025NS012670","2025-09-09","2025-09-09",61303
39263,"2025-09-09","2025OP000494",405,5,"OB Enviada à instituição bancária para pagamento","2025-09-09","2025-09-09","2025OB000494","2025NS012662","2025-09-09","2025-09-09",61316
39259,"2025-09-09","2025OP000490",405,5,"OB Enviada à instituição bancária para pagamento","2025-09-09","2025-09-09","2025OB000490","2025NS012658","2025-09-09","2025-09-09",61676
39270,"2025-09-09","2025OP000501",405,5,"OB Enviada à instituição bancária para pagamento","2025-09-09","2025-09-09","2025OB000507","2025NS012669","2025-09-09","2025-09-09",61709
39275,"2025-09-09","2025OP000506",405,5,"OB Enviada à instituição bancária para pagamento","2025-09-09","2025-09-09","2025OB000517","2025NS012674","2025-09-09","2025-09-09",62174
39274,"2025-09-09","2025OP000505",405,5,"OB Enviada à instituição bancária para pagamento","2025-09-09","2025-09-09","2025OB000515","2025NS012673","2025-09-09","2025-09-09",61712
39266,"2025-09-09","2025OP000497",405,5,"OB Enviada à instituição bancária para pagamento","2025-09-09","2025-09-09","2025OB000499","2025NS012665","2025-09-09","2025-09-09",62509
39264,"2025-09-09","2025OP000495",405,5,"OB Enviada à instituição bancária para pagamento","2025-09-09","2025-09-09","2025OB000495","2025NS012663","2025-09-09","2025-09-09",62173
39276,"2025-09-09","2025OP000507",405,5,"OB Enviada à instituição bancária para pagamento","2025-09-09","2025-09-09","2025OB000519","2025NS012675","2025-09-09","2025-09-09",62600
39272,"2025-09-09","2025OP000503",405,5,"OB Enviada à instituição bancária para pagamento","2025-09-09","2025-09-09","2025OB000511","2025NS012671","2025-09-09","2025-09-09",62945
41817,"2025-09-11","2025OP003048",405,5,"OB Enviada à instituição bancária para pagamento","2025-09-12","2025-09-12","2025OB003044","2025NS016857","2025-09-11","2025-09-11",64285
39278,"2025-09-09","2025OP000509",405,5,"OB Enviada à instituição bancária para pagamento","2025-09-09","2025-09-09","2025OB000523","2025NS012677","2025-09-09","2025-09-09",60763
39265,"2025-09-09","2025OP000496",405,5,"OB Enviada à instituição bancária para pagamento","2025-09-09","2025-09-09","2025OB000497","2025NS012664","2025-09-09","2025-09-09",61331
43708,"2025-09-29","2025OP004948",405,3,"Aguardando assinaturas do ordenador de despesas e/ou gestor financeiro","2025-09-29",,,"2025NS020163",,,64922
42141,"2025-09-11","2025OP003372",405,5,"OB Enviada à instituição bancária para pagamento","2025-09-12","2025-09-12","2025OB003365","2025NS017181","2025-09-11","2025-09-11",63474
39269,"2025-09-09","2025OP000500",405,5,"OB Enviada à instituição bancária para pagamento","2025-09-09","2025-09-09","2025OB000505","2025NS012668","2025-09-09","2025-09-09",63264
43481,"2025-09-29","2025OP004721",405,3,"Aguardando assinaturas do ordenador de despesas e/ou gestor financeiro","2025-09-29",,,"2025NS019936",,,65154
42142,"2025-09-11","2025OP003373",405,5,"OB Enviada à instituição bancária para pagamento","2025-09-12","2025-09-12","2025OB003375","2025NS017182","2025-09-11","2025-09-11",64252
42147,"2025-09-11","2025OP003378",405,5,"OB Enviada à instituição bancária para pagamento","2025-09-12","2025-09-12","2025OB003367","2025NS017187","2025-09-11","2025-09-11",64505
42146,"2025-09-11","2025OP003377",405,5,"OB Enviada à instituição bancária para pagamento","2025-09-12","2025-09-12","2025OB003372","2025NS017186","2025-09-11","2025-09-11",64841
42148,"2025-09-11","2025OP003379",405,5,"OB Enviada à instituição bancária para pagamento","2025-09-12","2025-09-12","2025OB003380","2025NS017188","2025-09-11","2025-09-11",64242
42145,"2025-09-11","2025OP003376",405,5,"OB Enviada à instituição bancária para pagamento","2025-09-12","2025-09-12","2025OB003360","2025NS017185","2025-09-11","2025-09-11",63528
42144,"2025-09-11","2025OP003375",405,5,"OB Enviada à instituição bancária para pagamento","2025-09-12","2025-09-12","2025OB003381","2025NS017184","2025-09-11","2025-09-11",64800
42143,"2025-09-11","2025OP003374",405,5,"OB Enviada à instituição bancária para pagamento","2025-09-12","2025-09-12","2025OB003363","2025NS017183","2025-09-11","2025-09-11",64510
40873,"2025-09-09","2025OP002104",405,5,"OB Enviada à instituição bancária para pagamento","2025-09-09","2025-09-09","2025OB002104","2025NS014272","2025-09-09","2025-09-09",60836
41390,"2025-09-09","2025OP002621",405,5,"OB Enviada à instituição bancária para pagamento","2025-09-09","2025-09-09","2025OB002621","2025NS014789","2025-09-09","2025-09-09",60937
39544,"2025-09-09","2025OP000775",405,5,"OB Enviada à instituição bancária para pagamento","2025-09-09","2025-09-09","2025OB000775","2025NS012943","2025-09-09","2025-09-09",61130
42903,"2025-09-11","2025OP004134",405,5,"OB Enviada à instituição bancária para pagamento","2025-09-12","2025-09-12","2025OB004132","2025NS017943","2025-09-11","2025-09-11",63379
42905,"2025-09-11","2025OP004136",405,5,"OB Enviada à instituição bancária para pagamento","2025-09-12","2025-09-12","2025OB004127","2025NS017945","2025-09-11","2025-09-11",63380
42904,"2025-09-11","2025OP004135",405,5,"OB Enviada à instituição bancária para pagamento","2025-09-12","2025-09-12","2025OB004142","2025NS017944","2025-09-11","2025-09-11",63532
42773,"2025-09-11","2025OP004004",405,5,"OB Enviada à instituição bancária para pagamento","2025-09-12","2025-09-12","2025OB004012","2025NS017813","2025-09-11","2025-09-11",64082
43067,"2025-09-11","2025OP004298",405,5,"OB Enviada à instituição bancária para pagamento","2025-09-12","2025-09-12","2025OB004288","2025NS018107","2025-09-11","2025-09-11",64126
39055,"2025-09-09","2025OP000286",405,5,"OB Enviada à instituição bancária para pagamento","2025-09-09","2025-09-09","2025OB000286","2025NS012454","2025-09-09","2025-09-09",61333
39053,"2025-09-09","2025OP000284",405,5,"OB Enviada à instituição bancária para pagamento","2025-09-09","2025-09-09","2025OB000284","2025NS012452","2025-09-09","2025-09-09",61988
43280,"2025-09-29","2025OP004520",405,3,"Aguardando assinaturas do ordenador de despesas e/ou gestor financeiro","2025-09-29",,,"2025NS019735",,,65119
39061,"2025-09-09","2025OP000292",405,5,"OB Enviada à instituição bancária para pagamento","2025-09-09","2025-09-09","2025OB000292","2025NS012460","2025-09-09","2025-09-09",62490
39058,"2025-09-09","2025OP000289",405,5,"OB Enviada à instituição bancária para pagamento","2025-09-09","2025-09-09","2025OB000289","2025NS012457","2025-09-09","2025-09-09",63068
41716,"2025-09-11","2025OP002947",405,5,"OB Enviada à instituição bancária para pagamento","2025-09-12","2025-09-12","2025OB002945","2025NS016756","2025-09-11","2025-09-11",63575
42888,"2025-09-11","2025OP004119",405,5,"OB Enviada à instituição bancária para pagamento","2025-09-12","2025-09-12","2025OB004117","2025NS017928","2025-09-11","2025-09-11",63680
42650,"2025-09-11","2025OP003881",405,5,"OB Enviada à instituição bancária para pagamento","2025-09-12","2025-09-12","2025OB003871","2025NS017690","2025-09-11","2025-09-11",64032
43277,"2025-09-29","2025OP004517",405,3,"Aguardando assinaturas do ordenador de despesas e/ou gestor financeiro","2025-09-29",,,"2025NS019732",,,65255
40871,"2025-09-09","2025OP002102",405,5,"OB Enviada à instituição bancária para pagamento","2025-09-09","2025-09-09","2025OB002102","2025NS014270","2025-09-09","2025-09-09",60837
43278,"2025-09-29","2025OP004518",405,3,"Aguardando assinaturas do ordenador de despesas e/ou gestor financeiro","2025-09-29",,,"2025NS019733",,,65245
39059,"2025-09-09","2025OP000290",405,5,"OB Enviada à instituição bancária para pagamento","2025-09-09","2025-09-09","2025OB000290","2025NS012458","2025-09-09","2025-09-09",61998
41710,"2025-09-11","2025OP002941",405,5,"OB Enviada à instituição bancária para pagamento","2025-09-12","2025-09-12","2025OB002946","2025NS016750","2025-09-11","2025-09-11",64852
39054,"2025-09-09","2025OP000285",405,5,"OB Enviada à instituição bancária para pagamento","2025-09-09","2025-09-09","2025OB000285","2025NS012453","2025-09-09","2025-09-09",62645
39060,"2025-09-09","2025OP000291",405,5,"OB Enviada à instituição bancária para pagamento","2025-09-09","2025-09-09","2025OB000291","2025NS012459","2025-09-09","2025-09-09",62671
43276,"2025-09-29","2025OP004516",405,3,"Aguardando assinaturas do ordenador de despesas e/ou gestor financeiro","2025-09-29",,,"2025NS019731",,,65125
41715,"2025-09-11","2025OP002946",405,5,"OB Enviada à instituição bancária para pagamento","2025-09-12","2025-09-12","2025OB002952","2025NS016755","2025-09-11","2025-09-11",63682
43718,"2025-09-29","2025OP004958",405,3,"Aguardando assinaturas do ordenador de despesas e/ou gestor financeiro","2025-09-29",,,"2025NS020173",,,65015
41259,"2025-09-09","2025OP002490",405,5,"OB Enviada à instituição bancária para pagamento","2025-09-09","2025-09-09","2025OB002490","2025NS014658","2025-09-09","2025-09-09",61244
41261,"2025-09-09","2025OP002492",405,5,"OB Enviada à instituição bancária para pagamento","2025-09-09","2025-09-09","2025OB002492","2025NS014660","2025-09-09","2025-09-09",61737
39057,"2025-09-09","2025OP000288",405,5,"OB Enviada à instituição bancária para pagamento","2025-09-09","2025-09-09","2025OB000288","2025NS012456","2025-09-09","2025-09-09",61999
41567,"2025-09-09","2025OP002798",405,5,"OB Enviada à instituição bancária para pagamento","2025-09-09","2025-09-09","2025OB002798","2025NS014966","2025-09-09","2025-09-09",62317
41569,"2025-09-09","2025OP002800",405,5,"OB Enviada à instituição bancária para pagamento","2025-09-09","2025-09-09","2025OB002800","2025NS014968","2025-09-09","2025-09-09",62840
41712,"2025-09-11","2025OP002943",405,5,"OB Enviada à instituição bancária para pagamento","2025-09-12","2025-09-12","2025OB002937","2025NS016752","2025-09-11","2025-09-11",63576
41566,"2025-09-09","2025OP002797",405,5,"OB Enviada à instituição bancária para pagamento","2025-09-09","2025-09-09","2025OB002797","2025NS014965","2025-09-09","2025-09-09",63202
41564,"2025-09-09","2025OP002795",405,5,"OB Enviada à instituição bancária para pagamento","2025-09-09","2025-09-09","2025OB002795","2025NS014963","2025-09-09","2025-09-09",63250
41709,"2025-09-11","2025OP002940",405,5,"OB Enviada à instituição bancária para pagamento","2025-09-12","2025-09-12","2025OB002949","2025NS016749","2025-09-11","2025-09-11",63314
41565,"2025-09-09","2025OP002796",405,5,"OB Enviada à instituição bancária para pagamento","2025-09-09","2025-09-09","2025OB002796","2025NS014964","2025-09-09","2025-09-09",63206
40939,"2025-09-09","2025OP002170",405,5,"OB Enviada à instituição bancária para pagamento","2025-09-09","2025-09-09","2025OB002170","2025NS014338","2025-09-09","2025-09-09",60841
40342,"2025-09-09","2025OP001573",405,5,"OB Enviada à instituição bancária para pagamento","2025-09-09","2025-09-09","2025OB001573","2025NS013741","2025-09-09","2025-09-09",60843
40919,"2025-09-09","2025OP002150",405,5,"OB Enviada à instituição bancária para pagamento","2025-09-09","2025-09-09","2025OB002150","2025NS014318","2025-09-09","2025-09-09",61248
40923,"2025-09-09","2025OP002154",405,5,"OB Enviada à instituição bancária para pagamento","2025-09-09","2025-09-09","2025OB002154","2025NS014322","2025-09-09","2025-09-09",61726
40917,"2025-09-09","2025OP002148",405,5,"OB Enviada à instituição bancária para pagamento","2025-09-09","2025-09-09","2025OB002148","2025NS014316","2025-09-09","2025-09-09",61781
40918,"2025-09-09","2025OP002149",405,5,"OB Enviada à instituição bancária para pagamento","2025-09-09","2025-09-09","2025OB002149","2025NS014317","2025-09-09","2025-09-09",61850
40929,"2025-09-09","2025OP002160",405,5,"OB Enviada à instituição bancária para pagamento","2025-09-09","2025-09-09","2025OB002160","2025NS014328","2025-09-09","2025-09-09",62001
40928,"2025-09-09","2025OP002159",405,5,"OB Enviada à instituição bancária para pagamento","2025-09-09","2025-09-09","2025OB002159","2025NS014327","2025-09-09","2025-09-09",62492
40924,"2025-09-09","2025OP002155",405,5,"OB Enviada à instituição bancária para pagamento","2025-09-09","2025-09-09","2025OB002155","2025NS014323","2025-09-09","2025-09-09",62672
42771,"2025-09-11","2025OP004002",405,5,"OB Enviada à instituição bancária para pagamento","2025-09-12","2025-09-12","2025OB004006","2025NS017811","2025-09-11","2025-09-11",63564
42770,"2025-09-11","2025OP004001",405,5,"OB Enviada à instituição bancária para pagamento","2025-09-12","2025-09-12","2025OB004005","2025NS017810","2025-09-11","2025-09-11",63685
42766,"2025-09-11","2025OP003997",405,5,"OB Enviada à instituição bancária para pagamento","2025-09-12","2025-09-12","2025OB003992","2025NS017806","2025-09-11","2025-09-11",64666
41718,"2025-09-11","2025OP002949",405,5,"OB Enviada à instituição bancária para pagamento","2025-09-12","2025-09-12","2025OB002938","2025NS016758","2025-09-11","2025-09-11",64260
42767,"2025-09-11","2025OP003998",405,5,"OB Enviada à instituição bancária para pagamento","2025-09-12","2025-09-12","2025OB003998","2025NS017807","2025-09-11","2025-09-11",64729
40647,"2025-09-09","2025OP001878",405,5,"OB Enviada à instituição bancária para pagamento","2025-09-09","2025-09-09","2025OB001878","2025NS014046","2025-09-09","2025-09-09",60842
39065,"2025-09-09","2025OP000296",405,5,"OB Enviada à instituição bancária para pagamento","2025-09-09","2025-09-09","2025OB000296","2025NS012464","2025-09-09","2025-09-09",60980
39964,"2025-09-09","2025OP001195",405,5,"OB Enviada à instituição bancária para pagamento","2025-09-09","2025-09-09","2025OB001195","2025NS013363","2025-09-09","2025-09-09",61211
39966,"2025-09-09","2025OP001197",405,5,"OB Enviada à instituição bancária para pagamento","2025-09-09","2025-09-09","2025OB001197","2025NS013365","2025-09-09","2025-09-09",61228
39062,"2025-09-09","2025OP000293",405,5,"OB Enviada à instituição bancária para pagamento","2025-09-09","2025-09-09","2025OB000293","2025NS012461","2025-09-09","2025-09-09",61755
39067,"2025-09-09","2025OP000298",405,5,"OB Enviada à instituição bancária para pagamento","2025-09-09","2025-09-09","2025OB000298","2025NS012466","2025-09-09","2025-09-09",62142
41723,"2025-09-11","2025OP002954",405,5,"OB Enviada à instituição bancária para pagamento","2025-09-12","2025-09-12","2025OB002942","2025NS016763","2025-09-11","2025-09-11",64811
39967,"2025-09-09","2025OP001198",405,5,"OB Enviada à instituição bancária para pagamento","2025-09-09","2025-09-09","2025OB001198","2025NS013366","2025-09-09","2025-09-09",62324
41724,"2025-09-11","2025OP002955",405,5,"OB Enviada à instituição bancária para pagamento","2025-09-12","2025-09-12","2025OB002941","2025NS016764","2025-09-11","2025-09-11",63577
41719,"2025-09-11","2025OP002950",405,5,"OB Enviada à instituição bancária para pagamento","2025-09-12","2025-09-12","2025OB002960","2025NS016759","2025-09-11","2025-09-11",64550
42219,"2025-09-11","2025OP003450",405,5,"OB Enviada à instituição bancária para pagamento","2025-09-12","2025-09-12","2025OB003434","2025NS017259","2025-09-11","2025-09-11",64632
41722,"2025-09-11","2025OP002953",405,5,"OB Enviada à instituição bancária para pagamento","2025-09-12","2025-09-12","2025OB002958","2025NS016762","2025-09-11","2025-09-11",64516
41720,"2025-09-11","2025OP002951",405,5,"OB Enviada à instituição bancária para pagamento","2025-09-12","2025-09-12","2025OB002950","2025NS016760","2025-09-11","2025-09-11",64520
43281,"2025-09-29","2025OP004521",405,3,"Aguardando assinaturas do ordenador de despesas e/ou gestor financeiro","2025-09-29",,,"2025NS019736",,,65231
40661,"2025-09-09","2025OP001892",405,5,"OB Enviada à instituição bancária para pagamento","2025-09-09","2025-09-09","2025OB001892","2025NS014060","2025-09-09","2025-09-09",60844
42452,"2025-09-11","2025OP003683",405,5,"OB Enviada à instituição bancária para pagamento","2025-09-12","2025-09-12","2025OB003688","2025NS017492","2025-09-11","2025-09-11",63385
40437,"2025-09-09","2025OP001668",405,5,"OB Enviada à instituição bancária para pagamento","2025-09-09","2025-09-09","2025OB001668","2025NS013836","2025-09-09","2025-09-09",61626
40433,"2025-09-09","2025OP001664",405,5,"OB Enviada à instituição bancária para pagamento","2025-09-09","2025-09-09","2025OB001664","2025NS013832","2025-09-09","2025-09-09",62148
43193,"2025-09-11","2025OP004424",405,5,"OB Enviada à instituição bancária para pagamento","2025-09-12","2025-09-12","2025OB004433","2025NS018233","2025-09-11","2025-09-11",63527
40438,"2025-09-09","2025OP001669",405,5,"OB Enviada à instituição bancária para pagamento","2025-09-09","2025-09-09","2025OB001669","2025NS013837","2025-09-09","2025-09-09",62328
39219,"2025-09-09","2025OP000450",405,5,"OB Enviada à instituição bancária para pagamento","2025-09-09","2025-09-09","2025OB000450","2025NS012618","2025-09-09","2025-09-09",62673
40432,"2025-09-09","2025OP001663",405,5,"OB Enviada à instituição bancária para pagamento","2025-09-09","2025-09-09","2025OB001663","2025NS013831","2025-09-09","2025-09-09",62862
43315,"2025-09-29","2025OP004555",405,3,"Aguardando assinaturas do ordenador de despesas e/ou gestor financeiro","2025-09-29",,,"2025NS019770",,,65233
43192,"2025-09-11","2025OP004423",405,5,"OB Enviada à instituição bancária para pagamento","2025-09-12","2025-09-12","2025OB004434","2025NS018232","2025-09-11","2025-09-11",63492
40431,"2025-09-09","2025OP001662",405,5,"OB Enviada à instituição bancária para pagamento","2025-09-09","2025-09-09","2025OB001662","2025NS013830","2025-09-09","2025-09-09",63169
40436,"2025-09-09","2025OP001667",405,5,"OB Enviada à instituição bancária para pagamento","2025-09-09","2025-09-09","2025OB001667","2025NS013835","2025-09-09","2025-09-09",63166
42453,"2025-09-11","2025OP003684",405,5,"OB Enviada à instituição bancária para pagamento","2025-09-12","2025-09-12","2025OB003702","2025NS017493","2025-09-11","2025-09-11",63316
41785,"2025-09-11","2025OP003016",405,5,"OB Enviada à instituição bancária para pagamento","2025-09-12","2025-09-12","2025OB003014","2025NS016825","2025-09-11","2025-09-11",63965
42681,"2025-09-11","2025OP003912",405,5,"OB Enviada à instituição bancária para pagamento","2025-09-12","2025-09-12","2025OB003911","2025NS017721","2025-09-11","2025-09-11",64264
43611,"2025-09-29","2025OP004851",405,3,"Aguardando assinaturas do ordenador de despesas e/ou gestor financeiro","2025-09-29",,,"2025NS020066",,,65127
39218,"2025-09-09","2025OP000449",405,5,"OB Enviada à instituição bancária para pagamento","2025-09-09","2025-09-09","2025OB000449","2025NS012617","2025-09-09","2025-09-09",61385
39225,"2025-09-09","2025OP000456",405,5,"OB Enviada à instituição bancária para pagamento","2025-09-09","2025-09-09","2025OB000456","2025NS012624","2025-09-09","2025-09-09",61413
39224,"2025-09-09","2025OP000455",405,5,"OB Enviada à instituição bancária para pagamento","2025-09-09","2025-09-09","2025OB000455","2025NS012623","2025-09-09","2025-09-09",61430
39220,"2025-09-09","2025OP000451",405,5,"OB Enviada à instituição bancária para pagamento","2025-09-09","2025-09-09","2025OB000451","2025NS012619","2025-09-09","2025-09-09",61478
39222,"2025-09-09","2025OP000453",405,5,"OB Enviada à instituição bancária para pagamento","2025-09-09","2025-09-09","2025OB000453","2025NS012621","2025-09-09","2025-09-09",62334
41791,"2025-09-11","2025OP003022",405,5,"OB Enviada à instituição bancária para pagamento","2025-09-12","2025-09-12","2025OB003033","2025NS016831","2025-09-11","2025-09-11",63633
41787,"2025-09-11","2025OP003018",405,5,"OB Enviada à instituição bancária para pagamento","2025-09-12","2025-09-12","2025OB003024","2025NS016827","2025-09-11","2025-09-11",63632
39215,"2025-09-09","2025OP000446",405,5,"OB Enviada à instituição bancária para pagamento","2025-09-09","2025-09-09","2025OB000446","2025NS012614","2025-09-09","2025-09-09",62330
39214,"2025-09-09","2025OP000445",405,5,"OB Enviada à instituição bancária para pagamento","2025-09-09","2025-09-09","2025OB000445","2025NS012613","2025-09-09","2025-09-09",62675
41789,"2025-09-11","2025OP003020",405,5,"OB Enviada à instituição bancária para pagamento","2025-09-12","2025-09-12","2025OB003027","2025NS016829","2025-09-11","2025-09-11",63317
41790,"2025-09-11","2025OP003021",405,5,"OB Enviada à instituição bancária para pagamento","2025-09-12","2025-09-12","2025OB003029","2025NS016830","2025-09-11","2025-09-11",63504
41794,"2025-09-11","2025OP003025",405,5,"OB Enviada à instituição bancária para pagamento","2025-09-12","2025-09-12","2025OB003023","2025NS016834","2025-09-11","2025-09-11",63300
41786,"2025-09-11","2025OP003017",405,5,"OB Enviada à instituição bancária para pagamento","2025-09-12","2025-09-12","2025OB003019","2025NS016826","2025-09-11","2025-09-11",64005
39212,"2025-09-09","2025OP000443",405,5,"OB Enviada à instituição bancária para pagamento","2025-09-09","2025-09-09","2025OB000443","2025NS012611","2025-09-09","2025-09-09",62821
39210,"2025-09-09","2025OP000441",405,5,"OB Enviada à instituição bancária para pagamento","2025-09-09","2025-09-09","2025OB000441","2025NS012609","2025-09-09","2025-09-09",63155
43313,"2025-09-29","2025OP004553",405,3,"Aguardando assinaturas do ordenador de despesas e/ou gestor financeiro","2025-09-29",,,"2025NS019768",,,65234
41727,"2025-09-11","2025OP002958",405,5,"OB Enviada à instituição bancária para pagamento","2025-09-12","2025-09-12","2025OB002943","2025NS016767","2025-09-11","2025-09-11",64733
39268,"2025-09-09","2025OP000499",405,5,"OB Enviada à instituição bancária para pagamento","2025-09-09","2025-09-09","2025OB000503","2025NS012667","2025-09-09","2025-09-09",60845
41516,"2025-09-09","2025OP002747",405,5,"OB Enviada à instituição bancária para pagamento","2025-09-09","2025-09-09","2025OB002747","2025NS014915","2025-09-09","2025-09-09",61129
41355,"2025-09-09","2025OP002586",405,5,"OB Enviada à instituição bancária para pagamento","2025-09-09","2025-09-09","2025OB002586","2025NS014754","2025-09-09","2025-09-09",61394
41356,"2025-09-09","2025OP002587",405,5,"OB Enviada à instituição bancária para pagamento","2025-09-09","2025-09-09","2025OB002587","2025NS014755","2025-09-09","2025-09-09",61395
41513,"2025-09-09","2025OP002744",405,5,"OB Enviada à instituição bancária para pagamento","2025-09-09","2025-09-09","2025OB002744","2025NS014912","2025-09-09","2025-09-09",61431
43181,"2025-09-11","2025OP004412",405,5,"OB Enviada à instituição bancária para pagamento","2025-09-12","2025-09-12","2025OB004412","2025NS018221","2025-09-11","2025-09-11",63367
41511,"2025-09-09","2025OP002742",405,5,"OB Enviada à instituição bancária para pagamento","2025-09-09","2025-09-09","2025OB002742","2025NS014910","2025-09-09","2025-09-09",62396
43060,"2025-09-11","2025OP004291",405,5,"OB Enviada à instituição bancária para pagamento","2025-09-12","2025-09-12","2025OB004290","2025NS018100","2025-09-11","2025-09-11",63299
43184,"2025-09-11","2025OP004415",405,5,"OB Enviada à instituição bancária para pagamento","2025-09-12","2025-09-12","2025OB004416","2025NS018224","2025-09-11","2025-09-11",63826
43059,"2025-09-11","2025OP004290",405,5,"OB Enviada à instituição bancária para pagamento","2025-09-12","2025-09-12","2025OB004307","2025NS018099","2025-09-11","2025-09-11",64562
41354,"2025-09-09","2025OP002585",405,5,"OB Enviada à instituição bancária para pagamento","2025-09-09","2025-09-09","2025OB002585","2025NS014753","2025-09-09","2025-09-09",62956
41508,"2025-09-09","2025OP002739",405,5,"OB Enviada à instituição bancária para pagamento","2025-09-09","2025-09-09","2025OB002739","2025NS014907","2025-09-09","2025-09-09",63023
43828,"2025-09-29","2025OP005068",405,3,"Aguardando assinaturas do ordenador de despesas e/ou gestor financeiro","2025-09-29",,,"2025NS020283",,,65225
43185,"2025-09-11","2025OP004416",405,5,"OB Enviada à instituição bancária para pagamento","2025-09-12","2025-09-12","2025OB004415","2025NS018225","2025-09-11","2025-09-11",63823
43182,"2025-09-11","2025OP004413",405,5,"OB Enviada à instituição bancária para pagamento","2025-09-12","2025-09-12","2025OB004417","2025NS018222","2025-09-11","2025-09-11",63829
43186,"2025-09-11","2025OP004417",405,5,"OB Enviada à instituição bancária para pagamento","2025-09-12","2025-09-12","2025OB004413","2025NS018226","2025-09-11","2025-09-11",64076
43061,"2025-09-11","2025OP004292",405,5,"OB Enviada à instituição bancária para pagamento","2025-09-12","2025-09-12","2025OB004304","2025NS018101","2025-09-11","2025-09-11",64707
43826,"2025-09-29","2025OP005066",405,3,"Aguardando assinaturas do ordenador de despesas e/ou gestor financeiro","2025-09-29",,,"2025NS020281",,,65056
43827,"2025-09-29","2025OP005067",405,3,"Aguardando assinaturas do ordenador de despesas e/ou gestor financeiro","2025-09-29",,,"2025NS020282",,,64918
43859,"2025-09-29","2025OP005099",405,3,"Aguardando assinaturas do ordenador de despesas e/ou gestor financeiro","2025-09-29",,,"2025NS020314",,,64919
40715,"2025-09-09","2025OP001946",405,5,"OB Enviada à instituição bancária para pagamento","2025-09-09","2025-09-09","2025OB001946","2025NS014114","2025-09-09","2025-09-09",61229
40704,"2025-09-09","2025OP001935",405,5,"OB Enviada à instituição bancária para pagamento","2025-09-09","2025-09-09","2025OB001935","2025NS014103","2025-09-09","2025-09-09",62734
40711,"2025-09-09","2025OP001942",405,5,"OB Enviada à instituição bancária para pagamento","2025-09-09","2025-09-09","2025OB001942","2025NS014110","2025-09-09","2025-09-09",62395
40702,"2025-09-09","2025OP001933",405,5,"OB Enviada à instituição bancária para pagamento","2025-09-09","2025-09-09","2025OB001933","2025NS014101","2025-09-09","2025-09-09",61414
40710,"2025-09-09","2025OP001941",405,5,"OB Enviada à instituição bancária para pagamento","2025-09-09","2025-09-09","2025OB001941","2025NS014109","2025-09-09","2025-09-09",61749
40718,"2025-09-09","2025OP001949",405,5,"OB Enviada à instituição bancária para pagamento","2025-09-09","2025-09-09","2025OB001949","2025NS014117","2025-09-09","2025-09-09",62636
40703,"2025-09-09","2025OP001934",405,5,"OB Enviada à instituição bancária para pagamento","2025-09-09","2025-09-09","2025OB001934","2025NS014102","2025-09-09","2025-09-09",62735
43183,"2025-09-11","2025OP004414",405,5,"OB Enviada à instituição bancária para pagamento","2025-09-12","2025-09-12","2025OB004410","2025NS018223","2025-09-11","2025-09-11",63493
41514,"2025-09-09","2025OP002745",405,5,"OB Enviada à instituição bancária para pagamento","2025-09-09","2025-09-09","2025OB002745","2025NS014913","2025-09-09","2025-09-09",63047
41515,"2025-09-09","2025OP002746",405,5,"OB Enviada à instituição bancária para pagamento","2025-09-09","2025-09-09","2025OB002746","2025NS014914","2025-09-09","2025-09-09",63224
42632,"2025-09-11","2025OP003863",405,5,"OB Enviada à instituição bancária para pagamento","2025-09-12","2025-09-12","2025OB003872","2025NS017672","2025-09-11","2025-09-11",64404
43668,"2025-09-29","2025OP004908",405,3,"Aguardando assinaturas do ordenador de despesas e/ou gestor financeiro","2025-09-29",,,"2025NS020123",,,65198
42630,"2025-09-11","2025OP003861",405,5,"OB Enviada à instituição bancária para pagamento","2025-09-12","2025-09-12","2025OB003845","2025NS017670","2025-09-11","2025-09-11",64532
43670,"2025-09-29","2025OP004910",405,3,"Aguardando assinaturas do ordenador de despesas e/ou gestor financeiro","2025-09-29",,,"2025NS020125",,,65235
43669,"2025-09-29","2025OP004909",405,3,"Aguardando assinaturas do ordenador de despesas e/ou gestor financeiro","2025-09-29",,,"2025NS020124",,,65254
43673,"2025-09-29","2025OP004913",405,3,"Aguardando assinaturas do ordenador de despesas e/ou gestor financeiro","2025-09-29",,,"2025NS020128",,,65257
40707,"2025-09-09","2025OP001938",405,5,"OB Enviada à instituição bancária para pagamento","2025-09-09","2025-09-09","2025OB001938","2025NS014106","2025-09-09","2025-09-09",60727
39267,"2025-09-09","2025OP000498",405,5,"OB Enviada à instituição bancária para pagamento","2025-09-09","2025-09-09","2025OB000501","2025NS012666","2025-09-09","2025-09-09",60846
43672,"2025-09-29","2025OP004912",405,3,"Aguardando assinaturas do ordenador de despesas e/ou gestor financeiro","2025-09-29",,,"2025NS020127",,,65258
40706,"2025-09-09","2025OP001937",405,5,"OB Enviada à instituição bancária para pagamento","2025-09-09","2025-09-09","2025OB001937","2025NS014105","2025-09-09","2025-09-09",61396
39858,"2025-09-09","2025OP001089",405,5,"OB Enviada à instituição bancária para pagamento","2025-09-09","2025-09-09","2025OB001089","2025NS013257","2025-09-09","2025-09-09",62336
39856,"2025-09-09","2025OP001087",405,5,"OB Enviada à instituição bancária para pagamento","2025-09-09","2025-09-09","2025OB001087","2025NS013255","2025-09-09","2025-09-09",62338
42285,"2025-09-11","2025OP003516",405,5,"OB Enviada à instituição bancária para pagamento","2025-09-12","2025-09-12","2025OB003514","2025NS017325","2025-09-11","2025-09-11",64744
42530,"2025-09-11","2025OP003761",405,5,"OB Enviada à instituição bancária para pagamento","2025-09-12","2025-09-12","2025OB003764","2025NS017570","2025-09-11","2025-09-11",63618
40719,"2025-09-09","2025OP001950",405,5,"OB Enviada à instituição bancária para pagamento","2025-09-09","2025-09-09","2025OB001950","2025NS014118","2025-09-09","2025-09-09",60746
39781,"2025-09-09","2025OP001012",405,5,"OB Enviada à instituição bancária para pagamento","2025-09-09","2025-09-09","2025OB001012","2025NS013180","2025-09-09","2025-09-09",61400
39857,"2025-09-09","2025OP001088",405,5,"OB Enviada à instituição bancária para pagamento","2025-09-09","2025-09-09","2025OB001088","2025NS013256","2025-09-09","2025-09-09",62646
42164,"2025-09-11","2025OP003395",405,5,"OB Enviada à instituição bancária para pagamento","2025-09-12","2025-09-12","2025OB003399","2025NS017204","2025-09-11","2025-09-11",64324
42165,"2025-09-11","2025OP003396",405,5,"OB Enviada à instituição bancária para pagamento","2025-09-12","2025-09-12","2025OB003407","2025NS017205","2025-09-11","2025-09-11",64237
43035,"2025-09-11","2025OP004266",405,5,"OB Enviada à instituição bancária para pagamento","2025-09-12","2025-09-12","2025OB004274","2025NS018075","2025-09-11","2025-09-11",64746
43617,"2025-09-29","2025OP004857",405,3,"Aguardando assinaturas do ordenador de despesas e/ou gestor financeiro","2025-09-29",,,"2025NS020072",,,65195
41325,"2025-09-09","2025OP002556",405,5,"OB Enviada à instituição bancária para pagamento","2025-09-09","2025-09-09","2025OB002556","2025NS014724","2025-09-09","2025-09-09",60989
39780,"2025-09-09","2025OP001011",405,5,"OB Enviada à instituição bancária para pagamento","2025-09-09","2025-09-09","2025OB001011","2025NS013179","2025-09-09","2025-09-09",61212
41326,"2025-09-09","2025OP002557",405,5,"OB Enviada à instituição bancária para pagamento","2025-09-09","2025-09-09","2025OB002557","2025NS014725","2025-09-09","2025-09-09",61761
42487,"2025-09-11","2025OP003718",405,5,"OB Enviada à instituição bancária para pagamento","2025-09-12","2025-09-12","2025OB003719","2025NS017527","2025-09-11","2025-09-11",64869
43618,"2025-09-29","2025OP004858",405,3,"Aguardando assinaturas do ordenador de despesas e/ou gestor financeiro","2025-09-29",,,"2025NS020073",,,65124
43034,"2025-09-11","2025OP004265",405,5,"OB Enviada à instituição bancária para pagamento","2025-09-12","2025-09-12","2025OB004265","2025NS018074","2025-09-11","2025-09-11",63610
42475,"2025-09-11","2025OP003706",405,5,"OB Enviada à instituição bancária para pagamento","2025-09-12","2025-09-12","2025OB003714","2025NS017515","2025-09-11","2025-09-11",64530
42483,"2025-09-11","2025OP003714",405,5,"OB Enviada à instituição bancária para pagamento","2025-09-12","2025-09-12","2025OB003716","2025NS017523","2025-09-11","2025-09-11",63656
42471,"2025-09-11","2025OP003702",405,5,"OB Enviada à instituição bancária para pagamento","2025-09-12","2025-09-12","2025OB003705","2025NS017511","2025-09-11","2025-09-11",64864
42484,"2025-09-11","2025OP003715",405,5,"OB Enviada à instituição bancária para pagamento","2025-09-12","2025-09-12","2025OB003708","2025NS017524","2025-09-11","2025-09-11",63741
42476,"2025-09-11","2025OP003707",405,5,"OB Enviada à instituição bancária para pagamento","2025-09-12","2025-09-12","2025OB003709","2025NS017516","2025-09-11","2025-09-11",64787
40655,"2025-09-09","2025OP001886",405,5,"OB Enviada à instituição bancária para pagamento","2025-09-09","2025-09-09","2025OB001886","2025NS014054","2025-09-09","2025-09-09",60847
40484,"2025-09-09","2025OP001715",405,5,"OB Enviada à instituição bancária para pagamento","2025-09-09","2025-09-09","2025OB001731","2025NS013883","2025-09-09","2025-09-09",61404
42477,"2025-09-11","2025OP003708",405,5,"OB Enviada à instituição bancária para pagamento","2025-09-12","2025-09-12","2025OB003710","2025NS017517","2025-09-11","2025-09-11",63368
40485,"2025-09-09","2025OP001716",405,5,"OB Enviada à instituição bancária para pagamento","2025-09-09","2025-09-09","2025OB001733","2025NS013884","2025-09-09","2025-09-09",61764
42881,"2025-09-11","2025OP004112",405,5,"OB Enviada à instituição bancária para pagamento","2025-09-12","2025-09-12","2025OB004110","2025NS017921","2025-09-11","2025-09-11",63417
42886,"2025-09-11","2025OP004117",405,5,"OB Enviada à instituição bancária para pagamento","2025-09-12","2025-09-12","2025OB004119","2025NS017926","2025-09-11","2025-09-11",63502
42884,"2025-09-11","2025OP004115",405,5,"OB Enviada à instituição bancária para pagamento","2025-09-12","2025-09-12","2025OB004116","2025NS017924","2025-09-11","2025-09-11",63913
39615,"2025-09-09","2025OP000846",405,5,"OB Enviada à instituição bancária para pagamento","2025-09-09","2025-09-09","2025OB000846","2025NS013014","2025-09-09","2025-09-09",62899
39616,"2025-09-09","2025OP000847",405,5,"OB Enviada à instituição bancária para pagamento","2025-09-09","2025-09-09","2025OB000847","2025NS013015","2025-09-09","2025-09-09",62968
42796,"2025-09-11","2025OP004027",405,5,"OB Enviada à instituição bancária para pagamento","2025-09-12","2025-09-12","2025OB004035","2025NS017836","2025-09-11","2025-09-11",63467
42028,"2025-09-11","2025OP003259",405,5,"OB Enviada à instituição bancária para pagamento","2025-09-12","2025-09-12","2025OB003263","2025NS017068","2025-09-11","2025-09-11",63723
42795,"2025-09-11","2025OP004026",405,5,"OB Enviada à instituição bancária para pagamento","2025-09-12","2025-09-12","2025OB004039","2025NS017835","2025-09-11","2025-09-11",63857
43432,"2025-09-29","2025OP004672",405,3,"Aguardando assinaturas do ordenador de despesas e/ou gestor financeiro","2025-09-29",,,"2025NS019887",,,65199
42027,"2025-09-11","2025OP003258",405,5,"OB Enviada à instituição bancária para pagamento","2025-09-12","2025-09-12","2025OB003258","2025NS017067","2025-09-11","2025-09-11",64493
42797,"2025-09-11","2025OP004028",405,5,"OB Enviada à instituição bancária para pagamento","2025-09-12","2025-09-12","2025OB004018","2025NS017837","2025-09-11","2025-09-11",64441
42025,"2025-09-11","2025OP003256",405,5,"OB Enviada à instituição bancária para pagamento","2025-09-12","2025-09-12","2025OB003279","2025NS017065","2025-09-11","2025-09-11",64202
42990,"2025-09-11","2025OP004221",405,5,"OB Enviada à instituição bancária para pagamento","2025-09-12","2025-09-12","2025OB004212","2025NS018030","2025-09-11","2025-09-11",64771
39674,"2025-09-09","2025OP000905",405,5,"OB Enviada à instituição bancária para pagamento","2025-09-09","2025-09-09","2025OB000906","2025NS013073","2025-09-09","2025-09-09",61118
39678,"2025-09-09","2025OP000909",405,5,"OB Enviada à instituição bancária para pagamento","2025-09-09","2025-09-09","2025OB000914","2025NS013077","2025-09-09","2025-09-09",62002
39669,"2025-09-09","2025OP000900",405,5,"OB Enviada à instituição bancária para pagamento","2025-09-09","2025-09-09","2025OB000900","2025NS013068","2025-09-09","2025-09-09",62178
43446,"2025-09-29","2025OP004686",405,3,"Aguardando assinaturas do ordenador de despesas e/ou gestor financeiro","2025-09-29",,,"2025NS019901",,,65095
39675,"2025-09-09","2025OP000906",405,5,"OB Enviada à instituição bancária para pagamento","2025-09-09","2025-09-09","2025OB000908","2025NS013074","2025-09-09","2025-09-09",62340
39671,"2025-09-09","2025OP000902",405,5,"OB Enviada à instituição bancária para pagamento","2025-09-09","2025-09-09","2025OB000902","2025NS013070","2025-09-09","2025-09-09",62585
39679,"2025-09-09","2025OP000910",405,5,"OB Enviada à instituição bancária para pagamento","2025-09-09","2025-09-09","2025OB000916","2025NS013078","2025-09-09","2025-09-09",62822
42059,"2025-09-11","2025OP003290",405,5,"OB Enviada à instituição bancária para pagamento","2025-09-12","2025-09-12","2025OB003286","2025NS017099","2025-09-11","2025-09-11",64681
43731,"2025-09-29","2025OP004971",405,3,"Aguardando assinaturas do ordenador de despesas e/ou gestor financeiro","2025-09-29",,,"2025NS020186",,,64974
43727,"2025-09-29","2025OP004967",405,3,"Aguardando assinaturas do ordenador de despesas e/ou gestor financeiro","2025-09-29",,,"2025NS020182",,,65131
39680,"2025-09-09","2025OP000911",405,5,"OB Enviada à instituição bancária para pagamento","2025-09-09","2025-09-09","2025OB000918","2025NS013079","2025-09-09","2025-09-09",63253
42223,"2025-09-11","2025OP003454",405,5,"OB Enviada à instituição bancária para pagamento","2025-09-12","2025-09-12","2025OB003450","2025NS017263","2025-09-11","2025-09-11",64322
39677,"2025-09-09","2025OP000908",405,5,"OB Enviada à instituição bancária para pagamento","2025-09-09","2025-09-09","2025OB000912","2025NS013076","2025-09-09","2025-09-09",62937
39681,"2025-09-09","2025OP000912",405,5,"OB Enviada à instituição bancária para pagamento","2025-09-09","2025-09-09","2025OB000920","2025NS013080","2025-09-09","2025-09-09",63073
39676,"2025-09-09","2025OP000907",405,5,"OB Enviada à instituição bancária para pagamento","2025-09-09","2025-09-09","2025OB000910","2025NS013075","2025-09-09","2025-09-09",63105
42060,"2025-09-11","2025OP003291",405,5,"OB Enviada à instituição bancária para pagamento","2025-09-12","2025-09-12","2025OB003292","2025NS017100","2025-09-11","2025-09-11",63686
42062,"2025-09-11","2025OP003293",405,5,"OB Enviada à instituição bancária para pagamento","2025-09-12","2025-09-12","2025OB003309","2025NS017102","2025-09-11","2025-09-11",64704
43445,"2025-09-29","2025OP004685",405,3,"Aguardando assinaturas do ordenador de despesas e/ou gestor financeiro","2025-09-29",,,"2025NS019900",,,65215
39672,"2025-09-09","2025OP000903",405,5,"OB Enviada à instituição bancária para pagamento","2025-09-09","2025-09-09","2025OB000903","2025NS013071","2025-09-09","2025-09-09",60804
39983,"2025-09-09","2025OP001214",405,5,"OB Enviada à instituição bancária para pagamento","2025-09-09","2025-09-09","2025OB001227","2025NS013382","2025-09-09","2025-09-09",61446
39986,"2025-09-09","2025OP001217",405,5,"OB Enviada à instituição bancária para pagamento","2025-09-09","2025-09-09","2025OB001233","2025NS013385","2025-09-09","2025-09-09",61456
40993,"2025-09-09","2025OP002224",405,5,"OB Enviada à instituição bancária para pagamento","2025-09-09","2025-09-09","2025OB002217","2025NS014392","2025-09-09","2025-09-09",62039
39985,"2025-09-09","2025OP001216",405,5,"OB Enviada à instituição bancária para pagamento","2025-09-09","2025-09-09","2025OB001231","2025NS013384","2025-09-09","2025-09-09",62739
42236,"2025-09-11","2025OP003467",405,5,"OB Enviada à instituição bancária para pagamento","2025-09-12","2025-09-12","2025OB003472","2025NS017276","2025-09-11","2025-09-11",64298
42234,"2025-09-11","2025OP003465",405,5,"OB Enviada à instituição bancária para pagamento","2025-09-12","2025-09-12","2025OB003468","2025NS017274","2025-09-11","2025-09-11",64745
42235,"2025-09-11","2025OP003466",405,5,"OB Enviada à instituição bancária para pagamento","2025-09-12","2025-09-12","2025OB003481","2025NS017275","2025-09-11","2025-09-11",63724
42237,"2025-09-11","2025OP003468",405,5,"OB Enviada à instituição bancária para pagamento","2025-09-12","2025-09-12","2025OB003467","2025NS017277","2025-09-11","2025-09-11",64722
39982,"2025-09-09","2025OP001213",405,5,"OB Enviada à instituição bancária para pagamento","2025-09-09","2025-09-09","2025OB001225","2025NS013381","2025-09-09","2025-09-09",60815
40904,"2025-09-09","2025OP002135",405,5,"OB Enviada à instituição bancária para pagamento","2025-09-09","2025-09-09","2025OB002135","2025NS014303","2025-09-09","2025-09-09",62500
40906,"2025-09-09","2025OP002137",405,5,"OB Enviada à instituição bancária para pagamento","2025-09-09","2025-09-09","2025OB002137","2025NS014305","2025-09-09","2025-09-09",61964
42747,"2025-09-11","2025OP003978",405,5,"OB Enviada à instituição bancária para pagamento","2025-09-12","2025-09-12","2025OB003970","2025NS017787","2025-09-11","2025-09-11",63381
42748,"2025-09-11","2025OP003979",405,5,"OB Enviada à instituição bancária para pagamento","2025-09-12","2025-09-12","2025OB003971","2025NS017788","2025-09-11","2025-09-11",63998
43127,"2025-09-11","2025OP004358",405,5,"OB Enviada à instituição bancária para pagamento","2025-09-12","2025-09-12","2025OB004340","2025NS018167","2025-09-11","2025-09-11",64068
43712,"2025-09-29","2025OP004952",405,3,"Aguardando assinaturas do ordenador de despesas e/ou gestor financeiro","2025-09-29",,,"2025NS020167",,,65227
43713,"2025-09-29","2025OP004953",405,3,"Aguardando assinaturas do ordenador de despesas e/ou gestor financeiro","2025-09-29",,,"2025NS020168",,,65088
40905,"2025-09-09","2025OP002136",405,5,"OB Enviada à instituição bancária para pagamento","2025-09-09","2025-09-09","2025OB002136","2025NS014304","2025-09-09","2025-09-09",61844
40152,"2025-09-09","2025OP001383",405,5,"OB Enviada à instituição bancária para pagamento","2025-09-09","2025-09-09","2025OB001383","2025NS013551","2025-09-09","2025-09-09",62201
42750,"2025-09-11","2025OP003981",405,5,"OB Enviada à instituição bancária para pagamento","2025-09-12","2025-09-12","2025OB003983","2025NS017790","2025-09-11","2025-09-11",63561
42749,"2025-09-11","2025OP003980",405,5,"OB Enviada à instituição bancária para pagamento","2025-09-12","2025-09-12","2025OB003976","2025NS017789","2025-09-11","2025-09-11",63648
38931,"2025-09-09","2025OP000162",405,5,"OB Enviada à instituição bancária para pagamento","2025-09-09","2025-09-09","2025OB000162","2025NS012330","2025-09-09","2025-09-09",61849
41350,"2025-09-09","2025OP002581",405,5,"OB Enviada à instituição bancária para pagamento","2025-09-09","2025-09-09","2025OB002581","2025NS014749","2025-09-09","2025-09-09",62041
43235,"2025-09-29","2025OP004475",405,3,"Aguardando assinaturas do ordenador de despesas e/ou gestor financeiro","2025-09-29",,,"2025NS019690",,,65210
41621,"2025-09-11","2025OP002852",405,5,"OB Enviada à instituição bancária para pagamento","2025-09-12","2025-09-12","2025OB002851","2025NS016661","2025-09-11","2025-09-11",64270
42390,"2025-09-11","2025OP003621",405,5,"OB Enviada à instituição bancária para pagamento","2025-09-12","2025-09-12","2025OB003645","2025NS017430","2025-09-11","2025-09-11",64586
43341,"2025-09-29","2025OP004581",405,3,"Aguardando assinaturas do ordenador de despesas e/ou gestor financeiro","2025-09-29",,,"2025NS019796",,,65174
39297,"2025-09-09","2025OP000528",405,5,"OB Enviada à instituição bancária para pagamento","2025-09-09","2025-09-09","2025OB000516","2025NS012696","2025-09-09","2025-09-09",61128
38930,"2025-09-09","2025OP000161",405,5,"OB Enviada à instituição bancária para pagamento","2025-09-09","2025-09-09","2025OB000161","2025NS012329","2025-09-09","2025-09-09",61769
43237,"2025-09-29","2025OP004477",405,3,"Aguardando assinaturas do ordenador de despesas e/ou gestor financeiro","2025-09-29",,,"2025NS019692",,,65159
38932,"2025-09-09","2025OP000163",405,5,"OB Enviada à instituição bancária para pagamento","2025-09-09","2025-09-09","2025OB000163","2025NS012331","2025-09-09","2025-09-09",62779
43326,"2025-09-29","2025OP004566",405,3,"Aguardando assinaturas do ordenador de despesas e/ou gestor financeiro","2025-09-29",,,"2025NS019781",,,65265
41623,"2025-09-11","2025OP002854",405,5,"OB Enviada à instituição bancária para pagamento","2025-09-12","2025-09-12","2025OB002860","2025NS016663","2025-09-11","2025-09-11",63321
43236,"2025-09-29","2025OP004476",405,3,"Aguardando assinaturas do ordenador de despesas e/ou gestor financeiro","2025-09-29",,,"2025NS019691",,,65264
43327,"2025-09-29","2025OP004567",405,3,"Aguardando assinaturas do ordenador de despesas e/ou gestor financeiro","2025-09-29",,,"2025NS019782",,,65081
40781,"2025-09-09","2025OP002012",405,5,"OB Enviada à instituição bancária para pagamento","2025-09-09","2025-09-09","2025OB002020","2025NS014180","2025-09-09","2025-09-09",60849
41624,"2025-09-11","2025OP002855",405,5,"OB Enviada à instituição bancária para pagamento","2025-09-12","2025-09-12","2025OB002866","2025NS016664","2025-09-11","2025-09-11",63370
42987,"2025-09-11","2025OP004218",405,5,"OB Enviada à instituição bancária para pagamento","2025-09-12","2025-09-12","2025OB004225","2025NS018027","2025-09-11","2025-09-11",64172
39298,"2025-09-09","2025OP000529",405,5,"OB Enviada à instituição bancária para pagamento","2025-09-09","2025-09-09","2025OB000518","2025NS012697","2025-09-09","2025-09-09",61187
42986,"2025-09-11","2025OP004217",405,5,"OB Enviada à instituição bancária para pagamento","2025-09-12","2025-09-12","2025OB004233","2025NS018026","2025-09-11","2025-09-11",63529
42989,"2025-09-11","2025OP004220",405,5,"OB Enviada à instituição bancária para pagamento","2025-09-12","2025-09-12","2025OB004226","2025NS018029","2025-09-11","2025-09-11",64150
42988,"2025-09-11","2025OP004219",405,5,"OB Enviada à instituição bancária para pagamento","2025-09-12","2025-09-12","2025OB004215","2025NS018028","2025-09-11","2025-09-11",64753
42991,"2025-09-11","2025OP004222",405,5,"OB Enviada à instituição bancária para pagamento","2025-09-12","2025-09-12","2025OB004222","2025NS018031","2025-09-11","2025-09-11",64760
43329,"2025-09-29","2025OP004569",405,3,"Aguardando assinaturas do ordenador de despesas e/ou gestor financeiro","2025-09-29",,,"2025NS019784",,,65216
43805,"2025-09-29","2025OP005045",405,3,"Aguardando assinaturas do ordenador de despesas e/ou gestor financeiro","2025-09-29",,,"2025NS020260",,,65020
39883,"2025-09-09","2025OP001114",405,5,"OB Enviada à instituição bancária para pagamento","2025-09-09","2025-09-09","2025OB001121","2025NS013282","2025-09-09","2025-09-09",60850
42997,"2025-09-11","2025OP004228",405,5,"OB Enviada à instituição bancária para pagamento","2025-09-12","2025-09-12","2025OB004231","2025NS018037","2025-09-11","2025-09-11",64739
40517,"2025-09-09","2025OP001748",405,5,"OB Enviada à instituição bancária para pagamento","2025-09-09","2025-09-09","2025OB001748","2025NS013916","2025-09-09","2025-09-09",61985
40518,"2025-09-09","2025OP001749",405,5,"OB Enviada à instituição bancária para pagamento","2025-09-09","2025-09-09","2025OB001749","2025NS013917","2025-09-09","2025-09-09",61987
40510,"2025-09-09","2025OP001741",405,5,"OB Enviada à instituição bancária para pagamento","2025-09-09","2025-09-09","2025OB001741","2025NS013909","2025-09-09","2025-09-09",62501
40787,"2025-09-09","2025OP002018",405,5,"OB Enviada à instituição bancária para pagamento","2025-09-09","2025-09-09","2025OB002004","2025NS014186","2025-09-09","2025-09-09",60851
40516,"2025-09-09","2025OP001747",405,5,"OB Enviada à instituição bancária para pagamento","2025-09-09","2025-09-09","2025OB001747","2025NS013915","2025-09-09","2025-09-09",61980
40511,"2025-09-09","2025OP001742",405,5,"OB Enviada à instituição bancária para pagamento","2025-09-09","2025-09-09","2025OB001742","2025NS013910","2025-09-09","2025-09-09",61770
42510,"2025-09-11","2025OP003741",405,5,"OB Enviada à instituição bancária para pagamento","2025-09-12","2025-09-12","2025OB003741","2025NS017550","2025-09-11","2025-09-11",63324
40021,"2025-09-09","2025OP001252",405,5,"OB Enviada à instituição bancária para pagamento","2025-09-09","2025-09-09","2025OB001252","2025NS013420","2025-09-09","2025-09-09",61825
40520,"2025-09-09","2025OP001751",405,5,"OB Enviada à instituição bancária para pagamento","2025-09-09","2025-09-09","2025OB001751","2025NS013919","2025-09-09","2025-09-09",62344
40522,"2025-09-09","2025OP001753",405,5,"OB Enviada à instituição bancária para pagamento","2025-09-09","2025-09-09","2025OB001753","2025NS013921","2025-09-09","2025-09-09",61991
40508,"2025-09-09","2025OP001739",405,5,"OB Enviada à instituição bancária para pagamento","2025-09-09","2025-09-09","2025OB001739","2025NS013907","2025-09-09","2025-09-09",60821
40810,"2025-09-09","2025OP002041",405,5,"OB Enviada à instituição bancária para pagamento","2025-09-09","2025-09-09","2025OB002041","2025NS014209","2025-09-09","2025-09-09",60852
40514,"2025-09-09","2025OP001745",405,5,"OB Enviada à instituição bancária para pagamento","2025-09-09","2025-09-09","2025OB001745","2025NS013913","2025-09-09","2025-09-09",61864
42511,"2025-09-11","2025OP003742",405,5,"OB Enviada à instituição bancária para pagamento","2025-09-12","2025-09-12","2025OB003733","2025NS017551","2025-09-11","2025-09-11",63753
41855,"2025-09-11","2025OP003086",405,5,"OB Enviada à instituição bancária para pagamento","2025-09-12","2025-09-12","2025OB003086","2025NS016895","2025-09-11","2025-09-11",64226
39352,"2025-09-09","2025OP000583",405,5,"OB Enviada à instituição bancária para pagamento","2025-09-09","2025-09-09","2025OB000583","2025NS012751","2025-09-09","2025-09-09",61877
40519,"2025-09-09","2025OP001750",405,5,"OB Enviada à instituição bancária para pagamento","2025-09-09","2025-09-09","2025OB001750","2025NS013918","2025-09-09","2025-09-09",61992
40512,"2025-09-09","2025OP001743",405,5,"OB Enviada à instituição bancária para pagamento","2025-09-09","2025-09-09","2025OB001743","2025NS013911","2025-09-09","2025-09-09",61994
39351,"2025-09-09","2025OP000582",405,5,"OB Enviada à instituição bancária para pagamento","2025-09-09","2025-09-09","2025OB000582","2025NS012750","2025-09-09","2025-09-09",62181
43343,"2025-09-29","2025OP004583",405,3,"Aguardando assinaturas do ordenador de despesas e/ou gestor financeiro","2025-09-29",,,"2025NS019798",,,65089
40521,"2025-09-09","2025OP001752",405,5,"OB Enviada à instituição bancária para pagamento","2025-09-09","2025-09-09","2025OB001752","2025NS013920","2025-09-09","2025-09-09",62345
40515,"2025-09-09","2025OP001746",405,5,"OB Enviada à instituição bancária para pagamento","2025-09-09","2025-09-09","2025OB001746","2025NS013914","2025-09-09","2025-09-09",62266
40513,"2025-09-09","2025OP001744",405,5,"OB Enviada à instituição bancária para pagamento","2025-09-09","2025-09-09","2025OB001744","2025NS013912","2025-09-09","2025-09-09",63016
40828,"2025-09-09","2025OP002059",405,5,"OB Enviada à instituição bancária para pagamento","2025-09-09","2025-09-09","2025OB002059","2025NS014227","2025-09-09","2025-09-09",60854
39348,"2025-09-09","2025OP000579",405,5,"OB Enviada à instituição bancária para pagamento","2025-09-09","2025-09-09","2025OB000579","2025NS012747","2025-09-09","2025-09-09",61884
41066,"2025-09-09","2025OP002297",405,5,"OB Enviada à instituição bancária para pagamento","2025-09-09","2025-09-09","2025OB002297","2025NS014465","2025-09-09","2025-09-09",62018
40971,"2025-09-09","2025OP002202",405,5,"OB Enviada à instituição bancária para pagamento","2025-09-09","2025-09-09","2025OB002202","2025NS014370","2025-09-09","2025-09-09",62166
39353,"2025-09-09","2025OP000584",405,5,"OB Enviada à instituição bancária para pagamento","2025-09-09","2025-09-09","2025OB000584","2025NS012752","2025-09-09","2025-09-09",62182
43762,"2025-09-29","2025OP005002",405,3,"Aguardando assinaturas do ordenador de despesas e/ou gestor financeiro","2025-09-29",,,"2025NS020217",,,65168
39347,"2025-09-09","2025OP000578",405,5,"OB Enviada à instituição bancária para pagamento","2025-09-09","2025-09-09","2025OB000578","2025NS012746","2025-09-09","2025-09-09",62648
43761,"2025-09-29","2025OP005001",405,3,"Aguardando assinaturas do ordenador de despesas e/ou gestor financeiro","2025-09-29",,,"2025NS020216",,,65033
41857,"2025-09-11","2025OP003088",405,5,"OB Enviada à instituição bancária para pagamento","2025-09-12","2025-09-12","2025OB003087","2025NS016897","2025-09-11","2025-09-11",64276
42849,"2025-09-11","2025OP004080",405,5,"OB Enviada à instituição bancária para pagamento","2025-09-12","2025-09-12","2025OB004075","2025NS017889","2025-09-11","2025-09-11",64287
43344,"2025-09-29","2025OP004584",405,3,"Aguardando assinaturas do ordenador de despesas e/ou gestor financeiro","2025-09-29",,,"2025NS019799",,,65266
40625,"2025-09-09","2025OP001856",405,5,"OB Enviada à instituição bancária para pagamento","2025-09-09","2025-09-09","2025OB001856","2025NS014024","2025-09-09","2025-09-09",60860
42850,"2025-09-11","2025OP004081",405,5,"OB Enviada à instituição bancária para pagamento","2025-09-12","2025-09-12","2025OB004068","2025NS017890","2025-09-11","2025-09-11",64873
43342,"2025-09-29","2025OP004582",405,3,"Aguardando assinaturas do ordenador de despesas e/ou gestor financeiro","2025-09-29",,,"2025NS019797",,,65244
41065,"2025-09-09","2025OP002296",405,5,"OB Enviada à instituição bancária para pagamento","2025-09-09","2025-09-09","2025OB002296","2025NS014464","2025-09-09","2025-09-09",60648
41969,"2025-09-11","2025OP003200",405,5,"OB Enviada à instituição bancária para pagamento","2025-09-12","2025-09-12","2025OB003184","2025NS017009","2025-09-11","2025-09-11",63735
41962,"2025-09-11","2025OP003193",405,5,"OB Enviada à instituição bancária para pagamento","2025-09-12","2025-09-12","2025OB003186","2025NS017002","2025-09-11","2025-09-11",63879
41964,"2025-09-11","2025OP003195",405,5,"OB Enviada à instituição bancária para pagamento","2025-09-12","2025-09-12","2025OB003179","2025NS017004","2025-09-11","2025-09-11",64106
41963,"2025-09-11","2025OP003194",405,5,"OB Enviada à instituição bancária para pagamento","2025-09-12","2025-09-12","2025OB003198","2025NS017003","2025-09-11","2025-09-11",64109
41967,"2025-09-11","2025OP003198",405,5,"OB Enviada à instituição bancária para pagamento","2025-09-12","2025-09-12","2025OB003181","2025NS017007","2025-09-11","2025-09-11",63946
41966,"2025-09-11","2025OP003197",405,5,"OB Enviada à instituição bancária para pagamento","2025-09-12","2025-09-12","2025OB003185","2025NS017006","2025-09-11","2025-09-11",64142
41968,"2025-09-11","2025OP003199",405,5,"OB Enviada à instituição bancária para pagamento","2025-09-12","2025-09-12","2025OB003195","2025NS017008","2025-09-11","2025-09-11",64458
41965,"2025-09-11","2025OP003196",405,5,"OB Enviada à instituição bancária para pagamento","2025-09-12","2025-09-12","2025OB003190","2025NS017005","2025-09-11","2025-09-11",64539
42851,"2025-09-11","2025OP004082",405,5,"OB Enviada à instituição bancária para pagamento","2025-09-12","2025-09-12","2025OB004091","2025NS017891","2025-09-11","2025-09-11",64777
41590,"2025-09-11","2025OP002821",405,5,"OB Enviada à instituição bancária para pagamento","2025-09-12","2025-09-12","2025OB002839","2025NS016630","2025-09-11","2025-09-11",64832
38891,"2025-09-09","2025OP000122",405,5,"OB Enviada à instituição bancária para pagamento","2025-09-09","2025-09-09","2025OB000122","2025NS012290","2025-09-09","2025-09-09",61471
38888,"2025-09-09","2025OP000119",405,5,"OB Enviada à instituição bancária para pagamento","2025-09-09","2025-09-09","2025OB000119","2025NS012287","2025-09-09","2025-09-09",62503
38887,"2025-09-09","2025OP000118",405,5,"OB Enviada à instituição bancária para pagamento","2025-09-09","2025-09-09","2025OB000118","2025NS012286","2025-09-09","2025-09-09",63028
38889,"2025-09-09","2025OP000120",405,5,"OB Enviada à instituição bancária para pagamento","2025-09-09","2025-09-09","2025OB000120","2025NS012288","2025-09-09","2025-09-09",63193
43597,"2025-09-29","2025OP004837",405,3,"Aguardando assinaturas do ordenador de despesas e/ou gestor financeiro","2025-09-29",,,"2025NS020052",,,65155
41591,"2025-09-11","2025OP002822",405,5,"OB Enviada à instituição bancária para pagamento","2025-09-12","2025-09-12","2025OB002840","2025NS016631","2025-09-11","2025-09-11",63979
43227,"2025-09-29","2025OP004467",405,3,"Aguardando assinaturas do ordenador de despesas e/ou gestor financeiro","2025-09-29",,,"2025NS019682",,,65116
43226,"2025-09-29","2025OP004466",405,3,"Aguardando assinaturas do ordenador de despesas e/ou gestor financeiro","2025-09-29",,,"2025NS019681",,,65149
41588,"2025-09-11","2025OP002819",405,5,"OB Enviada à instituição bancária para pagamento","2025-09-12","2025-09-12","2025OB002846","2025NS016628","2025-09-11","2025-09-11",64074
38890,"2025-09-09","2025OP000121",405,5,"OB Enviada à instituição bancária para pagamento","2025-09-09","2025-09-09","2025OB000121","2025NS012289","2025-09-09","2025-09-09",60644
41465,"2025-09-09","2025OP002696",405,5,"OB Enviada à instituição bancária para pagamento","2025-09-09","2025-09-09","2025OB002696","2025NS014864","2025-09-09","2025-09-09",61929
41464,"2025-09-09","2025OP002695",405,5,"OB Enviada à instituição bancária para pagamento","2025-09-09","2025-09-09","2025OB002695","2025NS014863","2025-09-09","2025-09-09",62872
42360,"2025-09-11","2025OP003591",405,5,"OB Enviada à instituição bancária para pagamento","2025-09-12","2025-09-12","2025OB003582","2025NS017400","2025-09-11","2025-09-11",64071
42890,"2025-09-11","2025OP004121",405,5,"OB Enviada à instituição bancária para pagamento","2025-09-12","2025-09-12","2025OB004146","2025NS017930","2025-09-11","2025-09-11",64318
43125,"2025-09-11","2025OP004356",405,5,"OB Enviada à instituição bancária para pagamento","2025-09-12","2025-09-12","2025OB004356","2025NS018165","2025-09-11","2025-09-11",64212
43497,"2025-09-29","2025OP004737",405,3,"Aguardando assinaturas do ordenador de despesas e/ou gestor financeiro","2025-09-29",,,"2025NS019952",,,65242
41033,"2025-09-09","2025OP002264",405,5,"OB Enviada à instituição bancária para pagamento","2025-09-09","2025-09-09","2025OB002264","2025NS014432","2025-09-09","2025-09-09",61930
42824,"2025-09-11","2025OP004055",405,5,"OB Enviada à instituição bancária para pagamento","2025-09-12","2025-09-12","2025OB004063","2025NS017864","2025-09-11","2025-09-11",64223
41032,"2025-09-09","2025OP002263",405,5,"OB Enviada à instituição bancária para pagamento","2025-09-09","2025-09-09","2025OB002263","2025NS014431","2025-09-09","2025-09-09",61931
41030,"2025-09-09","2025OP002261",405,5,"OB Enviada à instituição bancária para pagamento","2025-09-09","2025-09-09","2025OB002261","2025NS014429","2025-09-09","2025-09-09",62010
41035,"2025-09-09","2025OP002266",405,5,"OB Enviada à instituição bancária para pagamento","2025-09-09","2025-09-09","2025OB002266","2025NS014434","2025-09-09","2025-09-09",62349
41036,"2025-09-09","2025OP002267",405,5,"OB Enviada à instituição bancária para pagamento","2025-09-09","2025-09-09","2025OB002267","2025NS014435","2025-09-09","2025-09-09",62504
42893,"2025-09-11","2025OP004124",405,5,"OB Enviada à instituição bancária para pagamento","2025-09-12","2025-09-12","2025OB004130","2025NS017933","2025-09-11","2025-09-11",63939
41122,"2025-09-09","2025OP002353",405,5,"OB Enviada à instituição bancária para pagamento","2025-09-09","2025-09-09","2025OB002353","2025NS014521","2025-09-09","2025-09-09",63070
43741,"2025-09-29","2025OP004981",405,3,"Aguardando assinaturas do ordenador de despesas e/ou gestor financeiro","2025-09-29",,,"2025NS020196",,,65275
43742,"2025-09-29","2025OP004982",405,3,"Aguardando assinaturas do ordenador de despesas e/ou gestor financeiro","2025-09-29",,,"2025NS020197",,,64978
43565,"2025-09-29","2025OP004805",405,3,"Aguardando assinaturas do ordenador de despesas e/ou gestor financeiro","2025-09-29",,,"2025NS020020",,,64972
42892,"2025-09-11","2025OP004123",405,5,"OB Enviada à instituição bancária para pagamento","2025-09-12","2025-09-12","2025OB004137","2025NS017932","2025-09-11","2025-09-11",63665
43773,"2025-09-29","2025OP005013",405,3,"Aguardando assinaturas do ordenador de despesas e/ou gestor financeiro","2025-09-29",,,"2025NS020228",,,65082
42335,"2025-09-11","2025OP003566",405,5,"OB Enviada à instituição bancária para pagamento","2025-09-12","2025-09-12","2025OB003548","2025NS017375","2025-09-11","2025-09-11",63941
40175,"2025-09-09","2025OP001406",405,5,"OB Enviada à instituição bancária para pagamento","2025-09-09","2025-09-09","2025OB001406","2025NS013574","2025-09-09","2025-09-09",61590
40176,"2025-09-09","2025OP001407",405,5,"OB Enviada à instituição bancária para pagamento","2025-09-09","2025-09-09","2025OB001407","2025NS013575","2025-09-09","2025-09-09",62011
40174,"2025-09-09","2025OP001405",405,5,"OB Enviada à instituição bancária para pagamento","2025-09-09","2025-09-09","2025OB001405","2025NS013573","2025-09-09","2025-09-09",62350
41038,"2025-09-09","2025OP002269",405,5,"OB Enviada à instituição bancária para pagamento","2025-09-09","2025-09-09","2025OB002269","2025NS014437","2025-09-09","2025-09-09",62560
40181,"2025-09-09","2025OP001412",405,5,"OB Enviada à instituição bancária para pagamento","2025-09-09","2025-09-09","2025OB001412","2025NS013580","2025-09-09","2025-09-09",62650
40180,"2025-09-09","2025OP001411",405,5,"OB Enviada à instituição bancária para pagamento","2025-09-09","2025-09-09","2025OB001411","2025NS013579","2025-09-09","2025-09-09",62694
40182,"2025-09-09","2025OP001413",405,5,"OB Enviada à instituição bancária para pagamento","2025-09-09","2025-09-09","2025OB001413","2025NS013581","2025-09-09","2025-09-09",62740
42334,"2025-09-11","2025OP003565",405,5,"OB Enviada à instituição bancária para pagamento","2025-09-12","2025-09-12","2025OB003544","2025NS017374","2025-09-11","2025-09-11",63921
43529,"2025-09-29","2025OP004769",405,3,"Aguardando assinaturas do ordenador de despesas e/ou gestor financeiro","2025-09-29",,,"2025NS019984",,,65267
42825,"2025-09-11","2025OP004056",405,5,"OB Enviada à instituição bancária para pagamento","2025-09-12","2025-09-12","2025OB004056","2025NS017865","2025-09-11","2025-09-11",63759
40172,"2025-09-09","2025OP001403",405,5,"OB Enviada à instituição bancária para pagamento","2025-09-09","2025-09-09","2025OB001403","2025NS013571","2025-09-09","2025-09-09",63124
42333,"2025-09-11","2025OP003564",405,5,"OB Enviada à instituição bancária para pagamento","2025-09-12","2025-09-12","2025OB003543","2025NS017373","2025-09-11","2025-09-11",63325
42820,"2025-09-11","2025OP004051",405,5,"OB Enviada à instituição bancária para pagamento","2025-09-12","2025-09-12","2025OB004042","2025NS017860","2025-09-11","2025-09-11",63866
43743,"2025-09-29","2025OP004983",405,3,"Aguardando assinaturas do ordenador de despesas e/ou gestor financeiro","2025-09-29",,,"2025NS020198",,,64943
40177,"2025-09-09","2025OP001408",405,5,"OB Enviada à instituição bancária para pagamento","2025-09-09","2025-09-09","2025OB001408","2025NS013576","2025-09-09","2025-09-09",62012
43409,"2025-09-29","2025OP004649",405,3,"Aguardando assinaturas do ordenador de despesas e/ou gestor financeiro","2025-09-29",,,"2025NS019864",,,65178
40178,"2025-09-09","2025OP001409",405,5,"OB Enviada à instituição bancária para pagamento","2025-09-09","2025-09-09","2025OB001409","2025NS013577","2025-09-09","2025-09-09",62685
41940,"2025-09-11","2025OP003171",405,5,"OB Enviada à instituição bancária para pagamento","2025-09-12","2025-09-12","2025OB003157","2025NS016980","2025-09-11","2025-09-11",64128
41932,"2025-09-11","2025OP003163",405,5,"OB Enviada à instituição bancária para pagamento","2025-09-12","2025-09-12","2025OB003156","2025NS016972","2025-09-11","2025-09-11",64217
41937,"2025-09-11","2025OP003168",405,5,"OB Enviada à instituição bancária para pagamento","2025-09-12","2025-09-12","2025OB003159","2025NS016977","2025-09-11","2025-09-11",63926
43405,"2025-09-29","2025OP004645",405,3,"Aguardando assinaturas do ordenador de despesas e/ou gestor financeiro","2025-09-29",,,"2025NS019860",,,64942
41939,"2025-09-11","2025OP003170",405,5,"OB Enviada à instituição bancária para pagamento","2025-09-12","2025-09-12","2025OB003162","2025NS016979","2025-09-11","2025-09-11",64784
43406,"2025-09-29","2025OP004646",405,3,"Aguardando assinaturas do ordenador de despesas e/ou gestor financeiro","2025-09-29",,,"2025NS019861",,,65175
41403,"2025-09-09","2025OP002634",405,5,"OB Enviada à instituição bancária para pagamento","2025-09-09","2025-09-09","2025OB002634","2025NS014802","2025-09-09","2025-09-09",60857
41305,"2025-09-09","2025OP002536",405,5,"OB Enviada à instituição bancária para pagamento","2025-09-09","2025-09-09","2025OB002536","2025NS014704","2025-09-09","2025-09-09",61762
41301,"2025-09-09","2025OP002532",405,5,"OB Enviada à instituição bancária para pagamento","2025-09-09","2025-09-09","2025OB002528","2025NS014700","2025-09-09","2025-09-09",62902
41303,"2025-09-09","2025OP002534",405,5,"OB Enviada à instituição bancária para pagamento","2025-09-09","2025-09-09","2025OB002532","2025NS014702","2025-09-09","2025-09-09",62013
41300,"2025-09-09","2025OP002531",405,5,"OB Enviada à instituição bancária para pagamento","2025-09-09","2025-09-09","2025OB002526","2025NS014699","2025-09-09","2025-09-09",62727
41306,"2025-09-09","2025OP002537",405,5,"OB Enviada à instituição bancária para pagamento","2025-09-09","2025-09-09","2025OB002537","2025NS014705","2025-09-09","2025-09-09",62906
42964,"2025-09-11","2025OP004195",405,5,"OB Enviada à instituição bancária para pagamento","2025-09-12","2025-09-12","2025OB004184","2025NS018004","2025-09-11","2025-09-11",64094
43016,"2025-09-11","2025OP004247",405,5,"OB Enviada à instituição bancária para pagamento","2025-09-12","2025-09-12","2025OB004258","2025NS018056","2025-09-11","2025-09-11",64694
41482,"2025-09-09","2025OP002713",405,5,"OB Enviada à instituição bancária para pagamento","2025-09-09","2025-09-09","2025OB002721","2025NS014881","2025-09-09","2025-09-09",60858
39655,"2025-09-09","2025OP000886",405,5,"OB Enviada à instituição bancária para pagamento","2025-09-09","2025-09-09","2025OB000886","2025NS013054","2025-09-09","2025-09-09",61315
40999,"2025-09-09","2025OP002230",405,5,"OB Enviada à instituição bancária para pagamento","2025-09-09","2025-09-09","2025OB002229","2025NS014398","2025-09-09","2025-09-09",61689
40997,"2025-09-09","2025OP002228",405,5,"OB Enviada à instituição bancária para pagamento","2025-09-09","2025-09-09","2025OB002225","2025NS014396","2025-09-09","2025-09-09",61933
40994,"2025-09-09","2025OP002225",405,5,"OB Enviada à instituição bancária para pagamento","2025-09-09","2025-09-09","2025OB002219","2025NS014393","2025-09-09","2025-09-09",61899
41302,"2025-09-09","2025OP002533",405,5,"OB Enviada à instituição bancária para pagamento","2025-09-09","2025-09-09","2025OB002530","2025NS014701","2025-09-09","2025-09-09",62098
40992,"2025-09-09","2025OP002223",405,5,"OB Enviada à instituição bancária para pagamento","2025-09-09","2025-09-09","2025OB002215","2025NS014391","2025-09-09","2025-09-09",62100
41298,"2025-09-09","2025OP002529",405,5,"OB Enviada à instituição bancária para pagamento","2025-09-09","2025-09-09","2025OB002523","2025NS014697","2025-09-09","2025-09-09",62639
40990,"2025-09-09","2025OP002221",405,5,"OB Enviada à instituição bancária para pagamento","2025-09-09","2025-09-09","2025OB002211","2025NS014389","2025-09-09","2025-09-09",62651
42053,"2025-09-11","2025OP003284",405,5,"OB Enviada à instituição bancária para pagamento","2025-09-12","2025-09-12","2025OB003287","2025NS017093","2025-09-11","2025-09-11",63954
42804,"2025-09-11","2025OP004035",405,5,"OB Enviada à instituição bancária para pagamento","2025-09-12","2025-09-12","2025OB004028","2025NS017844","2025-09-11","2025-09-11",64307
42805,"2025-09-11","2025OP004036",405,5,"OB Enviada à instituição bancária para pagamento","2025-09-12","2025-09-12","2025OB004038","2025NS017845","2025-09-11","2025-09-11",64779
43015,"2025-09-11","2025OP004246",405,5,"OB Enviada à instituição bancária para pagamento","2025-09-12","2025-09-12","2025OB004261","2025NS018055","2025-09-11","2025-09-11",64157
40996,"2025-09-09","2025OP002227",405,5,"OB Enviada à instituição bancária para pagamento","2025-09-09","2025-09-09","2025OB002223","2025NS014395","2025-09-09","2025-09-09",62667
40998,"2025-09-09","2025OP002229",405,5,"OB Enviada à instituição bancária para pagamento","2025-09-09","2025-09-09","2025OB002227","2025NS014397","2025-09-09","2025-09-09",62973
42802,"2025-09-11","2025OP004033",405,5,"OB Enviada à instituição bancária para pagamento","2025-09-12","2025-09-12","2025OB004022","2025NS017842","2025-09-11","2025-09-11",64489
43017,"2025-09-11","2025OP004248",405,5,"OB Enviada à instituição bancária para pagamento","2025-09-12","2025-09-12","2025OB004255","2025NS018057","2025-09-11","2025-09-11",64854
39651,"2025-09-09","2025OP000882",405,5,"OB Enviada à instituição bancária para pagamento","2025-09-09","2025-09-09","2025OB000882","2025NS013050","2025-09-09","2025-09-09",61168
39652,"2025-09-09","2025OP000883",405,5,"OB Enviada à instituição bancária para pagamento","2025-09-09","2025-09-09","2025OB000883","2025NS013051","2025-09-09","2025-09-09",61695
41151,"2025-09-09","2025OP002382",405,5,"OB Enviada à instituição bancária para pagamento","2025-09-09","2025-09-09","2025OB002382","2025NS014550","2025-09-09","2025-09-09",61826
42047,"2025-09-11","2025OP003278",405,5,"OB Enviada à instituição bancária para pagamento","2025-09-12","2025-09-12","2025OB003264","2025NS017087","2025-09-11","2025-09-11",63399
42054,"2025-09-11","2025OP003285",405,5,"OB Enviada à instituição bancária para pagamento","2025-09-12","2025-09-12","2025OB003303","2025NS017094","2025-09-11","2025-09-11",63328
42052,"2025-09-11","2025OP003283",405,5,"OB Enviada à instituição bancária para pagamento","2025-09-12","2025-09-12","2025OB003297","2025NS017092","2025-09-11","2025-09-11",63956
42288,"2025-09-11","2025OP003519",405,5,"OB Enviada à instituição bancária para pagamento","2025-09-12","2025-09-12","2025OB003526","2025NS017328","2025-09-11","2025-09-11",64301
43190,"2025-09-11","2025OP004421",405,5,"OB Enviada à instituição bancária para pagamento","2025-09-12","2025-09-12","2025OB004423","2025NS018230","2025-09-11","2025-09-11",64375
41763,"2025-09-11","2025OP002994",405,5,"OB Enviada à instituição bancária para pagamento","2025-09-12","2025-09-12","2025OB002995","2025NS016803","2025-09-11","2025-09-11",64442
42055,"2025-09-11","2025OP003286",405,5,"OB Enviada à instituição bancária para pagamento","2025-09-12","2025-09-12","2025OB003307","2025NS017095","2025-09-11","2025-09-11",64591
43443,"2025-09-29","2025OP004683",405,3,"Aguardando assinaturas do ordenador de despesas e/ou gestor financeiro","2025-09-29",,,"2025NS019898",,,64921
43442,"2025-09-29","2025OP004682",405,3,"Aguardando assinaturas do ordenador de despesas e/ou gestor financeiro","2025-09-29",,,"2025NS019897",,,65280
43441,"2025-09-29","2025OP004681",405,3,"Aguardando assinaturas do ordenador de despesas e/ou gestor financeiro","2025-09-29",,,"2025NS019896",,,65205
38935,"2025-09-09","2025OP000166",405,5,"OB Enviada à instituição bancária para pagamento","2025-09-09","2025-09-09","2025OB000166","2025NS012334","2025-09-09","2025-09-09",60859
39785,"2025-09-09","2025OP001016",405,5,"OB Enviada à instituição bancária para pagamento","2025-09-09","2025-09-09","2025OB001018","2025NS013184","2025-09-09","2025-09-09",60863
41639,"2025-09-11","2025OP002870",405,5,"OB Enviada à instituição bancária para pagamento","2025-09-12","2025-09-12","2025OB002863","2025NS016679","2025-09-11","2025-09-11",63617
43241,"2025-09-29","2025OP004481",405,3,"Aguardando assinaturas do ordenador de despesas e/ou gestor financeiro","2025-09-29",,,"2025NS019696",,,65279
39918,"2025-09-09","2025OP001149",405,5,"OB Enviada à instituição bancária para pagamento","2025-09-09","2025-09-09","2025OB001149","2025NS013317","2025-09-09","2025-09-09",61216
39913,"2025-09-09","2025OP001144",405,5,"OB Enviada à instituição bancária para pagamento","2025-09-09","2025-09-09","2025OB001144","2025NS013312","2025-09-09","2025-09-09",62014
42125,"2025-09-11","2025OP003356",405,5,"OB Enviada à instituição bancária para pagamento","2025-09-12","2025-09-12","2025OB003345","2025NS017165","2025-09-11","2025-09-11",63398
43099,"2025-09-11","2025OP004330",405,5,"OB Enviada à instituição bancária para pagamento","2025-09-12","2025-09-12","2025OB004317","2025NS018139","2025-09-11","2025-09-11",63588
39914,"2025-09-09","2025OP001145",405,5,"OB Enviada à instituição bancária para pagamento","2025-09-09","2025-09-09","2025OB001145","2025NS013313","2025-09-09","2025-09-09",62175
40878,"2025-09-09","2025OP002109",405,5,"OB Enviada à instituição bancária para pagamento","2025-09-09","2025-09-09","2025OB002109","2025NS014277","2025-09-09","2025-09-09",62176
39917,"2025-09-09","2025OP001148",405,5,"OB Enviada à instituição bancária para pagamento","2025-09-09","2025-09-09","2025OB001148","2025NS013316","2025-09-09","2025-09-09",62360
40880,"2025-09-09","2025OP002111",405,5,"OB Enviada à instituição bancária para pagamento","2025-09-09","2025-09-09","2025OB002111","2025NS014279","2025-09-09","2025-09-09",62436
39773,"2025-09-09","2025OP001004",405,5,"OB Enviada à instituição bancária para pagamento","2025-09-09","2025-09-09","2025OB001004","2025NS013172","2025-09-09","2025-09-09",63112
42106,"2025-09-11","2025OP003337",405,5,"OB Enviada à instituição bancária para pagamento","2025-09-12","2025-09-12","2025OB003349","2025NS017146","2025-09-11","2025-09-11",64583
42722,"2025-09-11","2025OP003953",405,5,"OB Enviada à instituição bancária para pagamento","2025-09-12","2025-09-12","2025OB003957","2025NS017762","2025-09-11","2025-09-11",64311
42108,"2025-09-11","2025OP003339",405,5,"OB Enviada à instituição bancária para pagamento","2025-09-12","2025-09-12","2025OB003353","2025NS017148","2025-09-11","2025-09-11",64677
42107,"2025-09-11","2025OP003338",405,5,"OB Enviada à instituição bancária para pagamento","2025-09-12","2025-09-12","2025OB003355","2025NS017147","2025-09-11","2025-09-11",64244
42204,"2025-09-11","2025OP003435",405,5,"OB Enviada à instituição bancária para pagamento","2025-09-12","2025-09-12","2025OB003455","2025NS017244","2025-09-11","2025-09-11",64856
43841,"2025-09-29","2025OP005081",405,3,"Aguardando assinaturas do ordenador de despesas e/ou gestor financeiro","2025-09-29",,,"2025NS020296",,,64947
39849,"2025-09-09","2025OP001080",405,5,"OB Enviada à instituição bancária para pagamento","2025-09-09","2025-09-09","2025OB001080","2025NS013248","2025-09-09","2025-09-09",61298
39774,"2025-09-09","2025OP001005",405,5,"OB Enviada à instituição bancária para pagamento","2025-09-09","2025-09-09","2025OB001005","2025NS013173","2025-09-09","2025-09-09",61536
41777,"2025-09-11","2025OP003008",405,5,"OB Enviada à instituição bancária para pagamento","2025-09-12","2025-09-12","2025OB002990","2025NS016817","2025-09-11","2025-09-11",64072
39202,"2025-09-09","2025OP000433",405,5,"OB Enviada à instituição bancária para pagamento","2025-09-09","2025-09-09","2025OB000431","2025NS012601","2025-09-09","2025-09-09",62101
39201,"2025-09-09","2025OP000432",405,5,"OB Enviada à instituição bancária para pagamento","2025-09-09","2025-09-09","2025OB000428","2025NS012600","2025-09-09","2025-09-09",63241
43309,"2025-09-29","2025OP004549",405,3,"Aguardando assinaturas do ordenador de despesas e/ou gestor financeiro","2025-09-29",,,"2025NS019764",,,65281
40066,"2025-09-09","2025OP001297",405,5,"OB Enviada à instituição bancária para pagamento","2025-09-09","2025-09-09","2025OB001297","2025NS013465","2025-09-09","2025-09-09",60862
38996,"2025-09-09","2025OP000227",405,5,"OB Enviada à instituição bancária para pagamento","2025-09-09","2025-09-09","2025OB000215","2025NS012395","2025-09-09","2025-09-09",61562
41660,"2025-09-11","2025OP002891",405,5,"OB Enviada à instituição bancária para pagamento","2025-09-12","2025-09-12","2025OB002884","2025NS016700","2025-09-11","2025-09-11",63578
38994,"2025-09-09","2025OP000225",405,5,"OB Enviada à instituição bancária para pagamento","2025-09-09","2025-09-09","2025OB000211","2025NS012393","2025-09-09","2025-09-09",61936
38997,"2025-09-09","2025OP000228",405,5,"OB Enviada à instituição bancária para pagamento","2025-09-09","2025-09-09","2025OB000217","2025NS012396","2025-09-09","2025-09-09",62015
38999,"2025-09-09","2025OP000230",405,5,"OB Enviada à instituição bancária para pagamento","2025-09-09","2025-09-09","2025OB000221","2025NS012398","2025-09-09","2025-09-09",62505
41662,"2025-09-11","2025OP002893",405,5,"OB Enviada à instituição bancária para pagamento","2025-09-12","2025-09-12","2025OB002880","2025NS016702","2025-09-11","2025-09-11",63789
39000,"2025-09-09","2025OP000231",405,5,"OB Enviada à instituição bancária para pagamento","2025-09-09","2025-09-09","2025OB000223","2025NS012399","2025-09-09","2025-09-09",62102
43261,"2025-09-29","2025OP004501",405,3,"Aguardando assinaturas do ordenador de despesas e/ou gestor financeiro","2025-09-29",,,"2025NS019716",,,65269
38998,"2025-09-09","2025OP000229",405,5,"OB Enviada à instituição bancária para pagamento","2025-09-09","2025-09-09","2025OB000219","2025NS012397","2025-09-09","2025-09-09",62104
43259,"2025-09-29","2025OP004499",405,3,"Aguardando assinaturas do ordenador de despesas e/ou gestor financeiro","2025-09-29",,,"2025NS019714",,,65028
43256,"2025-09-29","2025OP004496",405,3,"Aguardando assinaturas do ordenador de despesas e/ou gestor financeiro","2025-09-29",,,"2025NS019711",,,65034
43258,"2025-09-29","2025OP004498",405,3,"Aguardando assinaturas do ordenador de despesas e/ou gestor financeiro","2025-09-29",,,"2025NS019713",,,65035
42177,"2025-09-11","2025OP003408",405,5,"OB Enviada à instituição bancária para pagamento","2025-09-12","2025-09-12","2025OB003412","2025NS017217","2025-09-11","2025-09-11",63435
42268,"2025-09-11","2025OP003499",405,5,"OB Enviada à instituição bancária para pagamento","2025-09-12","2025-09-12","2025OB003509","2025NS017308","2025-09-11","2025-09-11",63378
43172,"2025-09-11","2025OP004403",405,5,"OB Enviada à instituição bancária para pagamento","2025-09-12","2025-09-12","2025OB004391","2025NS018212","2025-09-11","2025-09-11",63450
42175,"2025-09-11","2025OP003406",405,5,"OB Enviada à instituição bancária para pagamento","2025-09-12","2025-09-12","2025OB003397","2025NS017215","2025-09-11","2025-09-11",64069
42263,"2025-09-11","2025OP003494",405,5,"OB Enviada à instituição bancária para pagamento","2025-09-12","2025-09-12","2025OB003488","2025NS017303","2025-09-11","2025-09-11",64654
41661,"2025-09-11","2025OP002892",405,5,"OB Enviada à instituição bancária para pagamento","2025-09-12","2025-09-12","2025OB002898","2025NS016701","2025-09-11","2025-09-11",64365
42178,"2025-09-11","2025OP003409",405,5,"OB Enviada à instituição bancária para pagamento","2025-09-12","2025-09-12","2025OB003408","2025NS017218","2025-09-11","2025-09-11",64194
43850,"2025-09-29","2025OP005090",405,3,"Aguardando assinaturas do ordenador de despesas e/ou gestor financeiro","2025-09-29",,,"2025NS020305",,,65208
41134,"2025-09-09","2025OP002365",405,5,"OB Enviada à instituição bancária para pagamento","2025-09-09","2025-09-09","2025OB002365","2025NS014533","2025-09-09","2025-09-09",60864
39451,"2025-09-09","2025OP000682",405,5,"OB Enviada à instituição bancária para pagamento","2025-09-09","2025-09-09","2025OB000682","2025NS012850","2025-09-09","2025-09-09",60905
39161,"2025-09-09","2025OP000392",405,5,"OB Enviada à instituição bancária para pagamento","2025-09-09","2025-09-09","2025OB000392","2025NS012560","2025-09-09","2025-09-09",61223
39162,"2025-09-09","2025OP000393",405,5,"OB Enviada à instituição bancária para pagamento","2025-09-09","2025-09-09","2025OB000393","2025NS012561","2025-09-09","2025-09-09",62183
39160,"2025-09-09","2025OP000391",405,5,"OB Enviada à instituição bancária para pagamento","2025-09-09","2025-09-09","2025OB000391","2025NS012559","2025-09-09","2025-09-09",62361
43330,"2025-09-29","2025OP004570",405,3,"Aguardando assinaturas do ordenador de despesas e/ou gestor financeiro","2025-09-29",,,"2025NS019785",,,65206
39159,"2025-09-09","2025OP000390",405,5,"OB Enviada à instituição bancária para pagamento","2025-09-09","2025-09-09","2025OB000390","2025NS012558","2025-09-09","2025-09-09",62792
41755,"2025-09-11","2025OP002986",405,5,"OB Enviada à instituição bancária para pagamento","2025-09-12","2025-09-12","2025OB002987","2025NS016795","2025-09-11","2025-09-11",63947
42963,"2025-09-11","2025OP004194",405,5,"OB Enviada à instituição bancária para pagamento","2025-09-12","2025-09-12","2025OB004195","2025NS018003","2025-09-11","2025-09-11",63449
40547,"2025-09-09","2025OP001778",405,5,"OB Enviada à instituição bancária para pagamento","2025-09-09","2025-09-09","2025OB001778","2025NS013946","2025-09-09","2025-09-09",62391
40545,"2025-09-09","2025OP001776",405,5,"OB Enviada à instituição bancária para pagamento","2025-09-09","2025-09-09","2025OB001776","2025NS013944","2025-09-09","2025-09-09",62076
43637,"2025-09-29","2025OP004877",405,3,"Aguardando assinaturas do ordenador de despesas e/ou gestor financeiro","2025-09-29",,,"2025NS020092",,,65194
40550,"2025-09-09","2025OP001781",405,5,"OB Enviada à instituição bancária para pagamento","2025-09-09","2025-09-09","2025OB001781","2025NS013949","2025-09-09","2025-09-09",62363
42139,"2025-09-11","2025OP003370",405,5,"OB Enviada à instituição bancária para pagamento","2025-09-12","2025-09-12","2025OB003364","2025NS017179","2025-09-11","2025-09-11",63464
42538,"2025-09-11","2025OP003769",405,5,"OB Enviada à instituição bancária para pagamento","2025-09-12","2025-09-12","2025OB003752","2025NS017578","2025-09-11","2025-09-11",64406
40539,"2025-09-09","2025OP001770",405,5,"OB Enviada à instituição bancária para pagamento","2025-09-09","2025-09-09","2025OB001770","2025NS013938","2025-09-09","2025-09-09",62995
42532,"2025-09-11","2025OP003763",405,5,"OB Enviada à instituição bancária para pagamento","2025-09-12","2025-09-12","2025OB003771","2025NS017572","2025-09-11","2025-09-11",64646
42534,"2025-09-11","2025OP003765",405,5,"OB Enviada à instituição bancária para pagamento","2025-09-12","2025-09-12","2025OB003751","2025NS017574","2025-09-11","2025-09-11",64835
42533,"2025-09-11","2025OP003764",405,5,"OB Enviada à instituição bancária para pagamento","2025-09-12","2025-09-12","2025OB003750","2025NS017573","2025-09-11","2025-09-11",64790
41784,"2025-09-11","2025OP003015",405,5,"OB Enviada à instituição bancária para pagamento","2025-09-12","2025-09-12","2025OB003016","2025NS016824","2025-09-11","2025-09-11",64084
42537,"2025-09-11","2025OP003768",405,5,"OB Enviada à instituição bancária para pagamento","2025-09-12","2025-09-12","2025OB003767","2025NS017577","2025-09-11","2025-09-11",64407
42535,"2025-09-11","2025OP003766",405,5,"OB Enviada à instituição bancária para pagamento","2025-09-12","2025-09-12","2025OB003761","2025NS017575","2025-09-11","2025-09-11",64326
40317,"2025-09-09","2025OP001548",405,5,"OB Enviada à instituição bancária para pagamento","2025-09-09","2025-09-09","2025OB001548","2025NS013716","2025-09-09","2025-09-09",62724
40316,"2025-09-09","2025OP001547",405,5,"OB Enviada à instituição bancária para pagamento","2025-09-09","2025-09-09","2025OB001547","2025NS013715","2025-09-09","2025-09-09",62191
40548,"2025-09-09","2025OP001779",405,5,"OB Enviada à instituição bancária para pagamento","2025-09-09","2025-09-09","2025OB001779","2025NS013947","2025-09-09","2025-09-09",62194
41471,"2025-09-09","2025OP002702",405,5,"OB Enviada à instituição bancária para pagamento","2025-09-09","2025-09-09","2025OB002702","2025NS014870","2025-09-09","2025-09-09",62364
39185,"2025-09-09","2025OP000416",405,5,"OB Enviada à instituição bancária para pagamento","2025-09-09","2025-09-09","2025OB000433","2025NS012584","2025-09-09","2025-09-09",62537
40544,"2025-09-09","2025OP001775",405,5,"OB Enviada à instituição bancária para pagamento","2025-09-09","2025-09-09","2025OB001775","2025NS013943","2025-09-09","2025-09-09",62653
42531,"2025-09-11","2025OP003762",405,5,"OB Enviada à instituição bancária para pagamento","2025-09-12","2025-09-12","2025OB003773","2025NS017571","2025-09-11","2025-09-11",63609
43139,"2025-09-11","2025OP004370",405,5,"OB Enviada à instituição bancária para pagamento","2025-09-12","2025-09-12","2025OB004374","2025NS018179","2025-09-11","2025-09-11",64807
43849,"2025-09-29","2025OP005089",405,3,"Aguardando assinaturas do ordenador de despesas e/ou gestor financeiro","2025-09-29",,,"2025NS020304",,,65207
39788,"2025-09-09","2025OP001019",405,5,"OB Enviada à instituição bancária para pagamento","2025-09-09","2025-09-09","2025OB001017","2025NS013187","2025-09-09","2025-09-09",60865
40494,"2025-09-09","2025OP001725",405,5,"OB Enviada à instituição bancária para pagamento","2025-09-09","2025-09-09","2025OB001715","2025NS013893","2025-09-09","2025-09-09",61470
41470,"2025-09-09","2025OP002701",405,5,"OB Enviada à instituição bancária para pagamento","2025-09-09","2025-09-09","2025OB002701","2025NS014869","2025-09-09","2025-09-09",62437
39575,"2025-09-09","2025OP000806",405,5,"OB Enviada à instituição bancária para pagamento","2025-09-09","2025-09-09","2025OB000807","2025NS012974","2025-09-09","2025-09-09",62741
41472,"2025-09-09","2025OP002703",405,5,"OB Enviada à instituição bancária para pagamento","2025-09-09","2025-09-09","2025OB002703","2025NS014871","2025-09-09","2025-09-09",63022
43130,"2025-09-11","2025OP004361",405,5,"OB Enviada à instituição bancária para pagamento","2025-09-12","2025-09-12","2025OB004376","2025NS018170","2025-09-11","2025-09-11",63536
43129,"2025-09-11","2025OP004360",405,5,"OB Enviada à instituição bancária para pagamento","2025-09-12","2025-09-12","2025OB004367","2025NS018169","2025-09-11","2025-09-11",63512
43134,"2025-09-11","2025OP004365",405,5,"OB Enviada à instituição bancária para pagamento","2025-09-12","2025-09-12","2025OB004378","2025NS018174","2025-09-11","2025-09-11",64329
43132,"2025-09-11","2025OP004363",405,5,"OB Enviada à instituição bancária para pagamento","2025-09-12","2025-09-12","2025OB004359","2025NS018172","2025-09-11","2025-09-11",64762
43137,"2025-09-11","2025OP004368",405,5,"OB Enviada à instituição bancária para pagamento","2025-09-12","2025-09-12","2025OB004381","2025NS018177","2025-09-11","2025-09-11",64769
43133,"2025-09-11","2025OP004364",405,5,"OB Enviada à instituição bancária para pagamento","2025-09-12","2025-09-12","2025OB004364","2025NS018173","2025-09-11","2025-09-11",64837
43365,"2025-09-29","2025OP004605",405,3,"Aguardando assinaturas do ordenador de despesas e/ou gestor financeiro","2025-09-29",,,"2025NS019820",,,65203
39574,"2025-09-09","2025OP000805",405,5,"OB Enviada à instituição bancária para pagamento","2025-09-09","2025-09-09","2025OB000805","2025NS012973","2025-09-09","2025-09-09",60755
43832,"2025-09-29","2025OP005072",405,3,"Aguardando assinaturas do ordenador de despesas e/ou gestor financeiro","2025-09-29",,,"2025NS020287",,,65201
40353,"2025-09-09","2025OP001584",405,5,"OB Enviada à instituição bancária para pagamento","2025-09-09","2025-09-09","2025OB001584","2025NS013752","2025-09-09","2025-09-09",61753
40358,"2025-09-09","2025OP001589",405,5,"OB Enviada à instituição bancária para pagamento","2025-09-09","2025-09-09","2025OB001589","2025NS013757","2025-09-09","2025-09-09",62020
40364,"2025-09-09","2025OP001595",405,5,"OB Enviada à instituição bancária para pagamento","2025-09-09","2025-09-09","2025OB001599","2025NS013763","2025-09-09","2025-09-09",62022
39576,"2025-09-09","2025OP000807",405,5,"OB Enviada à instituição bancária para pagamento","2025-09-09","2025-09-09","2025OB000809","2025NS012975","2025-09-09","2025-09-09",62055
40352,"2025-09-09","2025OP001583",405,5,"OB Enviada à instituição bancária para pagamento","2025-09-09","2025-09-09","2025OB001583","2025NS013751","2025-09-09","2025-09-09",62106
40355,"2025-09-09","2025OP001586",405,5,"OB Enviada à instituição bancária para pagamento","2025-09-09","2025-09-09","2025OB001586","2025NS013754","2025-09-09","2025-09-09",62107
39578,"2025-09-09","2025OP000809",405,5,"OB Enviada à instituição bancária para pagamento","2025-09-09","2025-09-09","2025OB000813","2025NS012977","2025-09-09","2025-09-09",62931
42412,"2025-09-11","2025OP003643",405,5,"OB Enviada à instituição bancária para pagamento","2025-09-12","2025-09-12","2025OB003627","2025NS017452","2025-09-11","2025-09-11",63276
40359,"2025-09-09","2025OP001590",405,5,"OB Enviada à instituição bancária para pagamento","2025-09-09","2025-09-09","2025OB001590","2025NS013758","2025-09-09","2025-09-09",62980
40351,"2025-09-09","2025OP001582",405,5,"OB Enviada à instituição bancária para pagamento","2025-09-09","2025-09-09","2025OB001582","2025NS013750","2025-09-09","2025-09-09",63167
41034,"2025-09-09","2025OP002265",405,5,"OB Enviada à instituição bancária para pagamento","2025-09-09","2025-09-09","2025OB002265","2025NS014433","2025-09-09","2025-09-09",60881
42410,"2025-09-11","2025OP003641",405,5,"OB Enviada à instituição bancária para pagamento","2025-09-12","2025-09-12","2025OB003626","2025NS017450","2025-09-11","2025-09-11",64158
42411,"2025-09-11","2025OP003642",405,5,"OB Enviada à instituição bancária para pagamento","2025-09-12","2025-09-12","2025OB003637","2025NS017451","2025-09-11","2025-09-11",63413
40360,"2025-09-09","2025OP001591",405,5,"OB Enviada à instituição bancária para pagamento","2025-09-09","2025-09-09","2025OB001591","2025NS013759","2025-09-09","2025-09-09",62108
40350,"2025-09-09","2025OP001581",405,5,"OB Enviada à instituição bancária para pagamento","2025-09-09","2025-09-09","2025OB001581","2025NS013749","2025-09-09","2025-09-09",62109
40354,"2025-09-09","2025OP001585",405,5,"OB Enviada à instituição bancária para pagamento","2025-09-09","2025-09-09","2025OB001585","2025NS013753","2025-09-09","2025-09-09",62668
40361,"2025-09-09","2025OP001592",405,5,"OB Enviada à instituição bancária para pagamento","2025-09-09","2025-09-09","2025OB001593","2025NS013760","2025-09-09","2025-09-09",62910
40365,"2025-09-09","2025OP001596",405,5,"OB Enviada à instituição bancária para pagamento","2025-09-09","2025-09-09","2025OB001601","2025NS013764","2025-09-09","2025-09-09",62977
40367,"2025-09-09","2025OP001598",405,5,"OB Enviada à instituição bancária para pagamento","2025-09-09","2025-09-09","2025OB001605","2025NS013766","2025-09-09","2025-09-09",62979
43077,"2025-09-11","2025OP004308",405,5,"OB Enviada à instituição bancária para pagamento","2025-09-12","2025-09-12","2025OB004295","2025NS018117","2025-09-11","2025-09-11",63288
43080,"2025-09-11","2025OP004311",405,5,"OB Enviada à instituição bancária para pagamento","2025-09-12","2025-09-12","2025OB004319","2025NS018120","2025-09-11","2025-09-11",64277
43586,"2025-09-29","2025OP004826",405,3,"Aguardando assinaturas do ordenador de despesas e/ou gestor financeiro","2025-09-29",,,"2025NS020041",,,65200
43587,"2025-09-29","2025OP004827",405,3,"Aguardando assinaturas do ordenador de despesas e/ou gestor financeiro","2025-09-29",,,"2025NS020042",,,65220
42408,"2025-09-11","2025OP003639",405,5,"OB Enviada à instituição bancária para pagamento","2025-09-12","2025-09-12","2025OB003643","2025NS017448","2025-09-11","2025-09-11",64161
42407,"2025-09-11","2025OP003638",405,5,"OB Enviada à instituição bancária para pagamento","2025-09-12","2025-09-12","2025OB003622","2025NS017447","2025-09-11","2025-09-11",64453
41207,"2025-09-09","2025OP002438",405,5,"OB Enviada à instituição bancária para pagamento","2025-09-09","2025-09-09","2025OB002438","2025NS014606","2025-09-09","2025-09-09",61937
40571,"2025-09-09","2025OP001802",405,5,"OB Enviada à instituição bancária para pagamento","2025-09-09","2025-09-09","2025OB001802","2025NS013970","2025-09-09","2025-09-09",62110
41206,"2025-09-09","2025OP002437",405,5,"OB Enviada à instituição bancária para pagamento","2025-09-09","2025-09-09","2025OB002437","2025NS014605","2025-09-09","2025-09-09",62773
43075,"2025-09-11","2025OP004306",405,5,"OB Enviada à instituição bancária para pagamento","2025-09-12","2025-09-12","2025OB004294","2025NS018115","2025-09-11","2025-09-11",63698
43835,"2025-09-29","2025OP005075",405,3,"Aguardando assinaturas do ordenador de despesas e/ou gestor financeiro","2025-09-29",,,"2025NS020290",,,65238
42557,"2025-09-11","2025OP003788",405,5,"OB Enviada à instituição bancária para pagamento","2025-09-12","2025-09-12","2025OB003795","2025NS017597","2025-09-11","2025-09-11",63815
43646,"2025-09-29","2025OP004886",405,3,"Aguardando assinaturas do ordenador de despesas e/ou gestor financeiro","2025-09-29",,,"2025NS020101",,,65236
43070,"2025-09-11","2025OP004301",405,5,"OB Enviada à instituição bancária para pagamento","2025-09-12","2025-09-12","2025OB004296","2025NS018110","2025-09-11","2025-09-11",63936
43076,"2025-09-11","2025OP004307",405,5,"OB Enviada à instituição bancária para pagamento","2025-09-12","2025-09-12","2025OB004308","2025NS018116","2025-09-11","2025-09-11",64152
42559,"2025-09-11","2025OP003790",405,5,"OB Enviada à instituição bancária para pagamento","2025-09-12","2025-09-12","2025OB003784","2025NS017599","2025-09-11","2025-09-11",64292
43078,"2025-09-11","2025OP004309",405,5,"OB Enviada à instituição bancária para pagamento","2025-09-12","2025-09-12","2025OB004293","2025NS018118","2025-09-11","2025-09-11",64308
43074,"2025-09-11","2025OP004305",405,5,"OB Enviada à instituição bancária para pagamento","2025-09-12","2025-09-12","2025OB004302","2025NS018114","2025-09-11","2025-09-11",64169
43069,"2025-09-11","2025OP004300",405,5,"OB Enviada à instituição bancária para pagamento","2025-09-12","2025-09-12","2025OB004292","2025NS018109","2025-09-11","2025-09-11",64463
43789,"2025-09-29","2025OP005029",405,3,"Aguardando assinaturas do ordenador de despesas e/ou gestor financeiro","2025-09-29",,,"2025NS020244",,,65237
42955,"2025-09-11","2025OP004186",405,5,"OB Enviada à instituição bancária para pagamento","2025-09-12","2025-09-12","2025OB004179","2025NS017995","2025-09-11","2025-09-11",63566
41208,"2025-09-09","2025OP002439",405,5,"OB Enviada à instituição bancária para pagamento","2025-09-09","2025-09-09","2025OB002439","2025NS014607","2025-09-09","2025-09-09",62843
42953,"2025-09-11","2025OP004184",405,5,"OB Enviada à instituição bancária para pagamento","2025-09-12","2025-09-12","2025OB004181","2025NS017993","2025-09-11","2025-09-11",64481
41064,"2025-09-09","2025OP002295",405,5,"OB Enviada à instituição bancária para pagamento","2025-09-09","2025-09-09","2025OB002295","2025NS014463","2025-09-09","2025-09-09",62849
42847,"2025-09-11","2025OP004078",405,5,"OB Enviada à instituição bancária para pagamento","2025-09-12","2025-09-12","2025OB004083","2025NS017887","2025-09-11","2025-09-11",63447
42951,"2025-09-11","2025OP004182",405,5,"OB Enviada à instituição bancária para pagamento","2025-09-12","2025-09-12","2025OB004185","2025NS017991","2025-09-11","2025-09-11",63683
42954,"2025-09-11","2025OP004185",405,5,"OB Enviada à instituição bancária para pagamento","2025-09-12","2025-09-12","2025OB004183","2025NS017994","2025-09-11","2025-09-11",63329
42950,"2025-09-11","2025OP004181",405,5,"OB Enviada à instituição bancária para pagamento","2025-09-12","2025-09-12","2025OB004190","2025NS017990","2025-09-11","2025-09-11",64855
42956,"2025-09-11","2025OP004187",405,5,"OB Enviada à instituição bancária para pagamento","2025-09-12","2025-09-12","2025OB004178","2025NS017996","2025-09-11","2025-09-11",63755
39601,"2025-09-09","2025OP000832",405,5,"OB Enviada à instituição bancária para pagamento","2025-09-09","2025-09-09","2025OB000832","2025NS013000","2025-09-09","2025-09-09",60866
39860,"2025-09-09","2025OP001091",405,5,"OB Enviada à instituição bancária para pagamento","2025-09-09","2025-09-09","2025OB001091","2025NS013259","2025-09-09","2025-09-09",61126
39859,"2025-09-09","2025OP001090",405,5,"OB Enviada à instituição bancária para pagamento","2025-09-09","2025-09-09","2025OB001090","2025NS013258","2025-09-09","2025-09-09",61127
41054,"2025-09-09","2025OP002285",405,5,"OB Enviada à instituição bancária para pagamento","2025-09-09","2025-09-09","2025OB002285","2025NS014453","2025-09-09","2025-09-09",61368
41019,"2025-09-09","2025OP002250",405,5,"OB Enviada à instituição bancária para pagamento","2025-09-09","2025-09-09","2025OB002250","2025NS014418","2025-09-09","2025-09-09",61610
42166,"2025-09-11","2025OP003397",405,5,"OB Enviada à instituição bancária para pagamento","2025-09-12","2025-09-12","2025OB003390","2025NS017206","2025-09-11","2025-09-11",63416
41053,"2025-09-09","2025OP002284",405,5,"OB Enviada à instituição bancária para pagamento","2025-09-09","2025-09-09","2025OB002284","2025NS014452","2025-09-09","2025-09-09",62044
39861,"2025-09-09","2025OP001092",405,5,"OB Enviada à instituição bancária para pagamento","2025-09-09","2025-09-09","2025OB001092","2025NS013260","2025-09-09","2025-09-09",62670
39862,"2025-09-09","2025OP001093",405,5,"OB Enviada à instituição bancária para pagamento","2025-09-09","2025-09-09","2025OB001093","2025NS013261","2025-09-09","2025-09-09",62830
42815,"2025-09-11","2025OP004046",405,5,"OB Enviada à instituição bancária para pagamento","2025-09-12","2025-09-12","2025OB004041","2025NS017855","2025-09-11","2025-09-11",64156
42838,"2025-09-11","2025OP004069",405,5,"OB Enviada à instituição bancária para pagamento","2025-09-12","2025-09-12","2025OB004089","2025NS017878","2025-09-11","2025-09-11",63410
41055,"2025-09-09","2025OP002286",405,5,"OB Enviada à instituição bancária para pagamento","2025-09-09","2025-09-09","2025OB002286","2025NS014454","2025-09-09","2025-09-09",62982
42167,"2025-09-11","2025OP003398",405,5,"OB Enviada à instituição bancária para pagamento","2025-09-12","2025-09-12","2025OB003401","2025NS017207","2025-09-11","2025-09-11",63801
42816,"2025-09-11","2025OP004047",405,5,"OB Enviada à instituição bancária para pagamento","2025-09-12","2025-09-12","2025OB004048","2025NS017856","2025-09-11","2025-09-11",64581
42837,"2025-09-11","2025OP004068",405,5,"OB Enviada à instituição bancária para pagamento","2025-09-12","2025-09-12","2025OB004070","2025NS017877","2025-09-11","2025-09-11",64719
43207,"2025-09-11","2025OP004438",405,5,"OB Enviada à instituição bancária para pagamento","2025-09-12","2025-09-12","2025OB004446","2025NS018247","2025-09-11","2025-09-11",64164
43869,"2025-09-29","2025OP005109",405,3,"Aguardando assinaturas do ordenador de despesas e/ou gestor financeiro","2025-09-29",,,"2025NS020324",,,65276
41539,"2025-09-09","2025OP002770",405,5,"OB Enviada à instituição bancária para pagamento","2025-09-09","2025-09-09","2025OB002770","2025NS014938","2025-09-09","2025-09-09",60728
41502,"2025-09-09","2025OP002733",405,5,"OB Enviada à instituição bancária para pagamento","2025-09-09","2025-09-09","2025OB002733","2025NS014901","2025-09-09","2025-09-09",60868
41031,"2025-09-09","2025OP002262",405,5,"OB Enviada à instituição bancária para pagamento","2025-09-09","2025-09-09","2025OB002262","2025NS014430","2025-09-09","2025-09-09",62347
42247,"2025-09-11","2025OP003478",405,5,"OB Enviada à instituição bancária para pagamento","2025-09-12","2025-09-12","2025OB003480","2025NS017287","2025-09-11","2025-09-11",63373
43665,"2025-09-29","2025OP004905",405,3,"Aguardando assinaturas do ordenador de despesas e/ou gestor financeiro","2025-09-29",,,"2025NS020120",,,65271
40526,"2025-09-09","2025OP001757",405,5,"OB Enviada à instituição bancária para pagamento","2025-09-09","2025-09-09","2025OB001757","2025NS013925","2025-09-09","2025-09-09",63053
42615,"2025-09-11","2025OP003846",405,5,"OB Enviada à instituição bancária para pagamento","2025-09-12","2025-09-12","2025OB003856","2025NS017655","2025-09-11","2025-09-11",63692
39243,"2025-09-09","2025OP000474",405,5,"OB Enviada à instituição bancária para pagamento","2025-09-09","2025-09-09","2025OB000474","2025NS012642","2025-09-09","2025-09-09",61264
39239,"2025-09-09","2025OP000470",405,5,"OB Enviada à instituição bancária para pagamento","2025-09-09","2025-09-09","2025OB000470","2025NS012638","2025-09-09","2025-09-09",61856
40683,"2025-09-09","2025OP001914",405,5,"OB Enviada à instituição bancária para pagamento","2025-09-09","2025-09-09","2025OB001914","2025NS014082","2025-09-09","2025-09-09",62049
41810,"2025-09-11","2025OP003041",405,5,"OB Enviada à instituição bancária para pagamento","2025-09-12","2025-09-12","2025OB003041","2025NS016850","2025-09-11","2025-09-11",63431
41806,"2025-09-11","2025OP003037",405,5,"OB Enviada à instituição bancária para pagamento","2025-09-12","2025-09-12","2025OB003045","2025NS016846","2025-09-11","2025-09-11",63915
39242,"2025-09-09","2025OP000473",405,5,"OB Enviada à instituição bancária para pagamento","2025-09-09","2025-09-09","2025OB000473","2025NS012641","2025-09-09","2025-09-09",62063
39240,"2025-09-09","2025OP000471",405,5,"OB Enviada à instituição bancária para pagamento","2025-09-09","2025-09-09","2025OB000471","2025NS012639","2025-09-09","2025-09-09",62202
40684,"2025-09-09","2025OP001915",405,5,"OB Enviada à instituição bancária para pagamento","2025-09-09","2025-09-09","2025OB001915","2025NS014083","2025-09-09","2025-09-09",62915
40681,"2025-09-09","2025OP001912",405,5,"OB Enviada à instituição bancária para pagamento","2025-09-09","2025-09-09","2025OB001912","2025NS014080","2025-09-09","2025-09-09",62515
40682,"2025-09-09","2025OP001913",405,5,"OB Enviada à instituição bancária para pagamento","2025-09-09","2025-09-09","2025OB001913","2025NS014081","2025-09-09","2025-09-09",62440
40686,"2025-09-09","2025OP001917",405,5,"OB Enviada à instituição bancária para pagamento","2025-09-09","2025-09-09","2025OB001917","2025NS014085","2025-09-09","2025-09-09",62984
41808,"2025-09-11","2025OP003039",405,5,"OB Enviada à instituição bancária para pagamento","2025-09-12","2025-09-12","2025OB003059","2025NS016848","2025-09-11","2025-09-11",63441
41805,"2025-09-11","2025OP003036",405,5,"OB Enviada à instituição bancária para pagamento","2025-09-12","2025-09-12","2025OB003055","2025NS016845","2025-09-11","2025-09-11",64809
42614,"2025-09-11","2025OP003845",405,5,"OB Enviada à instituição bancária para pagamento","2025-09-12","2025-09-12","2025OB003844","2025NS017654","2025-09-11","2025-09-11",63330
42613,"2025-09-11","2025OP003844",405,5,"OB Enviada à instituição bancária para pagamento","2025-09-12","2025-09-12","2025OB003860","2025NS017653","2025-09-11","2025-09-11",63331
41809,"2025-09-11","2025OP003040",405,5,"OB Enviada à instituição bancária para pagamento","2025-09-12","2025-09-12","2025OB003042","2025NS016849","2025-09-11","2025-09-11",64845
39587,"2025-09-09","2025OP000818",405,5,"OB Enviada à instituição bancária para pagamento","2025-09-09","2025-09-09","2025OB000806","2025NS012986","2025-09-09","2025-09-09",61302
39241,"2025-09-09","2025OP000472",405,5,"OB Enviada à instituição bancária para pagamento","2025-09-09","2025-09-09","2025OB000472","2025NS012640","2025-09-09","2025-09-09",62080
39244,"2025-09-09","2025OP000475",405,5,"OB Enviada à instituição bancária para pagamento","2025-09-09","2025-09-09","2025OB000475","2025NS012643","2025-09-09","2025-09-09",61415
41237,"2025-09-09","2025OP002468",405,5,"OB Enviada à instituição bancária para pagamento","2025-09-09","2025-09-09","2025OB002468","2025NS014636","2025-09-09","2025-09-09",61408
43097,"2025-09-11","2025OP004328",405,5,"OB Enviada à instituição bancária para pagamento","2025-09-12","2025-09-12","2025OB004315","2025NS018137","2025-09-11","2025-09-11",63411
39588,"2025-09-09","2025OP000819",405,5,"OB Enviada à instituição bancária para pagamento","2025-09-09","2025-09-09","2025OB000808","2025NS012987","2025-09-09","2025-09-09",61941
42973,"2025-09-11","2025OP004204",405,5,"OB Enviada à instituição bancária para pagamento","2025-09-12","2025-09-12","2025OB004205","2025NS018013","2025-09-11","2025-09-11",63454
43414,"2025-09-29","2025OP004654",405,3,"Aguardando assinaturas do ordenador de despesas e/ou gestor financeiro","2025-09-29",,,"2025NS019869",,,65277
39246,"2025-09-09","2025OP000477",405,5,"OB Enviada à instituição bancária para pagamento","2025-09-09","2025-09-09","2025OB000477","2025NS012645","2025-09-09","2025-09-09",60596
39583,"2025-09-09","2025OP000814",405,5,"OB Enviada à instituição bancária para pagamento","2025-09-09","2025-09-09","2025OB000823","2025NS012982","2025-09-09","2025-09-09",62742
39579,"2025-09-09","2025OP000810",405,5,"OB Enviada à instituição bancária para pagamento","2025-09-09","2025-09-09","2025OB000815","2025NS012978","2025-09-09","2025-09-09",61125
39992,"2025-09-09","2025OP001223",405,5,"OB Enviada à instituição bancária para pagamento","2025-09-09","2025-09-09","2025OB001213","2025NS013391","2025-09-09","2025-09-09",62315
39589,"2025-09-09","2025OP000820",405,5,"OB Enviada à instituição bancária para pagamento","2025-09-09","2025-09-09","2025OB000810","2025NS012988","2025-09-09","2025-09-09",62441
39994,"2025-09-09","2025OP001225",405,5,"OB Enviada à instituição bancária para pagamento","2025-09-09","2025-09-09","2025OB001216","2025NS013393","2025-09-09","2025-09-09",62654
39584,"2025-09-09","2025OP000815",405,5,"OB Enviada à instituição bancária para pagamento","2025-09-09","2025-09-09","2025OB000825","2025NS012983","2025-09-09","2025-09-09",62776
39581,"2025-09-09","2025OP000812",405,5,"OB Enviada à instituição bancária para pagamento","2025-09-09","2025-09-09","2025OB000819","2025NS012980","2025-09-09","2025-09-09",62777
43415,"2025-09-29","2025OP004655",405,3,"Aguardando assinaturas do ordenador de despesas e/ou gestor financeiro","2025-09-29",,,"2025NS019870",,,65272
39582,"2025-09-09","2025OP000813",405,5,"OB Enviada à instituição bancária para pagamento","2025-09-09","2025-09-09","2025OB000821","2025NS012981","2025-09-09","2025-09-09",62988
42623,"2025-09-11","2025OP003854",405,5,"OB Enviada à instituição bancária para pagamento","2025-09-12","2025-09-12","2025OB003843","2025NS017663","2025-09-11","2025-09-11",63457
39580,"2025-09-09","2025OP000811",405,5,"OB Enviada à instituição bancária para pagamento","2025-09-09","2025-09-09","2025OB000817","2025NS012979","2025-09-09","2025-09-09",62985
42246,"2025-09-11","2025OP003477",405,5,"OB Enviada à instituição bancária para pagamento","2025-09-12","2025-09-12","2025OB003479","2025NS017286","2025-09-11","2025-09-11",63360
41831,"2025-09-11","2025OP003062",405,5,"OB Enviada à instituição bancária para pagamento","2025-09-12","2025-09-12","2025OB003061","2025NS016871","2025-09-11","2025-09-11",63364
39996,"2025-09-09","2025OP001227",405,5,"OB Enviada à instituição bancária para pagamento","2025-09-09","2025-09-09","2025OB001220","2025NS013395","2025-09-09","2025-09-09",63128
39586,"2025-09-09","2025OP000817",405,5,"OB Enviada à instituição bancária para pagamento","2025-09-09","2025-09-09","2025OB000829","2025NS012985","2025-09-09","2025-09-09",60598
40030,"2025-09-09","2025OP001261",405,5,"OB Enviada à instituição bancária para pagamento","2025-09-09","2025-09-09","2025OB001261","2025NS013429","2025-09-09","2025-09-09",61423
39995,"2025-09-09","2025OP001226",405,5,"OB Enviada à instituição bancária para pagamento","2025-09-09","2025-09-09","2025OB001218","2025NS013394","2025-09-09","2025-09-09",61522
41353,"2025-09-09","2025OP002584",405,5,"OB Enviada à instituição bancária para pagamento","2025-09-09","2025-09-09","2025OB002584","2025NS014752","2025-09-09","2025-09-09",62381
39993,"2025-09-09","2025OP001224",405,5,"OB Enviada à instituição bancária para pagamento","2025-09-09","2025-09-09","2025OB001214","2025NS013392","2025-09-09","2025-09-09",62366
42248,"2025-09-11","2025OP003479",405,5,"OB Enviada à instituição bancária para pagamento","2025-09-12","2025-09-12","2025OB003477","2025NS017288","2025-09-11","2025-09-11",63420
42245,"2025-09-11","2025OP003476",405,5,"OB Enviada à instituição bancária para pagamento","2025-09-12","2025-09-12","2025OB003464","2025NS017285","2025-09-11","2025-09-11",63374
40027,"2025-09-09","2025OP001258",405,5,"OB Enviada à instituição bancária para pagamento","2025-09-09","2025-09-09","2025OB001258","2025NS013426","2025-09-09","2025-09-09",63114
42244,"2025-09-11","2025OP003475",405,5,"OB Enviada à instituição bancária para pagamento","2025-09-12","2025-09-12","2025OB003475","2025NS017284","2025-09-11","2025-09-11",63284
42271,"2025-09-11","2025OP003502",405,5,"OB Enviada à instituição bancária para pagamento","2025-09-12","2025-09-12","2025OB003494","2025NS017311","2025-09-11","2025-09-11",64544
39549,"2025-09-09","2025OP000780",405,5,"OB Enviada à instituição bancária para pagamento","2025-09-09","2025-09-09","2025OB000780","2025NS012948","2025-09-09","2025-09-09",62045
40029,"2025-09-09","2025OP001260",405,5,"OB Enviada à instituição bancária para pagamento","2025-09-09","2025-09-09","2025OB001260","2025NS013428","2025-09-09","2025-09-09",62442
40028,"2025-09-09","2025OP001259",405,5,"OB Enviada à instituição bancária para pagamento","2025-09-09","2025-09-09","2025OB001259","2025NS013427","2025-09-09","2025-09-09",62443
42270,"2025-09-11","2025OP003501",405,5,"OB Enviada à instituição bancária para pagamento","2025-09-12","2025-09-12","2025OB003510","2025NS017310","2025-09-11","2025-09-11",64374
41147,"2025-09-09","2025OP002378",405,5,"OB Enviada à instituição bancária para pagamento","2025-09-09","2025-09-09","2025OB002378","2025NS014546","2025-09-09","2025-09-09",62635
43225,"2025-09-12","2025OP004456",405,5,"OB Enviada à instituição bancária para pagamento","2025-09-15","2025-09-15","2025OB004456","2025NS018652","2025-09-12","2025-09-12",64916
41990,"2025-09-11","2025OP003221",405,5,"OB Enviada à instituição bancária para pagamento","2025-09-12","2025-09-12","2025OB003224","2025NS017030","2025-09-11","2025-09-11",64619
42269,"2025-09-11","2025OP003500",405,5,"OB Enviada à instituição bancária para pagamento","2025-09-12","2025-09-12","2025OB003496","2025NS017309","2025-09-11","2025-09-11",64380
43411,"2025-09-29","2025OP004651",405,3,"Aguardando assinaturas do ordenador de despesas e/ou gestor financeiro","2025-09-29",,,"2025NS019866",,,65202
42910,"2025-09-11","2025OP004141",405,5,"OB Enviada à instituição bancária para pagamento","2025-09-12","2025-09-12","2025OB004135","2025NS017950","2025-09-11","2025-09-11",64846
41991,"2025-09-11","2025OP003222",405,5,"OB Enviada à instituição bancária para pagamento","2025-09-12","2025-09-12","2025OB003221","2025NS017031","2025-09-11","2025-09-11",64255
41993,"2025-09-11","2025OP003224",405,5,"OB Enviada à instituição bancária para pagamento","2025-09-12","2025-09-12","2025OB003218","2025NS017033","2025-09-11","2025-09-11",64781
41912,"2025-09-11","2025OP003143",405,5,"OB Enviada à instituição bancária para pagamento","2025-09-12","2025-09-12","2025OB003133","2025NS016952","2025-09-11","2025-09-11",64765
41757,"2025-09-11","2025OP002988",405,5,"OB Enviada à instituição bancária para pagamento","2025-09-12","2025-09-12","2025OB002997","2025NS016797","2025-09-11","2025-09-11",63371
39425,"2025-09-09","2025OP000656",405,5,"OB Enviada à instituição bancária para pagamento","2025-09-09","2025-09-09","2025OB000656","2025NS012824","2025-09-09","2025-09-09",62744
39423,"2025-09-09","2025OP000654",405,5,"OB Enviada à instituição bancária para pagamento","2025-09-09","2025-09-09","2025OB000654","2025NS012822","2025-09-09","2025-09-09",62774
39548,"2025-09-09","2025OP000779",405,5,"OB Enviada à instituição bancária para pagamento","2025-09-09","2025-09-09","2025OB000779","2025NS012947","2025-09-09","2025-09-09",62981
41908,"2025-09-11","2025OP003139",405,5,"OB Enviada à instituição bancária para pagamento","2025-09-12","2025-09-12","2025OB003138","2025NS016948","2025-09-11","2025-09-11",63848
43410,"2025-09-29","2025OP004650",405,3,"Aguardando assinaturas do ordenador de despesas e/ou gestor financeiro","2025-09-29",,,"2025NS019865",,,65128
43374,"2025-09-29","2025OP004614",405,3,"Aguardando assinaturas do ordenador de despesas e/ou gestor financeiro","2025-09-29",,,"2025NS019829",,,65047
43368,"2025-09-29","2025OP004608",405,3,"Aguardando assinaturas do ordenador de despesas e/ou gestor financeiro","2025-09-29",,,"2025NS019823",,,65196
41910,"2025-09-11","2025OP003141",405,5,"OB Enviada à instituição bancária para pagamento","2025-09-12","2025-09-12","2025OB003134","2025NS016950","2025-09-11","2025-09-11",63361
38924,"2025-09-09","2025OP000155",405,5,"OB Enviada à instituição bancária para pagamento","2025-09-09","2025-09-09","2025OB000155","2025NS012323","2025-09-09","2025-09-09",62318
38926,"2025-09-09","2025OP000157",405,5,"OB Enviada à instituição bancária para pagamento","2025-09-09","2025-09-09","2025OB000157","2025NS012325","2025-09-09","2025-09-09",62444
38929,"2025-09-09","2025OP000160",405,5,"OB Enviada à instituição bancária para pagamento","2025-09-09","2025-09-09","2025OB000160","2025NS012328","2025-09-09","2025-09-09",62506
38925,"2025-09-09","2025OP000156",405,5,"OB Enviada à instituição bancária para pagamento","2025-09-09","2025-09-09","2025OB000156","2025NS012324","2025-09-09","2025-09-09",62736
41619,"2025-09-11","2025OP002850",405,5,"OB Enviada à instituição bancária para pagamento","2025-09-12","2025-09-12","2025OB002852","2025NS016659","2025-09-11","2025-09-11",63761
39422,"2025-09-09","2025OP000653",405,5,"OB Enviada à instituição bancária para pagamento","2025-09-09","2025-09-09","2025OB000653","2025NS012821","2025-09-09","2025-09-09",63271
41618,"2025-09-11","2025OP002849",405,5,"OB Enviada à instituição bancária para pagamento","2025-09-12","2025-09-12","2025OB002857","2025NS016658","2025-09-11","2025-09-11",64679
41615,"2025-09-11","2025OP002846",405,5,"OB Enviada à instituição bancária para pagamento","2025-09-12","2025-09-12","2025OB002844","2025NS016655","2025-09-11","2025-09-11",63572
41620,"2025-09-11","2025OP002851",405,5,"OB Enviada à instituição bancária para pagamento","2025-09-12","2025-09-12","2025OB002850","2025NS016660","2025-09-11","2025-09-11",63773
42687,"2025-09-11","2025OP003918",405,5,"OB Enviada à instituição bancária para pagamento","2025-09-12","2025-09-12","2025OB003927","2025NS017727","2025-09-11","2025-09-11",64476
41617,"2025-09-11","2025OP002848",405,5,"OB Enviada à instituição bancária para pagamento","2025-09-12","2025-09-12","2025OB002856","2025NS016657","2025-09-11","2025-09-11",64799
41989,"2025-09-11","2025OP003220",405,5,"OB Enviada à instituição bancária para pagamento","2025-09-12","2025-09-12","2025OB003225","2025NS017029","2025-09-11","2025-09-11",63383
41399,"2025-09-09","2025OP002630",405,5,"OB Enviada à instituição bancária para pagamento","2025-09-09","2025-09-09","2025OB002630","2025NS014798","2025-09-09","2025-09-09",61947
39196,"2025-09-09","2025OP000427",405,5,"OB Enviada à instituição bancária para pagamento","2025-09-09","2025-09-09","2025OB000418","2025NS012595","2025-09-09","2025-09-09",62113
43088,"2025-09-11","2025OP004319",405,5,"OB Enviada à instituição bancária para pagamento","2025-09-12","2025-09-12","2025OB004324","2025NS018128","2025-09-11","2025-09-11",63764
41768,"2025-09-11","2025OP002999",405,5,"OB Enviada à instituição bancária para pagamento","2025-09-12","2025-09-12","2025OB003003","2025NS016808","2025-09-11","2025-09-11",64631
43089,"2025-09-11","2025OP004320",405,5,"OB Enviada à instituição bancária para pagamento","2025-09-12","2025-09-12","2025OB004318","2025NS018129","2025-09-11","2025-09-11",64798
41429,"2025-09-09","2025OP002660",405,5,"OB Enviada à instituição bancária para pagamento","2025-09-09","2025-09-09","2025OB002660","2025NS014828","2025-09-09","2025-09-09",60869
41192,"2025-09-09","2025OP002423",405,5,"OB Enviada à instituição bancária para pagamento","2025-09-09","2025-09-09","2025OB002423","2025NS014591","2025-09-09","2025-09-09",60870
39499,"2025-09-09","2025OP000730",405,5,"OB Enviada à instituição bancária para pagamento","2025-09-09","2025-09-09","2025OB000730","2025NS012898","2025-09-09","2025-09-09",60877
41873,"2025-09-11","2025OP003104",405,5,"OB Enviada à instituição bancária para pagamento","2025-09-12","2025-09-12","2025OB003102","2025NS016913","2025-09-11","2025-09-11",64683
43788,"2025-09-29","2025OP005028",405,3,"Aguardando assinaturas do ordenador de despesas e/ou gestor financeiro","2025-09-29",,,"2025NS020243",,,65284
41204,"2025-09-09","2025OP002435",405,5,"OB Enviada à instituição bancária para pagamento","2025-09-09","2025-09-09","2025OB002435","2025NS014603","2025-09-09","2025-09-09",61267
41205,"2025-09-09","2025OP002436",405,5,"OB Enviada à instituição bancária para pagamento","2025-09-09","2025-09-09","2025OB002436","2025NS014604","2025-09-09","2025-09-09",62047
39372,"2025-09-09","2025OP000603",405,5,"OB Enviada à instituição bancária para pagamento","2025-09-09","2025-09-09","2025OB000603","2025NS012771","2025-09-09","2025-09-09",62445
42628,"2025-09-11","2025OP003859",405,5,"OB Enviada à instituição bancária para pagamento","2025-09-12","2025-09-12","2025OB003858","2025NS017668","2025-09-11","2025-09-11",63390
39375,"2025-09-09","2025OP000606",405,5,"OB Enviada à instituição bancária para pagamento","2025-09-09","2025-09-09","2025OB000606","2025NS012774","2025-09-09","2025-09-09",63113
42946,"2025-09-11","2025OP004177",405,5,"OB Enviada à instituição bancária para pagamento","2025-09-12","2025-09-12","2025OB004175","2025NS017986","2025-09-11","2025-09-11",63440
39377,"2025-09-09","2025OP000608",405,5,"OB Enviada à instituição bancária para pagamento","2025-09-09","2025-09-09","2025OB000608","2025NS012776","2025-09-09","2025-09-09",63199
41871,"2025-09-11","2025OP003102",405,5,"OB Enviada à instituição bancária para pagamento","2025-09-12","2025-09-12","2025OB003088","2025NS016911","2025-09-11","2025-09-11",63736
41869,"2025-09-11","2025OP003100",405,5,"OB Enviada à instituição bancária para pagamento","2025-09-12","2025-09-12","2025OB003111","2025NS016909","2025-09-11","2025-09-11",63333
43354,"2025-09-29","2025OP004594",405,3,"Aguardando assinaturas do ordenador de despesas e/ou gestor financeiro","2025-09-29",,,"2025NS019809",,,65261
41867,"2025-09-11","2025OP003098",405,5,"OB Enviada à instituição bancária para pagamento","2025-09-12","2025-09-12","2025OB003103","2025NS016907","2025-09-11","2025-09-11",64240
39378,"2025-09-09","2025OP000609",405,5,"OB Enviada à instituição bancária para pagamento","2025-09-09","2025-09-09","2025OB000609","2025NS012777","2025-09-09","2025-09-09",61422
40304,"2025-09-09","2025OP001535",405,5,"OB Enviada à instituição bancária para pagamento","2025-09-09","2025-09-09","2025OB001535","2025NS013703","2025-09-09","2025-09-09",62203
39370,"2025-09-09","2025OP000601",405,5,"OB Enviada à instituição bancária para pagamento","2025-09-09","2025-09-09","2025OB000601","2025NS012769","2025-09-09","2025-09-09",62447
39630,"2025-09-09","2025OP000861",405,5,"OB Enviada à instituição bancária para pagamento","2025-09-09","2025-09-09","2025OB000861","2025NS013029","2025-09-09","2025-09-09",62861
39369,"2025-09-09","2025OP000600",405,5,"OB Enviada à instituição bancária para pagamento","2025-09-09","2025-09-09","2025OB000600","2025NS012768","2025-09-09","2025-09-09",62989
39376,"2025-09-09","2025OP000607",405,5,"OB Enviada à instituição bancária para pagamento","2025-09-09","2025-09-09","2025OB000607","2025NS012775","2025-09-09","2025-09-09",63196
41872,"2025-09-11","2025OP003103",405,5,"OB Enviada à instituição bancária para pagamento","2025-09-12","2025-09-12","2025OB003101","2025NS016912","2025-09-11","2025-09-11",63334
42792,"2025-09-11","2025OP004023",405,5,"OB Enviada à instituição bancária para pagamento","2025-09-12","2025-09-12","2025OB004019","2025NS017832","2025-09-11","2025-09-11",64283
43353,"2025-09-29","2025OP004593",405,3,"Aguardando assinaturas do ordenador de despesas e/ou gestor financeiro","2025-09-29",,,"2025NS019808",,,65274
43352,"2025-09-29","2025OP004592",405,3,"Aguardando assinaturas do ordenador de despesas e/ou gestor financeiro","2025-09-29",,,"2025NS019807",,,65285
43351,"2025-09-29","2025OP004591",405,3,"Aguardando assinaturas do ordenador de despesas e/ou gestor financeiro","2025-09-29",,,"2025NS019806",,,65287
39496,"2025-09-09","2025OP000727",405,5,"OB Enviada à instituição bancária para pagamento","2025-09-09","2025-09-09","2025OB000727","2025NS012895","2025-09-09","2025-09-09",60878
39689,"2025-09-09","2025OP000920",405,5,"OB Enviada à instituição bancária para pagamento","2025-09-09","2025-09-09","2025OB000909","2025NS013088","2025-09-09","2025-09-09",61411
39695,"2025-09-09","2025OP000926",405,5,"OB Enviada à instituição bancária para pagamento","2025-09-09","2025-09-09","2025OB000921","2025NS013094","2025-09-09","2025-09-09",61412
39691,"2025-09-09","2025OP000922",405,5,"OB Enviada à instituição bancária para pagamento","2025-09-09","2025-09-09","2025OB000913","2025NS013090","2025-09-09","2025-09-09",61646
41444,"2025-09-09","2025OP002675",405,5,"OB Enviada à instituição bancária para pagamento","2025-09-09","2025-09-09","2025OB002675","2025NS014843","2025-09-09","2025-09-09",61653
39694,"2025-09-09","2025OP000925",405,5,"OB Enviada à instituição bancária para pagamento","2025-09-09","2025-09-09","2025OB000919","2025NS013093","2025-09-09","2025-09-09",62075
41442,"2025-09-09","2025OP002673",405,5,"OB Enviada à instituição bancária para pagamento","2025-09-09","2025-09-09","2025OB002673","2025NS014841","2025-09-09","2025-09-09",62115
43453,"2025-09-29","2025OP004693",405,3,"Aguardando assinaturas do ordenador de despesas e/ou gestor financeiro","2025-09-29",,,"2025NS019908",,,65278
43845,"2025-09-29","2025OP005085",405,3,"Aguardando assinaturas do ordenador de despesas e/ou gestor financeiro","2025-09-29",,,"2025NS020300",,,65282
39690,"2025-09-09","2025OP000921",405,5,"OB Enviada à instituição bancária para pagamento","2025-09-09","2025-09-09","2025OB000911","2025NS013089","2025-09-09","2025-09-09",62229
42072,"2025-09-11","2025OP003303",405,5,"OB Enviada à instituição bancária para pagamento","2025-09-12","2025-09-12","2025OB003285","2025NS017112","2025-09-11","2025-09-11",63519
42071,"2025-09-11","2025OP003302",405,5,"OB Enviada à instituição bancária para pagamento","2025-09-12","2025-09-12","2025OB003294","2025NS017111","2025-09-11","2025-09-11",64363
43454,"2025-09-29","2025OP004694",405,3,"Aguardando assinaturas do ordenador de despesas e/ou gestor financeiro","2025-09-29",,,"2025NS019909",,,65221
39692,"2025-09-09","2025OP000923",405,5,"OB Enviada à instituição bancária para pagamento","2025-09-09","2025-09-09","2025OB000915","2025NS013091","2025-09-09","2025-09-09",62177
42069,"2025-09-11","2025OP003300",405,5,"OB Enviada à instituição bancária para pagamento","2025-09-12","2025-09-12","2025OB003291","2025NS017109","2025-09-11","2025-09-11",63980
42073,"2025-09-11","2025OP003304",405,5,"OB Enviada à instituição bancária para pagamento","2025-09-12","2025-09-12","2025OB003290","2025NS017113","2025-09-11","2025-09-11",64197
43109,"2025-09-11","2025OP004340",405,5,"OB Enviada à instituição bancária para pagamento","2025-09-12","2025-09-12","2025OB004337","2025NS018149","2025-09-11","2025-09-11",64848
40233,"2025-09-09","2025OP001464",405,5,"OB Enviada à instituição bancária para pagamento","2025-09-09","2025-09-09","2025OB001464","2025NS013632","2025-09-09","2025-09-09",60889
40234,"2025-09-09","2025OP001465",405,5,"OB Enviada à instituição bancária para pagamento","2025-09-09","2025-09-09","2025OB001465","2025NS013633","2025-09-09","2025-09-09",61521
40228,"2025-09-09","2025OP001459",405,5,"OB Enviada à instituição bancária para pagamento","2025-09-09","2025-09-09","2025OB001459","2025NS013627","2025-09-09","2025-09-09",61418
41438,"2025-09-09","2025OP002669",405,5,"OB Enviada à instituição bancária para pagamento","2025-09-09","2025-09-09","2025OB002669","2025NS014837","2025-09-09","2025-09-09",61489
41448,"2025-09-09","2025OP002679",405,5,"OB Enviada à instituição bancária para pagamento","2025-09-09","2025-09-09","2025OB002679","2025NS014847","2025-09-09","2025-09-09",61952
43112,"2025-09-11","2025OP004343",405,5,"OB Enviada à instituição bancária para pagamento","2025-09-12","2025-09-12","2025OB004348","2025NS018152","2025-09-11","2025-09-11",64525
41439,"2025-09-09","2025OP002670",405,5,"OB Enviada à instituição bancária para pagamento","2025-09-09","2025-09-09","2025OB002670","2025NS014838","2025-09-09","2025-09-09",61954
43846,"2025-09-29","2025OP005086",405,3,"Aguardando assinaturas do ordenador de despesas e/ou gestor financeiro","2025-09-29",,,"2025NS020301",,,65177
41446,"2025-09-09","2025OP002677",405,5,"OB Enviada à instituição bancária para pagamento","2025-09-09","2025-09-09","2025OB002677","2025NS014845","2025-09-09","2025-09-09",62516
40235,"2025-09-09","2025OP001466",405,5,"OB Enviada à instituição bancária para pagamento","2025-09-09","2025-09-09","2025OB001466","2025NS013634","2025-09-09","2025-09-09",62054
40230,"2025-09-09","2025OP001461",405,5,"OB Enviada à instituição bancária para pagamento","2025-09-09","2025-09-09","2025OB001461","2025NS013629","2025-09-09","2025-09-09",62725
43110,"2025-09-11","2025OP004341",405,5,"OB Enviada à instituição bancária para pagamento","2025-09-12","2025-09-12","2025OB004349","2025NS018150","2025-09-11","2025-09-11",63485
43113,"2025-09-11","2025OP004344",405,5,"OB Enviada à instituição bancária para pagamento","2025-09-12","2025-09-12","2025OB004342","2025NS018153","2025-09-11","2025-09-11",64642
43114,"2025-09-11","2025OP004345",405,5,"OB Enviada à instituição bancária para pagamento","2025-09-12","2025-09-12","2025OB004355","2025NS018154","2025-09-11","2025-09-11",64036
42079,"2025-09-11","2025OP003310",405,5,"OB Enviada à instituição bancária para pagamento","2025-09-12","2025-09-12","2025OB003300","2025NS017119","2025-09-11","2025-09-11",63405
42076,"2025-09-11","2025OP003307",405,5,"OB Enviada à instituição bancária para pagamento","2025-09-12","2025-09-12","2025OB003308","2025NS017116","2025-09-11","2025-09-11",64851
42077,"2025-09-11","2025OP003308",405,5,"OB Enviada à instituição bancária para pagamento","2025-09-12","2025-09-12","2025OB003306","2025NS017117","2025-09-11","2025-09-11",64806
43544,"2025-09-29","2025OP004784",405,3,"Aguardando assinaturas do ordenador de despesas e/ou gestor financeiro","2025-09-29",,,"2025NS019999",,,65263
42075,"2025-09-11","2025OP003306",405,5,"OB Enviada à instituição bancária para pagamento","2025-09-12","2025-09-12","2025OB003302","2025NS017115","2025-09-11","2025-09-11",64802
42074,"2025-09-11","2025OP003305",405,5,"OB Enviada à instituição bancária para pagamento","2025-09-12","2025-09-12","2025OB003310","2025NS017114","2025-09-11","2025-09-11",64803
42078,"2025-09-11","2025OP003309",405,5,"OB Enviada à instituição bancária para pagamento","2025-09-12","2025-09-12","2025OB003295","2025NS017118","2025-09-11","2025-09-11",64804
43543,"2025-09-29","2025OP004783",405,3,"Aguardando assinaturas do ordenador de despesas e/ou gestor financeiro","2025-09-29",,,"2025NS019998",,,65286
43542,"2025-09-29","2025OP004782",405,3,"Aguardando assinaturas do ordenador de despesas e/ou gestor financeiro","2025-09-29",,,"2025NS019997",,,65262
43545,"2025-09-29","2025OP004785",405,3,"Aguardando assinaturas do ordenador de despesas e/ou gestor financeiro","2025-09-29",,,"2025NS020000",,,65007
43541,"2025-09-29","2025OP004781",405,3,"Aguardando assinaturas do ordenador de despesas e/ou gestor financeiro","2025-09-29",,,"2025NS019996",,,65136
40897,"2025-09-09","2025OP002128",405,5,"OB Enviada à instituição bancária para pagamento","2025-09-09","2025-09-09","2025OB002128","2025NS014296","2025-09-09","2025-09-09",61959
40896,"2025-09-09","2025OP002127",405,5,"OB Enviada à instituição bancária para pagamento","2025-09-09","2025-09-09","2025OB002127","2025NS014295","2025-09-09","2025-09-09",61961
39151,"2025-09-09","2025OP000382",405,5,"OB Enviada à instituição bancária para pagamento","2025-09-09","2025-09-09","2025OB000382","2025NS012550","2025-09-09","2025-09-09",62916
40899,"2025-09-09","2025OP002130",405,5,"OB Enviada à instituição bancária para pagamento","2025-09-09","2025-09-09","2025OB002130","2025NS014298","2025-09-09","2025-09-09",63273
42742,"2025-09-11","2025OP003973",405,5,"OB Enviada à instituição bancária para pagamento","2025-09-12","2025-09-12","2025OB003980","2025NS017782","2025-09-11","2025-09-11",63336
43710,"2025-09-29","2025OP004950",405,3,"Aguardando assinaturas do ordenador de despesas e/ou gestor financeiro","2025-09-29",,,"2025NS020165",,,65290
43188,"2025-09-11","2025OP004419",405,5,"OB Enviada à instituição bancária para pagamento","2025-09-12","2025-09-12","2025OB004429","2025NS018228","2025-09-11","2025-09-11",64015
40886,"2025-09-09","2025OP002117",405,5,"OB Enviada à instituição bancária para pagamento","2025-09-09","2025-09-09","2025OB002117","2025NS014285","2025-09-09","2025-09-09",61493
40887,"2025-09-09","2025OP002118",405,5,"OB Enviada à instituição bancária para pagamento","2025-09-09","2025-09-09","2025OB002118","2025NS014286","2025-09-09","2025-09-09",62138
43448,"2025-09-29","2025OP004688",405,3,"Aguardando assinaturas do ordenador de despesas e/ou gestor financeiro","2025-09-29",,,"2025NS019903",,,65293
40884,"2025-09-09","2025OP002115",405,5,"OB Enviada à instituição bancária para pagamento","2025-09-09","2025-09-09","2025OB002115","2025NS014283","2025-09-09","2025-09-09",62703
40888,"2025-09-09","2025OP002119",405,5,"OB Enviada à instituição bancária para pagamento","2025-09-09","2025-09-09","2025OB002119","2025NS014287","2025-09-09","2025-09-09",63081
42732,"2025-09-11","2025OP003963",405,5,"OB Enviada à instituição bancária para pagamento","2025-09-12","2025-09-12","2025OB003963","2025NS017772","2025-09-11","2025-09-11",63297
42065,"2025-09-11","2025OP003296",405,5,"OB Enviada à instituição bancária para pagamento","2025-09-12","2025-09-12","2025OB003298","2025NS017105","2025-09-11","2025-09-11",64392
43450,"2025-09-29","2025OP004690",405,3,"Aguardando assinaturas do ordenador de despesas e/ou gestor financeiro","2025-09-29",,,"2025NS019905",,,65129
43447,"2025-09-29","2025OP004687",405,3,"Aguardando assinaturas do ordenador de despesas e/ou gestor financeiro","2025-09-29",,,"2025NS019902",,,65036
43706,"2025-09-29","2025OP004946",405,3,"Aguardando assinaturas do ordenador de despesas e/ou gestor financeiro","2025-09-29",,,"2025NS020161",,,65214
39685,"2025-09-09","2025OP000916",405,5,"OB Enviada à instituição bancária para pagamento","2025-09-09","2025-09-09","2025OB000928","2025NS013084","2025-09-09","2025-09-09",62145
39684,"2025-09-09","2025OP000915",405,5,"OB Enviada à instituição bancária para pagamento","2025-09-09","2025-09-09","2025OB000926","2025NS013083","2025-09-09","2025-09-09",62502
39687,"2025-09-09","2025OP000918",405,5,"OB Enviada à instituição bancária para pagamento","2025-09-09","2025-09-09","2025OB000905","2025NS013086","2025-09-09","2025-09-09",62409
39686,"2025-09-09","2025OP000917",405,5,"OB Enviada à instituição bancária para pagamento","2025-09-09","2025-09-09","2025OB000930","2025NS013085","2025-09-09","2025-09-09",62935
39683,"2025-09-09","2025OP000914",405,5,"OB Enviada à instituição bancária para pagamento","2025-09-09","2025-09-09","2025OB000924","2025NS013082","2025-09-09","2025-09-09",63216
42063,"2025-09-11","2025OP003294",405,5,"OB Enviada à instituição bancária para pagamento","2025-09-12","2025-09-12","2025OB003283","2025NS017103","2025-09-11","2025-09-11",63639
42066,"2025-09-11","2025OP003297",405,5,"OB Enviada à instituição bancária para pagamento","2025-09-12","2025-09-12","2025OB003293","2025NS017106","2025-09-11","2025-09-11",64582
42008,"2025-09-11","2025OP003239",405,5,"OB Enviada à instituição bancária para pagamento","2025-09-12","2025-09-12","2025OB003235","2025NS017048","2025-09-11","2025-09-11",64538
43451,"2025-09-29","2025OP004691",405,3,"Aguardando assinaturas do ordenador de despesas e/ou gestor financeiro","2025-09-29",,,"2025NS019906",,,65292
43152,"2025-09-11","2025OP004383",405,5,"OB Enviada à instituição bancária para pagamento","2025-09-12","2025-09-12","2025OB004368","2025NS018192","2025-09-11","2025-09-11",63545
41477,"2025-09-09","2025OP002708",405,5,"OB Enviada à instituição bancária para pagamento","2025-09-09","2025-09-09","2025OB002711","2025NS014876","2025-09-09","2025-09-09",61967
41478,"2025-09-09","2025OP002709",405,5,"OB Enviada à instituição bancária para pagamento","2025-09-09","2025-09-09","2025OB002713","2025NS014877","2025-09-09","2025-09-09",63018
43051,"2025-09-11","2025OP004282",405,5,"OB Enviada à instituição bancária para pagamento","2025-09-12","2025-09-12","2025OB004266","2025NS018091","2025-09-11","2025-09-11",63596
43153,"2025-09-11","2025OP004384",405,5,"OB Enviada à instituição bancária para pagamento","2025-09-12","2025-09-12","2025OB004380","2025NS018193","2025-09-11","2025-09-11",63339
43155,"2025-09-11","2025OP004386",405,5,"OB Enviada à instituição bancária para pagamento","2025-09-12","2025-09-12","2025OB004386","2025NS018195","2025-09-11","2025-09-11",64289
43854,"2025-09-29","2025OP005094",405,3,"Aguardando assinaturas do ordenador de despesas e/ou gestor financeiro","2025-09-29",,,"2025NS020309",,,64953
43156,"2025-09-11","2025OP004387",405,5,"OB Enviada à instituição bancária para pagamento","2025-09-12","2025-09-12","2025OB004390","2025NS018196","2025-09-11","2025-09-11",64314
41346,"2025-09-09","2025OP002577",405,5,"OB Enviada à instituição bancária para pagamento","2025-09-09","2025-09-09","2025OB002577","2025NS014745","2025-09-09","2025-09-09",62787
41343,"2025-09-09","2025OP002574",405,5,"OB Enviada à instituição bancária para pagamento","2025-09-09","2025-09-09","2025OB002574","2025NS014742","2025-09-09","2025-09-09",61268
41349,"2025-09-09","2025OP002580",405,5,"OB Enviada à instituição bancária para pagamento","2025-09-09","2025-09-09","2025OB002580","2025NS014748","2025-09-09","2025-09-09",61969
40186,"2025-09-09","2025OP001417",405,5,"OB Enviada à instituição bancária para pagamento","2025-09-09","2025-09-09","2025OB001418","2025NS013585","2025-09-09","2025-09-09",62205
41348,"2025-09-09","2025OP002579",405,5,"OB Enviada à instituição bancária para pagamento","2025-09-09","2025-09-09","2025OB002579","2025NS014747","2025-09-09","2025-09-09",62612
43048,"2025-09-11","2025OP004279",405,5,"OB Enviada à instituição bancária para pagamento","2025-09-12","2025-09-12","2025OB004278","2025NS018088","2025-09-11","2025-09-11",63301
43046,"2025-09-11","2025OP004277",405,5,"OB Enviada à instituição bancária para pagamento","2025-09-12","2025-09-12","2025OB004263","2025NS018086","2025-09-11","2025-09-11",64403
43047,"2025-09-11","2025OP004278",405,5,"OB Enviada à instituição bancária para pagamento","2025-09-12","2025-09-12","2025OB004272","2025NS018087","2025-09-11","2025-09-11",64225
43052,"2025-09-11","2025OP004283",405,5,"OB Enviada à instituição bancária para pagamento","2025-09-12","2025-09-12","2025OB004282","2025NS018092","2025-09-11","2025-09-11",64912
43050,"2025-09-11","2025OP004281",405,5,"OB Enviada à instituição bancária para pagamento","2025-09-12","2025-09-12","2025OB004284","2025NS018090","2025-09-11","2025-09-11",64151
43055,"2025-09-11","2025OP004286",405,5,"OB Enviada à instituição bancária para pagamento","2025-09-12","2025-09-12","2025OB004262","2025NS018095","2025-09-11","2025-09-11",63340
40698,"2025-09-09","2025OP001929",405,5,"OB Enviada à instituição bancária para pagamento","2025-09-09","2025-09-09","2025OB001929","2025NS014097","2025-09-09","2025-09-09",61269
43824,"2025-09-29","2025OP005064",405,3,"Aguardando assinaturas do ordenador de despesas e/ou gestor financeiro","2025-09-29",,,"2025NS020279",,,65296
41344,"2025-09-09","2025OP002575",405,5,"OB Enviada à instituição bancária para pagamento","2025-09-09","2025-09-09","2025OB002575","2025NS014743","2025-09-09","2025-09-09",61970
40696,"2025-09-09","2025OP001927",405,5,"OB Enviada à instituição bancária para pagamento","2025-09-09","2025-09-09","2025OB001927","2025NS014095","2025-09-09","2025-09-09",62160
40691,"2025-09-09","2025OP001922",405,5,"OB Enviada à instituição bancária para pagamento","2025-09-09","2025-09-09","2025OB001922","2025NS014090","2025-09-09","2025-09-09",62375
40694,"2025-09-09","2025OP001925",405,5,"OB Enviada à instituição bancária para pagamento","2025-09-09","2025-09-09","2025OB001925","2025NS014093","2025-09-09","2025-09-09",62449
41754,"2025-09-11","2025OP002985",405,5,"OB Enviada à instituição bancária para pagamento","2025-09-12","2025-09-12","2025OB002975","2025NS016794","2025-09-11","2025-09-11",64266
40690,"2025-09-09","2025OP001921",405,5,"OB Enviada à instituição bancária para pagamento","2025-09-09","2025-09-09","2025OB001921","2025NS014089","2025-09-09","2025-09-09",62557
43667,"2025-09-29","2025OP004907",405,3,"Aguardando assinaturas do ordenador de despesas e/ou gestor financeiro","2025-09-29",,,"2025NS020122",,,65297
40693,"2025-09-09","2025OP001924",405,5,"OB Enviada à instituição bancária para pagamento","2025-09-09","2025-09-09","2025OB001924","2025NS014092","2025-09-09","2025-09-09",62788
40692,"2025-09-09","2025OP001923",405,5,"OB Enviada à instituição bancária para pagamento","2025-09-09","2025-09-09","2025OB001923","2025NS014091","2025-09-09","2025-09-09",62743
40695,"2025-09-09","2025OP001926",405,5,"OB Enviada à instituição bancária para pagamento","2025-09-09","2025-09-09","2025OB001926","2025NS014094","2025-09-09","2025-09-09",60628
39287,"2025-09-09","2025OP000518",405,5,"OB Enviada à instituição bancária para pagamento","2025-09-09","2025-09-09","2025OB000496","2025NS012686","2025-09-09","2025-09-09",61234
39282,"2025-09-09","2025OP000513",405,5,"OB Enviada à instituição bancária para pagamento","2025-09-09","2025-09-09","2025OB000531","2025NS012681","2025-09-09","2025-09-09",61270
39291,"2025-09-09","2025OP000522",405,5,"OB Enviada à instituição bancária para pagamento","2025-09-09","2025-09-09","2025OB000504","2025NS012690","2025-09-09","2025-09-09",61530
39284,"2025-09-09","2025OP000515",405,5,"OB Enviada à instituição bancária para pagamento","2025-09-09","2025-09-09","2025OB000535","2025NS012683","2025-09-09","2025-09-09",62393
39286,"2025-09-09","2025OP000517",405,5,"OB Enviada à instituição bancária para pagamento","2025-09-09","2025-09-09","2025OB000539","2025NS012685","2025-09-09","2025-09-09",62099
39296,"2025-09-09","2025OP000527",405,5,"OB Enviada à instituição bancária para pagamento","2025-09-09","2025-09-09","2025OB000514","2025NS012695","2025-09-09","2025-09-09",62530
39294,"2025-09-09","2025OP000525",405,5,"OB Enviada à instituição bancária para pagamento","2025-09-09","2025-09-09","2025OB000510","2025NS012693","2025-09-09","2025-09-09",62223
39281,"2025-09-09","2025OP000512",405,5,"OB Enviada à instituição bancária para pagamento","2025-09-09","2025-09-09","2025OB000529","2025NS012680","2025-09-09","2025-09-09",62450
39288,"2025-09-09","2025OP000519",405,5,"OB Enviada à instituição bancária para pagamento","2025-09-09","2025-09-09","2025OB000498","2025NS012687","2025-09-09","2025-09-09",62451
41819,"2025-09-11","2025OP003050",405,5,"OB Enviada à instituição bancária para pagamento","2025-09-12","2025-09-12","2025OB003047","2025NS016859","2025-09-11","2025-09-11",63494
41818,"2025-09-11","2025OP003049",405,5,"OB Enviada à instituição bancária para pagamento","2025-09-12","2025-09-12","2025OB003053","2025NS016858","2025-09-11","2025-09-11",63550
39283,"2025-09-09","2025OP000514",405,5,"OB Enviada à instituição bancária para pagamento","2025-09-09","2025-09-09","2025OB000533","2025NS012682","2025-09-09","2025-09-09",60601
41822,"2025-09-11","2025OP003053",405,5,"OB Enviada à instituição bancária para pagamento","2025-09-12","2025-09-12","2025OB003049","2025NS016862","2025-09-11","2025-09-11",63513
41821,"2025-09-11","2025OP003052",405,5,"OB Enviada à instituição bancária para pagamento","2025-09-12","2025-09-12","2025OB003046","2025NS016861","2025-09-11","2025-09-11",64731
41820,"2025-09-11","2025OP003051",405,5,"OB Enviada à instituição bancária para pagamento","2025-09-12","2025-09-12","2025OB003054","2025NS016860","2025-09-11","2025-09-11",63341
43322,"2025-09-29","2025OP004562",405,3,"Aguardando assinaturas do ordenador de despesas e/ou gestor financeiro","2025-09-29",,,"2025NS019777",,,65299
39292,"2025-09-09","2025OP000523",405,5,"OB Enviada à instituição bancária para pagamento","2025-09-09","2025-09-09","2025OB000506","2025NS012691","2025-09-09","2025-09-09",60699
39285,"2025-09-09","2025OP000516",405,5,"OB Enviada à instituição bancária para pagamento","2025-09-09","2025-09-09","2025OB000537","2025NS012684","2025-09-09","2025-09-09",60629
41086,"2025-09-09","2025OP002317",405,5,"OB Enviada à instituição bancária para pagamento","2025-09-09","2025-09-09","2025OB002330","2025NS014485","2025-09-09","2025-09-09",61625
41085,"2025-09-09","2025OP002316",405,5,"OB Enviada à instituição bancária para pagamento","2025-09-09","2025-09-09","2025OB002328","2025NS014484","2025-09-09","2025-09-09",61704
41087,"2025-09-09","2025OP002318",405,5,"OB Enviada à instituição bancária para pagamento","2025-09-09","2025-09-09","2025OB002305","2025NS014486","2025-09-09","2025-09-09",62863
42860,"2025-09-11","2025OP004091",405,5,"OB Enviada à instituição bancária para pagamento","2025-09-12","2025-09-12","2025OB004082","2025NS017900","2025-09-11","2025-09-11",64602
42758,"2025-09-11","2025OP003989",405,5,"OB Enviada à instituição bancária para pagamento","2025-09-12","2025-09-12","2025OB003979","2025NS017798","2025-09-11","2025-09-11",64705
43716,"2025-09-29","2025OP004956",405,3,"Aguardando assinaturas do ordenador de despesas e/ou gestor financeiro","2025-09-29",,,"2025NS020171",,,65298
42862,"2025-09-11","2025OP004093",405,5,"OB Enviada à instituição bancária para pagamento","2025-09-12","2025-09-12","2025OB004108","2025NS017902","2025-09-11","2025-09-11",63500
42759,"2025-09-11","2025OP003990",405,5,"OB Enviada à instituição bancária para pagamento","2025-09-12","2025-09-12","2025OB003978","2025NS017799","2025-09-11","2025-09-11",64026
42863,"2025-09-11","2025OP004094",405,5,"OB Enviada à instituição bancária para pagamento","2025-09-12","2025-09-12","2025OB004095","2025NS017903","2025-09-11","2025-09-11",63540
41088,"2025-09-09","2025OP002319",405,5,"OB Enviada à instituição bancária para pagamento","2025-09-09","2025-09-09","2025OB002307","2025NS014487","2025-09-09","2025-09-09",60589
40110,"2025-09-09","2025OP001341",405,5,"OB Enviada à instituição bancária para pagamento","2025-09-09","2025-09-09","2025OB001341","2025NS013509","2025-09-09","2025-09-09",62103
42298,"2025-09-11","2025OP003529",405,5,"OB Enviada à instituição bancária para pagamento","2025-09-12","2025-09-12","2025OB003520","2025NS017338","2025-09-11","2025-09-11",64080
43703,"2025-09-29","2025OP004943",405,3,"Aguardando assinaturas do ordenador de despesas e/ou gestor financeiro","2025-09-29",,,"2025NS020158",,,64923
43702,"2025-09-29","2025OP004942",405,3,"Aguardando assinaturas do ordenador de despesas e/ou gestor financeiro","2025-09-29",,,"2025NS020157",,,65250
40111,"2025-09-09","2025OP001342",405,5,"OB Enviada à instituição bancária para pagamento","2025-09-09","2025-09-09","2025OB001342","2025NS013510","2025-09-09","2025-09-09",60610
39086,"2025-09-09","2025OP000317",405,5,"OB Enviada à instituição bancária para pagamento","2025-09-09","2025-09-09","2025OB000336","2025NS012485","2025-09-09","2025-09-09",63207
42290,"2025-09-11","2025OP003521",405,5,"OB Enviada à instituição bancária para pagamento","2025-09-12","2025-09-12","2025OB003527","2025NS017330","2025-09-11","2025-09-11",63499
42719,"2025-09-11","2025OP003950",405,5,"OB Enviada à instituição bancária para pagamento","2025-09-12","2025-09-12","2025OB003964","2025NS017759","2025-09-11","2025-09-11",63437
42305,"2025-09-11","2025OP003536",405,5,"OB Enviada à instituição bancária para pagamento","2025-09-12","2025-09-12","2025OB003534","2025NS017345","2025-09-11","2025-09-11",63868
43619,"2025-09-29","2025OP004859",405,3,"Aguardando assinaturas do ordenador de despesas e/ou gestor financeiro","2025-09-29",,,"2025NS020074",,,65151
42304,"2025-09-11","2025OP003535",405,5,"OB Enviada à instituição bancária para pagamento","2025-09-12","2025-09-12","2025OB003539","2025NS017344","2025-09-11","2025-09-11",64123
41729,"2025-09-11","2025OP002960",405,5,"OB Enviada à instituição bancária para pagamento","2025-09-12","2025-09-12","2025OB002956","2025NS016769","2025-09-11","2025-09-11",63923
43283,"2025-09-29","2025OP004523",405,3,"Aguardando assinaturas do ordenador de despesas e/ou gestor financeiro","2025-09-29",,,"2025NS019738",,,65150
39085,"2025-09-09","2025OP000316",405,5,"OB Enviada à instituição bancária para pagamento","2025-09-09","2025-09-09","2025OB000334","2025NS012484","2025-09-09","2025-09-09",62453
41311,"2025-09-09","2025OP002542",405,5,"OB Enviada à instituição bancária para pagamento","2025-09-09","2025-09-09","2025OB002542","2025NS014710","2025-09-09","2025-09-09",62868
39083,"2025-09-09","2025OP000314",405,5,"OB Enviada à instituição bancária para pagamento","2025-09-09","2025-09-09","2025OB000330","2025NS012482","2025-09-09","2025-09-09",62898
39073,"2025-09-09","2025OP000304",405,5,"OB Enviada à instituição bancária para pagamento","2025-09-09","2025-09-09","2025OB000309","2025NS012472","2025-09-09","2025-09-09",63149
43022,"2025-09-11","2025OP004253",405,5,"OB Enviada à instituição bancária para pagamento","2025-09-12","2025-09-12","2025OB004246","2025NS018062","2025-09-11","2025-09-11",64768
43020,"2025-09-11","2025OP004251",405,5,"OB Enviada à instituição bancária para pagamento","2025-09-12","2025-09-12","2025OB004251","2025NS018060","2025-09-11","2025-09-11",63977
43024,"2025-09-11","2025OP004255",405,5,"OB Enviada à instituição bancária para pagamento","2025-09-12","2025-09-12","2025OB004243","2025NS018064","2025-09-11","2025-09-11",63805
43019,"2025-09-11","2025OP004250",405,5,"OB Enviada à instituição bancária para pagamento","2025-09-12","2025-09-12","2025OB004250","2025NS018059","2025-09-11","2025-09-11",64063
43026,"2025-09-11","2025OP004257",405,5,"OB Enviada à instituição bancária para pagamento","2025-09-12","2025-09-12","2025OB004242","2025NS018066","2025-09-11","2025-09-11",64773
43811,"2025-09-29","2025OP005051",405,3,"Aguardando assinaturas do ordenador de despesas e/ou gestor financeiro","2025-09-29",,,"2025NS020266",,,65302
43025,"2025-09-11","2025OP004256",405,5,"OB Enviada à instituição bancária para pagamento","2025-09-12","2025-09-12","2025OB004259","2025NS018065","2025-09-11","2025-09-11",64775
43812,"2025-09-29","2025OP005052",405,3,"Aguardando assinaturas do ordenador de despesas e/ou gestor financeiro","2025-09-29",,,"2025NS020267",,,65303
41310,"2025-09-09","2025OP002541",405,5,"OB Enviada à instituição bancária para pagamento","2025-09-09","2025-09-09","2025OB002541","2025NS014709","2025-09-09","2025-09-09",60757
39635,"2025-09-09","2025OP000866",405,5,"OB Enviada à instituição bancária para pagamento","2025-09-09","2025-09-09","2025OB000866","2025NS013034","2025-09-09","2025-09-09",61301
41283,"2025-09-09","2025OP002514",405,5,"OB Enviada à instituição bancária para pagamento","2025-09-09","2025-09-09","2025OB002529","2025NS014682","2025-09-09","2025-09-09",61375
41312,"2025-09-09","2025OP002543",405,5,"OB Enviada à instituição bancária para pagamento","2025-09-09","2025-09-09","2025OB002543","2025NS014711","2025-09-09","2025-09-09",61538
39636,"2025-09-09","2025OP000867",405,5,"OB Enviada à instituição bancária para pagamento","2025-09-09","2025-09-09","2025OB000867","2025NS013035","2025-09-09","2025-09-09",61623
39639,"2025-09-09","2025OP000870",405,5,"OB Enviada à instituição bancária para pagamento","2025-09-09","2025-09-09","2025OB000870","2025NS013038","2025-09-09","2025-09-09",62674
39640,"2025-09-09","2025OP000871",405,5,"OB Enviada à instituição bancária para pagamento","2025-09-09","2025-09-09","2025OB000871","2025NS013039","2025-09-09","2025-09-09",62794
39638,"2025-09-09","2025OP000869",405,5,"OB Enviada à instituição bancária para pagamento","2025-09-09","2025-09-09","2025OB000869","2025NS013037","2025-09-09","2025-09-09",62869
42272,"2025-09-11","2025OP003503",405,5,"OB Enviada à instituição bancária para pagamento","2025-09-12","2025-09-12","2025OB003493","2025NS017312","2025-09-11","2025-09-11",63451
43004,"2025-09-11","2025OP004235",405,5,"OB Enviada à instituição bancária para pagamento","2025-09-12","2025-09-12","2025OB004214","2025NS018044","2025-09-11","2025-09-11",63924
42041,"2025-09-11","2025OP003272",405,5,"OB Enviada à instituição bancária para pagamento","2025-09-12","2025-09-12","2025OB003277","2025NS017081","2025-09-11","2025-09-11",63835
42037,"2025-09-11","2025OP003268",405,5,"OB Enviada à instituição bancária para pagamento","2025-09-12","2025-09-12","2025OB003265","2025NS017077","2025-09-11","2025-09-11",63871
43005,"2025-09-11","2025OP004236",405,5,"OB Enviada à instituição bancária para pagamento","2025-09-12","2025-09-12","2025OB004237","2025NS018045","2025-09-11","2025-09-11",63953
42040,"2025-09-11","2025OP003271",405,5,"OB Enviada à instituição bancária para pagamento","2025-09-12","2025-09-12","2025OB003272","2025NS017080","2025-09-11","2025-09-11",64715
42039,"2025-09-11","2025OP003270",405,5,"OB Enviada à instituição bancária para pagamento","2025-09-12","2025-09-12","2025OB003269","2025NS017079","2025-09-11","2025-09-11",64189
39637,"2025-09-09","2025OP000868",405,5,"OB Enviada à instituição bancária para pagamento","2025-09-09","2025-09-09","2025OB000868","2025NS013036","2025-09-09","2025-09-09",60715
39354,"2025-09-09","2025OP000585",405,5,"OB Enviada à instituição bancária para pagamento","2025-09-09","2025-09-09","2025OB000585","2025NS012753","2025-09-09","2025-09-09",61880
38936,"2025-09-09","2025OP000167",405,5,"OB Enviada à instituição bancária para pagamento","2025-09-09","2025-09-09","2025OB000167","2025NS012335","2025-09-09","2025-09-09",62796
38939,"2025-09-09","2025OP000170",405,5,"OB Enviada à instituição bancária para pagamento","2025-09-09","2025-09-09","2025OB000170","2025NS012338","2025-09-09","2025-09-09",62897
41626,"2025-09-11","2025OP002857",405,5,"OB Enviada à instituição bancária para pagamento","2025-09-12","2025-09-12","2025OB002847","2025NS016666","2025-09-11","2025-09-11",63503
38933,"2025-09-09","2025OP000164",405,5,"OB Enviada à instituição bancária para pagamento","2025-09-09","2025-09-09","2025OB000164","2025NS012332","2025-09-09","2025-09-09",63123
42857,"2025-09-11","2025OP004088",405,5,"OB Enviada à instituição bancária para pagamento","2025-09-12","2025-09-12","2025OB004079","2025NS017897","2025-09-11","2025-09-11",64819
41627,"2025-09-11","2025OP002858",405,5,"OB Enviada à instituição bancária para pagamento","2025-09-12","2025-09-12","2025OB002861","2025NS016667","2025-09-11","2025-09-11",63622
41628,"2025-09-11","2025OP002859",405,5,"OB Enviada à instituição bancária para pagamento","2025-09-12","2025-09-12","2025OB002871","2025NS016668","2025-09-11","2025-09-11",63625
42111,"2025-09-11","2025OP003342",405,5,"OB Enviada à instituição bancária para pagamento","2025-09-12","2025-09-12","2025OB003357","2025NS017151","2025-09-11","2025-09-11",64153
39204,"2025-09-09","2025OP000435",405,5,"OB Enviada à instituição bancária para pagamento","2025-09-09","2025-09-09","2025OB000435","2025NS012603","2025-09-09","2025-09-09",61435
39208,"2025-09-09","2025OP000439",405,5,"OB Enviada à instituição bancária para pagamento","2025-09-09","2025-09-09","2025OB000439","2025NS012607","2025-09-09","2025-09-09",61436
39205,"2025-09-09","2025OP000436",405,5,"OB Enviada à instituição bancária para pagamento","2025-09-09","2025-09-09","2025OB000436","2025NS012604","2025-09-09","2025-09-09",62365
39207,"2025-09-09","2025OP000438",405,5,"OB Enviada à instituição bancária para pagamento","2025-09-09","2025-09-09","2025OB000438","2025NS012606","2025-09-09","2025-09-09",62870
39209,"2025-09-09","2025OP000440",405,5,"OB Enviada à instituição bancária para pagamento","2025-09-09","2025-09-09","2025OB000440","2025NS012608","2025-09-09","2025-09-09",63164
39206,"2025-09-09","2025OP000437",405,5,"OB Enviada à instituição bancária para pagamento","2025-09-09","2025-09-09","2025OB000437","2025NS012605","2025-09-09","2025-09-09",63243
41783,"2025-09-11","2025OP003014",405,5,"OB Enviada à instituição bancária para pagamento","2025-09-12","2025-09-12","2025OB003015","2025NS016823","2025-09-11","2025-09-11",63649
41782,"2025-09-11","2025OP003013",405,5,"OB Enviada à instituição bancária para pagamento","2025-09-12","2025-09-12","2025OB003004","2025NS016822","2025-09-11","2025-09-11",63811
41779,"2025-09-11","2025OP003010",405,5,"OB Enviada à instituição bancária para pagamento","2025-09-12","2025-09-12","2025OB003010","2025NS016819","2025-09-11","2025-09-11",63667
43310,"2025-09-29","2025OP004550",405,3,"Aguardando assinaturas do ordenador de despesas e/ou gestor financeiro","2025-09-29",,,"2025NS019765",,,65304
43546,"2025-09-29","2025OP004786",405,3,"Aguardando assinaturas do ordenador de despesas e/ou gestor financeiro","2025-09-29",,,"2025NS020001",,,64971
41383,"2025-09-09","2025OP002614",405,5,"OB Enviada à instituição bancária para pagamento","2025-09-09","2025-09-09","2025OB002614","2025NS014782","2025-09-09","2025-09-09",60999
41382,"2025-09-09","2025OP002613",405,5,"OB Enviada à instituição bancária para pagamento","2025-09-09","2025-09-09","2025OB002613","2025NS014781","2025-09-09","2025-09-09",61001
41363,"2025-09-09","2025OP002594",405,5,"OB Enviada à instituição bancária para pagamento","2025-09-09","2025-09-09","2025OB002594","2025NS014762","2025-09-09","2025-09-09",61115
41385,"2025-09-09","2025OP002616",405,5,"OB Enviada à instituição bancária para pagamento","2025-09-09","2025-09-09","2025OB002616","2025NS014784","2025-09-09","2025-09-09",61122
41375,"2025-09-09","2025OP002606",405,5,"OB Enviada à instituição bancária para pagamento","2025-09-09","2025-09-09","2025OB002606","2025NS014774","2025-09-09","2025-09-09",62527
43064,"2025-09-11","2025OP004295",405,5,"OB Enviada à instituição bancária para pagamento","2025-09-12","2025-09-12","2025OB004301","2025NS018104","2025-09-11","2025-09-11",63495
41376,"2025-09-09","2025OP002607",405,5,"OB Enviada à instituição bancária para pagamento","2025-09-09","2025-09-09","2025OB002607","2025NS014775","2025-09-09","2025-09-09",61370
41371,"2025-09-09","2025OP002602",405,5,"OB Enviada à instituição bancária para pagamento","2025-09-09","2025-09-09","2025OB002602","2025NS014770","2025-09-09","2025-09-09",61542
41462,"2025-09-09","2025OP002693",405,5,"OB Enviada à instituição bancária para pagamento","2025-09-09","2025-09-09","2025OB002693","2025NS014861","2025-09-09","2025-09-09",62871
41367,"2025-09-09","2025OP002598",405,5,"OB Enviada à instituição bancária para pagamento","2025-09-09","2025-09-09","2025OB002598","2025NS014766","2025-09-09","2025-09-09",61622
41374,"2025-09-09","2025OP002605",405,5,"OB Enviada à instituição bancária para pagamento","2025-09-09","2025-09-09","2025OB002605","2025NS014773","2025-09-09","2025-09-09",61546
43062,"2025-09-11","2025OP004293",405,5,"OB Enviada à instituição bancária para pagamento","2025-09-12","2025-09-12","2025OB004306","2025NS018102","2025-09-11","2025-09-11",64682
41369,"2025-09-09","2025OP002600",405,5,"OB Enviada à instituição bancária para pagamento","2025-09-09","2025-09-09","2025OB002600","2025NS014768","2025-09-09","2025-09-09",62798
41384,"2025-09-09","2025OP002615",405,5,"OB Enviada à instituição bancária para pagamento","2025-09-09","2025-09-09","2025OB002615","2025NS014783","2025-09-09","2025-09-09",61829
41377,"2025-09-09","2025OP002608",405,5,"OB Enviada à instituição bancária para pagamento","2025-09-09","2025-09-09","2025OB002608","2025NS014776","2025-09-09","2025-09-09",61620
41379,"2025-09-09","2025OP002610",405,5,"OB Enviada à instituição bancária para pagamento","2025-09-09","2025-09-09","2025OB002610","2025NS014778","2025-09-09","2025-09-09",63083
41368,"2025-09-09","2025OP002599",405,5,"OB Enviada à instituição bancária para pagamento","2025-09-09","2025-09-09","2025OB002599","2025NS014767","2025-09-09","2025-09-09",63122
41463,"2025-09-09","2025OP002694",405,5,"OB Enviada à instituição bancária para pagamento","2025-09-09","2025-09-09","2025OB002694","2025NS014862","2025-09-09","2025-09-09",63086
43123,"2025-09-11","2025OP004354",405,5,"OB Enviada à instituição bancária para pagamento","2025-09-12","2025-09-12","2025OB004353","2025NS018163","2025-09-11","2025-09-11",64049
43065,"2025-09-11","2025OP004296",405,5,"OB Enviada à instituição bancária para pagamento","2025-09-12","2025-09-12","2025OB004309","2025NS018105","2025-09-11","2025-09-11",63539
43122,"2025-09-11","2025OP004353",405,5,"OB Enviada à instituição bancária para pagamento","2025-09-12","2025-09-12","2025OB004336","2025NS018162","2025-09-11","2025-09-11",63872
43066,"2025-09-11","2025OP004297",405,5,"OB Enviada à instituição bancária para pagamento","2025-09-12","2025-09-12","2025OB004289","2025NS018106","2025-09-11","2025-09-11",64064
41427,"2025-09-09","2025OP002658",405,5,"OB Enviada à instituição bancária para pagamento","2025-09-09","2025-09-09","2025OB002658","2025NS014826","2025-09-09","2025-09-09",61334
43386,"2025-09-29","2025OP004626",405,3,"Aguardando assinaturas do ordenador de despesas e/ou gestor financeiro","2025-09-29",,,"2025NS019841",,,64925
41425,"2025-09-09","2025OP002656",405,5,"OB Enviada à instituição bancária para pagamento","2025-09-09","2025-09-09","2025OB002656","2025NS014824","2025-09-09","2025-09-09",62088
41424,"2025-09-09","2025OP002655",405,5,"OB Enviada à instituição bancária para pagamento","2025-09-09","2025-09-09","2025OB002655","2025NS014823","2025-09-09","2025-09-09",62370
41381,"2025-09-09","2025OP002612",405,5,"OB Enviada à instituição bancária para pagamento","2025-09-09","2025-09-09","2025OB002612","2025NS014780","2025-09-09","2025-09-09",62454
41360,"2025-09-09","2025OP002591",405,5,"OB Enviada à instituição bancária para pagamento","2025-09-09","2025-09-09","2025OB002591","2025NS014759","2025-09-09","2025-09-09",62637
43100,"2025-09-11","2025OP004331",405,5,"OB Enviada à instituição bancária para pagamento","2025-09-12","2025-09-12","2025OB004316","2025NS018140","2025-09-11","2025-09-11",64759
41421,"2025-09-09","2025OP002652",405,5,"OB Enviada à instituição bancária para pagamento","2025-09-09","2025-09-09","2025OB002652","2025NS014820","2025-09-09","2025-09-09",62802
43103,"2025-09-11","2025OP004334",405,5,"OB Enviada à instituição bancária para pagamento","2025-09-12","2025-09-12","2025OB004335","2025NS018143","2025-09-11","2025-09-11",64797
41422,"2025-09-09","2025OP002653",405,5,"OB Enviada à instituição bancária para pagamento","2025-09-09","2025-09-09","2025OB002653","2025NS014821","2025-09-09","2025-09-09",62855
41380,"2025-09-09","2025OP002611",405,5,"OB Enviada à instituição bancária para pagamento","2025-09-09","2025-09-09","2025OB002611","2025NS014779","2025-09-09","2025-09-09",62638
43101,"2025-09-11","2025OP004332",405,5,"OB Enviada à instituição bancária para pagamento","2025-09-12","2025-09-12","2025OB004331","2025NS018141","2025-09-11","2025-09-11",63480
41426,"2025-09-09","2025OP002657",405,5,"OB Enviada à instituição bancária para pagamento","2025-09-09","2025-09-09","2025OB002657","2025NS014825","2025-09-09","2025-09-09",62920
41365,"2025-09-09","2025OP002596",405,5,"OB Enviada à instituição bancária para pagamento","2025-09-09","2025-09-09","2025OB002596","2025NS014764","2025-09-09","2025-09-09",63228
43104,"2025-09-11","2025OP004335",405,5,"OB Enviada à instituição bancária para pagamento","2025-09-12","2025-09-12","2025OB004345","2025NS018144","2025-09-11","2025-09-11",63543
43102,"2025-09-11","2025OP004333",405,5,"OB Enviada à instituição bancária para pagamento","2025-09-12","2025-09-12","2025OB004338","2025NS018142","2025-09-11","2025-09-11",64825
41366,"2025-09-09","2025OP002597",405,5,"OB Enviada à instituição bancária para pagamento","2025-09-09","2025-09-09","2025OB002597","2025NS014765","2025-09-09","2025-09-09",60729
40721,"2025-09-09","2025OP001952",405,5,"OB Enviada à instituição bancária para pagamento","2025-09-09","2025-09-09","2025OB001952","2025NS014120","2025-09-09","2025-09-09",61652
40881,"2025-09-09","2025OP002112",405,5,"OB Enviada à instituição bancária para pagamento","2025-09-09","2025-09-09","2025OB002112","2025NS014280","2025-09-09","2025-09-09",61834
40882,"2025-09-09","2025OP002113",405,5,"OB Enviada à instituição bancária para pagamento","2025-09-09","2025-09-09","2025OB002113","2025NS014281","2025-09-09","2025-09-09",63106
39905,"2025-09-09","2025OP001136",405,5,"OB Enviada à instituição bancária para pagamento","2025-09-09","2025-09-09","2025OB001136","2025NS013304","2025-09-09","2025-09-09",62410
42727,"2025-09-11","2025OP003958",405,5,"OB Enviada à instituição bancária para pagamento","2025-09-12","2025-09-12","2025OB003943","2025NS017767","2025-09-11","2025-09-11",64829
42725,"2025-09-11","2025OP003956",405,5,"OB Enviada à instituição bancária para pagamento","2025-09-12","2025-09-12","2025OB003948","2025NS017765","2025-09-11","2025-09-11",64171
42728,"2025-09-11","2025OP003959",405,5,"OB Enviada à instituição bancária para pagamento","2025-09-12","2025-09-12","2025OB003962","2025NS017768","2025-09-11","2025-09-11",64897
43676,"2025-09-29","2025OP004916",405,3,"Aguardando assinaturas do ordenador de despesas e/ou gestor financeiro","2025-09-29",,,"2025NS020131",,,65306
42726,"2025-09-11","2025OP003957",405,5,"OB Enviada à instituição bancária para pagamento","2025-09-12","2025-09-12","2025OB003955","2025NS017766","2025-09-11","2025-09-11",63602
43704,"2025-09-29","2025OP004944",405,3,"Aguardando assinaturas do ordenador de despesas e/ou gestor financeiro","2025-09-29",,,"2025NS020159",,,65305
43705,"2025-09-29","2025OP004945",405,3,"Aguardando assinaturas do ordenador de despesas e/ou gestor financeiro","2025-09-29",,,"2025NS020160",,,64924
40456,"2025-09-09","2025OP001687",405,5,"OB Enviada à instituição bancária para pagamento","2025-09-09","2025-09-09","2025OB001687","2025NS013855","2025-09-09","2025-09-09",61911
42462,"2025-09-11","2025OP003693",405,5,"OB Enviada à instituição bancária para pagamento","2025-09-12","2025-09-12","2025OB003695","2025NS017502","2025-09-11","2025-09-11",64637
40457,"2025-09-09","2025OP001688",405,5,"OB Enviada à instituição bancária para pagamento","2025-09-09","2025-09-09","2025OB001688","2025NS013856","2025-09-09","2025-09-09",61912
40460,"2025-09-09","2025OP001691",405,5,"OB Enviada à instituição bancária para pagamento","2025-09-09","2025-09-09","2025OB001691","2025NS013859","2025-09-09","2025-09-09",62389
42461,"2025-09-11","2025OP003692",405,5,"OB Enviada à instituição bancária para pagamento","2025-09-12","2025-09-12","2025OB003687","2025NS017501","2025-09-11","2025-09-11",63914
40459,"2025-09-09","2025OP001690",405,5,"OB Enviada à instituição bancária para pagamento","2025-09-09","2025-09-09","2025OB001690","2025NS013858","2025-09-09","2025-09-09",62723
40455,"2025-09-09","2025OP001686",405,5,"OB Enviada à instituição bancária para pagamento","2025-09-09","2025-09-09","2025OB001686","2025NS013854","2025-09-09","2025-09-09",62944
43612,"2025-09-29","2025OP004852",405,3,"Aguardando assinaturas do ordenador de despesas e/ou gestor financeiro","2025-09-29",,,"2025NS020067",,,64973
42729,"2025-09-11","2025OP003960",405,5,"OB Enviada à instituição bancária para pagamento","2025-09-12","2025-09-12","2025OB003956","2025NS017769","2025-09-11","2025-09-11",64065
42463,"2025-09-11","2025OP003694",405,5,"OB Enviada à instituição bancária para pagamento","2025-09-12","2025-09-12","2025OB003686","2025NS017503","2025-09-11","2025-09-11",64564
42460,"2025-09-11","2025OP003691",405,5,"OB Enviada à instituição bancária para pagamento","2025-09-12","2025-09-12","2025OB003694","2025NS017500","2025-09-11","2025-09-11",64767
40461,"2025-09-09","2025OP001692",405,5,"OB Enviada à instituição bancária para pagamento","2025-09-09","2025-09-09","2025OB001692","2025NS013860","2025-09-09","2025-09-09",60730
39907,"2025-09-09","2025OP001138",405,5,"OB Enviada à instituição bancária para pagamento","2025-09-09","2025-09-09","2025OB001138","2025NS013306","2025-09-09","2025-09-09",62455
39909,"2025-09-09","2025OP001140",405,5,"OB Enviada à instituição bancária para pagamento","2025-09-09","2025-09-09","2025OB001140","2025NS013308","2025-09-09","2025-09-09",62704
41753,"2025-09-11","2025OP002984",405,5,"OB Enviada à instituição bancária para pagamento","2025-09-12","2025-09-12","2025OB002982","2025NS016793","2025-09-11","2025-09-11",63409
42199,"2025-09-11","2025OP003430",405,5,"OB Enviada à instituição bancária para pagamento","2025-09-12","2025-09-12","2025OB003432","2025NS017239","2025-09-11","2025-09-11",64035
42197,"2025-09-11","2025OP003428",405,5,"OB Enviada à instituição bancária para pagamento","2025-09-12","2025-09-12","2025OB003426","2025NS017237","2025-09-11","2025-09-11",64070
42198,"2025-09-11","2025OP003429",405,5,"OB Enviada à instituição bancária para pagamento","2025-09-12","2025-09-12","2025OB003420","2025NS017238","2025-09-11","2025-09-11",64658
39904,"2025-09-09","2025OP001135",405,5,"OB Enviada à instituição bancária para pagamento","2025-09-09","2025-09-09","2025OB001135","2025NS013303","2025-09-09","2025-09-09",60678
40034,"2025-09-09","2025OP001265",405,5,"OB Enviada à instituição bancária para pagamento","2025-09-09","2025-09-09","2025OB001265","2025NS013433","2025-09-09","2025-09-09",61189
43512,"2025-09-29","2025OP004752",405,3,"Aguardando assinaturas do ordenador de despesas e/ou gestor financeiro","2025-09-29",,,"2025NS019967",,,65310
40033,"2025-09-09","2025OP001264",405,5,"OB Enviada à instituição bancária para pagamento","2025-09-09","2025-09-09","2025OB001264","2025NS013432","2025-09-09","2025-09-09",61190
40031,"2025-09-09","2025OP001262",405,5,"OB Enviada à instituição bancária para pagamento","2025-09-09","2025-09-09","2025OB001262","2025NS013430","2025-09-09","2025-09-09",61236
39152,"2025-09-09","2025OP000383",405,5,"OB Enviada à instituição bancária para pagamento","2025-09-09","2025-09-09","2025OB000383","2025NS012551","2025-09-09","2025-09-09",61367
42273,"2025-09-11","2025OP003504",405,5,"OB Enviada à instituição bancária para pagamento","2025-09-12","2025-09-12","2025OB003511","2025NS017313","2025-09-11","2025-09-11",63562
43289,"2025-09-29","2025OP004529",405,3,"Aguardando assinaturas do ordenador de despesas e/ou gestor financeiro","2025-09-29",,,"2025NS019744",,,65308
42274,"2025-09-11","2025OP003505",405,5,"OB Enviada à instituição bancária para pagamento","2025-09-12","2025-09-12","2025OB003499","2025NS017314","2025-09-11","2025-09-11",64834
43288,"2025-09-29","2025OP004528",405,3,"Aguardando assinaturas do ordenador de despesas e/ou gestor financeiro","2025-09-29",,,"2025NS019743",,,65309
40032,"2025-09-09","2025OP001263",405,5,"OB Enviada à instituição bancária para pagamento","2025-09-09","2025-09-09","2025OB001263","2025NS013431","2025-09-09","2025-09-09",60731
42900,"2025-09-11","2025OP004131",405,5,"OB Enviada à instituição bancária para pagamento","2025-09-12","2025-09-12","2025OB004131","2025NS017940","2025-09-11","2025-09-11",64107
42901,"2025-09-11","2025OP004132",405,5,"OB Enviada à instituição bancária para pagamento","2025-09-12","2025-09-12","2025OB004124","2025NS017941","2025-09-11","2025-09-11",63605
43777,"2025-09-29","2025OP005017",405,3,"Aguardando assinaturas do ordenador de despesas e/ou gestor financeiro","2025-09-29",,,"2025NS020232",,,65045
43589,"2025-09-29","2025OP004829",405,3,"Aguardando assinaturas do ordenador de despesas e/ou gestor financeiro","2025-09-29",,,"2025NS020044",,,65073
43871,"2025-09-29","2025OP005111",405,3,"Aguardando assinaturas do ordenador de despesas e/ou gestor financeiro","2025-09-29",,,"2025NS020326",,,65076
42898,"2025-09-11","2025OP004129",405,5,"OB Enviada à instituição bancária para pagamento","2025-09-12","2025-09-12","2025OB004141","2025NS017938","2025-09-11","2025-09-11",64891
39831,"2025-09-09","2025OP001062",405,5,"OB Enviada à instituição bancária para pagamento","2025-09-09","2025-09-09","2025OB001062","2025NS013230","2025-09-09","2025-09-09",61797
40279,"2025-09-09","2025OP001510",405,5,"OB Enviada à instituição bancária para pagamento","2025-09-09","2025-09-09","2025OB001510","2025NS013678","2025-09-09","2025-09-09",62089
40280,"2025-09-09","2025OP001511",405,5,"OB Enviada à instituição bancária para pagamento","2025-09-09","2025-09-09","2025OB001511","2025NS013679","2025-09-09","2025-09-09",62923
42374,"2025-09-11","2025OP003605",405,5,"OB Enviada à instituição bancária para pagamento","2025-09-12","2025-09-12","2025OB003613","2025NS017414","2025-09-11","2025-09-11",64711
42372,"2025-09-11","2025OP003603",405,5,"OB Enviada à instituição bancária para pagamento","2025-09-12","2025-09-12","2025OB003614","2025NS017412","2025-09-11","2025-09-11",63877
43555,"2025-09-29","2025OP004795",405,3,"Aguardando assinaturas do ordenador de despesas e/ou gestor financeiro","2025-09-29",,,"2025NS020010",,,65311
42375,"2025-09-11","2025OP003606",405,5,"OB Enviada à instituição bancária para pagamento","2025-09-12","2025-09-12","2025OB003603","2025NS017415","2025-09-11","2025-09-11",64671
43554,"2025-09-29","2025OP004794",405,3,"Aguardando assinaturas do ordenador de despesas e/ou gestor financeiro","2025-09-29",,,"2025NS020009",,,65313
40283,"2025-09-09","2025OP001514",405,5,"OB Enviada à instituição bancária para pagamento","2025-09-09","2025-09-09","2025OB001514","2025NS013682","2025-09-09","2025-09-09",61363
40541,"2025-09-09","2025OP001772",405,5,"OB Enviada à instituição bancária para pagamento","2025-09-09","2025-09-09","2025OB001772","2025NS013940","2025-09-09","2025-09-09",61437
40282,"2025-09-09","2025OP001513",405,5,"OB Enviada à instituição bancária para pagamento","2025-09-09","2025-09-09","2025OB001513","2025NS013681","2025-09-09","2025-09-09",61838
40281,"2025-09-09","2025OP001512",405,5,"OB Enviada à instituição bancária para pagamento","2025-09-09","2025-09-09","2025OB001512","2025NS013680","2025-09-09","2025-09-09",62456
41824,"2025-09-11","2025OP003055",405,5,"OB Enviada à instituição bancária para pagamento","2025-09-12","2025-09-12","2025OB003056","2025NS016864","2025-09-11","2025-09-11",64495
43636,"2025-09-29","2025OP004876",405,3,"Aguardando assinaturas do ordenador de despesas e/ou gestor financeiro","2025-09-29",,,"2025NS020091",,,65222
42373,"2025-09-11","2025OP003604",405,5,"OB Enviada à instituição bancária para pagamento","2025-09-12","2025-09-12","2025OB003599","2025NS017413","2025-09-11","2025-09-11",63867
42528,"2025-09-11","2025OP003759",405,5,"OB Enviada à instituição bancária para pagamento","2025-09-12","2025-09-12","2025OB003766","2025NS017568","2025-09-11","2025-09-11",64103
40322,"2025-09-09","2025OP001553",405,5,"OB Enviada à instituição bancária para pagamento","2025-09-09","2025-09-09","2025OB001553","2025NS013721","2025-09-09","2025-09-09",61377
40323,"2025-09-09","2025OP001554",405,5,"OB Enviada à instituição bancária para pagamento","2025-09-09","2025-09-09","2025OB001554","2025NS013722","2025-09-09","2025-09-09",61544
39300,"2025-09-09","2025OP000531",405,5,"OB Enviada à instituição bancária para pagamento","2025-09-09","2025-09-09","2025OB000522","2025NS012699","2025-09-09","2025-09-09",62224
40854,"2025-09-09","2025OP002085",405,5,"OB Enviada à instituição bancária para pagamento","2025-09-09","2025-09-09","2025OB002085","2025NS014253","2025-09-09","2025-09-09",62494
42155,"2025-09-11","2025OP003386",405,5,"OB Enviada à instituição bancária para pagamento","2025-09-12","2025-09-12","2025OB003403","2025NS017195","2025-09-11","2025-09-11",64043
40850,"2025-09-09","2025OP002081",405,5,"OB Enviada à instituição bancária para pagamento","2025-09-09","2025-09-09","2025OB002081","2025NS014249","2025-09-09","2025-09-09",63186
42832,"2025-09-11","2025OP004063",405,5,"OB Enviada à instituição bancária para pagamento","2025-09-12","2025-09-12","2025OB004040","2025NS017872","2025-09-11","2025-09-11",64104
42395,"2025-09-11","2025OP003626",405,5,"OB Enviada à instituição bancária para pagamento","2025-09-12","2025-09-12","2025OB003631","2025NS017435","2025-09-11","2025-09-11",64700
43759,"2025-09-29","2025OP004999",405,3,"Aguardando assinaturas do ordenador de despesas e/ou gestor financeiro","2025-09-29",,,"2025NS020214",,,64960
43582,"2025-09-29","2025OP004822",405,3,"Aguardando assinaturas do ordenador de despesas e/ou gestor financeiro","2025-09-29",,,"2025NS020037",,,65314
40671,"2025-09-09","2025OP001902",405,5,"OB Enviada à instituição bancária para pagamento","2025-09-09","2025-09-09","2025OB001902","2025NS014070","2025-09-09","2025-09-09",62823
42833,"2025-09-11","2025OP004064",405,5,"OB Enviada à instituição bancária para pagamento","2025-09-12","2025-09-12","2025OB004064","2025NS017873","2025-09-11","2025-09-11",64021
42394,"2025-09-11","2025OP003625",405,5,"OB Enviada à instituição bancária para pagamento","2025-09-12","2025-09-12","2025OB003635","2025NS017434","2025-09-11","2025-09-11",64105
41323,"2025-09-09","2025OP002554",405,5,"OB Enviada à instituição bancária para pagamento","2025-09-09","2025-09-09","2025OB002554","2025NS014722","2025-09-09","2025-09-09",61378
41320,"2025-09-09","2025OP002551",405,5,"OB Enviada à instituição bancária para pagamento","2025-09-09","2025-09-09","2025OB002551","2025NS014719","2025-09-09","2025-09-09",62748
41321,"2025-09-09","2025OP002552",405,5,"OB Enviada à instituição bancária para pagamento","2025-09-09","2025-09-09","2025OB002552","2025NS014720","2025-09-09","2025-09-09",62760
41319,"2025-09-09","2025OP002550",405,5,"OB Enviada à instituição bancária para pagamento","2025-09-09","2025-09-09","2025OB002550","2025NS014718","2025-09-09","2025-09-09",62769
41318,"2025-09-09","2025OP002549",405,5,"OB Enviada à instituição bancária para pagamento","2025-09-09","2025-09-09","2025OB002549","2025NS014717","2025-09-09","2025-09-09",62817
41324,"2025-09-09","2025OP002555",405,5,"OB Enviada à instituição bancária para pagamento","2025-09-09","2025-09-09","2025OB002555","2025NS014723","2025-09-09","2025-09-09",62958
43030,"2025-09-11","2025OP004261",405,5,"OB Enviada à instituição bancária para pagamento","2025-09-12","2025-09-12","2025OB004241","2025NS018070","2025-09-11","2025-09-11",63541
43031,"2025-09-11","2025OP004262",405,5,"OB Enviada à instituição bancária para pagamento","2025-09-12","2025-09-12","2025OB004281","2025NS018071","2025-09-11","2025-09-11",63881
43131,"2025-09-11","2025OP004362",405,5,"OB Enviada à instituição bancária para pagamento","2025-09-12","2025-09-12","2025OB004379","2025NS018171","2025-09-11","2025-09-11",64757
40001,"2025-09-09","2025OP001232",405,5,"OB Enviada à instituição bancária para pagamento","2025-09-09","2025-09-09","2025OB001230","2025NS013400","2025-09-09","2025-09-09",61362
39998,"2025-09-09","2025OP001229",405,5,"OB Enviada à instituição bancária para pagamento","2025-09-09","2025-09-09","2025OB001224","2025NS013397","2025-09-09","2025-09-09",61616
40000,"2025-09-09","2025OP001231",405,5,"OB Enviada à instituição bancária para pagamento","2025-09-09","2025-09-09","2025OB001228","2025NS013399","2025-09-09","2025-09-09",61490
43506,"2025-09-29","2025OP004746",405,3,"Aguardando assinaturas do ordenador de despesas e/ou gestor financeiro","2025-09-29",,,"2025NS019961",,,65317
42549,"2025-09-11","2025OP003780",405,5,"OB Enviada à instituição bancária para pagamento","2025-09-12","2025-09-12","2025OB003790","2025NS017589","2025-09-11","2025-09-11",63706
39997,"2025-09-09","2025OP001228",405,5,"OB Enviada à instituição bancária para pagamento","2025-09-09","2025-09-09","2025OB001222","2025NS013396","2025-09-09","2025-09-09",62457
39999,"2025-09-09","2025OP001230",405,5,"OB Enviada à instituição bancária para pagamento","2025-09-09","2025-09-09","2025OB001226","2025NS013398","2025-09-09","2025-09-09",62458
40004,"2025-09-09","2025OP001235",405,5,"OB Enviada à instituição bancária para pagamento","2025-09-09","2025-09-09","2025OB001235","2025NS013403","2025-09-09","2025-09-09",62459
42250,"2025-09-11","2025OP003481",405,5,"OB Enviada à instituição bancária para pagamento","2025-09-12","2025-09-12","2025OB003465","2025NS017290","2025-09-11","2025-09-11",63766
39880,"2025-09-09","2025OP001111",405,5,"OB Enviada à instituição bancária para pagamento","2025-09-09","2025-09-09","2025OB001115","2025NS013279","2025-09-09","2025-09-09",62190
40932,"2025-09-09","2025OP002163",405,5,"OB Enviada à instituição bancária para pagamento","2025-09-09","2025-09-09","2025OB002163","2025NS014331","2025-09-09","2025-09-09",62460
40934,"2025-09-09","2025OP002165",405,5,"OB Enviada à instituição bancária para pagamento","2025-09-09","2025-09-09","2025OB002165","2025NS014333","2025-09-09","2025-09-09",62461
40003,"2025-09-09","2025OP001234",405,5,"OB Enviada à instituição bancária para pagamento","2025-09-09","2025-09-09","2025OB001234","2025NS013402","2025-09-09","2025-09-09",62873
40930,"2025-09-09","2025OP002161",405,5,"OB Enviada à instituição bancária para pagamento","2025-09-09","2025-09-09","2025OB002161","2025NS014329","2025-09-09","2025-09-09",63087
43508,"2025-09-29","2025OP004748",405,3,"Aguardando assinaturas do ordenador de despesas e/ou gestor financeiro","2025-09-29",,,"2025NS019963",,,65029
43722,"2025-09-29","2025OP004962",405,3,"Aguardando assinaturas do ordenador de despesas e/ou gestor financeiro","2025-09-29",,,"2025NS020177",,,65320
40931,"2025-09-09","2025OP002162",405,5,"OB Enviada à instituição bancária para pagamento","2025-09-09","2025-09-09","2025OB002162","2025NS014330","2025-09-09","2025-09-09",63088
42775,"2025-09-11","2025OP004006",405,5,"OB Enviada à instituição bancária para pagamento","2025-09-12","2025-09-12","2025OB004007","2025NS017815","2025-09-11","2025-09-11",63544
42183,"2025-09-11","2025OP003414",405,5,"OB Enviada à instituição bancária para pagamento","2025-09-12","2025-09-12","2025OB003413","2025NS017223","2025-09-11","2025-09-11",64396
43652,"2025-09-29","2025OP004892",405,3,"Aguardando assinaturas do ordenador de despesas e/ou gestor financeiro","2025-09-29",,,"2025NS020107",,,65321
39884,"2025-09-09","2025OP001115",405,5,"OB Enviada à instituição bancária para pagamento","2025-09-09","2025-09-09","2025OB001123","2025NS013283","2025-09-09","2025-09-09",61369
39886,"2025-09-09","2025OP001117",405,5,"OB Enviada à instituição bancária para pagamento","2025-09-09","2025-09-09","2025OB001127","2025NS013285","2025-09-09","2025-09-09",61371
39885,"2025-09-09","2025OP001116",405,5,"OB Enviada à instituição bancária para pagamento","2025-09-09","2025-09-09","2025OB001125","2025NS013284","2025-09-09","2025-09-09",61614
39887,"2025-09-09","2025OP001118",405,5,"OB Enviada à instituição bancária para pagamento","2025-09-09","2025-09-09","2025OB001108","2025NS013286","2025-09-09","2025-09-09",61615
39888,"2025-09-09","2025OP001119",405,5,"OB Enviada à instituição bancária para pagamento","2025-09-09","2025-09-09","2025OB001110","2025NS013287","2025-09-09","2025-09-09",62037
39893,"2025-09-09","2025OP001124",405,5,"OB Enviada à instituição bancária para pagamento","2025-09-09","2025-09-09","2025OB001120","2025NS013292","2025-09-09","2025-09-09",62462
43489,"2025-09-29","2025OP004729",405,3,"Aguardando assinaturas do ordenador de despesas e/ou gestor financeiro","2025-09-29",,,"2025NS019944",,,65014
42187,"2025-09-11","2025OP003418",405,5,"OB Enviada à instituição bancária para pagamento","2025-09-12","2025-09-12","2025OB003418","2025NS017227","2025-09-11","2025-09-11",64003
42184,"2025-09-11","2025OP003415",405,5,"OB Enviada à instituição bancária para pagamento","2025-09-12","2025-09-12","2025OB003416","2025NS017224","2025-09-11","2025-09-11",64111
40636,"2025-09-09","2025OP001867",405,5,"OB Enviada à instituição bancária para pagamento","2025-09-09","2025-09-09","2025OB001867","2025NS014035","2025-09-09","2025-09-09",62925
39889,"2025-09-09","2025OP001120",405,5,"OB Enviada à instituição bancária para pagamento","2025-09-09","2025-09-09","2025OB001112","2025NS013288","2025-09-09","2025-09-09",63054
42186,"2025-09-11","2025OP003417",405,5,"OB Enviada à instituição bancária para pagamento","2025-09-12","2025-09-12","2025OB003423","2025NS017226","2025-09-11","2025-09-11",63883
42185,"2025-09-11","2025OP003416",405,5,"OB Enviada à instituição bancária para pagamento","2025-09-12","2025-09-12","2025OB003415","2025NS017225","2025-09-11","2025-09-11",64317
42182,"2025-09-11","2025OP003413",405,5,"OB Enviada à instituição bancária para pagamento","2025-09-12","2025-09-12","2025OB003410","2025NS017222","2025-09-11","2025-09-11",63982
39892,"2025-09-09","2025OP001123",405,5,"OB Enviada à instituição bancária para pagamento","2025-09-09","2025-09-09","2025OB001118","2025NS013291","2025-09-09","2025-09-09",60638
39891,"2025-09-09","2025OP001122",405,5,"OB Enviada à instituição bancária para pagamento","2025-09-09","2025-09-09","2025OB001116","2025NS013290","2025-09-09","2025-09-09",60706
40617,"2025-09-09","2025OP001848",405,5,"OB Enviada à instituição bancária para pagamento","2025-09-09","2025-09-09","2025OB001848","2025NS014016","2025-09-09","2025-09-09",61628
40641,"2025-09-09","2025OP001872",405,5,"OB Enviada à instituição bancária para pagamento","2025-09-09","2025-09-09","2025OB001872","2025NS014040","2025-09-09","2025-09-09",61651
40628,"2025-09-09","2025OP001859",405,5,"OB Enviada à instituição bancária para pagamento","2025-09-09","2025-09-09","2025OB001859","2025NS014027","2025-09-09","2025-09-09",63235
40624,"2025-09-09","2025OP001855",405,5,"OB Enviada à instituição bancária para pagamento","2025-09-09","2025-09-09","2025OB001855","2025NS014023","2025-09-09","2025-09-09",61785
40643,"2025-09-09","2025OP001874",405,5,"OB Enviada à instituição bancária para pagamento","2025-09-09","2025-09-09","2025OB001874","2025NS014042","2025-09-09","2025-09-09",62874
40630,"2025-09-09","2025OP001861",405,5,"OB Enviada à instituição bancária para pagamento","2025-09-09","2025-09-09","2025OB001861","2025NS014029","2025-09-09","2025-09-09",63163
42596,"2025-09-11","2025OP003827",405,5,"OB Enviada à instituição bancária para pagamento","2025-09-12","2025-09-12","2025OB003838","2025NS017636","2025-09-11","2025-09-11",63661
42593,"2025-09-11","2025OP003824",405,5,"OB Enviada à instituição bancária para pagamento","2025-09-12","2025-09-12","2025OB003828","2025NS017633","2025-09-11","2025-09-11",64155
40644,"2025-09-09","2025OP001875",405,5,"OB Enviada à instituição bancária para pagamento","2025-09-09","2025-09-09","2025OB001875","2025NS014043","2025-09-09","2025-09-09",63234
42604,"2025-09-11","2025OP003835",405,5,"OB Enviada à instituição bancária para pagamento","2025-09-12","2025-09-12","2025OB003837","2025NS017644","2025-09-11","2025-09-11",63616
42595,"2025-09-11","2025OP003826",405,5,"OB Enviada à instituição bancária para pagamento","2025-09-12","2025-09-12","2025OB003829","2025NS017635","2025-09-11","2025-09-11",63777
43658,"2025-09-29","2025OP004898",405,3,"Aguardando assinaturas do ordenador de despesas e/ou gestor financeiro","2025-09-29",,,"2025NS020113",,,65323
43653,"2025-09-29","2025OP004893",405,3,"Aguardando assinaturas do ordenador de despesas e/ou gestor financeiro","2025-09-29",,,"2025NS020108",,,65294
40623,"2025-09-09","2025OP001854",405,5,"OB Enviada à instituição bancária para pagamento","2025-09-09","2025-09-09","2025OB001854","2025NS014022","2025-09-09","2025-09-09",60707
39746,"2025-09-09","2025OP000977",405,5,"OB Enviada à instituição bancária para pagamento","2025-09-09","2025-09-09","2025OB000977","2025NS013145","2025-09-09","2025-09-09",61292
40640,"2025-09-09","2025OP001871",405,5,"OB Enviada à instituição bancária para pagamento","2025-09-09","2025-09-09","2025OB001871","2025NS014039","2025-09-09","2025-09-09",61332
40642,"2025-09-09","2025OP001873",405,5,"OB Enviada à instituição bancária para pagamento","2025-09-09","2025-09-09","2025OB001873","2025NS014041","2025-09-09","2025-09-09",61372
40637,"2025-09-09","2025OP001868",405,5,"OB Enviada à instituição bancária para pagamento","2025-09-09","2025-09-09","2025OB001868","2025NS014036","2025-09-09","2025-09-09",61613
40633,"2025-09-09","2025OP001864",405,5,"OB Enviada à instituição bancária para pagamento","2025-09-09","2025-09-09","2025OB001864","2025NS014032","2025-09-09","2025-09-09",62875
40629,"2025-09-09","2025OP001860",405,5,"OB Enviada à instituição bancária para pagamento","2025-09-09","2025-09-09","2025OB001860","2025NS014028","2025-09-09","2025-09-09",63159
43654,"2025-09-29","2025OP004894",405,3,"Aguardando assinaturas do ordenador de despesas e/ou gestor financeiro","2025-09-29",,,"2025NS020109",,,65325
42600,"2025-09-11","2025OP003831",405,5,"OB Enviada à instituição bancária para pagamento","2025-09-12","2025-09-12","2025OB003836","2025NS017640","2025-09-11","2025-09-11",63884
42602,"2025-09-11","2025OP003833",405,5,"OB Enviada à instituição bancária para pagamento","2025-09-12","2025-09-12","2025OB003841","2025NS017642","2025-09-11","2025-09-11",63511
40634,"2025-09-09","2025OP001865",405,5,"OB Enviada à instituição bancária para pagamento","2025-09-09","2025-09-09","2025OB001865","2025NS014033","2025-09-09","2025-09-09",62940
40639,"2025-09-09","2025OP001870",405,5,"OB Enviada à instituição bancária para pagamento","2025-09-09","2025-09-09","2025OB001870","2025NS014038","2025-09-09","2025-09-09",60853
40632,"2025-09-09","2025OP001863",405,5,"OB Enviada à instituição bancária para pagamento","2025-09-09","2025-09-09","2025OB001863","2025NS014031","2025-09-09","2025-09-09",61373
40619,"2025-09-09","2025OP001850",405,5,"OB Enviada à instituição bancária para pagamento","2025-09-09","2025-09-09","2025OB001850","2025NS014018","2025-09-09","2025-09-09",62411
39424,"2025-09-09","2025OP000655",405,5,"OB Enviada à instituição bancária para pagamento","2025-09-09","2025-09-09","2025OB000655","2025NS012823","2025-09-09","2025-09-09",62467
40566,"2025-09-09","2025OP001797",405,5,"OB Enviada à instituição bancária para pagamento","2025-09-09","2025-09-09","2025OB001797","2025NS013965","2025-09-09","2025-09-09",62851
42553,"2025-09-11","2025OP003784",405,5,"OB Enviada à instituição bancária para pagamento","2025-09-12","2025-09-12","2025OB003781","2025NS017593","2025-09-11","2025-09-11",63669
42367,"2025-09-11","2025OP003598",405,5,"OB Enviada à instituição bancária para pagamento","2025-09-12","2025-09-12","2025OB003602","2025NS017407","2025-09-11","2025-09-11",63828
42597,"2025-09-11","2025OP003828",405,5,"OB Enviada à instituição bancária para pagamento","2025-09-12","2025-09-12","2025OB003822","2025NS017637","2025-09-11","2025-09-11",63885
42603,"2025-09-11","2025OP003834",405,5,"OB Enviada à instituição bancária para pagamento","2025-09-12","2025-09-12","2025OB003832","2025NS017643","2025-09-11","2025-09-11",64414
42601,"2025-09-11","2025OP003832",405,5,"OB Enviada à instituição bancária para pagamento","2025-09-12","2025-09-12","2025OB003826","2025NS017641","2025-09-11","2025-09-11",64279
42599,"2025-09-11","2025OP003830",405,5,"OB Enviada à instituição bancária para pagamento","2025-09-12","2025-09-12","2025OB003835","2025NS017639","2025-09-11","2025-09-11",64470
42554,"2025-09-11","2025OP003785",405,5,"OB Enviada à instituição bancária para pagamento","2025-09-12","2025-09-12","2025OB003797","2025NS017594","2025-09-11","2025-09-11",64512
40565,"2025-09-09","2025OP001796",405,5,"OB Enviada à instituição bancária para pagamento","2025-09-09","2025-09-09","2025OB001796","2025NS013964","2025-09-09","2025-09-09",60840
40638,"2025-09-09","2025OP001869",405,5,"OB Enviada à instituição bancária para pagamento","2025-09-09","2025-09-09","2025OB001869","2025NS014037","2025-09-09","2025-09-09",60855
41823,"2025-09-11","2025OP003054",405,5,"OB Enviada à instituição bancária para pagamento","2025-09-12","2025-09-12","2025OB003038","2025NS016863","2025-09-11","2025-09-11",64256
39034,"2025-09-09","2025OP000265",405,5,"OB Enviada à instituição bancária para pagamento","2025-09-09","2025-09-09","2025OB000265","2025NS012433","2025-09-09","2025-09-09",61360
40568,"2025-09-09","2025OP001799",405,5,"OB Enviada à instituição bancária para pagamento","2025-09-09","2025-09-09","2025OB001799","2025NS013967","2025-09-09","2025-09-09",61611
40567,"2025-09-09","2025OP001798",405,5,"OB Enviada à instituição bancária para pagamento","2025-09-09","2025-09-09","2025OB001798","2025NS013966","2025-09-09","2025-09-09",62119
41833,"2025-09-11","2025OP003064",405,5,"OB Enviada à instituição bancária para pagamento","2025-09-12","2025-09-12","2025OB003068","2025NS016873","2025-09-11","2025-09-11",63434
43325,"2025-09-29","2025OP004565",405,3,"Aguardando assinaturas do ordenador de despesas e/ou gestor financeiro","2025-09-29",,,"2025NS019780",,,65158
43323,"2025-09-29","2025OP004563",405,3,"Aguardando assinaturas do ordenador de despesas e/ou gestor financeiro","2025-09-29",,,"2025NS019778",,,65328
39033,"2025-09-09","2025OP000264",405,5,"OB Enviada à instituição bancária para pagamento","2025-09-09","2025-09-09","2025OB000264","2025NS012432","2025-09-09","2025-09-09",61379
39037,"2025-09-09","2025OP000268",405,5,"OB Enviada à instituição bancária para pagamento","2025-09-09","2025-09-09","2025OB000268","2025NS012436","2025-09-09","2025-09-09",61531
40916,"2025-09-09","2025OP002147",405,5,"OB Enviada à instituição bancária para pagamento","2025-09-09","2025-09-09","2025OB002147","2025NS014315","2025-09-09","2025-09-09",61609
39038,"2025-09-09","2025OP000269",405,5,"OB Enviada à instituição bancária para pagamento","2025-09-09","2025-09-09","2025OB000269","2025NS012437","2025-09-09","2025-09-09",63245
42762,"2025-09-11","2025OP003993",405,5,"OB Enviada à instituição bancária para pagamento","2025-09-12","2025-09-12","2025OB004001","2025NS017802","2025-09-11","2025-09-11",63886
41692,"2025-09-11","2025OP002923",405,5,"OB Enviada à instituição bancária para pagamento","2025-09-12","2025-09-12","2025OB002921","2025NS016732","2025-09-11","2025-09-11",63959
41693,"2025-09-11","2025OP002924",405,5,"OB Enviada à instituição bancária para pagamento","2025-09-12","2025-09-12","2025OB002924","2025NS016733","2025-09-11","2025-09-11",64691
42763,"2025-09-11","2025OP003994",405,5,"OB Enviada à instituição bancária para pagamento","2025-09-12","2025-09-12","2025OB003995","2025NS017803","2025-09-11","2025-09-11",64590
42761,"2025-09-11","2025OP003992",405,5,"OB Enviada à instituição bancária para pagamento","2025-09-12","2025-09-12","2025OB004004","2025NS017801","2025-09-11","2025-09-11",64540
43271,"2025-09-29","2025OP004511",405,3,"Aguardando assinaturas do ordenador de despesas e/ou gestor financeiro","2025-09-29",,,"2025NS019726",,,65330
43823,"2025-09-29","2025OP005063",405,3,"Aguardando assinaturas do ordenador de despesas e/ou gestor financeiro","2025-09-29",,,"2025NS020278",,,65133
39728,"2025-09-09","2025OP000959",405,5,"OB Enviada à instituição bancária para pagamento","2025-09-09","2025-09-09","2025OB000959","2025NS013127","2025-09-09","2025-09-09",61532
39723,"2025-09-09","2025OP000954",405,5,"OB Enviada à instituição bancária para pagamento","2025-09-09","2025-09-09","2025OB000954","2025NS013122","2025-09-09","2025-09-09",61608
39724,"2025-09-09","2025OP000955",405,5,"OB Enviada à instituição bancária para pagamento","2025-09-09","2025-09-09","2025OB000955","2025NS013123","2025-09-09","2025-09-09",62048
39729,"2025-09-09","2025OP000960",405,5,"OB Enviada à instituição bancária para pagamento","2025-09-09","2025-09-09","2025OB000960","2025NS013128","2025-09-09","2025-09-09",62230
39036,"2025-09-09","2025OP000267",405,5,"OB Enviada à instituição bancária para pagamento","2025-09-09","2025-09-09","2025OB000267","2025NS012435","2025-09-09","2025-09-09",62523
39721,"2025-09-09","2025OP000952",405,5,"OB Enviada à instituição bancária para pagamento","2025-09-09","2025-09-09","2025OB000952","2025NS013120","2025-09-09","2025-09-09",62878
43270,"2025-09-29","2025OP004510",405,3,"Aguardando assinaturas do ordenador de despesas e/ou gestor financeiro","2025-09-29",,,"2025NS019725",,,65333
39726,"2025-09-09","2025OP000957",405,5,"OB Enviada à instituição bancária para pagamento","2025-09-09","2025-09-09","2025OB000957","2025NS013125","2025-09-09","2025-09-09",61114
39727,"2025-09-09","2025OP000958",405,5,"OB Enviada à instituição bancária para pagamento","2025-09-09","2025-09-09","2025OB000958","2025NS013126","2025-09-09","2025-09-09",61607
41526,"2025-09-09","2025OP002757",405,5,"OB Enviada à instituição bancária para pagamento","2025-09-09","2025-09-09","2025OB002757","2025NS014925","2025-09-09","2025-09-09",62418
41876,"2025-09-11","2025OP003107",405,5,"OB Enviada à instituição bancária para pagamento","2025-09-12","2025-09-12","2025OB003096","2025NS016916","2025-09-11","2025-09-11",63887
43194,"2025-09-11","2025OP004425",405,5,"OB Enviada à instituição bancária para pagamento","2025-09-12","2025-09-12","2025OB004427","2025NS018234","2025-09-11","2025-09-11",64674
43196,"2025-09-11","2025OP004427",405,5,"OB Enviada à instituição bancária para pagamento","2025-09-12","2025-09-12","2025OB004442","2025NS018236","2025-09-11","2025-09-11",64243
43861,"2025-09-29","2025OP005101",405,3,"Aguardando assinaturas do ordenador de despesas e/ou gestor financeiro","2025-09-29",,,"2025NS020316",,,64926
43540,"2025-09-29","2025OP004780",405,3,"Aguardando assinaturas do ordenador de despesas e/ou gestor financeiro","2025-09-29",,,"2025NS019995",,,65463
43362,"2025-09-29","2025OP004602",405,3,"Aguardando assinaturas do ordenador de despesas e/ou gestor financeiro","2025-09-29",,,"2025NS019817",,,65336
43195,"2025-09-11","2025OP004426",405,5,"OB Enviada à instituição bancária para pagamento","2025-09-12","2025-09-12","2025OB004432","2025NS018235","2025-09-11","2025-09-11",64915
39381,"2025-09-09","2025OP000612",405,5,"OB Enviada à instituição bancária para pagamento","2025-09-09","2025-09-09","2025OB000612","2025NS012780","2025-09-09","2025-09-09",61730
43361,"2025-09-29","2025OP004601",405,3,"Aguardando assinaturas do ordenador de despesas e/ou gestor financeiro","2025-09-29",,,"2025NS019816",,,65338
42757,"2025-09-11","2025OP003988",405,5,"OB Enviada à instituição bancária para pagamento","2025-09-12","2025-09-12","2025OB003982","2025NS017797","2025-09-11","2025-09-11",63919
42057,"2025-09-11","2025OP003288",405,5,"OB Enviada à instituição bancária para pagamento","2025-09-12","2025-09-12","2025OB003304","2025NS017097","2025-09-11","2025-09-11",64647
41875,"2025-09-11","2025OP003106",405,5,"OB Enviada à instituição bancária para pagamento","2025-09-12","2025-09-12","2025OB003109","2025NS016915","2025-09-11","2025-09-11",64880
43357,"2025-09-29","2025OP004597",405,3,"Aguardando assinaturas do ordenador de despesas e/ou gestor financeiro","2025-09-29",,,"2025NS019812",,,65334
43360,"2025-09-29","2025OP004600",405,3,"Aguardando assinaturas do ordenador de despesas e/ou gestor financeiro","2025-09-29",,,"2025NS019815",,,65340
43356,"2025-09-29","2025OP004596",405,3,"Aguardando assinaturas do ordenador de despesas e/ou gestor financeiro","2025-09-29",,,"2025NS019811",,,65337
39595,"2025-09-09","2025OP000826",405,5,"OB Enviada à instituição bancária para pagamento","2025-09-09","2025-09-09","2025OB000822","2025NS012994","2025-09-09","2025-09-09",61141
43422,"2025-09-29","2025OP004662",405,3,"Aguardando assinaturas do ordenador de despesas e/ou gestor financeiro","2025-09-29",,,"2025NS019877",,,65344
39879,"2025-09-09","2025OP001110",405,5,"OB Enviada à instituição bancária para pagamento","2025-09-09","2025-09-09","2025OB001113","2025NS013278","2025-09-09","2025-09-09",62553
39596,"2025-09-09","2025OP000827",405,5,"OB Enviada à instituição bancária para pagamento","2025-09-09","2025-09-09","2025OB000824","2025NS012995","2025-09-09","2025-09-09",62829
43420,"2025-09-29","2025OP004660",405,3,"Aguardando assinaturas do ordenador de despesas e/ou gestor financeiro","2025-09-29",,,"2025NS019875",,,65348
43418,"2025-09-29","2025OP004658",405,3,"Aguardando assinaturas do ordenador de despesas e/ou gestor financeiro","2025-09-29",,,"2025NS019873",,,65347
43419,"2025-09-29","2025OP004659",405,3,"Aguardando assinaturas do ordenador de despesas e/ou gestor financeiro","2025-09-29",,,"2025NS019874",,,65346
42015,"2025-09-11","2025OP003246",405,5,"OB Enviada à instituição bancária para pagamento","2025-09-12","2025-09-12","2025OB003252","2025NS017055","2025-09-11","2025-09-11",63553
43425,"2025-09-29","2025OP004665",405,3,"Aguardando assinaturas do ordenador de despesas e/ou gestor financeiro","2025-09-29",,,"2025NS019880",,,65211
43426,"2025-09-29","2025OP004666",405,3,"Aguardando assinaturas do ordenador de despesas e/ou gestor financeiro","2025-09-29",,,"2025NS019881",,,65342
42013,"2025-09-11","2025OP003244",405,5,"OB Enviada à instituição bancária para pagamento","2025-09-12","2025-09-12","2025OB003245","2025NS017053","2025-09-11","2025-09-11",64271
43427,"2025-09-29","2025OP004667",405,3,"Aguardando assinaturas do ordenador de despesas e/ou gestor financeiro","2025-09-29",,,"2025NS019882",,,65350
43423,"2025-09-29","2025OP004663",405,3,"Aguardando assinaturas do ordenador de despesas e/ou gestor financeiro","2025-09-29",,,"2025NS019878",,,65341
43250,"2025-09-29","2025OP004490",405,3,"Aguardando assinaturas do ordenador de despesas e/ou gestor financeiro","2025-09-29",,,"2025NS019705",,,65030
38983,"2025-09-09","2025OP000214",405,5,"OB Enviada à instituição bancária para pagamento","2025-09-09","2025-09-09","2025OB000232","2025NS012382","2025-09-09","2025-09-09",62006
41209,"2025-09-09","2025OP002440",405,5,"OB Enviada à instituição bancária para pagamento","2025-09-09","2025-09-09","2025OB002440","2025NS014608","2025-09-09","2025-09-09",62845
41653,"2025-09-11","2025OP002884",405,5,"OB Enviada à instituição bancária para pagamento","2025-09-12","2025-09-12","2025OB002873","2025NS016693","2025-09-11","2025-09-11",64163
43424,"2025-09-29","2025OP004664",405,3,"Aguardando assinaturas do ordenador de despesas e/ou gestor financeiro","2025-09-29",,,"2025NS019879",,,65349
43251,"2025-09-29","2025OP004491",405,3,"Aguardando assinaturas do ordenador de despesas e/ou gestor financeiro","2025-09-29",,,"2025NS019706",,,65251
43715,"2025-09-29","2025OP004955",405,3,"Aguardando assinaturas do ordenador de despesas e/ou gestor financeiro","2025-09-29",,,"2025NS020170",,,65358
41252,"2025-09-09","2025OP002483",405,5,"OB Enviada à instituição bancária para pagamento","2025-09-09","2025-09-09","2025OB002483","2025NS014651","2025-09-09","2025-09-09",62879
40412,"2025-09-09","2025OP001643",405,5,"OB Enviada à instituição bancária para pagamento","2025-09-09","2025-09-09","2025OB001641","2025NS013811","2025-09-09","2025-09-09",62775
41124,"2025-09-09","2025OP002355",405,5,"OB Enviada à instituição bancária para pagamento","2025-09-09","2025-09-09","2025OB002355","2025NS014523","2025-09-09","2025-09-09",61380
41257,"2025-09-09","2025OP002488",405,5,"OB Enviada à instituição bancária para pagamento","2025-09-09","2025-09-09","2025OB002488","2025NS014656","2025-09-09","2025-09-09",61862
38982,"2025-09-09","2025OP000213",405,5,"OB Enviada à instituição bancária para pagamento","2025-09-09","2025-09-09","2025OB000230","2025NS012381","2025-09-09","2025-09-09",62420
42895,"2025-09-11","2025OP004126",405,5,"OB Enviada à instituição bancária para pagamento","2025-09-12","2025-09-12","2025OB004122","2025NS017935","2025-09-11","2025-09-11",64652
41651,"2025-09-11","2025OP002882",405,5,"OB Enviada à instituição bancária para pagamento","2025-09-12","2025-09-12","2025OB002888","2025NS016691","2025-09-11","2025-09-11",64087
41652,"2025-09-11","2025OP002883",405,5,"OB Enviada à instituição bancária para pagamento","2025-09-12","2025-09-12","2025OB002896","2025NS016692","2025-09-11","2025-09-11",64086
42979,"2025-09-11","2025OP004210",405,5,"OB Enviada à instituição bancária para pagamento","2025-09-12","2025-09-12","2025OB004210","2025NS018019","2025-09-11","2025-09-11",64866
41253,"2025-09-09","2025OP002484",405,5,"OB Enviada à instituição bancária para pagamento","2025-09-09","2025-09-09","2025OB002484","2025NS014652","2025-09-09","2025-09-09",62463
43776,"2025-09-29","2025OP005016",405,3,"Aguardando assinaturas do ordenador de despesas e/ou gestor financeiro","2025-09-29",,,"2025NS020231",,,65352
41248,"2025-09-09","2025OP002479",405,5,"OB Enviada à instituição bancária para pagamento","2025-09-09","2025-09-09","2025OB002479","2025NS014647","2025-09-09","2025-09-09",62880
43775,"2025-09-29","2025OP005015",405,3,"Aguardando assinaturas do ordenador de despesas e/ou gestor financeiro","2025-09-29",,,"2025NS020230",,,65353
43774,"2025-09-29","2025OP005014",405,3,"Aguardando assinaturas do ordenador de despesas e/ou gestor financeiro","2025-09-29",,,"2025NS020229",,,65354
42978,"2025-09-11","2025OP004209",405,5,"OB Enviada à instituição bancária para pagamento","2025-09-12","2025-09-12","2025OB004206","2025NS018018","2025-09-11","2025-09-11",63770
41247,"2025-09-09","2025OP002478",405,5,"OB Enviada à instituição bancária para pagamento","2025-09-09","2025-09-09","2025OB002478","2025NS014646","2025-09-09","2025-09-09",63256
42752,"2025-09-11","2025OP003983",405,5,"OB Enviada à instituição bancária para pagamento","2025-09-12","2025-09-12","2025OB003973","2025NS017792","2025-09-11","2025-09-11",63534
42976,"2025-09-11","2025OP004207",405,5,"OB Enviada à instituição bancária para pagamento","2025-09-12","2025-09-12","2025OB004202","2025NS018016","2025-09-11","2025-09-11",63342
42754,"2025-09-11","2025OP003985",405,5,"OB Enviada à instituição bancária para pagamento","2025-09-12","2025-09-12","2025OB003981","2025NS017794","2025-09-11","2025-09-11",64496
42755,"2025-09-11","2025OP003986",405,5,"OB Enviada à instituição bancária para pagamento","2025-09-12","2025-09-12","2025OB003977","2025NS017795","2025-09-11","2025-09-11",64518
42756,"2025-09-11","2025OP003987",405,5,"OB Enviada à instituição bancária para pagamento","2025-09-12","2025-09-12","2025OB003991","2025NS017796","2025-09-11","2025-09-11",64815
43801,"2025-09-29","2025OP005041",405,3,"Aguardando assinaturas do ordenador de despesas e/ou gestor financeiro","2025-09-29",,,"2025NS020256",,,65356
43714,"2025-09-29","2025OP004954",405,3,"Aguardando assinaturas do ordenador de despesas e/ou gestor financeiro","2025-09-29",,,"2025NS020169",,,65357
43802,"2025-09-29","2025OP005042",405,3,"Aguardando assinaturas do ordenador de despesas e/ou gestor financeiro","2025-09-29",,,"2025NS020257",,,65240
41255,"2025-09-09","2025OP002486",405,5,"OB Enviada à instituição bancária para pagamento","2025-09-09","2025-09-09","2025OB002486","2025NS014654","2025-09-09","2025-09-09",60745
38922,"2025-09-09","2025OP000153",405,5,"OB Enviada à instituição bancária para pagamento","2025-09-09","2025-09-09","2025OB000153","2025NS012321","2025-09-09","2025-09-09",61438
41610,"2025-09-11","2025OP002841",405,5,"OB Enviada à instituição bancária para pagamento","2025-09-12","2025-09-12","2025OB002836","2025NS016650","2025-09-11","2025-09-11",64273
41607,"2025-09-11","2025OP002838",405,5,"OB Enviada à instituição bancária para pagamento","2025-09-12","2025-09-12","2025OB002827","2025NS016647","2025-09-11","2025-09-11",63620
41606,"2025-09-11","2025OP002837",405,5,"OB Enviada à instituição bancária para pagamento","2025-09-12","2025-09-12","2025OB002842","2025NS016646","2025-09-11","2025-09-11",63709
38921,"2025-09-09","2025OP000152",405,5,"OB Enviada à instituição bancária para pagamento","2025-09-09","2025-09-09","2025OB000152","2025NS012320","2025-09-09","2025-09-09",61533
40909,"2025-09-09","2025OP002140",405,5,"OB Enviada à instituição bancária para pagamento","2025-09-09","2025-09-09","2025OB002140","2025NS014308","2025-09-09","2025-09-09",62881
38923,"2025-09-09","2025OP000154",405,5,"OB Enviada à instituição bancária para pagamento","2025-09-09","2025-09-09","2025OB000154","2025NS012322","2025-09-09","2025-09-09",62882
40907,"2025-09-09","2025OP002138",405,5,"OB Enviada à instituição bancária para pagamento","2025-09-09","2025-09-09","2025OB002138","2025NS014306","2025-09-09","2025-09-09",63089
41613,"2025-09-11","2025OP002844",405,5,"OB Enviada à instituição bancária para pagamento","2025-09-12","2025-09-12","2025OB002824","2025NS016653","2025-09-11","2025-09-11",64483
41612,"2025-09-11","2025OP002843",405,5,"OB Enviada à instituição bancária para pagamento","2025-09-12","2025-09-12","2025OB002830","2025NS016652","2025-09-11","2025-09-11",64491
43509,"2025-09-29","2025OP004749",405,3,"Aguardando assinaturas do ordenador de despesas e/ou gestor financeiro","2025-09-29",,,"2025NS019964",,,64977
41611,"2025-09-11","2025OP002842",405,5,"OB Enviada à instituição bancária para pagamento","2025-09-12","2025-09-12","2025OB002843","2025NS016651","2025-09-11","2025-09-11",64019
41614,"2025-09-11","2025OP002845",405,5,"OB Enviada à instituição bancária para pagamento","2025-09-12","2025-09-12","2025OB002819","2025NS016654","2025-09-11","2025-09-11",63785
43874,"2025-09-29","2025OP005114",405,3,"Aguardando assinaturas do ordenador de despesas e/ou gestor financeiro","2025-09-29",,,"2025NS020329",,,65361
43856,"2025-09-29","2025OP005096",405,3,"Aguardando assinaturas do ordenador de despesas e/ou gestor financeiro","2025-09-29",,,"2025NS020311",,,65096
43875,"2025-09-29","2025OP005115",405,3,"Aguardando assinaturas do ordenador de despesas e/ou gestor financeiro","2025-09-29",,,"2025NS020330",,,65360
43819,"2025-09-29","2025OP005059",405,3,"Aguardando assinaturas do ordenador de despesas e/ou gestor financeiro","2025-09-29",,,"2025NS020274",,,65037
41116,"2025-09-09","2025OP002347",405,5,"OB Enviada à instituição bancária para pagamento","2025-09-09","2025-09-09","2025OB002347","2025NS014515","2025-09-09","2025-09-09",61004
43038,"2025-09-11","2025OP004269",405,5,"OB Enviada à instituição bancária para pagamento","2025-09-12","2025-09-12","2025OB004283","2025NS018078","2025-09-11","2025-09-11",63889
41332,"2025-09-09","2025OP002563",405,5,"OB Enviada à instituição bancária para pagamento","2025-09-09","2025-09-09","2025OB002563","2025NS014731","2025-09-09","2025-09-09",61142
41331,"2025-09-09","2025OP002562",405,5,"OB Enviada à instituição bancária para pagamento","2025-09-09","2025-09-09","2025OB002562","2025NS014730","2025-09-09","2025-09-09",62195
43814,"2025-09-29","2025OP005054",405,3,"Aguardando assinaturas do ordenador de despesas e/ou gestor financeiro","2025-09-29",,,"2025NS020269",,,65363
43036,"2025-09-11","2025OP004267",405,5,"OB Enviada à instituição bancária para pagamento","2025-09-12","2025-09-12","2025OB004280","2025NS018076","2025-09-11","2025-09-11",63496
43039,"2025-09-11","2025OP004270",405,5,"OB Enviada à instituição bancária para pagamento","2025-09-12","2025-09-12","2025OB004276","2025NS018079","2025-09-11","2025-09-11",64093
43505,"2025-09-29","2025OP004745",405,3,"Aguardando assinaturas do ordenador de despesas e/ou gestor financeiro","2025-09-29",,,"2025NS019960",,,65316
43816,"2025-09-29","2025OP005056",405,3,"Aguardando assinaturas do ordenador de despesas e/ou gestor financeiro","2025-09-29",,,"2025NS020271",,,65362
43815,"2025-09-29","2025OP005055",405,3,"Aguardando assinaturas do ordenador de despesas e/ou gestor financeiro","2025-09-29",,,"2025NS020270",,,65364
43627,"2025-09-29","2025OP004867",405,3,"Aguardando assinaturas do ordenador de despesas e/ou gestor financeiro","2025-09-29",,,"2025NS020082",,,64954
41267,"2025-09-09","2025OP002498",405,5,"OB Enviada à instituição bancária para pagamento","2025-09-09","2025-09-09","2025OB002498","2025NS014666","2025-09-09","2025-09-09",63165
38946,"2025-09-09","2025OP000177",405,5,"OB Enviada à instituição bancária para pagamento","2025-09-09","2025-09-09","2025OB000177","2025NS012345","2025-09-09","2025-09-09",61650
41263,"2025-09-09","2025OP002494",405,5,"OB Enviada à instituição bancária para pagamento","2025-09-09","2025-09-09","2025OB002494","2025NS014662","2025-09-09","2025-09-09",62060
41265,"2025-09-09","2025OP002496",405,5,"OB Enviada à instituição bancária para pagamento","2025-09-09","2025-09-09","2025OB002496","2025NS014664","2025-09-09","2025-09-09",62069
41268,"2025-09-09","2025OP002499",405,5,"OB Enviada à instituição bancária para pagamento","2025-09-09","2025-09-09","2025OB002499","2025NS014667","2025-09-09","2025-09-09",62617
42981,"2025-09-11","2025OP004212",405,5,"OB Enviada à instituição bancária para pagamento","2025-09-12","2025-09-12","2025OB004223","2025NS018021","2025-09-11","2025-09-11",63491
42982,"2025-09-11","2025OP004213",405,5,"OB Enviada à instituição bancária para pagamento","2025-09-12","2025-09-12","2025OB004221","2025NS018022","2025-09-11","2025-09-11",63890
42983,"2025-09-11","2025OP004214",405,5,"OB Enviada à instituição bancária para pagamento","2025-09-12","2025-09-12","2025OB004229","2025NS018023","2025-09-11","2025-09-11",64484
42980,"2025-09-11","2025OP004211",405,5,"OB Enviada à instituição bancária para pagamento","2025-09-12","2025-09-12","2025OB004216","2025NS018020","2025-09-11","2025-09-11",64497
43239,"2025-09-29","2025OP004479",405,3,"Aguardando assinaturas do ordenador de despesas e/ou gestor financeiro","2025-09-29",,,"2025NS019694",,,65365
39477,"2025-09-09","2025OP000708",405,5,"OB Enviada à instituição bancária para pagamento","2025-09-09","2025-09-09","2025OB000708","2025NS012876","2025-09-09","2025-09-09",61440
39447,"2025-09-09","2025OP000678",405,5,"OB Enviada à instituição bancária para pagamento","2025-09-09","2025-09-09","2025OB000678","2025NS012846","2025-09-09","2025-09-09",61442
38948,"2025-09-09","2025OP000179",405,5,"OB Enviada à instituição bancária para pagamento","2025-09-09","2025-09-09","2025OB000179","2025NS012347","2025-09-09","2025-09-09",61600
39472,"2025-09-09","2025OP000703",405,5,"OB Enviada à instituição bancária para pagamento","2025-09-09","2025-09-09","2025OB000703","2025NS012871","2025-09-09","2025-09-09",62466
39470,"2025-09-09","2025OP000701",405,5,"OB Enviada à instituição bancária para pagamento","2025-09-09","2025-09-09","2025OB000701","2025NS012869","2025-09-09","2025-09-09",62992
39476,"2025-09-09","2025OP000707",405,5,"OB Enviada à instituição bancária para pagamento","2025-09-09","2025-09-09","2025OB000707","2025NS012875","2025-09-09","2025-09-09",62197
39473,"2025-09-09","2025OP000704",405,5,"OB Enviada à instituição bancária para pagamento","2025-09-09","2025-09-09","2025OB000704","2025NS012872","2025-09-09","2025-09-09",62465
39466,"2025-09-09","2025OP000697",405,5,"OB Enviada à instituição bancária para pagamento","2025-09-09","2025-09-09","2025OB000697","2025NS012865","2025-09-09","2025-09-09",62468
39467,"2025-09-09","2025OP000698",405,5,"OB Enviada à instituição bancária para pagamento","2025-09-09","2025-09-09","2025OB000698","2025NS012866","2025-09-09","2025-09-09",62196
39469,"2025-09-09","2025OP000700",405,5,"OB Enviada à instituição bancária para pagamento","2025-09-09","2025-09-09","2025OB000700","2025NS012868","2025-09-09","2025-09-09",62983
43378,"2025-09-29","2025OP004618",405,3,"Aguardando assinaturas do ordenador de despesas e/ou gestor financeiro","2025-09-29",,,"2025NS019833",,,65368
39475,"2025-09-09","2025OP000706",405,5,"OB Enviada à instituição bancária para pagamento","2025-09-09","2025-09-09","2025OB000706","2025NS012874","2025-09-09","2025-09-09",62971
39468,"2025-09-09","2025OP000699",405,5,"OB Enviada à instituição bancária para pagamento","2025-09-09","2025-09-09","2025OB000699","2025NS012867","2025-09-09","2025-09-09",62993
41942,"2025-09-11","2025OP003173",405,5,"OB Enviada à instituição bancária para pagamento","2025-09-12","2025-09-12","2025OB003169","2025NS016982","2025-09-11","2025-09-11",63615
41943,"2025-09-11","2025OP003174",405,5,"OB Enviada à instituição bancária para pagamento","2025-09-12","2025-09-12","2025OB003170","2025NS016983","2025-09-11","2025-09-11",64037
43380,"2025-09-29","2025OP004620",405,3,"Aguardando assinaturas do ordenador de despesas e/ou gestor financeiro","2025-09-29",,,"2025NS019835",,,65366
43379,"2025-09-29","2025OP004619",405,3,"Aguardando assinaturas do ordenador de despesas e/ou gestor financeiro","2025-09-29",,,"2025NS019834",,,65064
39471,"2025-09-09","2025OP000702",405,5,"OB Enviada à instituição bancária para pagamento","2025-09-09","2025-09-09","2025OB000702","2025NS012870","2025-09-09","2025-09-09",60802
40443,"2025-09-09","2025OP001674",405,5,"OB Enviada à instituição bancária para pagamento","2025-09-09","2025-09-09","2025OB001674","2025NS013842","2025-09-09","2025-09-09",61358
40444,"2025-09-09","2025OP001675",405,5,"OB Enviada à instituição bancária para pagamento","2025-09-09","2025-09-09","2025OB001675","2025NS013843","2025-09-09","2025-09-09",61842
40984,"2025-09-09","2025OP002215",405,5,"OB Enviada à instituição bancária para pagamento","2025-09-09","2025-09-09","2025OB002226","2025NS014383","2025-09-09","2025-09-09",62079
42455,"2025-09-11","2025OP003686",405,5,"OB Enviada à instituição bancária para pagamento","2025-09-12","2025-09-12","2025OB003697","2025NS017495","2025-09-11","2025-09-11",64872
40983,"2025-09-09","2025OP002214",405,5,"OB Enviada à instituição bancária para pagamento","2025-09-09","2025-09-09","2025OB002224","2025NS014382","2025-09-09","2025-09-09",62469
40439,"2025-09-09","2025OP001670",405,5,"OB Enviada à instituição bancária para pagamento","2025-09-09","2025-09-09","2025OB001670","2025NS013838","2025-09-09","2025-09-09",62511
40441,"2025-09-09","2025OP001672",405,5,"OB Enviada à instituição bancária para pagamento","2025-09-09","2025-09-09","2025OB001672","2025NS013840","2025-09-09","2025-09-09",62640
40442,"2025-09-09","2025OP001673",405,5,"OB Enviada à instituição bancária para pagamento","2025-09-09","2025-09-09","2025OB001673","2025NS013841","2025-09-09","2025-09-09",63237
42456,"2025-09-11","2025OP003687",405,5,"OB Enviada à instituição bancária para pagamento","2025-09-12","2025-09-12","2025OB003680","2025NS017496","2025-09-11","2025-09-11",63565
42800,"2025-09-11","2025OP004031",405,5,"OB Enviada à instituição bancária para pagamento","2025-09-12","2025-09-12","2025OB004030","2025NS017840","2025-09-11","2025-09-11",64662
42454,"2025-09-11","2025OP003685",405,5,"OB Enviada à instituição bancária para pagamento","2025-09-12","2025-09-12","2025OB003693","2025NS017494","2025-09-11","2025-09-11",64228
43381,"2025-09-29","2025OP004621",405,3,"Aguardando assinaturas do ordenador de despesas e/ou gestor financeiro","2025-09-29",,,"2025NS019836",,,65367
42618,"2025-09-11","2025OP003849",405,5,"OB Enviada à instituição bancária para pagamento","2025-09-12","2025-09-12","2025OB003850","2025NS017658","2025-09-11","2025-09-11",64467
42619,"2025-09-11","2025OP003850",405,5,"OB Enviada à instituição bancária para pagamento","2025-09-12","2025-09-12","2025OB003861","2025NS017659","2025-09-11","2025-09-11",64400
40590,"2025-09-09","2025OP001821",405,5,"OB Enviada à instituição bancária para pagamento","2025-09-09","2025-09-09","2025OB001821","2025NS013989","2025-09-09","2025-09-09",61381
42620,"2025-09-11","2025OP003851",405,5,"OB Enviada à instituição bancária para pagamento","2025-09-12","2025-09-12","2025OB003842","2025NS017660","2025-09-11","2025-09-11",64675
41386,"2025-09-09","2025OP002617",405,5,"OB Enviada à instituição bancária para pagamento","2025-09-09","2025-09-09","2025OB002617","2025NS014785","2025-09-09","2025-09-09",62587
39797,"2025-09-09","2025OP001028",405,5,"OB Enviada à instituição bancária para pagamento","2025-09-09","2025-09-09","2025OB001028","2025NS013196","2025-09-09","2025-09-09",63200
43649,"2025-09-29","2025OP004889",405,3,"Aguardando assinaturas do ordenador de despesas e/ou gestor financeiro","2025-09-29",,,"2025NS020104",,,65370
42622,"2025-09-11","2025OP003853",405,5,"OB Enviada à instituição bancária para pagamento","2025-09-12","2025-09-12","2025OB003857","2025NS017662","2025-09-11","2025-09-11",64397
40593,"2025-09-09","2025OP001824",405,5,"OB Enviada à instituição bancária para pagamento","2025-09-09","2025-09-09","2025OB001824","2025NS013992","2025-09-09","2025-09-09",61382
40591,"2025-09-09","2025OP001822",405,5,"OB Enviada à instituição bancária para pagamento","2025-09-09","2025-09-09","2025OB001822","2025NS013990","2025-09-09","2025-09-09",61545
40589,"2025-09-09","2025OP001820",405,5,"OB Enviada à instituição bancária para pagamento","2025-09-09","2025-09-09","2025OB001820","2025NS013988","2025-09-09","2025-09-09",62081
43622,"2025-09-29","2025OP004862",405,3,"Aguardando assinaturas do ordenador de despesas e/ou gestor financeiro","2025-09-29",,,"2025NS020077",,,65372
40588,"2025-09-09","2025OP001819",405,5,"OB Enviada à instituição bancária para pagamento","2025-09-09","2025-09-09","2025OB001819","2025NS013987","2025-09-09","2025-09-09",61787
40586,"2025-09-09","2025OP001817",405,5,"OB Enviada à instituição bancária para pagamento","2025-09-09","2025-09-09","2025OB001817","2025NS013985","2025-09-09","2025-09-09",61865
40592,"2025-09-09","2025OP001823",405,5,"OB Enviada à instituição bancária para pagamento","2025-09-09","2025-09-09","2025OB001823","2025NS013991","2025-09-09","2025-09-09",62120
40507,"2025-09-09","2025OP001738",405,5,"OB Enviada à instituição bancária para pagamento","2025-09-09","2025-09-09","2025OB001738","2025NS013906","2025-09-09","2025-09-09",62198
42574,"2025-09-11","2025OP003805",405,5,"OB Enviada à instituição bancária para pagamento","2025-09-12","2025-09-12","2025OB003807","2025NS017614","2025-09-11","2025-09-11",64541
43623,"2025-09-29","2025OP004863",405,3,"Aguardando assinaturas do ordenador de despesas e/ou gestor financeiro","2025-09-29",,,"2025NS020078",,,65371
42576,"2025-09-11","2025OP003807",405,5,"OB Enviada à instituição bancária para pagamento","2025-09-12","2025-09-12","2025OB003815","2025NS017616","2025-09-11","2025-09-11",64377
40506,"2025-09-09","2025OP001737",405,5,"OB Enviada à instituição bancária para pagamento","2025-09-09","2025-09-09","2025OB001737","2025NS013905","2025-09-09","2025-09-09",61113
41342,"2025-09-09","2025OP002573",405,5,"OB Enviada à instituição bancária para pagamento","2025-09-09","2025-09-09","2025OB002573","2025NS014741","2025-09-09","2025-09-09",62471
42504,"2025-09-11","2025OP003735",405,5,"OB Enviada à instituição bancária para pagamento","2025-09-12","2025-09-12","2025OB003740","2025NS017544","2025-09-11","2025-09-11",63966
43044,"2025-09-11","2025OP004275",405,5,"OB Enviada à instituição bancária para pagamento","2025-09-12","2025-09-12","2025OB004271","2025NS018084","2025-09-11","2025-09-11",64875
41827,"2025-09-11","2025OP003058",405,5,"OB Enviada à instituição bancária para pagamento","2025-09-12","2025-09-12","2025OB003035","2025NS016867","2025-09-11","2025-09-11",64626
41828,"2025-09-11","2025OP003059",405,5,"OB Enviada à instituição bancária para pagamento","2025-09-12","2025-09-12","2025OB003034","2025NS016868","2025-09-11","2025-09-11",64565
42505,"2025-09-11","2025OP003736",405,5,"OB Enviada à instituição bancária para pagamento","2025-09-12","2025-09-12","2025OB003723","2025NS017545","2025-09-11","2025-09-11",64588
43045,"2025-09-11","2025OP004276",405,5,"OB Enviada à instituição bancária para pagamento","2025-09-12","2025-09-12","2025OB004273","2025NS018085","2025-09-11","2025-09-11",64450
41143,"2025-09-09","2025OP002374",405,5,"OB Enviada à instituição bancária para pagamento","2025-09-09","2025-09-09","2025OB002374","2025NS014542","2025-09-09","2025-09-09",62887
43180,"2025-09-11","2025OP004411",405,5,"OB Enviada à instituição bancária para pagamento","2025-09-12","2025-09-12","2025OB004418","2025NS018220","2025-09-11","2025-09-11",64639
41185,"2025-09-09","2025OP002416",405,5,"OB Enviada à instituição bancária para pagamento","2025-09-09","2025-09-09","2025OB002416","2025NS014584","2025-09-09","2025-09-09",61052
41177,"2025-09-09","2025OP002408",405,5,"OB Enviada à instituição bancária para pagamento","2025-09-09","2025-09-09","2025OB002408","2025NS014576","2025-09-09","2025-09-09",61112
39623,"2025-09-09","2025OP000854",405,5,"OB Enviada à instituição bancária para pagamento","2025-09-09","2025-09-09","2025OB000854","2025NS013022","2025-09-09","2025-09-09",61383
41187,"2025-09-09","2025OP002418",405,5,"OB Enviada à instituição bancária para pagamento","2025-09-09","2025-09-09","2025OB002418","2025NS014586","2025-09-09","2025-09-09",61552
41180,"2025-09-09","2025OP002411",405,5,"OB Enviada à instituição bancária para pagamento","2025-09-09","2025-09-09","2025OB002411","2025NS014579","2025-09-09","2025-09-09",61790
41117,"2025-09-09","2025OP002348",405,5,"OB Enviada à instituição bancária para pagamento","2025-09-09","2025-09-09","2025OB002348","2025NS014516","2025-09-09","2025-09-09",61863
41182,"2025-09-09","2025OP002413",405,5,"OB Enviada à instituição bancária para pagamento","2025-09-09","2025-09-09","2025OB002413","2025NS014581","2025-09-09","2025-09-09",61868
42940,"2025-09-11","2025OP004171",405,5,"OB Enviada à instituição bancária para pagamento","2025-09-12","2025-09-12","2025OB004149","2025NS017980","2025-09-11","2025-09-11",63800
41181,"2025-09-09","2025OP002412",405,5,"OB Enviada à instituição bancária para pagamento","2025-09-09","2025-09-09","2025OB002412","2025NS014580","2025-09-09","2025-09-09",63100
43197,"2025-09-11","2025OP004428",405,5,"OB Enviada à instituição bancária para pagamento","2025-09-12","2025-09-12","2025OB004419","2025NS018237","2025-09-11","2025-09-11",63296
43787,"2025-09-29","2025OP005027",405,3,"Aguardando assinaturas do ordenador de despesas e/ou gestor financeiro","2025-09-29",,,"2025NS020242",,,65112
39624,"2025-09-09","2025OP000855",405,5,"OB Enviada à instituição bancária para pagamento","2025-09-09","2025-09-09","2025OB000855","2025NS013023","2025-09-09","2025-09-09",61342
40037,"2025-09-09","2025OP001268",405,5,"OB Enviada à instituição bancária para pagamento","2025-09-09","2025-09-09","2025OB001268","2025NS013436","2025-09-09","2025-09-09",61384
40045,"2025-09-09","2025OP001276",405,5,"OB Enviada à instituição bancária para pagamento","2025-09-09","2025-09-09","2025OB001276","2025NS013444","2025-09-09","2025-09-09",61887
39625,"2025-09-09","2025OP000856",405,5,"OB Enviada à instituição bancária para pagamento","2025-09-09","2025-09-09","2025OB000856","2025NS013024","2025-09-09","2025-09-09",61553
39622,"2025-09-09","2025OP000853",405,5,"OB Enviada à instituição bancária para pagamento","2025-09-09","2025-09-09","2025OB000853","2025NS013021","2025-09-09","2025-09-09",61555
40038,"2025-09-09","2025OP001269",405,5,"OB Enviada à instituição bancária para pagamento","2025-09-09","2025-09-09","2025OB001269","2025NS013437","2025-09-09","2025-09-09",61599
43434,"2025-09-29","2025OP004674",405,3,"Aguardando assinaturas do ordenador de despesas e/ou gestor financeiro","2025-09-29",,,"2025NS019889",,,65010
40039,"2025-09-09","2025OP001270",405,5,"OB Enviada à instituição bancária para pagamento","2025-09-09","2025-09-09","2025OB001270","2025NS013438","2025-09-09","2025-09-09",61740
40036,"2025-09-09","2025OP001267",405,5,"OB Enviada à instituição bancária para pagamento","2025-09-09","2025-09-09","2025OB001267","2025NS013435","2025-09-09","2025-09-09",62123
38981,"2025-09-09","2025OP000212",405,5,"OB Enviada à instituição bancária para pagamento","2025-09-09","2025-09-09","2025OB000228","2025NS012380","2025-09-09","2025-09-09",62233
39621,"2025-09-09","2025OP000852",405,5,"OB Enviada à instituição bancária para pagamento","2025-09-09","2025-09-09","2025OB000852","2025NS013020","2025-09-09","2025-09-09",62746
39620,"2025-09-09","2025OP000851",405,5,"OB Enviada à instituição bancária para pagamento","2025-09-09","2025-09-09","2025OB000851","2025NS013019","2025-09-09","2025-09-09",63101
41650,"2025-09-11","2025OP002881",405,5,"OB Enviada à instituição bancária para pagamento","2025-09-12","2025-09-12","2025OB002879","2025NS016690","2025-09-11","2025-09-11",63852
42030,"2025-09-11","2025OP003261",405,5,"OB Enviada à instituição bancária para pagamento","2025-09-12","2025-09-12","2025OB003280","2025NS017070","2025-09-11","2025-09-11",64088
42275,"2025-09-11","2025OP003506",405,5,"OB Enviada à instituição bancária para pagamento","2025-09-12","2025-09-12","2025OB003503","2025NS017315","2025-09-11","2025-09-11",64168
42029,"2025-09-11","2025OP003260",405,5,"OB Enviada à instituição bancária para pagamento","2025-09-12","2025-09-12","2025OB003259","2025NS017069","2025-09-11","2025-09-11",64734
40044,"2025-09-09","2025OP001275",405,5,"OB Enviada à instituição bancária para pagamento","2025-09-09","2025-09-09","2025OB001275","2025NS013443","2025-09-09","2025-09-09",60770
41296,"2025-09-09","2025OP002527",405,5,"OB Enviada à instituição bancária para pagamento","2025-09-09","2025-09-09","2025OB002519","2025NS014695","2025-09-09","2025-09-09",61357
41291,"2025-09-09","2025OP002522",405,5,"OB Enviada à instituição bancária para pagamento","2025-09-09","2025-09-09","2025OB002509","2025NS014690","2025-09-09","2025-09-09",62082
41292,"2025-09-09","2025OP002523",405,5,"OB Enviada à instituição bancária para pagamento","2025-09-09","2025-09-09","2025OB002511","2025NS014691","2025-09-09","2025-09-09",62180
38980,"2025-09-09","2025OP000211",405,5,"OB Enviada à instituição bancária para pagamento","2025-09-09","2025-09-09","2025OB000226","2025NS012379","2025-09-09","2025-09-09",62394
41290,"2025-09-09","2025OP002521",405,5,"OB Enviada à instituição bancária para pagamento","2025-09-09","2025-09-09","2025OB002507","2025NS014689","2025-09-09","2025-09-09",62472
39359,"2025-09-09","2025OP000590",405,5,"OB Enviada à instituição bancária para pagamento","2025-09-09","2025-09-09","2025OB000590","2025NS012758","2025-09-09","2025-09-09",62540
41297,"2025-09-09","2025OP002528",405,5,"OB Enviada à instituição bancária para pagamento","2025-09-09","2025-09-09","2025OB002521","2025NS014696","2025-09-09","2025-09-09",62781
41289,"2025-09-09","2025OP002520",405,5,"OB Enviada à instituição bancária para pagamento","2025-09-09","2025-09-09","2025OB002505","2025NS014688","2025-09-09","2025-09-09",62927
43012,"2025-09-11","2025OP004243",405,5,"OB Enviada à instituição bancária para pagamento","2025-09-12","2025-09-12","2025OB004252","2025NS018052","2025-09-11","2025-09-11",63794
43809,"2025-09-29","2025OP005049",405,3,"Aguardando assinaturas do ordenador de despesas e/ou gestor financeiro","2025-09-29",,,"2025NS020264",,,64927
43808,"2025-09-29","2025OP005048",405,3,"Aguardando assinaturas do ordenador de despesas e/ou gestor financeiro","2025-09-29",,,"2025NS020263",,,65373
41288,"2025-09-09","2025OP002519",405,5,"OB Enviada à instituição bancária para pagamento","2025-09-09","2025-09-09","2025OB002503","2025NS014687","2025-09-09","2025-09-09",60771
40082,"2025-09-09","2025OP001313",405,5,"OB Enviada à instituição bancária para pagamento","2025-09-09","2025-09-09","2025OB001329","2025NS013481","2025-09-09","2025-09-09",60950
38993,"2025-09-09","2025OP000224",405,5,"OB Enviada à instituição bancária para pagamento","2025-09-09","2025-09-09","2025OB000209","2025NS012392","2025-09-09","2025-09-09",61793
40083,"2025-09-09","2025OP001314",405,5,"OB Enviada à instituição bancária para pagamento","2025-09-09","2025-09-09","2025OB001331","2025NS013482","2025-09-09","2025-09-09",62066
41392,"2025-09-09","2025OP002623",405,5,"OB Enviada à instituição bancária para pagamento","2025-09-09","2025-09-09","2025OB002623","2025NS014791","2025-09-09","2025-09-09",62199
41394,"2025-09-09","2025OP002625",405,5,"OB Enviada à instituição bancária para pagamento","2025-09-09","2025-09-09","2025OB002625","2025NS014793","2025-09-09","2025-09-09",63027
41391,"2025-09-09","2025OP002622",405,5,"OB Enviada à instituição bancária para pagamento","2025-09-09","2025-09-09","2025OB002622","2025NS014790","2025-09-09","2025-09-09",62474
41393,"2025-09-09","2025OP002624",405,5,"OB Enviada à instituição bancária para pagamento","2025-09-09","2025-09-09","2025OB002624","2025NS014792","2025-09-09","2025-09-09",63102
43836,"2025-09-29","2025OP005076",405,3,"Aguardando assinaturas do ordenador de despesas e/ou gestor financeiro","2025-09-29",,,"2025NS020291",,,65122
41395,"2025-09-09","2025OP002626",405,5,"OB Enviada à instituição bancária para pagamento","2025-09-09","2025-09-09","2025OB002626","2025NS014794","2025-09-09","2025-09-09",63127
43079,"2025-09-11","2025OP004310",405,5,"OB Enviada à instituição bancária para pagamento","2025-09-12","2025-09-12","2025OB004330","2025NS018119","2025-09-11","2025-09-11",63893
42291,"2025-09-11","2025OP003522",405,5,"OB Enviada à instituição bancária para pagamento","2025-09-12","2025-09-12","2025OB003528","2025NS017331","2025-09-11","2025-09-11",63520
43073,"2025-09-11","2025OP004304",405,5,"OB Enviada à instituição bancária para pagamento","2025-09-12","2025-09-12","2025OB004299","2025NS018113","2025-09-11","2025-09-11",63662
43072,"2025-09-11","2025OP004303",405,5,"OB Enviada à instituição bancária para pagamento","2025-09-12","2025-09-12","2025OB004298","2025NS018112","2025-09-11","2025-09-11",63917
43071,"2025-09-11","2025OP004302",405,5,"OB Enviada à instituição bancária para pagamento","2025-09-12","2025-09-12","2025OB004300","2025NS018111","2025-09-11","2025-09-11",64737
40086,"2025-09-09","2025OP001317",405,5,"OB Enviada à instituição bancária para pagamento","2025-09-09","2025-09-09","2025OB001337","2025NS013485","2025-09-09","2025-09-09",62476
42519,"2025-09-11","2025OP003750",405,5,"OB Enviada à instituição bancária para pagamento","2025-09-12","2025-09-12","2025OB003757","2025NS017559","2025-09-11","2025-09-11",64127
42292,"2025-09-11","2025OP003523",405,5,"OB Enviada à instituição bancária para pagamento","2025-09-12","2025-09-12","2025OB003524","2025NS017332","2025-09-11","2025-09-11",63968
43629,"2025-09-29","2025OP004869",405,3,"Aguardando assinaturas do ordenador de despesas e/ou gestor financeiro","2025-09-29",,,"2025NS020084",,,64952
42226,"2025-09-11","2025OP003457",405,5,"OB Enviada à instituição bancária para pagamento","2025-09-12","2025-09-12","2025OB003433","2025NS017266","2025-09-11","2025-09-11",64370
43628,"2025-09-29","2025OP004868",405,3,"Aguardando assinaturas do ordenador de despesas e/ou gestor financeiro","2025-09-29",,,"2025NS020083",,,64982
43631,"2025-09-29","2025OP004871",405,3,"Aguardando assinaturas do ordenador de despesas e/ou gestor financeiro","2025-09-29",,,"2025NS020086",,,64986
43630,"2025-09-29","2025OP004870",405,3,"Aguardando assinaturas do ordenador de despesas e/ou gestor financeiro","2025-09-29",,,"2025NS020085",,,64984
43579,"2025-09-29","2025OP004819",405,3,"Aguardando assinaturas do ordenador de despesas e/ou gestor financeiro","2025-09-29",,,"2025NS020034",,,65192
43632,"2025-09-29","2025OP004872",405,3,"Aguardando assinaturas do ordenador de despesas e/ou gestor financeiro","2025-09-29",,,"2025NS020087",,,64983
41345,"2025-09-09","2025OP002576",405,5,"OB Enviada à instituição bancária para pagamento","2025-09-09","2025-09-09","2025OB002576","2025NS014744","2025-09-09","2025-09-09",61513
43754,"2025-09-29","2025OP004994",405,3,"Aguardando assinaturas do ordenador de despesas e/ou gestor financeiro","2025-09-29",,,"2025NS020209",,,65183
39912,"2025-09-09","2025OP001143",405,5,"OB Enviada à instituição bancária para pagamento","2025-09-09","2025-09-09","2025OB001143","2025NS013311","2025-09-09","2025-09-09",63225
43747,"2025-09-29","2025OP004987",405,3,"Aguardando assinaturas do ordenador de despesas e/ou gestor financeiro","2025-09-29",,,"2025NS020202",,,65170
43756,"2025-09-29","2025OP004996",405,3,"Aguardando assinaturas do ordenador de despesas e/ou gestor financeiro","2025-09-29",,,"2025NS020211",,,65144
43748,"2025-09-29","2025OP004988",405,3,"Aguardando assinaturas do ordenador de despesas e/ou gestor financeiro","2025-09-29",,,"2025NS020203",,,65249
43753,"2025-09-29","2025OP004993",405,3,"Aguardando assinaturas do ordenador de despesas e/ou gestor financeiro","2025-09-29",,,"2025NS020208",,,65224
43750,"2025-09-29","2025OP004990",405,3,"Aguardando assinaturas do ordenador de despesas e/ou gestor financeiro","2025-09-29",,,"2025NS020205",,,65120
43267,"2025-09-29","2025OP004507",405,3,"Aguardando assinaturas do ordenador de despesas e/ou gestor financeiro","2025-09-29",,,"2025NS019722",,,65179
43755,"2025-09-29","2025OP004995",405,3,"Aguardando assinaturas do ordenador de despesas e/ou gestor financeiro","2025-09-29",,,"2025NS020210",,,65143
43758,"2025-09-29","2025OP004998",405,3,"Aguardando assinaturas do ordenador de despesas e/ou gestor financeiro","2025-09-29",,,"2025NS020213",,,65115
43752,"2025-09-29","2025OP004992",405,3,"Aguardando assinaturas do ordenador de despesas e/ou gestor financeiro","2025-09-29",,,"2025NS020207",,,65176
41040,"2025-09-09","2025OP002271",405,5,"OB Enviada à instituição bancária para pagamento","2025-09-09","2025-09-09","2025OB002271","2025NS014439","2025-09-09","2025-09-09",61338
40975,"2025-09-09","2025OP002206",405,5,"OB Enviada à instituição bancária para pagamento","2025-09-09","2025-09-09","2025OB002208","2025NS014374","2025-09-09","2025-09-09",62050
41042,"2025-09-09","2025OP002273",405,5,"OB Enviada à instituição bancária para pagamento","2025-09-09","2025-09-09","2025OB002273","2025NS014441","2025-09-09","2025-09-09",63103
41041,"2025-09-09","2025OP002272",405,5,"OB Enviada à instituição bancária para pagamento","2025-09-09","2025-09-09","2025OB002272","2025NS014440","2025-09-09","2025-09-09",63104
42830,"2025-09-11","2025OP004061",405,5,"OB Enviada à instituição bancária para pagamento","2025-09-12","2025-09-12","2025OB004051","2025NS017870","2025-09-11","2025-09-11",63894
42794,"2025-09-11","2025OP004025",405,5,"OB Enviada à instituição bancária para pagamento","2025-09-12","2025-09-12","2025OB004027","2025NS017834","2025-09-11","2025-09-11",64614
42829,"2025-09-11","2025OP004060",405,5,"OB Enviada à instituição bancária para pagamento","2025-09-12","2025-09-12","2025OB004047","2025NS017869","2025-09-11","2025-09-11",64770
42828,"2025-09-11","2025OP004059",405,5,"OB Enviada à instituição bancária para pagamento","2025-09-12","2025-09-12","2025OB004061","2025NS017868","2025-09-11","2025-09-11",64882
43764,"2025-09-29","2025OP005004",405,3,"Aguardando assinaturas do ordenador de despesas e/ou gestor financeiro","2025-09-29",,,"2025NS020219",,,65375
43745,"2025-09-29","2025OP004985",405,3,"Aguardando assinaturas do ordenador de despesas e/ou gestor financeiro","2025-09-29",,,"2025NS020200",,,65289
39542,"2025-09-09","2025OP000773",405,5,"OB Enviada à instituição bancária para pagamento","2025-09-09","2025-09-09","2025OB000773","2025NS012941","2025-09-09","2025-09-09",61601
39618,"2025-09-09","2025OP000849",405,5,"OB Enviada à instituição bancária para pagamento","2025-09-09","2025-09-09","2025OB000849","2025NS013017","2025-09-09","2025-09-09",62151
39541,"2025-09-09","2025OP000772",405,5,"OB Enviada à instituição bancária para pagamento","2025-09-09","2025-09-09","2025OB000772","2025NS012940","2025-09-09","2025-09-09",63037
39112,"2025-09-09","2025OP000343",405,5,"OB Enviada à instituição bancária para pagamento","2025-09-09","2025-09-09","2025OB000343","2025NS012511","2025-09-09","2025-09-09",63118
41984,"2025-09-11","2025OP003215",405,5,"OB Enviada à instituição bancária para pagamento","2025-09-12","2025-09-12","2025OB003205","2025NS017024","2025-09-11","2025-09-11",64720
41986,"2025-09-11","2025OP003217",405,5,"OB Enviada à instituição bancária para pagamento","2025-09-12","2025-09-12","2025OB003220","2025NS017026","2025-09-11","2025-09-11",63895
41734,"2025-09-11","2025OP002965",405,5,"OB Enviada à instituição bancária para pagamento","2025-09-12","2025-09-12","2025OB002978","2025NS016774","2025-09-11","2025-09-11",63445
42710,"2025-09-11","2025OP003941",405,5,"OB Enviada à instituição bancária para pagamento","2025-09-12","2025-09-12","2025OB003941","2025NS017750","2025-09-11","2025-09-11",64319
41988,"2025-09-11","2025OP003219",405,5,"OB Enviada à instituição bancária para pagamento","2025-09-12","2025-09-12","2025OB003217","2025NS017028","2025-09-11","2025-09-11",64384
41987,"2025-09-11","2025OP003218",405,5,"OB Enviada à instituição bancária para pagamento","2025-09-12","2025-09-12","2025OB003219","2025NS017027","2025-09-11","2025-09-11",64387
43557,"2025-09-29","2025OP004797",405,3,"Aguardando assinaturas do ordenador de despesas e/ou gestor financeiro","2025-09-29",,,"2025NS020012",,,64997
43830,"2025-09-29","2025OP005070",405,3,"Aguardando assinaturas do ordenador de despesas e/ou gestor financeiro","2025-09-29",,,"2025NS020285",,,65197
43057,"2025-09-11","2025OP004288",405,5,"OB Enviada à instituição bancária para pagamento","2025-09-12","2025-09-12","2025OB004287","2025NS018097","2025-09-11","2025-09-11",63757
42378,"2025-09-11","2025OP003609",405,5,"OB Enviada à instituição bancária para pagamento","2025-09-12","2025-09-12","2025OB003611","2025NS017418","2025-09-11","2025-09-11",64263
42377,"2025-09-11","2025OP003608",405,5,"OB Enviada à instituição bancária para pagamento","2025-09-12","2025-09-12","2025OB003609","2025NS017417","2025-09-11","2025-09-11",64282
42376,"2025-09-11","2025OP003607",405,5,"OB Enviada à instituição bancária para pagamento","2025-09-12","2025-09-12","2025OB003605","2025NS017416","2025-09-11","2025-09-11",64465
40215,"2025-09-09","2025OP001446",405,5,"OB Enviada à instituição bancária para pagamento","2025-09-09","2025-09-09","2025OB001446","2025NS013614","2025-09-09","2025-09-09",61144
40213,"2025-09-09","2025OP001444",405,5,"OB Enviada à instituição bancária para pagamento","2025-09-09","2025-09-09","2025OB001444","2025NS013612","2025-09-09","2025-09-09",61902
40214,"2025-09-09","2025OP001445",405,5,"OB Enviada à instituição bancária para pagamento","2025-09-09","2025-09-09","2025OB001445","2025NS013613","2025-09-09","2025-09-09",62053
43307,"2025-09-29","2025OP004547",405,3,"Aguardando assinaturas do ordenador de despesas e/ou gestor financeiro","2025-09-29",,,"2025NS019762",,,64975
41284,"2025-09-09","2025OP002515",405,5,"OB Enviada à instituição bancária para pagamento","2025-09-09","2025-09-09","2025OB002531","2025NS014683","2025-09-09","2025-09-09",62928
41772,"2025-09-11","2025OP003003",405,5,"OB Enviada à instituição bancária para pagamento","2025-09-12","2025-09-12","2025OB003009","2025NS016812","2025-09-11","2025-09-11",63897
41773,"2025-09-11","2025OP003004",405,5,"OB Enviada à instituição bancária para pagamento","2025-09-12","2025-09-12","2025OB003013","2025NS016813","2025-09-11","2025-09-11",63898
41771,"2025-09-11","2025OP003002",405,5,"OB Enviada à instituição bancária para pagamento","2025-09-12","2025-09-12","2025OB003007","2025NS016811","2025-09-11","2025-09-11",64114
41096,"2025-09-09","2025OP002327",405,5,"OB Enviada à instituição bancária para pagamento","2025-09-09","2025-09-09","2025OB002323","2025NS014495","2025-09-09","2025-09-09",60634
39006,"2025-09-09","2025OP000237",405,5,"OB Enviada à instituição bancária para pagamento","2025-09-09","2025-09-09","2025OB000235","2025NS012405","2025-09-09","2025-09-09",61593
41543,"2025-09-09","2025OP002774",405,5,"OB Enviada à instituição bancária para pagamento","2025-09-09","2025-09-09","2025OB002774","2025NS014942","2025-09-09","2025-09-09",61595
41670,"2025-09-11","2025OP002901",405,5,"OB Enviada à instituição bancária para pagamento","2025-09-12","2025-09-12","2025OB002911","2025NS016710","2025-09-11","2025-09-11",64013
39004,"2025-09-09","2025OP000235",405,5,"OB Enviada à instituição bancária para pagamento","2025-09-09","2025-09-09","2025OB000231","2025NS012403","2025-09-09","2025-09-09",61889
40466,"2025-09-09","2025OP001697",405,5,"OB Enviada à instituição bancária para pagamento","2025-09-09","2025-09-09","2025OB001697","2025NS013865","2025-09-09","2025-09-09",62124
41542,"2025-09-09","2025OP002773",405,5,"OB Enviada à instituição bancária para pagamento","2025-09-09","2025-09-09","2025OB002773","2025NS014941","2025-09-09","2025-09-09",62578
43211,"2025-09-11","2025OP004442",405,5,"OB Enviada à instituição bancária para pagamento","2025-09-12","2025-09-12","2025OB004421","2025NS018251","2025-09-11","2025-09-11",63708
41669,"2025-09-11","2025OP002900",405,5,"OB Enviada à instituição bancária para pagamento","2025-09-12","2025-09-12","2025OB002916","2025NS016709","2025-09-11","2025-09-11",64095
41667,"2025-09-11","2025OP002898",405,5,"OB Enviada à instituição bancária para pagamento","2025-09-12","2025-09-12","2025OB002897","2025NS016707","2025-09-11","2025-09-11",64131
43208,"2025-09-11","2025OP004439",405,5,"OB Enviada à instituição bancária para pagamento","2025-09-12","2025-09-12","2025OB004447","2025NS018248","2025-09-11","2025-09-11",64634
41666,"2025-09-11","2025OP002897",405,5,"OB Enviada à instituição bancária para pagamento","2025-09-12","2025-09-12","2025OB002877","2025NS016706","2025-09-11","2025-09-11",64333
42958,"2025-09-11","2025OP004189",405,5,"OB Enviada à instituição bancária para pagamento","2025-09-12","2025-09-12","2025OB004200","2025NS017998","2025-09-11","2025-09-11",64816
41668,"2025-09-11","2025OP002899",405,5,"OB Enviada à instituição bancária para pagamento","2025-09-12","2025-09-12","2025OB002889","2025NS016708","2025-09-11","2025-09-11",63937
41663,"2025-09-11","2025OP002894",405,5,"OB Enviada à instituição bancária para pagamento","2025-09-12","2025-09-12","2025OB002885","2025NS016703","2025-09-11","2025-09-11",64576
43210,"2025-09-11","2025OP004441",405,5,"OB Enviada à instituição bancária para pagamento","2025-09-12","2025-09-12","2025OB004425","2025NS018250","2025-09-11","2025-09-11",64761
43262,"2025-09-29","2025OP004502",405,3,"Aguardando assinaturas do ordenador de despesas e/ou gestor financeiro","2025-09-29",,,"2025NS019717",,,65142
43870,"2025-09-29","2025OP005110",405,3,"Aguardando assinaturas do ordenador de despesas e/ou gestor financeiro","2025-09-29",,,"2025NS020325",,,65077
42526,"2025-09-11","2025OP003757",405,5,"OB Enviada à instituição bancária para pagamento","2025-09-12","2025-09-12","2025OB003768","2025NS017566","2025-09-11","2025-09-11",64117
41078,"2025-09-09","2025OP002309",405,5,"OB Enviada à instituição bancária para pagamento","2025-09-09","2025-09-09","2025OB002314","2025NS014477","2025-09-09","2025-09-09",61472
40535,"2025-09-09","2025OP001766",405,5,"OB Enviada à instituição bancária para pagamento","2025-09-09","2025-09-09","2025OB001766","2025NS013934","2025-09-09","2025-09-09",61494
41079,"2025-09-09","2025OP002310",405,5,"OB Enviada à instituição bancária para pagamento","2025-09-09","2025-09-09","2025OB002316","2025NS014478","2025-09-09","2025-09-09",61892
39693,"2025-09-09","2025OP000924",405,5,"OB Enviada à instituição bancária para pagamento","2025-09-09","2025-09-09","2025OB000917","2025NS013092","2025-09-09","2025-09-09",62220
40537,"2025-09-09","2025OP001768",405,5,"OB Enviada à instituição bancária para pagamento","2025-09-09","2025-09-09","2025OB001768","2025NS013936","2025-09-09","2025-09-09",62248
42523,"2025-09-11","2025OP003754",405,5,"OB Enviada à instituição bancária para pagamento","2025-09-12","2025-09-12","2025OB003759","2025NS017563","2025-09-11","2025-09-11",64305
40538,"2025-09-09","2025OP001769",405,5,"OB Enviada à instituição bancária para pagamento","2025-09-09","2025-09-09","2025OB001769","2025NS013937","2025-09-09","2025-09-09",63130
42525,"2025-09-11","2025OP003756",405,5,"OB Enviada à instituição bancária para pagamento","2025-09-12","2025-09-12","2025OB003772","2025NS017565","2025-09-11","2025-09-11",64229
43634,"2025-09-29","2025OP004874",405,3,"Aguardando assinaturas do ordenador de despesas e/ou gestor financeiro","2025-09-29",,,"2025NS020089",,,65051
42527,"2025-09-11","2025OP003758",405,5,"OB Enviada à instituição bancária para pagamento","2025-09-12","2025-09-12","2025OB003770","2025NS017567","2025-09-11","2025-09-11",64673
43633,"2025-09-29","2025OP004873",405,3,"Aguardando assinaturas do ordenador de despesas e/ou gestor financeiro","2025-09-29",,,"2025NS020088",,,65040
43765,"2025-09-29","2025OP005005",405,3,"Aguardando assinaturas do ordenador de despesas e/ou gestor financeiro","2025-09-29",,,"2025NS020220",,,65212
42859,"2025-09-11","2025OP004090",405,5,"OB Enviada à instituição bancária para pagamento","2025-09-12","2025-09-12","2025OB004076","2025NS017899","2025-09-11","2025-09-11",63732
43635,"2025-09-29","2025OP004875",405,3,"Aguardando assinaturas do ordenador de despesas e/ou gestor financeiro","2025-09-29",,,"2025NS020090",,,65079
40534,"2025-09-09","2025OP001765",405,5,"OB Enviada à instituição bancária para pagamento","2025-09-09","2025-09-09","2025OB001765","2025NS013933","2025-09-09","2025-09-09",60756
41144,"2025-09-09","2025OP002375",405,5,"OB Enviada à instituição bancária para pagamento","2025-09-09","2025-09-09","2025OB002375","2025NS014543","2025-09-09","2025-09-09",61568
41146,"2025-09-09","2025OP002377",405,5,"OB Enviada à instituição bancária para pagamento","2025-09-09","2025-09-09","2025OB002377","2025NS014545","2025-09-09","2025-09-09",61922
41145,"2025-09-09","2025OP002376",405,5,"OB Enviada à instituição bancária para pagamento","2025-09-09","2025-09-09","2025OB002376","2025NS014544","2025-09-09","2025-09-09",61923
43781,"2025-09-29","2025OP005021",405,3,"Aguardando assinaturas do ordenador de despesas e/ou gestor financeiro","2025-09-29",,,"2025NS020236",,,65006
43779,"2025-09-29","2025OP005019",405,3,"Aguardando assinaturas do ordenador de despesas e/ou gestor financeiro","2025-09-29",,,"2025NS020234",,,65376
43780,"2025-09-29","2025OP005020",405,3,"Aguardando assinaturas do ordenador de despesas e/ou gestor financeiro","2025-09-29",,,"2025NS020235",,,65004
39223,"2025-09-09","2025OP000454",405,5,"OB Enviada à instituição bancária para pagamento","2025-09-09","2025-09-09","2025OB000454","2025NS012622","2025-09-09","2025-09-09",60675
41286,"2025-09-09","2025OP002517",405,5,"OB Enviada à instituição bancária para pagamento","2025-09-09","2025-09-09","2025OB002535","2025NS014685","2025-09-09","2025-09-09",62731
40381,"2025-09-09","2025OP001612",405,5,"OB Enviada à instituição bancária para pagamento","2025-09-09","2025-09-09","2025OB001634","2025NS013780","2025-09-09","2025-09-09",63048
42421,"2025-09-11","2025OP003652",405,5,"OB Enviada à instituição bancária para pagamento","2025-09-12","2025-09-12","2025OB003660","2025NS017461","2025-09-11","2025-09-11",64000
43009,"2025-09-11","2025OP004240",405,5,"OB Enviada à instituição bancária para pagamento","2025-09-12","2025-09-12","2025OB004239","2025NS018049","2025-09-11","2025-09-11",64031
42445,"2025-09-11","2025OP003676",405,5,"OB Enviada à instituição bancária para pagamento","2025-09-12","2025-09-12","2025OB003671","2025NS017485","2025-09-11","2025-09-11",63934
41645,"2025-09-11","2025OP002876",405,5,"OB Enviada à instituição bancária para pagamento","2025-09-12","2025-09-12","2025OB002891","2025NS016685","2025-09-11","2025-09-11",64899
42422,"2025-09-11","2025OP003653",405,5,"OB Enviada à instituição bancária para pagamento","2025-09-12","2025-09-12","2025OB003656","2025NS017462","2025-09-11","2025-09-11",64390
43010,"2025-09-11","2025OP004241",405,5,"OB Enviada à instituição bancária para pagamento","2025-09-12","2025-09-12","2025OB004245","2025NS018050","2025-09-11","2025-09-11",64176
42424,"2025-09-11","2025OP003655",405,5,"OB Enviada à instituição bancária para pagamento","2025-09-12","2025-09-12","2025OB003676","2025NS017464","2025-09-11","2025-09-11",64261
42420,"2025-09-11","2025OP003651",405,5,"OB Enviada à instituição bancária para pagamento","2025-09-12","2025-09-12","2025OB003659","2025NS017460","2025-09-11","2025-09-11",64411
43011,"2025-09-11","2025OP004242",405,5,"OB Enviada à instituição bancária para pagamento","2025-09-12","2025-09-12","2025OB004260","2025NS018051","2025-09-11","2025-09-11",64253
40400,"2025-09-09","2025OP001631",405,5,"OB Enviada à instituição bancária para pagamento","2025-09-09","2025-09-09","2025OB001618","2025NS013799","2025-09-09","2025-09-09",61133
40398,"2025-09-09","2025OP001629",405,5,"OB Enviada à instituição bancária para pagamento","2025-09-09","2025-09-09","2025OB001614","2025NS013797","2025-09-09","2025-09-09",61179
42444,"2025-09-11","2025OP003675",405,5,"OB Enviada à instituição bancária para pagamento","2025-09-12","2025-09-12","2025OB003679","2025NS017484","2025-09-11","2025-09-11",64902
40396,"2025-09-09","2025OP001627",405,5,"OB Enviada à instituição bancária para pagamento","2025-09-09","2025-09-09","2025OB001610","2025NS013795","2025-09-09","2025-09-09",62801
40406,"2025-09-09","2025OP001637",405,5,"OB Enviada à instituição bancária para pagamento","2025-09-09","2025-09-09","2025OB001630","2025NS013805","2025-09-09","2025-09-09",61549
40401,"2025-09-09","2025OP001632",405,5,"OB Enviada à instituição bancária para pagamento","2025-09-09","2025-09-09","2025OB001620","2025NS013800","2025-09-09","2025-09-09",61827
40402,"2025-09-09","2025OP001633",405,5,"OB Enviada à instituição bancária para pagamento","2025-09-09","2025-09-09","2025OB001622","2025NS013801","2025-09-09","2025-09-09",62046
40408,"2025-09-09","2025OP001639",405,5,"OB Enviada à instituição bancária para pagamento","2025-09-09","2025-09-09","2025OB001633","2025NS013807","2025-09-09","2025-09-09",63132
42447,"2025-09-11","2025OP003678",405,5,"OB Enviada à instituição bancária para pagamento","2025-09-12","2025-09-12","2025OB003663","2025NS017487","2025-09-11","2025-09-11",64791
40409,"2025-09-09","2025OP001640",405,5,"OB Enviada à instituição bancária para pagamento","2025-09-09","2025-09-09","2025OB001635","2025NS013808","2025-09-09","2025-09-09",62086
43601,"2025-09-29","2025OP004841",405,3,"Aguardando assinaturas do ordenador de despesas e/ou gestor financeiro","2025-09-29",,,"2025NS020056",,,65165
40410,"2025-09-09","2025OP001641",405,5,"OB Enviada à instituição bancária para pagamento","2025-09-09","2025-09-09","2025OB001637","2025NS013809","2025-09-09","2025-09-09",62860
40407,"2025-09-09","2025OP001638",405,5,"OB Enviada à instituição bancária para pagamento","2025-09-09","2025-09-09","2025OB001631","2025NS013806","2025-09-09","2025-09-09",63246
40397,"2025-09-09","2025OP001628",405,5,"OB Enviada à instituição bancária para pagamento","2025-09-09","2025-09-09","2025OB001612","2025NS013796","2025-09-09","2025-09-09",63131
43600,"2025-09-29","2025OP004840",405,3,"Aguardando assinaturas do ordenador de despesas e/ou gestor financeiro","2025-09-29",,,"2025NS020055",,,65062
40403,"2025-09-09","2025OP001634",405,5,"OB Enviada à instituição bancária para pagamento","2025-09-09","2025-09-09","2025OB001624","2025NS013802","2025-09-09","2025-09-09",60773
40399,"2025-09-09","2025OP001630",405,5,"OB Enviada à instituição bancária para pagamento","2025-09-09","2025-09-09","2025OB001616","2025NS013798","2025-09-09","2025-09-09",60856
40201,"2025-09-09","2025OP001432",405,5,"OB Enviada à instituição bancária para pagamento","2025-09-09","2025-09-09","2025OB001432","2025NS013600","2025-09-09","2025-09-09",61337
40204,"2025-09-09","2025OP001435",405,5,"OB Enviada à instituição bancária para pagamento","2025-09-09","2025-09-09","2025OB001435","2025NS013603","2025-09-09","2025-09-09",61352
40673,"2025-09-09","2025OP001904",405,5,"OB Enviada à instituição bancária para pagamento","2025-09-09","2025-09-09","2025OB001904","2025NS014072","2025-09-09","2025-09-09",61495
40202,"2025-09-09","2025OP001433",405,5,"OB Enviada à instituição bancária para pagamento","2025-09-09","2025-09-09","2025OB001433","2025NS013601","2025-09-09","2025-09-09",61582
40203,"2025-09-09","2025OP001434",405,5,"OB Enviada à instituição bancária para pagamento","2025-09-09","2025-09-09","2025OB001434","2025NS013602","2025-09-09","2025-09-09",61588
41362,"2025-09-09","2025OP002593",405,5,"OB Enviada à instituição bancária para pagamento","2025-09-09","2025-09-09","2025OB002593","2025NS014761","2025-09-09","2025-09-09",62695
42352,"2025-09-11","2025OP003583",405,5,"OB Enviada à instituição bancária para pagamento","2025-09-12","2025-09-12","2025OB003569","2025NS017392","2025-09-11","2025-09-11",64456
40200,"2025-09-09","2025OP001431",405,5,"OB Enviada à instituição bancária para pagamento","2025-09-09","2025-09-09","2025OB001431","2025NS013599","2025-09-09","2025-09-09",63179
43664,"2025-09-29","2025OP004904",405,3,"Aguardando assinaturas do ordenador de despesas e/ou gestor financeiro","2025-09-29",,,"2025NS020119",,,65161
42371,"2025-09-11","2025OP003602",405,5,"OB Enviada à instituição bancária para pagamento","2025-09-12","2025-09-12","2025OB003598","2025NS017411","2025-09-11","2025-09-11",63666
42350,"2025-09-11","2025OP003581",405,5,"OB Enviada à instituição bancária para pagamento","2025-09-12","2025-09-12","2025OB003578","2025NS017390","2025-09-11","2025-09-11",63728
42351,"2025-09-11","2025OP003582",405,5,"OB Enviada à instituição bancária para pagamento","2025-09-12","2025-09-12","2025OB003577","2025NS017391","2025-09-11","2025-09-11",64877
42514,"2025-09-11","2025OP003745",405,5,"OB Enviada à instituição bancária para pagamento","2025-09-12","2025-09-12","2025OB003742","2025NS017554","2025-09-11","2025-09-11",64274
40205,"2025-09-09","2025OP001436",405,5,"OB Enviada à instituição bancária para pagamento","2025-09-09","2025-09-09","2025OB001436","2025NS013604","2025-09-09","2025-09-09",60645
42355,"2025-09-11","2025OP003586",405,5,"OB Enviada à instituição bancária para pagamento","2025-09-12","2025-09-12","2025OB003584","2025NS017395","2025-09-11","2025-09-11",64177
42887,"2025-09-11","2025OP004118",405,5,"OB Enviada à instituição bancária para pagamento","2025-09-12","2025-09-12","2025OB004118","2025NS017927","2025-09-11","2025-09-11",64747
43626,"2025-09-29","2025OP004866",405,3,"Aguardando assinaturas do ordenador de despesas e/ou gestor financeiro","2025-09-29",,,"2025NS020081",,,65377
40670,"2025-09-09","2025OP001901",405,5,"OB Enviada à instituição bancária para pagamento","2025-09-09","2025-09-09","2025OB001901","2025NS014069","2025-09-09","2025-09-09",61496
40674,"2025-09-09","2025OP001905",405,5,"OB Enviada à instituição bancária para pagamento","2025-09-09","2025-09-09","2025OB001905","2025NS014073","2025-09-09","2025-09-09",61501
38960,"2025-09-09","2025OP000191",405,5,"OB Enviada à instituição bancária para pagamento","2025-09-09","2025-09-09","2025OB000191","2025NS012359","2025-09-09","2025-09-09",61939
40676,"2025-09-09","2025OP001907",405,5,"OB Enviada à instituição bancária para pagamento","2025-09-09","2025-09-09","2025OB001907","2025NS014075","2025-09-09","2025-09-09",62126
41244,"2025-09-09","2025OP002475",405,5,"OB Enviada à instituição bancária para pagamento","2025-09-09","2025-09-09","2025OB002475","2025NS014643","2025-09-09","2025-09-09",62485
40680,"2025-09-09","2025OP001911",405,5,"OB Enviada à instituição bancária para pagamento","2025-09-09","2025-09-09","2025OB001911","2025NS014079","2025-09-09","2025-09-09",63133
40672,"2025-09-09","2025OP001903",405,5,"OB Enviada à instituição bancária para pagamento","2025-09-09","2025-09-09","2025OB001903","2025NS014071","2025-09-09","2025-09-09",63135
40663,"2025-09-09","2025OP001894",405,5,"OB Enviada à instituição bancária para pagamento","2025-09-09","2025-09-09","2025OB001894","2025NS014062","2025-09-09","2025-09-09",63137
40665,"2025-09-09","2025OP001896",405,5,"OB Enviada à instituição bancária para pagamento","2025-09-09","2025-09-09","2025OB001896","2025NS014064","2025-09-09","2025-09-09",63138
40675,"2025-09-09","2025OP001906",405,5,"OB Enviada à instituição bancária para pagamento","2025-09-09","2025-09-09","2025OB001906","2025NS014074","2025-09-09","2025-09-09",60646
42631,"2025-09-11","2025OP003862",405,5,"OB Enviada à instituição bancária para pagamento","2025-09-12","2025-09-12","2025OB003855","2025NS017671","2025-09-11","2025-09-11",63611
42389,"2025-09-11","2025OP003620",405,5,"OB Enviada à instituição bancária para pagamento","2025-09-12","2025-09-12","2025OB003617","2025NS017429","2025-09-11","2025-09-11",63298
43663,"2025-09-29","2025OP004903",405,3,"Aguardando assinaturas do ordenador de despesas e/ou gestor financeiro","2025-09-29",,,"2025NS020118",,,65171
42611,"2025-09-11","2025OP003842",405,5,"OB Enviada à instituição bancária para pagamento","2025-09-12","2025-09-12","2025OB003846","2025NS017651","2025-09-11","2025-09-11",63822
42388,"2025-09-11","2025OP003619",405,5,"OB Enviada à instituição bancária para pagamento","2025-09-12","2025-09-12","2025OB003619","2025NS017428","2025-09-11","2025-09-11",64125
41673,"2025-09-11","2025OP002904",405,5,"OB Enviada à instituição bancária para pagamento","2025-09-12","2025-09-12","2025OB002900","2025NS016713","2025-09-11","2025-09-11",64083
42612,"2025-09-11","2025OP003843",405,5,"OB Enviada à instituição bancária para pagamento","2025-09-12","2025-09-12","2025OB003848","2025NS017652","2025-09-11","2025-09-11",64174
42610,"2025-09-11","2025OP003841",405,5,"OB Enviada à instituição bancária para pagamento","2025-09-12","2025-09-12","2025OB003839","2025NS017650","2025-09-11","2025-09-11",64211
40668,"2025-09-09","2025OP001899",405,5,"OB Enviada à instituição bancária para pagamento","2025-09-09","2025-09-09","2025OB001899","2025NS014067","2025-09-09","2025-09-09",60609
40862,"2025-09-09","2025OP002093",405,5,"OB Enviada à instituição bancária para pagamento","2025-09-09","2025-09-09","2025OB002093","2025NS014261","2025-09-09","2025-09-09",61237
40863,"2025-09-09","2025OP002094",405,5,"OB Enviada à instituição bancária para pagamento","2025-09-09","2025-09-09","2025OB002094","2025NS014262","2025-09-09","2025-09-09",61249
43578,"2025-09-29","2025OP004818",405,3,"Aguardando assinaturas do ordenador de despesas e/ou gestor financeiro","2025-09-29",,,"2025NS020033",,,65379
41018,"2025-09-09","2025OP002249",405,5,"OB Enviada à instituição bancária para pagamento","2025-09-09","2025-09-09","2025OB002249","2025NS014417","2025-09-09","2025-09-09",61654
42702,"2025-09-11","2025OP003933",405,5,"OB Enviada à instituição bancária para pagamento","2025-09-12","2025-09-12","2025OB003922","2025NS017742","2025-09-11","2025-09-11",63660
42703,"2025-09-11","2025OP003934",405,5,"OB Enviada à instituição bancária para pagamento","2025-09-12","2025-09-12","2025OB003920","2025NS017743","2025-09-11","2025-09-11",64408
42705,"2025-09-11","2025OP003936",405,5,"OB Enviada à instituição bancária para pagamento","2025-09-12","2025-09-12","2025OB003921","2025NS017745","2025-09-11","2025-09-11",64190
42689,"2025-09-11","2025OP003920",405,5,"OB Enviada à instituição bancária para pagamento","2025-09-12","2025-09-12","2025OB003918","2025NS017729","2025-09-11","2025-09-11",64888
43804,"2025-09-29","2025OP005044",405,3,"Aguardando assinaturas do ordenador de despesas e/ou gestor financeiro","2025-09-29",,,"2025NS020259",,,65248
43693,"2025-09-29","2025OP004933",405,3,"Aguardando assinaturas do ordenador de despesas e/ou gestor financeiro","2025-09-29",,,"2025NS020148",,,65100
43577,"2025-09-29","2025OP004817",405,3,"Aguardando assinaturas do ordenador de despesas e/ou gestor financeiro","2025-09-29",,,"2025NS020032",,,65380
42695,"2025-09-11","2025OP003926",405,5,"OB Enviada à instituição bancária para pagamento","2025-09-12","2025-09-12","2025OB003930","2025NS017735","2025-09-11","2025-09-11",64751
43803,"2025-09-29","2025OP005043",405,3,"Aguardando assinaturas do ordenador de despesas e/ou gestor financeiro","2025-09-29",,,"2025NS020258",,,64951
40865,"2025-09-09","2025OP002096",405,5,"OB Enviada à instituição bancária para pagamento","2025-09-09","2025-09-09","2025OB002096","2025NS014264","2025-09-09","2025-09-09",61251
40864,"2025-09-09","2025OP002095",405,5,"OB Enviada à instituição bancária para pagamento","2025-09-09","2025-09-09","2025OB002095","2025NS014263","2025-09-09","2025-09-09",61502
42707,"2025-09-11","2025OP003938",405,5,"OB Enviada à instituição bancária para pagamento","2025-09-12","2025-09-12","2025OB003937","2025NS017747","2025-09-11","2025-09-11",63518
42704,"2025-09-11","2025OP003935",405,5,"OB Enviada à instituição bancária para pagamento","2025-09-12","2025-09-12","2025OB003925","2025NS017744","2025-09-11","2025-09-11",63645
42694,"2025-09-11","2025OP003925",405,5,"OB Enviada à instituição bancária para pagamento","2025-09-12","2025-09-12","2025OB003934","2025NS017734","2025-09-11","2025-09-11",63646
42696,"2025-09-11","2025OP003927",405,5,"OB Enviada à instituição bancária para pagamento","2025-09-12","2025-09-12","2025OB003928","2025NS017736","2025-09-11","2025-09-11",63326
42706,"2025-09-11","2025OP003937",405,5,"OB Enviada à instituição bancária para pagamento","2025-09-12","2025-09-12","2025OB003940","2025NS017746","2025-09-11","2025-09-11",64410
42701,"2025-09-11","2025OP003932",405,5,"OB Enviada à instituição bancária para pagamento","2025-09-12","2025-09-12","2025OB003933","2025NS017741","2025-09-11","2025-09-11",64178
42692,"2025-09-11","2025OP003923",405,5,"OB Enviada à instituição bancária para pagamento","2025-09-12","2025-09-12","2025OB003932","2025NS017732","2025-09-11","2025-09-11",64179
43695,"2025-09-29","2025OP004935",405,3,"Aguardando assinaturas do ordenador de despesas e/ou gestor financeiro","2025-09-29",,,"2025NS020150",,,65057
42693,"2025-09-11","2025OP003924",405,5,"OB Enviada à instituição bancária para pagamento","2025-09-12","2025-09-12","2025OB003923","2025NS017733","2025-09-11","2025-09-11",64741
42708,"2025-09-11","2025OP003939",405,5,"OB Enviada à instituição bancária para pagamento","2025-09-12","2025-09-12","2025OB003929","2025NS017748","2025-09-11","2025-09-11",64794
43697,"2025-09-29","2025OP004937",405,3,"Aguardando assinaturas do ordenador de despesas e/ou gestor financeiro","2025-09-29",,,"2025NS020152",,,65024
43515,"2025-09-29","2025OP004755",405,3,"Aguardando assinaturas do ordenador de despesas e/ou gestor financeiro","2025-09-29",,,"2025NS019970",,,65048
43696,"2025-09-29","2025OP004936",405,3,"Aguardando assinaturas do ordenador de despesas e/ou gestor financeiro","2025-09-29",,,"2025NS020151",,,65055
43694,"2025-09-29","2025OP004934",405,3,"Aguardando assinaturas do ordenador de despesas e/ou gestor financeiro","2025-09-29",,,"2025NS020149",,,65067
39415,"2025-09-09","2025OP000646",405,5,"OB Enviada à instituição bancária para pagamento","2025-09-09","2025-09-09","2025OB000646","2025NS012814","2025-09-09","2025-09-09",61252
41814,"2025-09-11","2025OP003045",405,5,"OB Enviada à instituição bancária para pagamento","2025-09-12","2025-09-12","2025OB003040","2025NS016854","2025-09-11","2025-09-11",63985
39396,"2025-09-09","2025OP000627",405,5,"OB Enviada à instituição bancária para pagamento","2025-09-09","2025-09-09","2025OB000627","2025NS012795","2025-09-09","2025-09-09",61580
40463,"2025-09-09","2025OP001694",405,5,"OB Enviada à instituição bancária para pagamento","2025-09-09","2025-09-09","2025OB001694","2025NS013862","2025-09-09","2025-09-09",61596
39251,"2025-09-09","2025OP000482",405,5,"OB Enviada à instituição bancária para pagamento","2025-09-09","2025-09-09","2025OB000482","2025NS012650","2025-09-09","2025-09-09",61660
41815,"2025-09-11","2025OP003046",405,5,"OB Enviada à instituição bancária para pagamento","2025-09-12","2025-09-12","2025OB003057","2025NS016855","2025-09-11","2025-09-11",64180
39255,"2025-09-09","2025OP000486",405,5,"OB Enviada à instituição bancária para pagamento","2025-09-09","2025-09-09","2025OB000486","2025NS012654","2025-09-09","2025-09-09",63139
42282,"2025-09-11","2025OP003513",405,5,"OB Enviada à instituição bancária para pagamento","2025-09-12","2025-09-12","2025OB003506","2025NS017322","2025-09-11","2025-09-11",64796
41854,"2025-09-11","2025OP003085",405,5,"OB Enviada à instituição bancária para pagamento","2025-09-12","2025-09-12","2025OB003065","2025NS016894","2025-09-11","2025-09-11",64284
39408,"2025-09-09","2025OP000639",405,5,"OB Enviada à instituição bancária para pagamento","2025-09-09","2025-09-09","2025OB000639","2025NS012807","2025-09-09","2025-09-09",62127
39254,"2025-09-09","2025OP000485",405,5,"OB Enviada à instituição bancária para pagamento","2025-09-09","2025-09-09","2025OB000485","2025NS012653","2025-09-09","2025-09-09",62747
39257,"2025-09-09","2025OP000488",405,5,"OB Enviada à instituição bancária para pagamento","2025-09-09","2025-09-09","2025OB000488","2025NS012656","2025-09-09","2025-09-09",62712
39416,"2025-09-09","2025OP000647",405,5,"OB Enviada à instituição bancária para pagamento","2025-09-09","2025-09-09","2025OB000647","2025NS012815","2025-09-09","2025-09-09",62903
39253,"2025-09-09","2025OP000484",405,5,"OB Enviada à instituição bancária para pagamento","2025-09-09","2025-09-09","2025OB000484","2025NS012652","2025-09-09","2025-09-09",63140
43367,"2025-09-29","2025OP004607",405,3,"Aguardando assinaturas do ordenador de despesas e/ou gestor financeiro","2025-09-29",,,"2025NS019822",,,64955
39252,"2025-09-09","2025OP000483",405,5,"OB Enviada à instituição bancária para pagamento","2025-09-09","2025-09-09","2025OB000483","2025NS012651","2025-09-09","2025-09-09",60776
39412,"2025-09-09","2025OP000643",405,5,"OB Enviada à instituição bancária para pagamento","2025-09-09","2025-09-09","2025OB000643","2025NS012811","2025-09-09","2025-09-09",61158
39420,"2025-09-09","2025OP000651",405,5,"OB Enviada à instituição bancária para pagamento","2025-09-09","2025-09-09","2025OB000651","2025NS012819","2025-09-09","2025-09-09",61563
39419,"2025-09-09","2025OP000650",405,5,"OB Enviada à instituição bancária para pagamento","2025-09-09","2025-09-09","2025OB000650","2025NS012818","2025-09-09","2025-09-09",62128
39409,"2025-09-09","2025OP000640",405,5,"OB Enviada à instituição bancária para pagamento","2025-09-09","2025-09-09","2025OB000640","2025NS012808","2025-09-09","2025-09-09",62188
39400,"2025-09-09","2025OP000631",405,5,"OB Enviada à instituição bancária para pagamento","2025-09-09","2025-09-09","2025OB000631","2025NS012799","2025-09-09","2025-09-09",62547
39404,"2025-09-09","2025OP000635",405,5,"OB Enviada à instituição bancária para pagamento","2025-09-09","2025-09-09","2025OB000635","2025NS012803","2025-09-09","2025-09-09",62720
39401,"2025-09-09","2025OP000632",405,5,"OB Enviada à instituição bancária para pagamento","2025-09-09","2025-09-09","2025OB000632","2025NS012800","2025-09-09","2025-09-09",62722
39402,"2025-09-09","2025OP000633",405,5,"OB Enviada à instituição bancária para pagamento","2025-09-09","2025-09-09","2025OB000633","2025NS012801","2025-09-09","2025-09-09",62904
39397,"2025-09-09","2025OP000628",405,5,"OB Enviada à instituição bancária para pagamento","2025-09-09","2025-09-09","2025OB000628","2025NS012796","2025-09-09","2025-09-09",63255
41897,"2025-09-11","2025OP003128",405,5,"OB Enviada à instituição bancária para pagamento","2025-09-12","2025-09-12","2025OB003125","2025NS016937","2025-09-11","2025-09-11",64469
41898,"2025-09-11","2025OP003129",405,5,"OB Enviada à instituição bancária para pagamento","2025-09-12","2025-09-12","2025OB003119","2025NS016938","2025-09-11","2025-09-11",63391
41889,"2025-09-11","2025OP003120",405,5,"OB Enviada à instituição bancária para pagamento","2025-09-12","2025-09-12","2025OB003142","2025NS016929","2025-09-11","2025-09-11",64415
41905,"2025-09-11","2025OP003136",405,5,"OB Enviada à instituição bancária para pagamento","2025-09-12","2025-09-12","2025OB003120","2025NS016945","2025-09-11","2025-09-11",63507
41891,"2025-09-11","2025OP003122",405,5,"OB Enviada à instituição bancária para pagamento","2025-09-12","2025-09-12","2025OB003131","2025NS016931","2025-09-11","2025-09-11",63795
41896,"2025-09-11","2025OP003127",405,5,"OB Enviada à instituição bancária para pagamento","2025-09-12","2025-09-12","2025OB003136","2025NS016936","2025-09-11","2025-09-11",64413
41892,"2025-09-11","2025OP003123",405,5,"OB Enviada à instituição bancária para pagamento","2025-09-12","2025-09-12","2025OB003124","2025NS016932","2025-09-11","2025-09-11",64185
41904,"2025-09-11","2025OP003135",405,5,"OB Enviada à instituição bancária para pagamento","2025-09-12","2025-09-12","2025OB003144","2025NS016944","2025-09-11","2025-09-11",64833
39407,"2025-09-09","2025OP000638",405,5,"OB Enviada à instituição bancária para pagamento","2025-09-09","2025-09-09","2025OB000638","2025NS012806","2025-09-09","2025-09-09",61253
39418,"2025-09-09","2025OP000649",405,5,"OB Enviada à instituição bancária para pagamento","2025-09-09","2025-09-09","2025OB000649","2025NS012817","2025-09-09","2025-09-09",61741
39403,"2025-09-09","2025OP000634",405,5,"OB Enviada à instituição bancária para pagamento","2025-09-09","2025-09-09","2025OB000634","2025NS012802","2025-09-09","2025-09-09",61869
39393,"2025-09-09","2025OP000624",405,5,"OB Enviada à instituição bancária para pagamento","2025-09-09","2025-09-09","2025OB000624","2025NS012792","2025-09-09","2025-09-09",62032
41901,"2025-09-11","2025OP003132",405,5,"OB Enviada à instituição bancária para pagamento","2025-09-12","2025-09-12","2025OB003123","2025NS016941","2025-09-11","2025-09-11",63508
39411,"2025-09-09","2025OP000642",405,5,"OB Enviada à instituição bancária para pagamento","2025-09-09","2025-09-09","2025OB000642","2025NS012810","2025-09-09","2025-09-09",62033
39395,"2025-09-09","2025OP000626",405,5,"OB Enviada à instituição bancária para pagamento","2025-09-09","2025-09-09","2025OB000626","2025NS012794","2025-09-09","2025-09-09",62247
39406,"2025-09-09","2025OP000637",405,5,"OB Enviada à instituição bancária para pagamento","2025-09-09","2025-09-09","2025OB000637","2025NS012805","2025-09-09","2025-09-09",62252
39398,"2025-09-09","2025OP000629",405,5,"OB Enviada à instituição bancária para pagamento","2025-09-09","2025-09-09","2025OB000629","2025NS012797","2025-09-09","2025-09-09",62590
39413,"2025-09-09","2025OP000644",405,5,"OB Enviada à instituição bancária para pagamento","2025-09-09","2025-09-09","2025OB000644","2025NS012812","2025-09-09","2025-09-09",62793
41906,"2025-09-11","2025OP003137",405,5,"OB Enviada à instituição bancária para pagamento","2025-09-12","2025-09-12","2025OB003121","2025NS016946","2025-09-11","2025-09-11",64233
39414,"2025-09-09","2025OP000645",405,5,"OB Enviada à instituição bancária para pagamento","2025-09-09","2025-09-09","2025OB000645","2025NS012813","2025-09-09","2025-09-09",62905
41893,"2025-09-11","2025OP003124",405,5,"OB Enviada à instituição bancária para pagamento","2025-09-12","2025-09-12","2025OB003140","2025NS016933","2025-09-11","2025-09-11",64386
41899,"2025-09-11","2025OP003130",405,5,"OB Enviada à instituição bancária para pagamento","2025-09-12","2025-09-12","2025OB003122","2025NS016939","2025-09-11","2025-09-11",64417
41895,"2025-09-11","2025OP003126",405,5,"OB Enviada à instituição bancária para pagamento","2025-09-12","2025-09-12","2025OB003132","2025NS016935","2025-09-11","2025-09-11",64418
41902,"2025-09-11","2025OP003133",405,5,"OB Enviada à instituição bancária para pagamento","2025-09-12","2025-09-12","2025OB003127","2025NS016942","2025-09-11","2025-09-11",64187
41890,"2025-09-11","2025OP003121",405,5,"OB Enviada à instituição bancária para pagamento","2025-09-12","2025-09-12","2025OB003126","2025NS016930","2025-09-11","2025-09-11",64473
39392,"2025-09-09","2025OP000623",405,5,"OB Enviada à instituição bancária para pagamento","2025-09-09","2025-09-09","2025OB000623","2025NS012791","2025-09-09","2025-09-09",60732
43563,"2025-09-29","2025OP004803",405,3,"Aguardando assinaturas do ordenador de despesas e/ou gestor financeiro","2025-09-29",,,"2025NS020018",,,64969
43574,"2025-09-29","2025OP004814",405,3,"Aguardando assinaturas do ordenador de despesas e/ou gestor financeiro","2025-09-29",,,"2025NS020029",,,64963
39391,"2025-09-09","2025OP000622",405,5,"OB Enviada à instituição bancária para pagamento","2025-09-09","2025-09-09","2025OB000622","2025NS012790","2025-09-09","2025-09-09",61732
42386,"2025-09-11","2025OP003617",405,5,"OB Enviada à instituição bancária para pagamento","2025-09-12","2025-09-12","2025OB003618","2025NS017426","2025-09-11","2025-09-11",64419
43561,"2025-09-29","2025OP004801",405,3,"Aguardando assinaturas do ordenador de despesas e/ou gestor financeiro","2025-09-29",,,"2025NS020016",,,65381
43562,"2025-09-29","2025OP004802",405,3,"Aguardando assinaturas do ordenador de despesas e/ou gestor financeiro","2025-09-29",,,"2025NS020017",,,64962
43572,"2025-09-29","2025OP004812",405,3,"Aguardando assinaturas do ordenador de despesas e/ou gestor financeiro","2025-09-29",,,"2025NS020027",,,64990
43568,"2025-09-29","2025OP004808",405,3,"Aguardando assinaturas do ordenador de despesas e/ou gestor financeiro","2025-09-29",,,"2025NS020023",,,65172
43570,"2025-09-29","2025OP004810",405,3,"Aguardando assinaturas do ordenador de despesas e/ou gestor financeiro","2025-09-29",,,"2025NS020025",,,65018
43564,"2025-09-29","2025OP004804",405,3,"Aguardando assinaturas do ordenador de despesas e/ou gestor financeiro","2025-09-29",,,"2025NS020019",,,65090
43576,"2025-09-29","2025OP004816",405,3,"Aguardando assinaturas do ordenador de despesas e/ou gestor financeiro","2025-09-29",,,"2025NS020031",,,64995
43559,"2025-09-29","2025OP004799",405,3,"Aguardando assinaturas do ordenador de despesas e/ou gestor financeiro","2025-09-29",,,"2025NS020014",,,65019
39551,"2025-09-09","2025OP000782",405,5,"OB Enviada à instituição bancária para pagamento","2025-09-09","2025-09-09","2025OB000782","2025NS012950","2025-09-09","2025-09-09",61950
39751,"2025-09-09","2025OP000982",405,5,"OB Enviada à instituição bancária para pagamento","2025-09-09","2025-09-09","2025OB000982","2025NS013150","2025-09-09","2025-09-09",62073
39552,"2025-09-09","2025OP000783",405,5,"OB Enviada à instituição bancária para pagamento","2025-09-09","2025-09-09","2025OB000783","2025NS012951","2025-09-09","2025-09-09",62133
39748,"2025-09-09","2025OP000979",405,5,"OB Enviada à instituição bancária para pagamento","2025-09-09","2025-09-09","2025OB000979","2025NS013147","2025-09-09","2025-09-09",62261
39749,"2025-09-09","2025OP000980",405,5,"OB Enviada à instituição bancária para pagamento","2025-09-09","2025-09-09","2025OB000980","2025NS013148","2025-09-09","2025-09-09",62510
39754,"2025-09-09","2025OP000985",405,5,"OB Enviada à instituição bancária para pagamento","2025-09-09","2025-09-09","2025OB000985","2025NS013153","2025-09-09","2025-09-09",62512
39750,"2025-09-09","2025OP000981",405,5,"OB Enviada à instituição bancária para pagamento","2025-09-09","2025-09-09","2025OB000981","2025NS013149","2025-09-09","2025-09-09",62513
40620,"2025-09-09","2025OP001851",405,5,"OB Enviada à instituição bancária para pagamento","2025-09-09","2025-09-09","2025OB001851","2025NS014019","2025-09-09","2025-09-09",63232
43292,"2025-09-29","2025OP004532",405,3,"Aguardando assinaturas do ordenador de despesas e/ou gestor financeiro","2025-09-29",,,"2025NS019747",,,65239
41929,"2025-09-11","2025OP003160",405,5,"OB Enviada à instituição bancária para pagamento","2025-09-12","2025-09-12","2025OB003148","2025NS016969","2025-09-11","2025-09-11",64188
42099,"2025-09-11","2025OP003330",405,5,"OB Enviada à instituição bancária para pagamento","2025-09-12","2025-09-12","2025OB003324","2025NS017139","2025-09-11","2025-09-11",64421
39168,"2025-09-09","2025OP000399",405,5,"OB Enviada à instituição bancária para pagamento","2025-09-09","2025-09-09","2025OB000399","2025NS012567","2025-09-09","2025-09-09",60733
38900,"2025-09-09","2025OP000131",405,5,"OB Enviada à instituição bancária para pagamento","2025-09-09","2025-09-09","2025OB000131","2025NS012299","2025-09-09","2025-09-09",61356
39317,"2025-09-09","2025OP000548",405,5,"OB Enviada à instituição bancária para pagamento","2025-09-09","2025-09-09","2025OB000548","2025NS012716","2025-09-09","2025-09-09",61508
38899,"2025-09-09","2025OP000130",405,5,"OB Enviada à instituição bancária para pagamento","2025-09-09","2025-09-09","2025OB000130","2025NS012298","2025-09-09","2025-09-09",61579
38897,"2025-09-09","2025OP000128",405,5,"OB Enviada à instituição bancária para pagamento","2025-09-09","2025-09-09","2025OB000128","2025NS012296","2025-09-09","2025-09-09",62514
38898,"2025-09-09","2025OP000129",405,5,"OB Enviada à instituição bancária para pagamento","2025-09-09","2025-09-09","2025OB000129","2025NS012297","2025-09-09","2025-09-09",62893
38894,"2025-09-09","2025OP000125",405,5,"OB Enviada à instituição bancária para pagamento","2025-09-09","2025-09-09","2025OB000125","2025NS012293","2025-09-09","2025-09-09",63142
41596,"2025-09-11","2025OP002827",405,5,"OB Enviada à instituição bancária para pagamento","2025-09-12","2025-09-12","2025OB002835","2025NS016636","2025-09-11","2025-09-11",63574
41593,"2025-09-11","2025OP002824",405,5,"OB Enviada à instituição bancária para pagamento","2025-09-12","2025-09-12","2025OB002837","2025NS016633","2025-09-11","2025-09-11",64462
43338,"2025-09-29","2025OP004578",405,3,"Aguardando assinaturas do ordenador de despesas e/ou gestor financeiro","2025-09-29",,,"2025NS019793",,,65148
43339,"2025-09-29","2025OP004579",405,3,"Aguardando assinaturas do ordenador de despesas e/ou gestor financeiro","2025-09-29",,,"2025NS019794",,,64941
38896,"2025-09-09","2025OP000127",405,5,"OB Enviada à instituição bancária para pagamento","2025-09-09","2025-09-09","2025OB000127","2025NS012295","2025-09-09","2025-09-09",60734
38902,"2025-09-09","2025OP000133",405,5,"OB Enviada à instituição bancária para pagamento","2025-09-09","2025-09-09","2025OB000133","2025NS012301","2025-09-09","2025-09-09",60778
38908,"2025-09-09","2025OP000139",405,5,"OB Enviada à instituição bancária para pagamento","2025-09-09","2025-09-09","2025OB000139","2025NS012307","2025-09-09","2025-09-09",61257
38917,"2025-09-09","2025OP000148",405,5,"OB Enviada à instituição bancária para pagamento","2025-09-09","2025-09-09","2025OB000148","2025NS012316","2025-09-09","2025-09-09",61519
38906,"2025-09-09","2025OP000137",405,5,"OB Enviada à instituição bancária para pagamento","2025-09-09","2025-09-09","2025OB000137","2025NS012305","2025-09-09","2025-09-09",62641
38910,"2025-09-09","2025OP000141",405,5,"OB Enviada à instituição bancária para pagamento","2025-09-09","2025-09-09","2025OB000141","2025NS012309","2025-09-09","2025-09-09",62642
38911,"2025-09-09","2025OP000142",405,5,"OB Enviada à instituição bancária para pagamento","2025-09-09","2025-09-09","2025OB000142","2025NS012310","2025-09-09","2025-09-09",62883
38907,"2025-09-09","2025OP000138",405,5,"OB Enviada à instituição bancária para pagamento","2025-09-09","2025-09-09","2025OB000138","2025NS012306","2025-09-09","2025-09-09",62946
43229,"2025-09-29","2025OP004469",405,3,"Aguardando assinaturas do ordenador de despesas e/ou gestor financeiro","2025-09-29",,,"2025NS019684",,,65135
41603,"2025-09-11","2025OP002834",405,5,"OB Enviada à instituição bancária para pagamento","2025-09-12","2025-09-12","2025OB002833","2025NS016643","2025-09-11","2025-09-11",63311
38909,"2025-09-09","2025OP000140",405,5,"OB Enviada à instituição bancária para pagamento","2025-09-09","2025-09-09","2025OB000140","2025NS012308","2025-09-09","2025-09-09",63143
38905,"2025-09-09","2025OP000136",405,5,"OB Enviada à instituição bancária para pagamento","2025-09-09","2025-09-09","2025OB000136","2025NS012304","2025-09-09","2025-09-09",63144
41598,"2025-09-11","2025OP002829",405,5,"OB Enviada à instituição bancária para pagamento","2025-09-12","2025-09-12","2025OB002845","2025NS016638","2025-09-11","2025-09-11",64354
41597,"2025-09-11","2025OP002828",405,5,"OB Enviada à instituição bancária para pagamento","2025-09-12","2025-09-12","2025OB002825","2025NS016637","2025-09-11","2025-09-11",64259
38904,"2025-09-09","2025OP000135",405,5,"OB Enviada à instituição bancária para pagamento","2025-09-09","2025-09-09","2025OB000135","2025NS012303","2025-09-09","2025-09-09",60735
38903,"2025-09-09","2025OP000134",405,5,"OB Enviada à instituição bancária para pagamento","2025-09-09","2025-09-09","2025OB000134","2025NS012302","2025-09-09","2025-09-09",60736
41638,"2025-09-11","2025OP002869",405,5,"OB Enviada à instituição bancária para pagamento","2025-09-12","2025-09-12","2025OB002870","2025NS016678","2025-09-11","2025-09-11",64868
38919,"2025-09-09","2025OP000150",405,5,"OB Enviada à instituição bancária para pagamento","2025-09-09","2025-09-09","2025OB000150","2025NS012318","2025-09-09","2025-09-09",61259
38915,"2025-09-09","2025OP000146",405,5,"OB Enviada à instituição bancária para pagamento","2025-09-09","2025-09-09","2025OB000146","2025NS012314","2025-09-09","2025-09-09",61454
43238,"2025-09-29","2025OP004478",405,3,"Aguardando assinaturas do ordenador de despesas e/ou gestor financeiro","2025-09-29",,,"2025NS019693",,,65384
38944,"2025-09-09","2025OP000175",405,5,"OB Enviada à instituição bancária para pagamento","2025-09-09","2025-09-09","2025OB000175","2025NS012343","2025-09-09","2025-09-09",62234
38953,"2025-09-09","2025OP000184",405,5,"OB Enviada à instituição bancária para pagamento","2025-09-09","2025-09-09","2025OB000184","2025NS012352","2025-09-09","2025-09-09",62067
38914,"2025-09-09","2025OP000145",405,5,"OB Enviada à instituição bancária para pagamento","2025-09-09","2025-09-09","2025OB000145","2025NS012313","2025-09-09","2025-09-09",62135
38916,"2025-09-09","2025OP000147",405,5,"OB Enviada à instituição bancária para pagamento","2025-09-09","2025-09-09","2025OB000147","2025NS012315","2025-09-09","2025-09-09",62544
38913,"2025-09-09","2025OP000144",405,5,"OB Enviada à instituição bancária para pagamento","2025-09-09","2025-09-09","2025OB000144","2025NS012312","2025-09-09","2025-09-09",62930
38943,"2025-09-09","2025OP000174",405,5,"OB Enviada à instituição bancária para pagamento","2025-09-09","2025-09-09","2025OB000174","2025NS012342","2025-09-09","2025-09-09",62752
41629,"2025-09-11","2025OP002860",405,5,"OB Enviada à instituição bancária para pagamento","2025-09-12","2025-09-12","2025OB002848","2025NS016669","2025-09-11","2025-09-11",64423
38954,"2025-09-09","2025OP000185",405,5,"OB Enviada à instituição bancária para pagamento","2025-09-09","2025-09-09","2025OB000185","2025NS012353","2025-09-09","2025-09-09",62609
38912,"2025-09-09","2025OP000143",405,5,"OB Enviada à instituição bancária para pagamento","2025-09-09","2025-09-09","2025OB000143","2025NS012311","2025-09-09","2025-09-09",62884
38945,"2025-09-09","2025OP000176",405,5,"OB Enviada à instituição bancária para pagamento","2025-09-09","2025-09-09","2025OB000176","2025NS012344","2025-09-09","2025-09-09",62936
41601,"2025-09-11","2025OP002832",405,5,"OB Enviada à instituição bancária para pagamento","2025-09-12","2025-09-12","2025OB002826","2025NS016641","2025-09-11","2025-09-11",63687
41631,"2025-09-11","2025OP002862",405,5,"OB Enviada à instituição bancária para pagamento","2025-09-12","2025-09-12","2025OB002855","2025NS016671","2025-09-11","2025-09-11",63347
41604,"2025-09-11","2025OP002835",405,5,"OB Enviada à instituição bancária para pagamento","2025-09-12","2025-09-12","2025OB002828","2025NS016644","2025-09-11","2025-09-11",63808
42070,"2025-09-11","2025OP003301",405,5,"OB Enviada à instituição bancária para pagamento","2025-09-12","2025-09-12","2025OB003305","2025NS017110","2025-09-11","2025-09-11",63854
41634,"2025-09-11","2025OP002865",405,5,"OB Enviada à instituição bancária para pagamento","2025-09-12","2025-09-12","2025OB002865","2025NS016674","2025-09-11","2025-09-11",64424
43230,"2025-09-29","2025OP004470",405,3,"Aguardando assinaturas do ordenador de despesas e/ou gestor financeiro","2025-09-29",,,"2025NS019685",,,65383
38958,"2025-09-09","2025OP000189",405,5,"OB Enviada à instituição bancária para pagamento","2025-09-09","2025-09-09","2025OB000189","2025NS012357","2025-09-09","2025-09-09",60587
38942,"2025-09-09","2025OP000173",405,5,"OB Enviada à instituição bancária para pagamento","2025-09-09","2025-09-09","2025OB000173","2025NS012341","2025-09-09","2025-09-09",60812
38957,"2025-09-09","2025OP000188",405,5,"OB Enviada à instituição bancária para pagamento","2025-09-09","2025-09-09","2025OB000188","2025NS012356","2025-09-09","2025-09-09",61460
38951,"2025-09-09","2025OP000182",405,5,"OB Enviada à instituição bancária para pagamento","2025-09-09","2025-09-09","2025OB000182","2025NS012350","2025-09-09","2025-09-09",61514
38963,"2025-09-09","2025OP000194",405,5,"OB Enviada à instituição bancária para pagamento","2025-09-09","2025-09-09","2025OB000194","2025NS012362","2025-09-09","2025-09-09",63146
38949,"2025-09-09","2025OP000180",405,5,"OB Enviada à instituição bancária para pagamento","2025-09-09","2025-09-09","2025OB000180","2025NS012348","2025-09-09","2025-09-09",62137
38956,"2025-09-09","2025OP000187",405,5,"OB Enviada à instituição bancária para pagamento","2025-09-09","2025-09-09","2025OB000187","2025NS012355","2025-09-09","2025-09-09",62376
39410,"2025-09-09","2025OP000641",405,5,"OB Enviada à instituição bancária para pagamento","2025-09-09","2025-09-09","2025OB000641","2025NS012809","2025-09-09","2025-09-09",62477
38962,"2025-09-09","2025OP000193",405,5,"OB Enviada à instituição bancária para pagamento","2025-09-09","2025-09-09","2025OB000193","2025NS012361","2025-09-09","2025-09-09",62518
38965,"2025-09-09","2025OP000196",405,5,"OB Enviada à instituição bancária para pagamento","2025-09-09","2025-09-09","2025OB000196","2025NS012364","2025-09-09","2025-09-09",62579
38964,"2025-09-09","2025OP000195",405,5,"OB Enviada à instituição bancária para pagamento","2025-09-09","2025-09-09","2025OB000195","2025NS012363","2025-09-09","2025-09-09",62581
43240,"2025-09-29","2025OP004480",405,3,"Aguardando assinaturas do ordenador de despesas e/ou gestor financeiro","2025-09-29",,,"2025NS019695",,,65068
41637,"2025-09-11","2025OP002868",405,5,"OB Enviada à instituição bancária para pagamento","2025-09-12","2025-09-12","2025OB002872","2025NS016677","2025-09-11","2025-09-11",63621
38950,"2025-09-09","2025OP000181",405,5,"OB Enviada à instituição bancária para pagamento","2025-09-09","2025-09-09","2025OB000181","2025NS012349","2025-09-09","2025-09-09",62888
38955,"2025-09-09","2025OP000186",405,5,"OB Enviada à instituição bancária para pagamento","2025-09-09","2025-09-09","2025OB000186","2025NS012354","2025-09-09","2025-09-09",63145
41636,"2025-09-11","2025OP002867",405,5,"OB Enviada à instituição bancária para pagamento","2025-09-12","2025-09-12","2025OB002849","2025NS016676","2025-09-11","2025-09-11",63348
41640,"2025-09-11","2025OP002871",405,5,"OB Enviada à instituição bancária para pagamento","2025-09-12","2025-09-12","2025OB002868","2025NS016680","2025-09-11","2025-09-11",64426
41635,"2025-09-11","2025OP002866",405,5,"OB Enviada à instituição bancária para pagamento","2025-09-12","2025-09-12","2025OB002862","2025NS016675","2025-09-11","2025-09-11",64504
43243,"2025-09-29","2025OP004483",405,3,"Aguardando assinaturas do ordenador de despesas e/ou gestor financeiro","2025-09-29",,,"2025NS019698",,,64979
38959,"2025-09-09","2025OP000190",405,5,"OB Enviada à instituição bancária para pagamento","2025-09-09","2025-09-09","2025OB000190","2025NS012358","2025-09-09","2025-09-09",60769
38971,"2025-09-09","2025OP000202",405,5,"OB Enviada à instituição bancária para pagamento","2025-09-09","2025-09-09","2025OB000208","2025NS012370","2025-09-09","2025-09-09",61462
38967,"2025-09-09","2025OP000198",405,5,"OB Enviada à instituição bancária para pagamento","2025-09-09","2025-09-09","2025OB000200","2025NS012366","2025-09-09","2025-09-09",61523
38973,"2025-09-09","2025OP000204",405,5,"OB Enviada à instituição bancária para pagamento","2025-09-09","2025-09-09","2025OB000212","2025NS012372","2025-09-09","2025-09-09",61597
38978,"2025-09-09","2025OP000209",405,5,"OB Enviada à instituição bancária para pagamento","2025-09-09","2025-09-09","2025OB000222","2025NS012377","2025-09-09","2025-09-09",61957
38987,"2025-09-09","2025OP000218",405,5,"OB Enviada à instituição bancária para pagamento","2025-09-09","2025-09-09","2025OB000197","2025NS012386","2025-09-09","2025-09-09",62139
38985,"2025-09-09","2025OP000216",405,5,"OB Enviada à instituição bancária para pagamento","2025-09-09","2025-09-09","2025OB000236","2025NS012384","2025-09-09","2025-09-09",62520
38968,"2025-09-09","2025OP000199",405,5,"OB Enviada à instituição bancária para pagamento","2025-09-09","2025-09-09","2025OB000202","2025NS012367","2025-09-09","2025-09-09",62768
38974,"2025-09-09","2025OP000205",405,5,"OB Enviada à instituição bancária para pagamento","2025-09-09","2025-09-09","2025OB000214","2025NS012373","2025-09-09","2025-09-09",62867
41644,"2025-09-11","2025OP002875",405,5,"OB Enviada à instituição bancária para pagamento","2025-09-12","2025-09-12","2025OB002892","2025NS016684","2025-09-11","2025-09-11",64010
41654,"2025-09-11","2025OP002885",405,5,"OB Enviada à instituição bancária para pagamento","2025-09-12","2025-09-12","2025OB002887","2025NS016694","2025-09-11","2025-09-11",64331
38969,"2025-09-09","2025OP000200",405,5,"OB Enviada à instituição bancária para pagamento","2025-09-09","2025-09-09","2025OB000204","2025NS012368","2025-09-09","2025-09-09",63147
38977,"2025-09-09","2025OP000208",405,5,"OB Enviada à instituição bancária para pagamento","2025-09-09","2025-09-09","2025OB000220","2025NS012376","2025-09-09","2025-09-09",63231
42876,"2025-09-11","2025OP004107",405,5,"OB Enviada à instituição bancária para pagamento","2025-09-12","2025-09-12","2025OB004106","2025NS017916","2025-09-11","2025-09-11",64594
42451,"2025-09-11","2025OP003682",405,5,"OB Enviada à instituição bancária para pagamento","2025-09-12","2025-09-12","2025OB003700","2025NS017491","2025-09-11","2025-09-11",64535
43245,"2025-09-29","2025OP004485",405,3,"Aguardando assinaturas do ordenador de despesas e/ou gestor financeiro","2025-09-29",,,"2025NS019700",,,65069
43246,"2025-09-29","2025OP004486",405,3,"Aguardando assinaturas do ordenador de despesas e/ou gestor financeiro","2025-09-29",,,"2025NS019701",,,65167
39043,"2025-09-09","2025OP000274",405,5,"OB Enviada à instituição bancária para pagamento","2025-09-09","2025-09-09","2025OB000274","2025NS012442","2025-09-09","2025-09-09",63071
38975,"2025-09-09","2025OP000206",405,5,"OB Enviada à instituição bancária para pagamento","2025-09-09","2025-09-09","2025OB000216","2025NS012374","2025-09-09","2025-09-09",60588
38989,"2025-09-09","2025OP000220",405,5,"OB Enviada à instituição bancária para pagamento","2025-09-09","2025-09-09","2025OB000201","2025NS012388","2025-09-09","2025-09-09",63075
41656,"2025-09-11","2025OP002887",405,5,"OB Enviada à instituição bancária para pagamento","2025-09-12","2025-09-12","2025OB002874","2025NS016696","2025-09-11","2025-09-11",63974
38984,"2025-09-09","2025OP000215",405,5,"OB Enviada à instituição bancária para pagamento","2025-09-09","2025-09-09","2025OB000234","2025NS012383","2025-09-09","2025-09-09",62841
38986,"2025-09-09","2025OP000217",405,5,"OB Enviada à instituição bancária para pagamento","2025-09-09","2025-09-09","2025OB000238","2025NS012385","2025-09-09","2025-09-09",61576
38990,"2025-09-09","2025OP000221",405,5,"OB Enviada à instituição bancária para pagamento","2025-09-09","2025-09-09","2025OB000203","2025NS012389","2025-09-09","2025-09-09",62706
38988,"2025-09-09","2025OP000219",405,5,"OB Enviada à instituição bancária para pagamento","2025-09-09","2025-09-09","2025OB000199","2025NS012387","2025-09-09","2025-09-09",63052
43264,"2025-09-29","2025OP004504",405,3,"Aguardando assinaturas do ordenador de despesas e/ou gestor financeiro","2025-09-29",,,"2025NS019719",,,64957
38991,"2025-09-09","2025OP000222",405,5,"OB Enviada à instituição bancária para pagamento","2025-09-09","2025-09-09","2025OB000205","2025NS012390","2025-09-09","2025-09-09",63268
41655,"2025-09-11","2025OP002886",405,5,"OB Enviada à instituição bancária para pagamento","2025-09-12","2025-09-12","2025OB002895","2025NS016695","2025-09-11","2025-09-11",63671
43254,"2025-09-29","2025OP004494",405,3,"Aguardando assinaturas do ordenador de despesas e/ou gestor financeiro","2025-09-29",,,"2025NS019709",,,65387
43253,"2025-09-29","2025OP004493",405,3,"Aguardando assinaturas do ordenador de despesas e/ou gestor financeiro","2025-09-29",,,"2025NS019708",,,65388
43252,"2025-09-29","2025OP004492",405,3,"Aguardando assinaturas do ordenador de despesas e/ou gestor financeiro","2025-09-29",,,"2025NS019707",,,65389
39024,"2025-09-09","2025OP000255",405,5,"OB Enviada à instituição bancária para pagamento","2025-09-09","2025-09-09","2025OB000255","2025NS012423","2025-09-09","2025-09-09",60953
39013,"2025-09-09","2025OP000244",405,5,"OB Enviada à instituição bancária para pagamento","2025-09-09","2025-09-09","2025OB000244","2025NS012412","2025-09-09","2025-09-09",62814
39018,"2025-09-09","2025OP000249",405,5,"OB Enviada à instituição bancária para pagamento","2025-09-09","2025-09-09","2025OB000249","2025NS012417","2025-09-09","2025-09-09",61449
39022,"2025-09-09","2025OP000253",405,5,"OB Enviada à instituição bancária para pagamento","2025-09-09","2025-09-09","2025OB000253","2025NS012421","2025-09-09","2025-09-09",61450
39020,"2025-09-09","2025OP000251",405,5,"OB Enviada à instituição bancária para pagamento","2025-09-09","2025-09-09","2025OB000251","2025NS012419","2025-09-09","2025-09-09",61763
39023,"2025-09-09","2025OP000254",405,5,"OB Enviada à instituição bancária para pagamento","2025-09-09","2025-09-09","2025OB000254","2025NS012422","2025-09-09","2025-09-09",61457
39008,"2025-09-09","2025OP000239",405,5,"OB Enviada à instituição bancária para pagamento","2025-09-09","2025-09-09","2025OB000239","2025NS012407","2025-09-09","2025-09-09",61458
39016,"2025-09-09","2025OP000247",405,5,"OB Enviada à instituição bancária para pagamento","2025-09-09","2025-09-09","2025OB000247","2025NS012415","2025-09-09","2025-09-09",61960
39027,"2025-09-09","2025OP000258",405,5,"OB Enviada à instituição bancária para pagamento","2025-09-09","2025-09-09","2025OB000258","2025NS012426","2025-09-09","2025-09-09",61963
43265,"2025-09-29","2025OP004505",405,3,"Aguardando assinaturas do ordenador de despesas e/ou gestor financeiro","2025-09-29",,,"2025NS019720",,,65046
39028,"2025-09-09","2025OP000259",405,5,"OB Enviada à instituição bancária para pagamento","2025-09-09","2025-09-09","2025OB000259","2025NS012427","2025-09-09","2025-09-09",62225
39009,"2025-09-09","2025OP000240",405,5,"OB Enviada à instituição bancária para pagamento","2025-09-09","2025-09-09","2025OB000240","2025NS012408","2025-09-09","2025-09-09",62308
39017,"2025-09-09","2025OP000248",405,5,"OB Enviada à instituição bancária para pagamento","2025-09-09","2025-09-09","2025OB000248","2025NS012416","2025-09-09","2025-09-09",62666
41672,"2025-09-11","2025OP002903",405,5,"OB Enviada à instituição bancária para pagamento","2025-09-12","2025-09-12","2025OB002907","2025NS016712","2025-09-11","2025-09-11",64528
43266,"2025-09-29","2025OP004506",405,3,"Aguardando assinaturas do ordenador de despesas e/ou gestor financeiro","2025-09-29",,,"2025NS019721",,,65163
39026,"2025-09-09","2025OP000257",405,5,"OB Enviada à instituição bancária para pagamento","2025-09-09","2025-09-09","2025OB000257","2025NS012425","2025-09-09","2025-09-09",60612
41696,"2025-09-11","2025OP002927",405,5,"OB Enviada à instituição bancária para pagamento","2025-09-12","2025-09-12","2025OB002917","2025NS016736","2025-09-11","2025-09-11",64192
41699,"2025-09-11","2025OP002930",405,5,"OB Enviada à instituição bancária para pagamento","2025-09-12","2025-09-12","2025OB002927","2025NS016739","2025-09-11","2025-09-11",63626
39014,"2025-09-09","2025OP000245",405,5,"OB Enviada à instituição bancária para pagamento","2025-09-09","2025-09-09","2025OB000245","2025NS012413","2025-09-09","2025-09-09",63148
41674,"2025-09-11","2025OP002905",405,5,"OB Enviada à instituição bancária para pagamento","2025-09-12","2025-09-12","2025OB002914","2025NS016714","2025-09-11","2025-09-11",63393
41695,"2025-09-11","2025OP002926",405,5,"OB Enviada à instituição bancária para pagamento","2025-09-12","2025-09-12","2025OB002922","2025NS016735","2025-09-11","2025-09-11",64684
41702,"2025-09-11","2025OP002933",405,5,"OB Enviada à instituição bancária para pagamento","2025-09-12","2025-09-12","2025OB002919","2025NS016742","2025-09-11","2025-09-11",64641
42949,"2025-09-11","2025OP004180",405,5,"OB Enviada à instituição bancária para pagamento","2025-09-12","2025-09-12","2025OB004196","2025NS017989","2025-09-11","2025-09-11",64808
41703,"2025-09-11","2025OP002934",405,5,"OB Enviada à instituição bancária para pagamento","2025-09-12","2025-09-12","2025OB002930","2025NS016743","2025-09-11","2025-09-11",64738
43659,"2025-09-29","2025OP004899",405,3,"Aguardando assinaturas do ordenador de despesas e/ou gestor financeiro","2025-09-29",,,"2025NS020114",,,65327
43263,"2025-09-29","2025OP004503",405,3,"Aguardando assinaturas do ordenador de despesas e/ou gestor financeiro","2025-09-29",,,"2025NS019718",,,65022
39042,"2025-09-09","2025OP000273",405,5,"OB Enviada à instituição bancária para pagamento","2025-09-09","2025-09-09","2025OB000273","2025NS012441","2025-09-09","2025-09-09",61904
39039,"2025-09-09","2025OP000270",405,5,"OB Enviada à instituição bancária para pagamento","2025-09-09","2025-09-09","2025OB000270","2025NS012438","2025-09-09","2025-09-09",62144
39670,"2025-09-09","2025OP000901",405,5,"OB Enviada à instituição bancária para pagamento","2025-09-09","2025-09-09","2025OB000901","2025NS013069","2025-09-09","2025-09-09",62495
43275,"2025-09-29","2025OP004515",405,3,"Aguardando assinaturas do ordenador de despesas e/ou gestor financeiro","2025-09-29",,,"2025NS019730",,,65391
41704,"2025-09-11","2025OP002935",405,5,"OB Enviada à instituição bancária para pagamento","2025-09-12","2025-09-12","2025OB002933","2025NS016744","2025-09-11","2025-09-11",64655
39040,"2025-09-09","2025OP000271",405,5,"OB Enviada à instituição bancária para pagamento","2025-09-09","2025-09-09","2025OB000271","2025NS012439","2025-09-09","2025-09-09",60669
41697,"2025-09-11","2025OP002928",405,5,"OB Enviada à instituição bancária para pagamento","2025-09-12","2025-09-12","2025OB002934","2025NS016737","2025-09-11","2025-09-11",63614
39077,"2025-09-09","2025OP000308",405,5,"OB Enviada à instituição bancária para pagamento","2025-09-09","2025-09-09","2025OB000317","2025NS012476","2025-09-09","2025-09-09",61110
39078,"2025-09-09","2025OP000309",405,5,"OB Enviada à instituição bancária para pagamento","2025-09-09","2025-09-09","2025OB000319","2025NS012477","2025-09-09","2025-09-09",61464
39052,"2025-09-09","2025OP000283",405,5,"OB Enviada à instituição bancária para pagamento","2025-09-09","2025-09-09","2025OB000283","2025NS012451","2025-09-09","2025-09-09",62517
39048,"2025-09-09","2025OP000279",405,5,"OB Enviada à instituição bancária para pagamento","2025-09-09","2025-09-09","2025OB000279","2025NS012447","2025-09-09","2025-09-09",61697
39047,"2025-09-09","2025OP000278",405,5,"OB Enviada à instituição bancária para pagamento","2025-09-09","2025-09-09","2025OB000278","2025NS012446","2025-09-09","2025-09-09",61751
39050,"2025-09-09","2025OP000281",405,5,"OB Enviada à instituição bancária para pagamento","2025-09-09","2025-09-09","2025OB000281","2025NS012449","2025-09-09","2025-09-09",61914
39080,"2025-09-09","2025OP000311",405,5,"OB Enviada à instituição bancária para pagamento","2025-09-09","2025-09-09","2025OB000323","2025NS012479","2025-09-09","2025-09-09",61975
39045,"2025-09-09","2025OP000276",405,5,"OB Enviada à instituição bancária para pagamento","2025-09-09","2025-09-09","2025OB000276","2025NS012444","2025-09-09","2025-09-09",62567
39072,"2025-09-09","2025OP000303",405,5,"OB Enviada à instituição bancária para pagamento","2025-09-09","2025-09-09","2025OB000307","2025NS012471","2025-09-09","2025-09-09",63263
39044,"2025-09-09","2025OP000275",405,5,"OB Enviada à instituição bancária para pagamento","2025-09-09","2025-09-09","2025OB000275","2025NS012443","2025-09-09","2025-09-09",62051
39051,"2025-09-09","2025OP000282",405,5,"OB Enviada à instituição bancária para pagamento","2025-09-09","2025-09-09","2025OB000282","2025NS012450","2025-09-09","2025-09-09",62084
39046,"2025-09-09","2025OP000277",405,5,"OB Enviada à instituição bancária para pagamento","2025-09-09","2025-09-09","2025OB000277","2025NS012445","2025-09-09","2025-09-09",62236
41698,"2025-09-11","2025OP002929",405,5,"OB Enviada à instituição bancária para pagamento","2025-09-12","2025-09-12","2025OB002932","2025NS016738","2025-09-11","2025-09-11",64193
39071,"2025-09-09","2025OP000302",405,5,"OB Enviada à instituição bancária para pagamento","2025-09-09","2025-09-09","2025OB000305","2025NS012470","2025-09-09","2025-09-09",62568
39081,"2025-09-09","2025OP000312",405,5,"OB Enviada à instituição bancária para pagamento","2025-09-09","2025-09-09","2025OB000325","2025NS012480","2025-09-09","2025-09-09",60647
39049,"2025-09-09","2025OP000280",405,5,"OB Enviada à instituição bancária para pagamento","2025-09-09","2025-09-09","2025OB000280","2025NS012448","2025-09-09","2025-09-09",62239
41706,"2025-09-11","2025OP002937",405,5,"OB Enviada à instituição bancária para pagamento","2025-09-12","2025-09-12","2025OB002957","2025NS016746","2025-09-11","2025-09-11",63853
41708,"2025-09-11","2025OP002939",405,5,"OB Enviada à instituição bancária para pagamento","2025-09-12","2025-09-12","2025OB002940","2025NS016748","2025-09-11","2025-09-11",64433
39070,"2025-09-09","2025OP000301",405,5,"OB Enviada à instituição bancária para pagamento","2025-09-09","2025-09-09","2025OB000303","2025NS012469","2025-09-09","2025-09-09",60614
39103,"2025-09-09","2025OP000334",405,5,"OB Enviada à instituição bancária para pagamento","2025-09-09","2025-09-09","2025OB000331","2025NS012502","2025-09-09","2025-09-09",61109
39097,"2025-09-09","2025OP000328",405,5,"OB Enviada à instituição bancária para pagamento","2025-09-09","2025-09-09","2025OB000320","2025NS012496","2025-09-09","2025-09-09",61355
41733,"2025-09-11","2025OP002964",405,5,"OB Enviada à instituição bancária para pagamento","2025-09-12","2025-09-12","2025OB002967","2025NS016773","2025-09-11","2025-09-11",64668
41731,"2025-09-11","2025OP002962",405,5,"OB Enviada à instituição bancária para pagamento","2025-09-12","2025-09-12","2025OB002976","2025NS016771","2025-09-11","2025-09-11",63630
39074,"2025-09-09","2025OP000305",405,5,"OB Enviada à instituição bancária para pagamento","2025-09-09","2025-09-09","2025OB000311","2025NS012473","2025-09-09","2025-09-09",61465
39101,"2025-09-09","2025OP000332",405,5,"OB Enviada à instituição bancária para pagamento","2025-09-09","2025-09-09","2025OB000328","2025NS012500","2025-09-09","2025-09-09",61527
39098,"2025-09-09","2025OP000329",405,5,"OB Enviada à instituição bancária para pagamento","2025-09-09","2025-09-09","2025OB000322","2025NS012497","2025-09-09","2025-09-09",61575
39091,"2025-09-09","2025OP000322",405,5,"OB Enviada à instituição bancária para pagamento","2025-09-09","2025-09-09","2025OB000308","2025NS012490","2025-09-09","2025-09-09",62569
43284,"2025-09-29","2025OP004524",405,3,"Aguardando assinaturas do ordenador de despesas e/ou gestor financeiro","2025-09-29",,,"2025NS019739",,,65392
39099,"2025-09-09","2025OP000330",405,5,"OB Enviada à instituição bancária para pagamento","2025-09-09","2025-09-09","2025OB000324","2025NS012498","2025-09-09","2025-09-09",62030
39090,"2025-09-09","2025OP000321",405,5,"OB Enviada à instituição bancária para pagamento","2025-09-09","2025-09-09","2025OB000306","2025NS012489","2025-09-09","2025-09-09",63121
39087,"2025-09-09","2025OP000318",405,5,"OB Enviada à instituição bancária para pagamento","2025-09-09","2025-09-09","2025OB000300","2025NS012486","2025-09-09","2025-09-09",63259
39089,"2025-09-09","2025OP000320",405,5,"OB Enviada à instituição bancária para pagamento","2025-09-09","2025-09-09","2025OB000304","2025NS012488","2025-09-09","2025-09-09",62221
39095,"2025-09-09","2025OP000326",405,5,"OB Enviada à instituição bancária para pagamento","2025-09-09","2025-09-09","2025OB000316","2025NS012494","2025-09-09","2025-09-09",62707
41730,"2025-09-11","2025OP002961",405,5,"OB Enviada à instituição bancária para pagamento","2025-09-12","2025-09-12","2025OB002948","2025NS016770","2025-09-11","2025-09-11",64599
39096,"2025-09-09","2025OP000327",405,5,"OB Enviada à instituição bancária para pagamento","2025-09-09","2025-09-09","2025OB000318","2025NS012495","2025-09-09","2025-09-09",62245
39100,"2025-09-09","2025OP000331",405,5,"OB Enviada à instituição bancária para pagamento","2025-09-09","2025-09-09","2025OB000326","2025NS012499","2025-09-09","2025-09-09",62390
39094,"2025-09-09","2025OP000325",405,5,"OB Enviada à instituição bancária para pagamento","2025-09-09","2025-09-09","2025OB000314","2025NS012493","2025-09-09","2025-09-09",62570
41732,"2025-09-11","2025OP002963",405,5,"OB Enviada à instituição bancária para pagamento","2025-09-12","2025-09-12","2025OB002983","2025NS016772","2025-09-11","2025-09-11",63631
39104,"2025-09-09","2025OP000335",405,5,"OB Enviada à instituição bancária para pagamento","2025-09-09","2025-09-09","2025OB000333","2025NS012503","2025-09-09","2025-09-09",63150
41726,"2025-09-11","2025OP002957",405,5,"OB Enviada à instituição bancária para pagamento","2025-09-12","2025-09-12","2025OB002951","2025NS016766","2025-09-11","2025-09-11",63523
42921,"2025-09-11","2025OP004152",405,5,"OB Enviada à instituição bancária para pagamento","2025-09-12","2025-09-12","2025OB004170","2025NS017961","2025-09-11","2025-09-11",63589
43282,"2025-09-29","2025OP004522",405,3,"Aguardando assinaturas do ordenador de despesas e/ou gestor financeiro","2025-09-29",,,"2025NS019737",,,65042
39105,"2025-09-09","2025OP000336",405,5,"OB Enviada à instituição bancária para pagamento","2025-09-09","2025-09-09","2025OB000335","2025NS012504","2025-09-09","2025-09-09",60618
41739,"2025-09-11","2025OP002970",405,5,"OB Enviada à instituição bancária para pagamento","2025-09-12","2025-09-12","2025OB002970","2025NS016779","2025-09-11","2025-09-11",64435
39127,"2025-09-09","2025OP000358",405,5,"OB Enviada à instituição bancária para pagamento","2025-09-09","2025-09-09","2025OB000358","2025NS012526","2025-09-09","2025-09-09",61481
39108,"2025-09-09","2025OP000339",405,5,"OB Enviada à instituição bancária para pagamento","2025-09-09","2025-09-09","2025OB000339","2025NS012507","2025-09-09","2025-09-09",61504
39118,"2025-09-09","2025OP000349",405,5,"OB Enviada à instituição bancária para pagamento","2025-09-09","2025-09-09","2025OB000349","2025NS012517","2025-09-09","2025-09-09",61505
39113,"2025-09-09","2025OP000344",405,5,"OB Enviada à instituição bancária para pagamento","2025-09-09","2025-09-09","2025OB000344","2025NS012512","2025-09-09","2025-09-09",61529
39126,"2025-09-09","2025OP000357",405,5,"OB Enviada à instituição bancária para pagamento","2025-09-09","2025-09-09","2025OB000357","2025NS012525","2025-09-09","2025-09-09",61674
39119,"2025-09-09","2025OP000350",405,5,"OB Enviada à instituição bancária para pagamento","2025-09-09","2025-09-09","2025OB000350","2025NS012518","2025-09-09","2025-09-09",62146
39115,"2025-09-09","2025OP000346",405,5,"OB Enviada à instituição bancária para pagamento","2025-09-09","2025-09-09","2025OB000346","2025NS012514","2025-09-09","2025-09-09",62147
39135,"2025-09-09","2025OP000366",405,5,"OB Enviada à instituição bancária para pagamento","2025-09-09","2025-09-09","2025OB000366","2025NS012534","2025-09-09","2025-09-09",62531
39123,"2025-09-09","2025OP000354",405,5,"OB Enviada à instituição bancária para pagamento","2025-09-09","2025-09-09","2025OB000354","2025NS012522","2025-09-09","2025-09-09",62149
39136,"2025-09-09","2025OP000367",405,5,"OB Enviada à instituição bancária para pagamento","2025-09-09","2025-09-09","2025OB000367","2025NS012535","2025-09-09","2025-09-09",62153
39107,"2025-09-09","2025OP000338",405,5,"OB Enviada à instituição bancária para pagamento","2025-09-09","2025-09-09","2025OB000338","2025NS012506","2025-09-09","2025-09-09",62240
39120,"2025-09-09","2025OP000351",405,5,"OB Enviada à instituição bancária para pagamento","2025-09-09","2025-09-09","2025OB000351","2025NS012519","2025-09-09","2025-09-09",62571
41735,"2025-09-11","2025OP002966",405,5,"OB Enviada à instituição bancária para pagamento","2025-09-12","2025-09-12","2025OB002962","2025NS016775","2025-09-11","2025-09-11",63973
39114,"2025-09-09","2025OP000345",405,5,"OB Enviada à instituição bancária para pagamento","2025-09-09","2025-09-09","2025OB000345","2025NS012513","2025-09-09","2025-09-09",62621
39134,"2025-09-09","2025OP000365",405,5,"OB Enviada à instituição bancária para pagamento","2025-09-09","2025-09-09","2025OB000365","2025NS012533","2025-09-09","2025-09-09",63109
41736,"2025-09-11","2025OP002967",405,5,"OB Enviada à instituição bancária para pagamento","2025-09-12","2025-09-12","2025OB002977","2025NS016776","2025-09-11","2025-09-11",64437
41746,"2025-09-11","2025OP002977",405,5,"OB Enviada à instituição bancária para pagamento","2025-09-12","2025-09-12","2025OB002966","2025NS016786","2025-09-11","2025-09-11",64438
41741,"2025-09-11","2025OP002972",405,5,"OB Enviada à instituição bancária para pagamento","2025-09-12","2025-09-12","2025OB002968","2025NS016781","2025-09-11","2025-09-11",64468
41737,"2025-09-11","2025OP002968",405,5,"OB Enviada à instituição bancária para pagamento","2025-09-12","2025-09-12","2025OB002963","2025NS016777","2025-09-11","2025-09-11",64485
43285,"2025-09-29","2025OP004525",405,3,"Aguardando assinaturas do ordenador de despesas e/ou gestor financeiro","2025-09-29",,,"2025NS019740",,,65283
39129,"2025-09-09","2025OP000360",405,5,"OB Enviada à instituição bancária para pagamento","2025-09-09","2025-09-09","2025OB000360","2025NS012528","2025-09-09","2025-09-09",60780
41744,"2025-09-11","2025OP002975",405,5,"OB Enviada à instituição bancária para pagamento","2025-09-12","2025-09-12","2025OB002965","2025NS016784","2025-09-11","2025-09-11",64440
39138,"2025-09-09","2025OP000369",405,5,"OB Enviada à instituição bancária para pagamento","2025-09-09","2025-09-09","2025OB000369","2025NS012537","2025-09-09","2025-09-09",61107
39145,"2025-09-09","2025OP000376",405,5,"OB Enviada à instituição bancária para pagamento","2025-09-09","2025-09-09","2025OB000376","2025NS012544","2025-09-09","2025-09-09",61910
39125,"2025-09-09","2025OP000356",405,5,"OB Enviada à instituição bancária para pagamento","2025-09-09","2025-09-09","2025OB000356","2025NS012524","2025-09-09","2025-09-09",61108
39133,"2025-09-09","2025OP000364",405,5,"OB Enviada à instituição bancária para pagamento","2025-09-09","2025-09-09","2025OB000364","2025NS012532","2025-09-09","2025-09-09",61145
39128,"2025-09-09","2025OP000359",405,5,"OB Enviada à instituição bancária para pagamento","2025-09-09","2025-09-09","2025OB000359","2025NS012527","2025-09-09","2025-09-09",61482
39143,"2025-09-09","2025OP000374",405,5,"OB Enviada à instituição bancária para pagamento","2025-09-09","2025-09-09","2025OB000374","2025NS012542","2025-09-09","2025-09-09",61541
39158,"2025-09-09","2025OP000389",405,5,"OB Enviada à instituição bancária para pagamento","2025-09-09","2025-09-09","2025OB000389","2025NS012557","2025-09-09","2025-09-09",62210
39132,"2025-09-09","2025OP000363",405,5,"OB Enviada à instituição bancária para pagamento","2025-09-09","2025-09-09","2025OB000363","2025NS012531","2025-09-09","2025-09-09",62575
39157,"2025-09-09","2025OP000388",405,5,"OB Enviada à instituição bancária para pagamento","2025-09-09","2025-09-09","2025OB000388","2025NS012556","2025-09-09","2025-09-09",61535
39137,"2025-09-09","2025OP000368",405,5,"OB Enviada à instituição bancária para pagamento","2025-09-09","2025-09-09","2025OB000368","2025NS012536","2025-09-09","2025-09-09",61573
43301,"2025-09-29","2025OP004541",405,3,"Aguardando assinaturas do ordenador de despesas e/ou gestor financeiro","2025-09-29",,,"2025NS019756",,,64980
39122,"2025-09-09","2025OP000353",405,5,"OB Enviada à instituição bancária para pagamento","2025-09-09","2025-09-09","2025OB000353","2025NS012521","2025-09-09","2025-09-09",61874
41747,"2025-09-11","2025OP002978",405,5,"OB Enviada à instituição bancária para pagamento","2025-09-12","2025-09-12","2025OB002979","2025NS016787","2025-09-11","2025-09-11",63999
39139,"2025-09-09","2025OP000370",405,5,"OB Enviada à instituição bancária para pagamento","2025-09-09","2025-09-09","2025OB000370","2025NS012538","2025-09-09","2025-09-09",62029
41743,"2025-09-11","2025OP002974",405,5,"OB Enviada à instituição bancária para pagamento","2025-09-12","2025-09-12","2025OB002984","2025NS016783","2025-09-11","2025-09-11",63825
39147,"2025-09-09","2025OP000378",405,5,"OB Enviada à instituição bancária para pagamento","2025-09-09","2025-09-09","2025OB000378","2025NS012546","2025-09-09","2025-09-09",62573
39175,"2025-09-09","2025OP000406",405,5,"OB Enviada à instituição bancária para pagamento","2025-09-09","2025-09-09","2025OB000414","2025NS012574","2025-09-09","2025-09-09",63211
43290,"2025-09-29","2025OP004530",405,3,"Aguardando assinaturas do ordenador de despesas e/ou gestor financeiro","2025-09-29",,,"2025NS019745",,,65137
39174,"2025-09-09","2025OP000405",405,5,"OB Enviada à instituição bancária para pagamento","2025-09-09","2025-09-09","2025OB000412","2025NS012573","2025-09-09","2025-09-09",62649
39146,"2025-09-09","2025OP000377",405,5,"OB Enviada à instituição bancária para pagamento","2025-09-09","2025-09-09","2025OB000377","2025NS012545","2025-09-09","2025-09-09",62526
39173,"2025-09-09","2025OP000404",405,5,"OB Enviada à instituição bancária para pagamento","2025-09-09","2025-09-09","2025OB000410","2025NS012572","2025-09-09","2025-09-09",62978
41745,"2025-09-11","2025OP002976",405,5,"OB Enviada à instituição bancária para pagamento","2025-09-12","2025-09-12","2025OB002972","2025NS016785","2025-09-11","2025-09-11",64439
39142,"2025-09-09","2025OP000373",405,5,"OB Enviada à instituição bancária para pagamento","2025-09-09","2025-09-09","2025OB000373","2025NS012541","2025-09-09","2025-09-09",60633
39172,"2025-09-09","2025OP000403",405,5,"OB Enviada à instituição bancária para pagamento","2025-09-09","2025-09-09","2025OB000407","2025NS012571","2025-09-09","2025-09-09",62184
39176,"2025-09-09","2025OP000407",405,5,"OB Enviada à instituição bancária para pagamento","2025-09-09","2025-09-09","2025OB000416","2025NS012575","2025-09-09","2025-09-09",62185
43299,"2025-09-29","2025OP004539",405,3,"Aguardando assinaturas do ordenador de despesas e/ou gestor financeiro","2025-09-29",,,"2025NS019754",,,65394
43304,"2025-09-29","2025OP004544",405,3,"Aguardando assinaturas do ordenador de despesas e/ou gestor financeiro","2025-09-29",,,"2025NS019759",,,65050
43302,"2025-09-29","2025OP004542",405,3,"Aguardando assinaturas do ordenador de despesas e/ou gestor financeiro","2025-09-29",,,"2025NS019757",,,65071
43298,"2025-09-29","2025OP004538",405,3,"Aguardando assinaturas do ordenador de despesas e/ou gestor financeiro","2025-09-29",,,"2025NS019753",,,65074
43303,"2025-09-29","2025OP004543",405,3,"Aguardando assinaturas do ordenador de despesas e/ou gestor financeiro","2025-09-29",,,"2025NS019758",,,65189
43300,"2025-09-29","2025OP004540",405,3,"Aguardando assinaturas do ordenador de despesas e/ou gestor financeiro","2025-09-29",,,"2025NS019755",,,65187
43306,"2025-09-29","2025OP004546",405,3,"Aguardando assinaturas do ordenador de despesas e/ou gestor financeiro","2025-09-29",,,"2025NS019761",,,64989
39195,"2025-09-09","2025OP000426",405,5,"OB Enviada à instituição bancária para pagamento","2025-09-09","2025-09-09","2025OB000415","2025NS012594","2025-09-09","2025-09-09",61586
38947,"2025-09-09","2025OP000178",405,5,"OB Enviada à instituição bancária para pagamento","2025-09-09","2025-09-09","2025OB000178","2025NS012346","2025-09-09","2025-09-09",61602
39190,"2025-09-09","2025OP000421",405,5,"OB Enviada à instituição bancária para pagamento","2025-09-09","2025-09-09","2025OB000406","2025NS012589","2025-09-09","2025-09-09",61649
39183,"2025-09-09","2025OP000414",405,5,"OB Enviada à instituição bancária para pagamento","2025-09-09","2025-09-09","2025OB000429","2025NS012582","2025-09-09","2025-09-09",61701
39191,"2025-09-09","2025OP000422",405,5,"OB Enviada à instituição bancária para pagamento","2025-09-09","2025-09-09","2025OB000408","2025NS012590","2025-09-09","2025-09-09",61846
39180,"2025-09-09","2025OP000411",405,5,"OB Enviada à instituição bancária para pagamento","2025-09-09","2025-09-09","2025OB000423","2025NS012579","2025-09-09","2025-09-09",62279
39184,"2025-09-09","2025OP000415",405,5,"OB Enviada à instituição bancária para pagamento","2025-09-09","2025-09-09","2025OB000430","2025NS012583","2025-09-09","2025-09-09",62911
39182,"2025-09-09","2025OP000413",405,5,"OB Enviada à instituição bancária para pagamento","2025-09-09","2025-09-09","2025OB000427","2025NS012581","2025-09-09","2025-09-09",63108
39177,"2025-09-09","2025OP000408",405,5,"OB Enviada à instituição bancária para pagamento","2025-09-09","2025-09-09","2025OB000417","2025NS012576","2025-09-09","2025-09-09",63151
39179,"2025-09-09","2025OP000410",405,5,"OB Enviada à instituição bancária para pagamento","2025-09-09","2025-09-09","2025OB000421","2025NS012578","2025-09-09","2025-09-09",63171
39187,"2025-09-09","2025OP000418",405,5,"OB Enviada à instituição bancária para pagamento","2025-09-09","2025-09-09","2025OB000400","2025NS012586","2025-09-09","2025-09-09",63251
39189,"2025-09-09","2025OP000420",405,5,"OB Enviada à instituição bancária para pagamento","2025-09-09","2025-09-09","2025OB000404","2025NS012588","2025-09-09","2025-09-09",60808
39181,"2025-09-09","2025OP000412",405,5,"OB Enviada à instituição bancária para pagamento","2025-09-09","2025-09-09","2025OB000425","2025NS012580","2025-09-09","2025-09-09",60810
39234,"2025-09-09","2025OP000465",405,5,"OB Enviada à instituição bancária para pagamento","2025-09-09","2025-09-09","2025OB000465","2025NS012633","2025-09-09","2025-09-09",61326
41796,"2025-09-11","2025OP003027",405,5,"OB Enviada à instituição bancária para pagamento","2025-09-12","2025-09-12","2025OB003032","2025NS016836","2025-09-11","2025-09-11",64089
39200,"2025-09-09","2025OP000431",405,5,"OB Enviada à instituição bancária para pagamento","2025-09-09","2025-09-09","2025OB000426","2025NS012599","2025-09-09","2025-09-09",61537
39199,"2025-09-09","2025OP000430",405,5,"OB Enviada à instituição bancária para pagamento","2025-09-09","2025-09-09","2025OB000424","2025NS012598","2025-09-09","2025-09-09",62211
43308,"2025-09-29","2025OP004548",405,3,"Aguardando assinaturas do ordenador de despesas e/ou gestor financeiro","2025-09-29",,,"2025NS019763",,,64959
41797,"2025-09-11","2025OP003028",405,5,"OB Enviada à instituição bancária para pagamento","2025-09-12","2025-09-12","2025OB003025","2025NS016837","2025-09-11","2025-09-11",63505
43317,"2025-09-29","2025OP004557",405,3,"Aguardando assinaturas do ordenador de despesas e/ou gestor financeiro","2025-09-29",,,"2025NS019772",,,65395
41795,"2025-09-11","2025OP003026",405,5,"OB Enviada à instituição bancária para pagamento","2025-09-12","2025-09-12","2025OB003018","2025NS016835","2025-09-11","2025-09-11",63971
41775,"2025-09-11","2025OP003006",405,5,"OB Enviada à instituição bancária para pagamento","2025-09-12","2025-09-12","2025OB002991","2025NS016815","2025-09-11","2025-09-11",64034
41799,"2025-09-11","2025OP003030",405,5,"OB Enviada à instituição bancária para pagamento","2025-09-12","2025-09-12","2025OB003022","2025NS016839","2025-09-11","2025-09-11",63908
41774,"2025-09-11","2025OP003005",405,5,"OB Enviada à instituição bancária para pagamento","2025-09-12","2025-09-12","2025OB002989","2025NS016814","2025-09-11","2025-09-11",64601
43318,"2025-09-29","2025OP004558",405,3,"Aguardando assinaturas do ordenador de despesas e/ou gestor financeiro","2025-09-29",,,"2025NS019773",,,65246
41766,"2025-09-11","2025OP002997",405,5,"OB Enviada à instituição bancária para pagamento","2025-09-12","2025-09-12","2025OB003001","2025NS016806","2025-09-11","2025-09-11",64446
39249,"2025-09-09","2025OP000480",405,5,"OB Enviada à instituição bancária para pagamento","2025-09-09","2025-09-09","2025OB000480","2025NS012648","2025-09-09","2025-09-09",61159
39233,"2025-09-09","2025OP000464",405,5,"OB Enviada à instituição bancária para pagamento","2025-09-09","2025-09-09","2025OB000464","2025NS012632","2025-09-09","2025-09-09",61351
41976,"2025-09-11","2025OP003207",405,5,"OB Enviada à instituição bancária para pagamento","2025-09-12","2025-09-12","2025OB003208","2025NS017016","2025-09-11","2025-09-11",64275
39248,"2025-09-09","2025OP000479",405,5,"OB Enviada à instituição bancária para pagamento","2025-09-09","2025-09-09","2025OB000479","2025NS012647","2025-09-09","2025-09-09",61574
39229,"2025-09-09","2025OP000460",405,5,"OB Enviada à instituição bancária para pagamento","2025-09-09","2025-09-09","2025OB000460","2025NS012628","2025-09-09","2025-09-09",62162
39238,"2025-09-09","2025OP000469",405,5,"OB Enviada à instituição bancária para pagamento","2025-09-09","2025-09-09","2025OB000469","2025NS012637","2025-09-09","2025-09-09",62400
39235,"2025-09-09","2025OP000466",405,5,"OB Enviada à instituição bancária para pagamento","2025-09-09","2025-09-09","2025OB000466","2025NS012634","2025-09-09","2025-09-09",62770
39236,"2025-09-09","2025OP000467",405,5,"OB Enviada à instituição bancária para pagamento","2025-09-09","2025-09-09","2025OB000467","2025NS012635","2025-09-09","2025-09-09",62753
39237,"2025-09-09","2025OP000468",405,5,"OB Enviada à instituição bancária para pagamento","2025-09-09","2025-09-09","2025OB000468","2025NS012636","2025-09-09","2025-09-09",62999
39250,"2025-09-09","2025OP000481",405,5,"OB Enviada à instituição bancária para pagamento","2025-09-09","2025-09-09","2025OB000481","2025NS012649","2025-09-09","2025-09-09",63091
41813,"2025-09-11","2025OP003044",405,5,"OB Enviada à instituição bancária para pagamento","2025-09-12","2025-09-12","2025OB003052","2025NS016853","2025-09-11","2025-09-11",64294
41811,"2025-09-11","2025OP003042",405,5,"OB Enviada à instituição bancária para pagamento","2025-09-12","2025-09-12","2025OB003037","2025NS016851","2025-09-11","2025-09-11",63804
39227,"2025-09-09","2025OP000458",405,5,"OB Enviada à instituição bancária para pagamento","2025-09-09","2025-09-09","2025OB000458","2025NS012626","2025-09-09","2025-09-09",63153
41800,"2025-09-11","2025OP003031",405,5,"OB Enviada à instituição bancária para pagamento","2025-09-12","2025-09-12","2025OB003021","2025NS016840","2025-09-11","2025-09-11",63584
41798,"2025-09-11","2025OP003029",405,5,"OB Enviada à instituição bancária para pagamento","2025-09-12","2025-09-12","2025OB003030","2025NS016838","2025-09-11","2025-09-11",64006
41803,"2025-09-11","2025OP003034",405,5,"OB Enviada à instituição bancária para pagamento","2025-09-12","2025-09-12","2025OB003050","2025NS016843","2025-09-11","2025-09-11",64695
41812,"2025-09-11","2025OP003043",405,5,"OB Enviada à instituição bancária para pagamento","2025-09-12","2025-09-12","2025OB003058","2025NS016852","2025-09-11","2025-09-11",64120
39226,"2025-09-09","2025OP000457",405,5,"OB Enviada à instituição bancária para pagamento","2025-09-09","2025-09-09","2025OB000457","2025NS012625","2025-09-09","2025-09-09",60816
39308,"2025-09-09","2025OP000539",405,5,"OB Enviada à instituição bancária para pagamento","2025-09-09","2025-09-09","2025OB000538","2025NS012707","2025-09-09","2025-09-09",61585
39312,"2025-09-09","2025OP000543",405,5,"OB Enviada à instituição bancária para pagamento","2025-09-09","2025-09-09","2025OB000543","2025NS012711","2025-09-09","2025-09-09",61631
39310,"2025-09-09","2025OP000541",405,5,"OB Enviada à instituição bancária para pagamento","2025-09-09","2025-09-09","2025OB000541","2025NS012709","2025-09-09","2025-09-09",62377
39309,"2025-09-09","2025OP000540",405,5,"OB Enviada à instituição bancária para pagamento","2025-09-09","2025-09-09","2025OB000540","2025NS012708","2025-09-09","2025-09-09",63032
41835,"2025-09-11","2025OP003066",405,5,"OB Enviada à instituição bancária para pagamento","2025-09-12","2025-09-12","2025OB003082","2025NS016875","2025-09-11","2025-09-11",63905
41839,"2025-09-11","2025OP003070",405,5,"OB Enviada à instituição bancária para pagamento","2025-09-12","2025-09-12","2025OB003063","2025NS016879","2025-09-11","2025-09-11",63906
41837,"2025-09-11","2025OP003068",405,5,"OB Enviada à instituição bancária para pagamento","2025-09-12","2025-09-12","2025OB003062","2025NS016877","2025-09-11","2025-09-11",64596
43336,"2025-09-29","2025OP004576",405,3,"Aguardando assinaturas do ordenador de despesas e/ou gestor financeiro","2025-09-29",,,"2025NS019791",,,65400
41838,"2025-09-11","2025OP003069",405,5,"OB Enviada à instituição bancária para pagamento","2025-09-12","2025-09-12","2025OB003070","2025NS016878","2025-09-11","2025-09-11",64725
41834,"2025-09-11","2025OP003065",405,5,"OB Enviada à instituição bancária para pagamento","2025-09-12","2025-09-12","2025OB003067","2025NS016874","2025-09-11","2025-09-11",64487
43334,"2025-09-29","2025OP004574",405,3,"Aguardando assinaturas do ordenador de despesas e/ou gestor financeiro","2025-09-29",,,"2025NS019789",,,65399
39313,"2025-09-09","2025OP000544",405,5,"OB Enviada à instituição bancária para pagamento","2025-09-09","2025-09-09","2025OB000544","2025NS012712","2025-09-09","2025-09-09",60692
39323,"2025-09-09","2025OP000554",405,5,"OB Enviada à instituição bancária para pagamento","2025-09-09","2025-09-09","2025OB000554","2025NS012722","2025-09-09","2025-09-09",61547
39332,"2025-09-09","2025OP000563",405,5,"OB Enviada à instituição bancária para pagamento","2025-09-09","2025-09-09","2025OB000563","2025NS012731","2025-09-09","2025-09-09",61146
39336,"2025-09-09","2025OP000567",405,5,"OB Enviada à instituição bancária para pagamento","2025-09-09","2025-09-09","2025OB000567","2025NS012735","2025-09-09","2025-09-09",61171
43337,"2025-09-29","2025OP004577",405,3,"Aguardando assinaturas do ordenador de despesas e/ou gestor financeiro","2025-09-29",,,"2025NS019792",,,65043
39342,"2025-09-09","2025OP000573",405,5,"OB Enviada à instituição bancária para pagamento","2025-09-09","2025-09-09","2025OB000573","2025NS012741","2025-09-09","2025-09-09",61283
39316,"2025-09-09","2025OP000547",405,5,"OB Enviada à instituição bancária para pagamento","2025-09-09","2025-09-09","2025OB000547","2025NS012715","2025-09-09","2025-09-09",61329
39343,"2025-09-09","2025OP000574",405,5,"OB Enviada à instituição bancária para pagamento","2025-09-09","2025-09-09","2025OB000574","2025NS012742","2025-09-09","2025-09-09",61483
39331,"2025-09-09","2025OP000562",405,5,"OB Enviada à instituição bancária para pagamento","2025-09-09","2025-09-09","2025OB000562","2025NS012730","2025-09-09","2025-09-09",62819
39329,"2025-09-09","2025OP000560",405,5,"OB Enviada à instituição bancária para pagamento","2025-09-09","2025-09-09","2025OB000560","2025NS012728","2025-09-09","2025-09-09",61543
39333,"2025-09-09","2025OP000564",405,5,"OB Enviada à instituição bancária para pagamento","2025-09-09","2025-09-09","2025OB000564","2025NS012732","2025-09-09","2025-09-09",61647
39314,"2025-09-09","2025OP000545",405,5,"OB Enviada à instituição bancária para pagamento","2025-09-09","2025-09-09","2025OB000545","2025NS012713","2025-09-09","2025-09-09",61814
41844,"2025-09-11","2025OP003075",405,5,"OB Enviada à instituição bancária para pagamento","2025-09-12","2025-09-12","2025OB003076","2025NS016884","2025-09-11","2025-09-11",63750
39318,"2025-09-09","2025OP000549",405,5,"OB Enviada à instituição bancária para pagamento","2025-09-09","2025-09-09","2025OB000549","2025NS012717","2025-09-09","2025-09-09",61879
39319,"2025-09-09","2025OP000550",405,5,"OB Enviada à instituição bancária para pagamento","2025-09-09","2025-09-09","2025OB000550","2025NS012718","2025-09-09","2025-09-09",62290
43335,"2025-09-29","2025OP004575",405,3,"Aguardando assinaturas do ordenador de despesas e/ou gestor financeiro","2025-09-29",,,"2025NS019790",,,64950
39322,"2025-09-09","2025OP000553",405,5,"OB Enviada à instituição bancária para pagamento","2025-09-09","2025-09-09","2025OB000553","2025NS012721","2025-09-09","2025-09-09",62294
39345,"2025-09-09","2025OP000576",405,5,"OB Enviada à instituição bancária para pagamento","2025-09-09","2025-09-09","2025OB000576","2025NS012744","2025-09-09","2025-09-09",62718
41849,"2025-09-11","2025OP003080",405,5,"OB Enviada à instituição bancária para pagamento","2025-09-12","2025-09-12","2025OB003077","2025NS016889","2025-09-11","2025-09-11",63993
41851,"2025-09-11","2025OP003082",405,5,"OB Enviada à instituição bancária para pagamento","2025-09-12","2025-09-12","2025OB003064","2025NS016891","2025-09-11","2025-09-11",63909
41843,"2025-09-11","2025OP003074",405,5,"OB Enviada à instituição bancária para pagamento","2025-09-12","2025-09-12","2025OB003078","2025NS016883","2025-09-11","2025-09-11",63907
41847,"2025-09-11","2025OP003078",405,5,"OB Enviada à instituição bancária para pagamento","2025-09-12","2025-09-12","2025OB003074","2025NS016887","2025-09-11","2025-09-11",64621
39315,"2025-09-09","2025OP000546",405,5,"OB Enviada à instituição bancária para pagamento","2025-09-09","2025-09-09","2025OB000546","2025NS012714","2025-09-09","2025-09-09",60693
39337,"2025-09-09","2025OP000568",405,5,"OB Enviada à instituição bancária para pagamento","2025-09-09","2025-09-09","2025OB000568","2025NS012736","2025-09-09","2025-09-09",62696
39335,"2025-09-09","2025OP000566",405,5,"OB Enviada à instituição bancária para pagamento","2025-09-09","2025-09-09","2025OB000566","2025NS012734","2025-09-09","2025-09-09",61325
39346,"2025-09-09","2025OP000577",405,5,"OB Enviada à instituição bancária para pagamento","2025-09-09","2025-09-09","2025OB000577","2025NS012745","2025-09-09","2025-09-09",61147
39334,"2025-09-09","2025OP000565",405,5,"OB Enviada à instituição bancária para pagamento","2025-09-09","2025-09-09","2025OB000565","2025NS012733","2025-09-09","2025-09-09",61349
39321,"2025-09-09","2025OP000552",405,5,"OB Enviada à instituição bancária para pagamento","2025-09-09","2025-09-09","2025OB000552","2025NS012720","2025-09-09","2025-09-09",61336
39338,"2025-09-09","2025OP000569",405,5,"OB Enviada à instituição bancária para pagamento","2025-09-09","2025-09-09","2025OB000569","2025NS012737","2025-09-09","2025-09-09",61550
41845,"2025-09-11","2025OP003076",405,5,"OB Enviada à instituição bancária para pagamento","2025-09-12","2025-09-12","2025OB003083","2025NS016885","2025-09-11","2025-09-11",63778
43340,"2025-09-29","2025OP004580",405,3,"Aguardando assinaturas do ordenador de despesas e/ou gestor financeiro","2025-09-29",,,"2025NS019795",,,65401
39326,"2025-09-09","2025OP000557",405,5,"OB Enviada à instituição bancária para pagamento","2025-09-09","2025-09-09","2025OB000557","2025NS012725","2025-09-09","2025-09-09",61567
41852,"2025-09-11","2025OP003083",405,5,"OB Enviada à instituição bancária para pagamento","2025-09-12","2025-09-12","2025OB003085","2025NS016892","2025-09-11","2025-09-11",63703
39320,"2025-09-09","2025OP000551",405,5,"OB Enviada à instituição bancária para pagamento","2025-09-09","2025-09-09","2025OB000551","2025NS012719","2025-09-09","2025-09-09",62237
39330,"2025-09-09","2025OP000561",405,5,"OB Enviada à instituição bancária para pagamento","2025-09-09","2025-09-09","2025OB000561","2025NS012729","2025-09-09","2025-09-09",62401
39358,"2025-09-09","2025OP000589",405,5,"OB Enviada à instituição bancária para pagamento","2025-09-09","2025-09-09","2025OB000589","2025NS012757","2025-09-09","2025-09-09",62708
41848,"2025-09-11","2025OP003079",405,5,"OB Enviada à instituição bancária para pagamento","2025-09-12","2025-09-12","2025OB003084","2025NS016888","2025-09-11","2025-09-11",64379
39344,"2025-09-09","2025OP000575",405,5,"OB Enviada à instituição bancária para pagamento","2025-09-09","2025-09-09","2025OB000575","2025NS012743","2025-09-09","2025-09-09",62713
39325,"2025-09-09","2025OP000556",405,5,"OB Enviada à instituição bancária para pagamento","2025-09-09","2025-09-09","2025OB000556","2025NS012724","2025-09-09","2025-09-09",63154
41850,"2025-09-11","2025OP003081",405,5,"OB Enviada à instituição bancária para pagamento","2025-09-12","2025-09-12","2025OB003073","2025NS016890","2025-09-11","2025-09-11",63910
39355,"2025-09-09","2025OP000586",405,5,"OB Enviada à instituição bancária para pagamento","2025-09-09","2025-09-09","2025OB000586","2025NS012754","2025-09-09","2025-09-09",63156
39357,"2025-09-09","2025OP000588",405,5,"OB Enviada à instituição bancária para pagamento","2025-09-09","2025-09-09","2025OB000588","2025NS012756","2025-09-09","2025-09-09",61161
39356,"2025-09-09","2025OP000587",405,5,"OB Enviada à instituição bancária para pagamento","2025-09-09","2025-09-09","2025OB000587","2025NS012755","2025-09-09","2025-09-09",61183
39368,"2025-09-09","2025OP000599",405,5,"OB Enviada à instituição bancária para pagamento","2025-09-09","2025-09-09","2025OB000599","2025NS012767","2025-09-09","2025-09-09",61238
39362,"2025-09-09","2025OP000593",405,5,"OB Enviada à instituição bancária para pagamento","2025-09-09","2025-09-09","2025OB000593","2025NS012761","2025-09-09","2025-09-09",61634
39361,"2025-09-09","2025OP000592",405,5,"OB Enviada à instituição bancária para pagamento","2025-09-09","2025-09-09","2025OB000592","2025NS012760","2025-09-09","2025-09-09",61637
39363,"2025-09-09","2025OP000594",405,5,"OB Enviada à instituição bancária para pagamento","2025-09-09","2025-09-09","2025OB000594","2025NS012762","2025-09-09","2025-09-09",62093
41862,"2025-09-11","2025OP003093",405,5,"OB Enviada à instituição bancária para pagamento","2025-09-12","2025-09-12","2025OB003092","2025NS016902","2025-09-11","2025-09-11",63911
43345,"2025-09-29","2025OP004585",405,3,"Aguardando assinaturas do ordenador de despesas e/ou gestor financeiro","2025-09-29",,,"2025NS019800",,,65402
41866,"2025-09-11","2025OP003097",405,5,"OB Enviada à instituição bancária para pagamento","2025-09-12","2025-09-12","2025OB003098","2025NS016906","2025-09-11","2025-09-11",64345
41858,"2025-09-11","2025OP003089",405,5,"OB Enviada à instituição bancária para pagamento","2025-09-12","2025-09-12","2025OB003097","2025NS016898","2025-09-11","2025-09-11",64726
39364,"2025-09-09","2025OP000595",405,5,"OB Enviada à instituição bancária para pagamento","2025-09-09","2025-09-09","2025OB000595","2025NS012763","2025-09-09","2025-09-09",60651
39365,"2025-09-09","2025OP000596",405,5,"OB Enviada à instituição bancária para pagamento","2025-09-09","2025-09-09","2025OB000596","2025NS012764","2025-09-09","2025-09-09",63157
41860,"2025-09-11","2025OP003091",405,5,"OB Enviada à instituição bancária para pagamento","2025-09-12","2025-09-12","2025OB003091","2025NS016900","2025-09-11","2025-09-11",64048
41861,"2025-09-11","2025OP003092",405,5,"OB Enviada à instituição bancária para pagamento","2025-09-12","2025-09-12","2025OB003089","2025NS016901","2025-09-11","2025-09-11",64728
41863,"2025-09-11","2025OP003094",405,5,"OB Enviada à instituição bancária para pagamento","2025-09-12","2025-09-12","2025OB003095","2025NS016903","2025-09-11","2025-09-11",64649
43346,"2025-09-29","2025OP004586",405,3,"Aguardando assinaturas do ordenador de despesas e/ou gestor financeiro","2025-09-29",,,"2025NS019801",,,65003
43347,"2025-09-29","2025OP004587",405,3,"Aguardando assinaturas do ordenador de despesas e/ou gestor financeiro","2025-09-29",,,"2025NS019802",,,65130
43348,"2025-09-29","2025OP004588",405,3,"Aguardando assinaturas do ordenador de despesas e/ou gestor financeiro","2025-09-29",,,"2025NS019803",,,65186
39440,"2025-09-09","2025OP000671",405,5,"OB Enviada à instituição bancária para pagamento","2025-09-09","2025-09-09","2025OB000671","2025NS012839","2025-09-09","2025-09-09",61589
39439,"2025-09-09","2025OP000670",405,5,"OB Enviada à instituição bancária para pagamento","2025-09-09","2025-09-09","2025OB000670","2025NS012838","2025-09-09","2025-09-09",62541
39431,"2025-09-09","2025OP000662",405,5,"OB Enviada à instituição bancária para pagamento","2025-09-09","2025-09-09","2025OB000662","2025NS012830","2025-09-09","2025-09-09",62602
39433,"2025-09-09","2025OP000664",405,5,"OB Enviada à instituição bancária para pagamento","2025-09-09","2025-09-09","2025OB000664","2025NS012832","2025-09-09","2025-09-09",61872
39430,"2025-09-09","2025OP000661",405,5,"OB Enviada à instituição bancária para pagamento","2025-09-09","2025-09-09","2025OB000661","2025NS012829","2025-09-09","2025-09-09",62057
39438,"2025-09-09","2025OP000669",405,5,"OB Enviada à instituição bancária para pagamento","2025-09-09","2025-09-09","2025OB000669","2025NS012837","2025-09-09","2025-09-09",62214
43371,"2025-09-29","2025OP004611",405,3,"Aguardando assinaturas do ordenador de despesas e/ou gestor financeiro","2025-09-29",,,"2025NS019826",,,65403
41916,"2025-09-11","2025OP003147",405,5,"OB Enviada à instituição bancária para pagamento","2025-09-12","2025-09-12","2025OB003173","2025NS016956","2025-09-11","2025-09-11",63634
39428,"2025-09-09","2025OP000659",405,5,"OB Enviada à instituição bancária para pagamento","2025-09-09","2025-09-09","2025OB000659","2025NS012827","2025-09-09","2025-09-09",62749
39436,"2025-09-09","2025OP000667",405,5,"OB Enviada à instituição bancária para pagamento","2025-09-09","2025-09-09","2025OB000667","2025NS012835","2025-09-09","2025-09-09",62419
41915,"2025-09-11","2025OP003146",405,5,"OB Enviada à instituição bancária para pagamento","2025-09-12","2025-09-12","2025OB003146","2025NS016955","2025-09-11","2025-09-11",64906
39437,"2025-09-09","2025OP000668",405,5,"OB Enviada à instituição bancária para pagamento","2025-09-09","2025-09-09","2025OB000668","2025NS012836","2025-09-09","2025-09-09",62478
39429,"2025-09-09","2025OP000660",405,5,"OB Enviada à instituição bancária para pagamento","2025-09-09","2025-09-09","2025OB000660","2025NS012828","2025-09-09","2025-09-09",62656
41917,"2025-09-11","2025OP003148",405,5,"OB Enviada à instituição bancária para pagamento","2025-09-12","2025-09-12","2025OB003168","2025NS016957","2025-09-11","2025-09-11",64001
41919,"2025-09-11","2025OP003150",405,5,"OB Enviada à instituição bancária para pagamento","2025-09-12","2025-09-12","2025OB003155","2025NS016959","2025-09-11","2025-09-11",64376
43370,"2025-09-29","2025OP004610",405,3,"Aguardando assinaturas do ordenador de despesas e/ou gestor financeiro","2025-09-29",,,"2025NS019825",,,65396
39462,"2025-09-09","2025OP000693",405,5,"OB Enviada à instituição bancária para pagamento","2025-09-09","2025-09-09","2025OB000693","2025NS012861","2025-09-09","2025-09-09",61348
39444,"2025-09-09","2025OP000675",405,5,"OB Enviada à instituição bancária para pagamento","2025-09-09","2025-09-09","2025OB000675","2025NS012843","2025-09-09","2025-09-09",61591
39443,"2025-09-09","2025OP000674",405,5,"OB Enviada à instituição bancária para pagamento","2025-09-09","2025-09-09","2025OB000674","2025NS012842","2025-09-09","2025-09-09",61592
39464,"2025-09-09","2025OP000695",405,5,"OB Enviada à instituição bancária para pagamento","2025-09-09","2025-09-09","2025OB000695","2025NS012863","2025-09-09","2025-09-09",61645
39482,"2025-09-09","2025OP000713",405,5,"OB Enviada à instituição bancária para pagamento","2025-09-09","2025-09-09","2025OB000713","2025NS012881","2025-09-09","2025-09-09",62004
39460,"2025-09-09","2025OP000691",405,5,"OB Enviada à instituição bancária para pagamento","2025-09-09","2025-09-09","2025OB000691","2025NS012859","2025-09-09","2025-09-09",63001
41945,"2025-09-11","2025OP003176",405,5,"OB Enviada à instituição bancária para pagamento","2025-09-12","2025-09-12","2025OB003199","2025NS016985","2025-09-11","2025-09-11",63636
39465,"2025-09-09","2025OP000696",405,5,"OB Enviada à instituição bancária para pagamento","2025-09-09","2025-09-09","2025OB000696","2025NS012864","2025-09-09","2025-09-09",62215
39442,"2025-09-09","2025OP000673",405,5,"OB Enviada à instituição bancária para pagamento","2025-09-09","2025-09-09","2025OB000673","2025NS012841","2025-09-09","2025-09-09",62306
43373,"2025-09-29","2025OP004613",405,3,"Aguardando assinaturas do ordenador de despesas e/ou gestor financeiro","2025-09-29",,,"2025NS019828",,,64958
41936,"2025-09-11","2025OP003167",405,5,"OB Enviada à instituição bancária para pagamento","2025-09-12","2025-09-12","2025OB003158","2025NS016976","2025-09-11","2025-09-11",64129
39481,"2025-09-09","2025OP000712",405,5,"OB Enviada à instituição bancária para pagamento","2025-09-09","2025-09-09","2025OB000712","2025NS012880","2025-09-09","2025-09-09",63189
41920,"2025-09-11","2025OP003151",405,5,"OB Enviada à instituição bancária para pagamento","2025-09-12","2025-09-12","2025OB003160","2025NS016960","2025-09-11","2025-09-11",63730
41921,"2025-09-11","2025OP003152",405,5,"OB Enviada à instituição bancária para pagamento","2025-09-12","2025-09-12","2025OB003153","2025NS016961","2025-09-11","2025-09-11",63920
43382,"2025-09-29","2025OP004622",405,3,"Aguardando assinaturas do ordenador de despesas e/ou gestor financeiro","2025-09-29",,,"2025NS019837",,,65405
41941,"2025-09-11","2025OP003172",405,5,"OB Enviada à instituição bancária para pagamento","2025-09-12","2025-09-12","2025OB003163","2025NS016981","2025-09-11","2025-09-11",64448
41922,"2025-09-11","2025OP003153",405,5,"OB Enviada à instituição bancária para pagamento","2025-09-12","2025-09-12","2025OB003171","2025NS016962","2025-09-11","2025-09-11",64887
43383,"2025-09-29","2025OP004623",405,3,"Aguardando assinaturas do ordenador de despesas e/ou gestor financeiro","2025-09-29",,,"2025NS019838",,,65404
43375,"2025-09-29","2025OP004615",405,3,"Aguardando assinaturas do ordenador de despesas e/ou gestor financeiro","2025-09-29",,,"2025NS019830",,,65141
39441,"2025-09-09","2025OP000672",405,5,"OB Enviada à instituição bancária para pagamento","2025-09-09","2025-09-09","2025OB000672","2025NS012840","2025-09-09","2025-09-09",60622
39461,"2025-09-09","2025OP000692",405,5,"OB Enviada à instituição bancária para pagamento","2025-09-09","2025-09-09","2025OB000692","2025NS012860","2025-09-09","2025-09-09",60741
39494,"2025-09-09","2025OP000725",405,5,"OB Enviada à instituição bancária para pagamento","2025-09-09","2025-09-09","2025OB000725","2025NS012893","2025-09-09","2025-09-09",61594
39697,"2025-09-09","2025OP000928",405,5,"OB Enviada à instituição bancária para pagamento","2025-09-09","2025-09-09","2025OB000925","2025NS013096","2025-09-09","2025-09-09",63242
41950,"2025-09-11","2025OP003181",405,5,"OB Enviada à instituição bancária para pagamento","2025-09-12","2025-09-12","2025OB003203","2025NS016990","2025-09-11","2025-09-11",63831
39487,"2025-09-09","2025OP000718",405,5,"OB Enviada à instituição bancária para pagamento","2025-09-09","2025-09-09","2025OB000718","2025NS012886","2025-09-09","2025-09-09",62023
39492,"2025-09-09","2025OP000723",405,5,"OB Enviada à instituição bancária para pagamento","2025-09-09","2025-09-09","2025OB000723","2025NS012891","2025-09-09","2025-09-09",62216
39489,"2025-09-09","2025OP000720",405,5,"OB Enviada à instituição bancária para pagamento","2025-09-09","2025-09-09","2025OB000720","2025NS012888","2025-09-09","2025-09-09",62643
39490,"2025-09-09","2025OP000721",405,5,"OB Enviada à instituição bancária para pagamento","2025-09-09","2025-09-09","2025OB000721","2025NS012889","2025-09-09","2025-09-09",62729
39486,"2025-09-09","2025OP000717",405,5,"OB Enviada à instituição bancária para pagamento","2025-09-09","2025-09-09","2025OB000717","2025NS012885","2025-09-09","2025-09-09",62834
39485,"2025-09-09","2025OP000716",405,5,"OB Enviada à instituição bancária para pagamento","2025-09-09","2025-09-09","2025OB000716","2025NS012884","2025-09-09","2025-09-09",62837
39497,"2025-09-09","2025OP000728",405,5,"OB Enviada à instituição bancária para pagamento","2025-09-09","2025-09-09","2025OB000728","2025NS012896","2025-09-09","2025-09-09",62282
39488,"2025-09-09","2025OP000719",405,5,"OB Enviada à instituição bancária para pagamento","2025-09-09","2025-09-09","2025OB000719","2025NS012887","2025-09-09","2025-09-09",62895
41953,"2025-09-11","2025OP003184",405,5,"OB Enviada à instituição bancária para pagamento","2025-09-12","2025-09-12","2025OB003178","2025NS016993","2025-09-11","2025-09-11",64533
41949,"2025-09-11","2025OP003180",405,5,"OB Enviada à instituição bancária para pagamento","2025-09-12","2025-09-12","2025OB003196","2025NS016989","2025-09-11","2025-09-11",63865
43389,"2025-09-29","2025OP004629",405,3,"Aguardando assinaturas do ordenador de despesas e/ou gestor financeiro","2025-09-29",,,"2025NS019844",,,65070
41948,"2025-09-11","2025OP003179",405,5,"OB Enviada à instituição bancária para pagamento","2025-09-12","2025-09-12","2025OB003204","2025NS016988","2025-09-11","2025-09-11",63922
41951,"2025-09-11","2025OP003182",405,5,"OB Enviada à instituição bancária para pagamento","2025-09-12","2025-09-12","2025OB003183","2025NS016991","2025-09-11","2025-09-11",64793
43391,"2025-09-29","2025OP004631",405,3,"Aguardando assinaturas do ordenador de despesas e/ou gestor financeiro","2025-09-29",,,"2025NS019846",,,65101
43387,"2025-09-29","2025OP004627",405,3,"Aguardando assinaturas do ordenador de despesas e/ou gestor financeiro","2025-09-29",,,"2025NS019842",,,64994
43385,"2025-09-29","2025OP004625",405,3,"Aguardando assinaturas do ordenador de despesas e/ou gestor financeiro","2025-09-29",,,"2025NS019840",,,65025
43390,"2025-09-29","2025OP004630",405,3,"Aguardando assinaturas do ordenador de despesas e/ou gestor financeiro","2025-09-29",,,"2025NS019845",,,65409
43388,"2025-09-29","2025OP004628",405,3,"Aguardando assinaturas do ordenador de despesas e/ou gestor financeiro","2025-09-29",,,"2025NS019843",,,65223
39493,"2025-09-09","2025OP000724",405,5,"OB Enviada à instituição bancária para pagamento","2025-09-09","2025-09-09","2025OB000724","2025NS012892","2025-09-09","2025-09-09",60689
39501,"2025-09-09","2025OP000732",405,5,"OB Enviada à instituição bancária para pagamento","2025-09-09","2025-09-09","2025OB000732","2025NS012900","2025-09-09","2025-09-09",61241
39495,"2025-09-09","2025OP000726",405,5,"OB Enviada à instituição bancária para pagamento","2025-09-09","2025-09-09","2025OB000726","2025NS012894","2025-09-09","2025-09-09",63226
41275,"2025-09-09","2025OP002506",405,5,"OB Enviada à instituição bancária para pagamento","2025-09-09","2025-09-09","2025OB002512","2025NS014674","2025-09-09","2025-09-09",62165
41954,"2025-09-11","2025OP003185",405,5,"OB Enviada à instituição bancária para pagamento","2025-09-12","2025-09-12","2025OB003182","2025NS016994","2025-09-11","2025-09-11",63554
39498,"2025-09-09","2025OP000729",405,5,"OB Enviada à instituição bancária para pagamento","2025-09-09","2025-09-09","2025OB000729","2025NS012897","2025-09-09","2025-09-09",62333
43394,"2025-09-29","2025OP004634",405,3,"Aguardando assinaturas do ordenador de despesas e/ou gestor financeiro","2025-09-29",,,"2025NS019849",,,65408
43392,"2025-09-29","2025OP004632",405,3,"Aguardando assinaturas do ordenador de despesas e/ou gestor financeiro","2025-09-29",,,"2025NS019847",,,65054
39502,"2025-09-09","2025OP000733",405,5,"OB Enviada à instituição bancária para pagamento","2025-09-09","2025-09-09","2025OB000733","2025NS012901","2025-09-09","2025-09-09",63003
43393,"2025-09-29","2025OP004633",405,3,"Aguardando assinaturas do ordenador de despesas e/ou gestor financeiro","2025-09-29",,,"2025NS019848",,,65407
39504,"2025-09-09","2025OP000735",405,5,"OB Enviada à instituição bancária para pagamento","2025-09-09","2025-09-09","2025OB000735","2025NS012903","2025-09-09","2025-09-09",60876
39508,"2025-09-09","2025OP000739",405,5,"OB Enviada à instituição bancária para pagamento","2025-09-09","2025-09-09","2025OB000739","2025NS012907","2025-09-09","2025-09-09",61152
39505,"2025-09-09","2025OP000736",405,5,"OB Enviada à instituição bancária para pagamento","2025-09-09","2025-09-09","2025OB000736","2025NS012904","2025-09-09","2025-09-09",61499
39506,"2025-09-09","2025OP000737",405,5,"OB Enviada à instituição bancária para pagamento","2025-09-09","2025-09-09","2025OB000737","2025NS012905","2025-09-09","2025-09-09",61551
39510,"2025-09-09","2025OP000741",405,5,"OB Enviada à instituição bancária para pagamento","2025-09-09","2025-09-09","2025OB000741","2025NS012909","2025-09-09","2025-09-09",61559
39573,"2025-09-09","2025OP000804",405,5,"OB Enviada à instituição bancária para pagamento","2025-09-09","2025-09-09","2025OB000804","2025NS012972","2025-09-09","2025-09-09",61723
43398,"2025-09-29","2025OP004638",405,3,"Aguardando assinaturas do ordenador de despesas e/ou gestor financeiro","2025-09-29",,,"2025NS019853",,,65411
39509,"2025-09-09","2025OP000740",405,5,"OB Enviada à instituição bancária para pagamento","2025-09-09","2025-09-09","2025OB000740","2025NS012908","2025-09-09","2025-09-09",62189
39515,"2025-09-09","2025OP000746",405,5,"OB Enviada à instituição bancária para pagamento","2025-09-09","2025-09-09","2025OB000746","2025NS012914","2025-09-09","2025-09-09",62479
41961,"2025-09-11","2025OP003192",405,5,"OB Enviada à instituição bancária para pagamento","2025-09-12","2025-09-12","2025OB003176","2025NS017001","2025-09-11","2025-09-11",64488
39516,"2025-09-09","2025OP000747",405,5,"OB Enviada à instituição bancária para pagamento","2025-09-09","2025-09-09","2025OB000747","2025NS012915","2025-09-09","2025-09-09",62697
39514,"2025-09-09","2025OP000745",405,5,"OB Enviada à instituição bancária para pagamento","2025-09-09","2025-09-09","2025OB000745","2025NS012913","2025-09-09","2025-09-09",63005
39512,"2025-09-09","2025OP000743",405,5,"OB Enviada à instituição bancária para pagamento","2025-09-09","2025-09-09","2025OB000743","2025NS012911","2025-09-09","2025-09-09",63174
41959,"2025-09-11","2025OP003190",405,5,"OB Enviada à instituição bancária para pagamento","2025-09-12","2025-09-12","2025OB003191","2025NS016999","2025-09-11","2025-09-11",64651
41958,"2025-09-11","2025OP003189",405,5,"OB Enviada à instituição bancária para pagamento","2025-09-12","2025-09-12","2025OB003193","2025NS016998","2025-09-11","2025-09-11",64892
41956,"2025-09-11","2025OP003187",405,5,"OB Enviada à instituição bancária para pagamento","2025-09-12","2025-09-12","2025OB003192","2025NS016996","2025-09-11","2025-09-11",64824
43397,"2025-09-29","2025OP004637",405,3,"Aguardando assinaturas do ordenador de despesas e/ou gestor financeiro","2025-09-29",,,"2025NS019852",,,65185
39518,"2025-09-09","2025OP000749",405,5,"OB Enviada à instituição bancária para pagamento","2025-09-09","2025-09-09","2025OB000749","2025NS012917","2025-09-09","2025-09-09",61716
39536,"2025-09-09","2025OP000767",405,5,"OB Enviada à instituição bancária para pagamento","2025-09-09","2025-09-09","2025OB000767","2025NS012935","2025-09-09","2025-09-09",61717
41972,"2025-09-11","2025OP003203",405,5,"OB Enviada à instituição bancária para pagamento","2025-09-12","2025-09-12","2025OB003188","2025NS017012","2025-09-11","2025-09-11",63690
39149,"2025-09-09","2025OP000380",405,5,"OB Enviada à instituição bancária para pagamento","2025-09-09","2025-09-09","2025OB000380","2025NS012548","2025-09-09","2025-09-09",62121
39519,"2025-09-09","2025OP000750",405,5,"OB Enviada à instituição bancária para pagamento","2025-09-09","2025-09-09","2025OB000750","2025NS012918","2025-09-09","2025-09-09",62371
39532,"2025-09-09","2025OP000763",405,5,"OB Enviada à instituição bancária para pagamento","2025-09-09","2025-09-09","2025OB000763","2025NS012931","2025-09-09","2025-09-09",62372
39525,"2025-09-09","2025OP000756",405,5,"OB Enviada à instituição bancária para pagamento","2025-09-09","2025-09-09","2025OB000756","2025NS012924","2025-09-09","2025-09-09",62580
41955,"2025-09-11","2025OP003186",405,5,"OB Enviada à instituição bancária para pagamento","2025-09-12","2025-09-12","2025OB003197","2025NS016995","2025-09-11","2025-09-11",64589
41974,"2025-09-11","2025OP003205",405,5,"OB Enviada à instituição bancária para pagamento","2025-09-12","2025-09-12","2025OB003206","2025NS017014","2025-09-11","2025-09-11",64391
39531,"2025-09-09","2025OP000762",405,5,"OB Enviada à instituição bancária para pagamento","2025-09-09","2025-09-09","2025OB000762","2025NS012930","2025-09-09","2025-09-09",62890
39534,"2025-09-09","2025OP000765",405,5,"OB Enviada à instituição bancária para pagamento","2025-09-09","2025-09-09","2025OB000765","2025NS012933","2025-09-09","2025-09-09",63195
41971,"2025-09-11","2025OP003202",405,5,"OB Enviada à instituição bancária para pagamento","2025-09-12","2025-09-12","2025OB003194","2025NS017011","2025-09-11","2025-09-11",63967
39521,"2025-09-09","2025OP000752",405,5,"OB Enviada à instituição bancária para pagamento","2025-09-09","2025-09-09","2025OB000752","2025NS012920","2025-09-09","2025-09-09",63187
41970,"2025-09-11","2025OP003201",405,5,"OB Enviada à instituição bancária para pagamento","2025-09-12","2025-09-12","2025OB003175","2025NS017010","2025-09-11","2025-09-11",63691
41978,"2025-09-11","2025OP003209",405,5,"OB Enviada à instituição bancária para pagamento","2025-09-12","2025-09-12","2025OB003214","2025NS017018","2025-09-11","2025-09-11",64231
43399,"2025-09-29","2025OP004639",405,3,"Aguardando assinaturas do ordenador de despesas e/ou gestor financeiro","2025-09-29",,,"2025NS019854",,,65412
39535,"2025-09-09","2025OP000766",405,5,"OB Enviada à instituição bancária para pagamento","2025-09-09","2025-09-09","2025OB000766","2025NS012934","2025-09-09","2025-09-09",61286
39522,"2025-09-09","2025OP000753",405,5,"OB Enviada à instituição bancária para pagamento","2025-09-09","2025-09-09","2025OB000753","2025NS012921","2025-09-09","2025-09-09",61500
39524,"2025-09-09","2025OP000755",405,5,"OB Enviada à instituição bancária para pagamento","2025-09-09","2025-09-09","2025OB000755","2025NS012923","2025-09-09","2025-09-09",61540
39527,"2025-09-09","2025OP000758",405,5,"OB Enviada à instituição bancária para pagamento","2025-09-09","2025-09-09","2025OB000758","2025NS012926","2025-09-09","2025-09-09",61718
41975,"2025-09-11","2025OP003206",405,5,"OB Enviada à instituição bancária para pagamento","2025-09-12","2025-09-12","2025OB003216","2025NS017015","2025-09-11","2025-09-11",64648
39533,"2025-09-09","2025OP000764",405,5,"OB Enviada à instituição bancária para pagamento","2025-09-09","2025-09-09","2025OB000764","2025NS012932","2025-09-09","2025-09-09",61719
39530,"2025-09-09","2025OP000761",405,5,"OB Enviada à instituição bancária para pagamento","2025-09-09","2025-09-09","2025OB000761","2025NS012929","2025-09-09","2025-09-09",62380
41980,"2025-09-11","2025OP003211",405,5,"OB Enviada à instituição bancária para pagamento","2025-09-12","2025-09-12","2025OB003215","2025NS017020","2025-09-11","2025-09-11",63710
39538,"2025-09-09","2025OP000769",405,5,"OB Enviada à instituição bancária para pagamento","2025-09-09","2025-09-09","2025OB000769","2025NS012937","2025-09-09","2025-09-09",62771
39537,"2025-09-09","2025OP000768",405,5,"OB Enviada à instituição bancária para pagamento","2025-09-09","2025-09-09","2025OB000768","2025NS012936","2025-09-09","2025-09-09",63006
43403,"2025-09-29","2025OP004643",405,3,"Aguardando assinaturas do ordenador de despesas e/ou gestor financeiro","2025-09-29",,,"2025NS019858",,,65182
43400,"2025-09-29","2025OP004640",405,3,"Aguardando assinaturas do ordenador de despesas e/ou gestor financeiro","2025-09-29",,,"2025NS019855",,,65002
39528,"2025-09-09","2025OP000759",405,5,"OB Enviada à instituição bancária para pagamento","2025-09-09","2025-09-09","2025OB000759","2025NS012927","2025-09-09","2025-09-09",63008
41982,"2025-09-11","2025OP003213",405,5,"OB Enviada à instituição bancária para pagamento","2025-09-12","2025-09-12","2025OB003212","2025NS017022","2025-09-11","2025-09-11",63452
43401,"2025-09-29","2025OP004641",405,3,"Aguardando assinaturas do ordenador de despesas e/ou gestor financeiro","2025-09-29",,,"2025NS019856",,,65160
41973,"2025-09-11","2025OP003204",405,5,"OB Enviada à instituição bancária para pagamento","2025-09-12","2025-09-12","2025OB003189","2025NS017013","2025-09-11","2025-09-11",64401
41979,"2025-09-11","2025OP003210",405,5,"OB Enviada à instituição bancária para pagamento","2025-09-12","2025-09-12","2025OB003210","2025NS017019","2025-09-11","2025-09-11",63713
43408,"2025-09-29","2025OP004648",405,3,"Aguardando assinaturas do ordenador de despesas e/ou gestor financeiro","2025-09-29",,,"2025NS019863",,,65415
41994,"2025-09-11","2025OP003225",405,5,"OB Enviada à instituição bancária para pagamento","2025-09-12","2025-09-12","2025OB003222","2025NS017034","2025-09-11","2025-09-11",64130
39556,"2025-09-09","2025OP000787",405,5,"OB Enviada à instituição bancária para pagamento","2025-09-09","2025-09-09","2025OB000787","2025NS012955","2025-09-09","2025-09-09",61554
41999,"2025-09-11","2025OP003230",405,5,"OB Enviada à instituição bancária para pagamento","2025-09-12","2025-09-12","2025OB003232","2025NS017039","2025-09-11","2025-09-11",64896
39553,"2025-09-09","2025OP000784",405,5,"OB Enviada à instituição bancária para pagamento","2025-09-09","2025-09-09","2025OB000784","2025NS012952","2025-09-09","2025-09-09",61578
39557,"2025-09-09","2025OP000788",405,5,"OB Enviada à instituição bancária para pagamento","2025-09-09","2025-09-09","2025OB000788","2025NS012956","2025-09-09","2025-09-09",63061
41996,"2025-09-11","2025OP003227",405,5,"OB Enviada à instituição bancária para pagamento","2025-09-12","2025-09-12","2025OB003231","2025NS017036","2025-09-11","2025-09-11",63672
41997,"2025-09-11","2025OP003228",405,5,"OB Enviada à instituição bancária para pagamento","2025-09-12","2025-09-12","2025OB003230","2025NS017037","2025-09-11","2025-09-11",64022
42001,"2025-09-11","2025OP003232",405,5,"OB Enviada à instituição bancária para pagamento","2025-09-12","2025-09-12","2025OB003233","2025NS017041","2025-09-11","2025-09-11",64826
41998,"2025-09-11","2025OP003229",405,5,"OB Enviada à instituição bancária para pagamento","2025-09-12","2025-09-12","2025OB003234","2025NS017038","2025-09-11","2025-09-11",63851
42000,"2025-09-11","2025OP003231",405,5,"OB Enviada à instituição bancária para pagamento","2025-09-12","2025-09-12","2025OB003250","2025NS017040","2025-09-11","2025-09-11",64894
39560,"2025-09-09","2025OP000791",405,5,"OB Enviada à instituição bancária para pagamento","2025-09-09","2025-09-09","2025OB000791","2025NS012959","2025-09-09","2025-09-09",61485
42005,"2025-09-11","2025OP003236",405,5,"OB Enviada à instituição bancária para pagamento","2025-09-12","2025-09-12","2025OB003253","2025NS017045","2025-09-11","2025-09-11",64221
39569,"2025-09-09","2025OP000800",405,5,"OB Enviada à instituição bancária para pagamento","2025-09-09","2025-09-09","2025OB000800","2025NS012968","2025-09-09","2025-09-09",61556
39561,"2025-09-09","2025OP000792",405,5,"OB Enviada à instituição bancária para pagamento","2025-09-09","2025-09-09","2025OB000792","2025NS012960","2025-09-09","2025-09-09",61720
39562,"2025-09-09","2025OP000793",405,5,"OB Enviada à instituição bancária para pagamento","2025-09-09","2025-09-09","2025OB000793","2025NS012961","2025-09-09","2025-09-09",62565
42002,"2025-09-11","2025OP003233",405,5,"OB Enviada à instituição bancária para pagamento","2025-09-12","2025-09-12","2025OB003238","2025NS017042","2025-09-11","2025-09-11",64490
39565,"2025-09-09","2025OP000796",405,5,"OB Enviada à instituição bancária para pagamento","2025-09-09","2025-09-09","2025OB000796","2025NS012964","2025-09-09","2025-09-09",62227
39558,"2025-09-09","2025OP000789",405,5,"OB Enviada à instituição bancária para pagamento","2025-09-09","2025-09-09","2025OB000789","2025NS012957","2025-09-09","2025-09-09",61721
39567,"2025-09-09","2025OP000798",405,5,"OB Enviada à instituição bancária para pagamento","2025-09-09","2025-09-09","2025OB000798","2025NS012966","2025-09-09","2025-09-09",61722
43413,"2025-09-29","2025OP004653",405,3,"Aguardando assinaturas do ordenador de despesas e/ou gestor financeiro","2025-09-29",,,"2025NS019868",,,65416
39559,"2025-09-09","2025OP000790",405,5,"OB Enviada à instituição bancária para pagamento","2025-09-09","2025-09-09","2025OB000790","2025NS012958","2025-09-09","2025-09-09",63017
43412,"2025-09-29","2025OP004652",405,3,"Aguardando assinaturas do ordenador de despesas e/ou gestor financeiro","2025-09-29",,,"2025NS019867",,,65011
42003,"2025-09-11","2025OP003234",405,5,"OB Enviada à instituição bancária para pagamento","2025-09-12","2025-09-12","2025OB003237","2025NS017043","2025-09-11","2025-09-11",64183
42006,"2025-09-11","2025OP003237",405,5,"OB Enviada à instituição bancária para pagamento","2025-09-12","2025-09-12","2025OB003229","2025NS017046","2025-09-11","2025-09-11",64736
39564,"2025-09-09","2025OP000795",405,5,"OB Enviada à instituição bancária para pagamento","2025-09-09","2025-09-09","2025OB000795","2025NS012963","2025-09-09","2025-09-09",60690
39571,"2025-09-09","2025OP000802",405,5,"OB Enviada à instituição bancária para pagamento","2025-09-09","2025-09-09","2025OB000802","2025NS012970","2025-09-09","2025-09-09",61473
42017,"2025-09-11","2025OP003248",405,5,"OB Enviada à instituição bancária para pagamento","2025-09-12","2025-09-12","2025OB003240","2025NS017057","2025-09-11","2025-09-11",63290
39572,"2025-09-09","2025OP000803",405,5,"OB Enviada à instituição bancária para pagamento","2025-09-09","2025-09-09","2025OB000803","2025NS012971","2025-09-09","2025-09-09",61587
39592,"2025-09-09","2025OP000823",405,5,"OB Enviada à instituição bancária para pagamento","2025-09-09","2025-09-09","2025OB000816","2025NS012991","2025-09-09","2025-09-09",61778
39590,"2025-09-09","2025OP000821",405,5,"OB Enviada à instituição bancária para pagamento","2025-09-09","2025-09-09","2025OB000812","2025NS012989","2025-09-09","2025-09-09",61780
39591,"2025-09-09","2025OP000822",405,5,"OB Enviada à instituição bancária para pagamento","2025-09-09","2025-09-09","2025OB000814","2025NS012990","2025-09-09","2025-09-09",61782
39593,"2025-09-09","2025OP000824",405,5,"OB Enviada à instituição bancária para pagamento","2025-09-09","2025-09-09","2025OB000818","2025NS012992","2025-09-09","2025-09-09",62584
39598,"2025-09-09","2025OP000829",405,5,"OB Enviada à instituição bancária para pagamento","2025-09-09","2025-09-09","2025OB000828","2025NS012997","2025-09-09","2025-09-09",62795
42010,"2025-09-11","2025OP003241",405,5,"OB Enviada à instituição bancária para pagamento","2025-09-12","2025-09-12","2025OB003242","2025NS017050","2025-09-11","2025-09-11",64482
39597,"2025-09-09","2025OP000828",405,5,"OB Enviada à instituição bancária para pagamento","2025-09-09","2025-09-09","2025OB000826","2025NS012996","2025-09-09","2025-09-09",63031
43428,"2025-09-29","2025OP004668",405,3,"Aguardando assinaturas do ordenador de despesas e/ou gestor financeiro","2025-09-29",,,"2025NS019883",,,65417
43416,"2025-09-29","2025OP004656",405,3,"Aguardando assinaturas do ordenador de despesas e/ou gestor financeiro","2025-09-29",,,"2025NS019871",,,65418
39610,"2025-09-09","2025OP000841",405,5,"OB Enviada à instituição bancária para pagamento","2025-09-09","2025-09-09","2025OB000841","2025NS013009","2025-09-09","2025-09-09",61287
39609,"2025-09-09","2025OP000840",405,5,"OB Enviada à instituição bancária para pagamento","2025-09-09","2025-09-09","2025OB000840","2025NS013008","2025-09-09","2025-09-09",61784
39642,"2025-09-09","2025OP000873",405,5,"OB Enviada à instituição bancária para pagamento","2025-09-09","2025-09-09","2025OB000873","2025NS013041","2025-09-09","2025-09-09",61786
39612,"2025-09-09","2025OP000843",405,5,"OB Enviada à instituição bancária para pagamento","2025-09-09","2025-09-09","2025OB000843","2025NS013011","2025-09-09","2025-09-09",62429
39613,"2025-09-09","2025OP000844",405,5,"OB Enviada à instituição bancária para pagamento","2025-09-09","2025-09-09","2025OB000844","2025NS013012","2025-09-09","2025-09-09",62616
39645,"2025-09-09","2025OP000876",405,5,"OB Enviada à instituição bancária para pagamento","2025-09-09","2025-09-09","2025OB000876","2025NS013044","2025-09-09","2025-09-09",62754
39646,"2025-09-09","2025OP000877",405,5,"OB Enviada à instituição bancária para pagamento","2025-09-09","2025-09-09","2025OB000877","2025NS013045","2025-09-09","2025-09-09",63035
42024,"2025-09-11","2025OP003255",405,5,"OB Enviada à instituição bancária para pagamento","2025-09-12","2025-09-12","2025OB003281","2025NS017064","2025-09-11","2025-09-11",64098
43431,"2025-09-29","2025OP004671",405,3,"Aguardando assinaturas do ordenador de despesas e/ou gestor financeiro","2025-09-29",,,"2025NS019886",,,65059
39648,"2025-09-09","2025OP000879",405,5,"OB Enviada à instituição bancária para pagamento","2025-09-09","2025-09-09","2025OB000879","2025NS013047","2025-09-09","2025-09-09",61484
39666,"2025-09-09","2025OP000897",405,5,"OB Enviada à instituição bancária para pagamento","2025-09-09","2025-09-09","2025OB000897","2025NS013065","2025-09-09","2025-09-09",61558
39647,"2025-09-09","2025OP000878",405,5,"OB Enviada à instituição bancária para pagamento","2025-09-09","2025-09-09","2025OB000878","2025NS013046","2025-09-09","2025-09-09",62433
42043,"2025-09-11","2025OP003274",405,5,"OB Enviada à instituição bancária para pagamento","2025-09-12","2025-09-12","2025OB003275","2025NS017083","2025-09-11","2025-09-11",64079
42044,"2025-09-11","2025OP003275",405,5,"OB Enviada à instituição bancária para pagamento","2025-09-12","2025-09-12","2025OB003273","2025NS017084","2025-09-11","2025-09-11",64099
42045,"2025-09-11","2025OP003276",405,5,"OB Enviada à instituição bancária para pagamento","2025-09-12","2025-09-12","2025OB003268","2025NS017085","2025-09-11","2025-09-11",64466
43438,"2025-09-29","2025OP004678",405,3,"Aguardando assinaturas do ordenador de despesas e/ou gestor financeiro","2025-09-29",,,"2025NS019893",,,64956
43439,"2025-09-29","2025OP004679",405,3,"Aguardando assinaturas do ordenador de despesas e/ou gestor financeiro","2025-09-29",,,"2025NS019894",,,65023
39704,"2025-09-09","2025OP000935",405,5,"OB Enviada à instituição bancária para pagamento","2025-09-09","2025-09-09","2025OB000935","2025NS013103","2025-09-09","2025-09-09",62678
42058,"2025-09-11","2025OP003289",405,5,"OB Enviada à instituição bancária para pagamento","2025-09-12","2025-09-12","2025OB003288","2025NS017098","2025-09-11","2025-09-11",64146
39665,"2025-09-09","2025OP000896",405,5,"OB Enviada à instituição bancária para pagamento","2025-09-09","2025-09-09","2025OB000896","2025NS013064","2025-09-09","2025-09-09",61300
39663,"2025-09-09","2025OP000894",405,5,"OB Enviada à instituição bancária para pagamento","2025-09-09","2025-09-09","2025OB000894","2025NS013062","2025-09-09","2025-09-09",61006
39668,"2025-09-09","2025OP000899",405,5,"OB Enviada à instituição bancária para pagamento","2025-09-09","2025-09-09","2025OB000899","2025NS013067","2025-09-09","2025-09-09",61560
39664,"2025-09-09","2025OP000895",405,5,"OB Enviada à instituição bancária para pagamento","2025-09-09","2025-09-09","2025OB000895","2025NS013063","2025-09-09","2025-09-09",61561
42056,"2025-09-11","2025OP003287",405,5,"OB Enviada à instituição bancária para pagamento","2025-09-12","2025-09-12","2025OB003282","2025NS017096","2025-09-11","2025-09-11",64836
39662,"2025-09-09","2025OP000893",405,5,"OB Enviada à instituição bancária para pagamento","2025-09-09","2025-09-09","2025OB000893","2025NS013061","2025-09-09","2025-09-09",62676
39659,"2025-09-09","2025OP000890",405,5,"OB Enviada à instituição bancária para pagamento","2025-09-09","2025-09-09","2025OB000890","2025NS013058","2025-09-09","2025-09-09",62717
39667,"2025-09-09","2025OP000898",405,5,"OB Enviada à instituição bancária para pagamento","2025-09-09","2025-09-09","2025OB000898","2025NS013066","2025-09-09","2025-09-09",62709
39657,"2025-09-09","2025OP000888",405,5,"OB Enviada à instituição bancária para pagamento","2025-09-09","2025-09-09","2025OB000888","2025NS013056","2025-09-09","2025-09-09",63038
39658,"2025-09-09","2025OP000889",405,5,"OB Enviada à instituição bancária para pagamento","2025-09-09","2025-09-09","2025OB000889","2025NS013057","2025-09-09","2025-09-09",60578
43460,"2025-09-29","2025OP004700",405,3,"Aguardando assinaturas do ordenador de despesas e/ou gestor financeiro","2025-09-29",,,"2025NS019915",,,65132
42085,"2025-09-11","2025OP003316",405,5,"OB Enviada à instituição bancária para pagamento","2025-09-12","2025-09-12","2025OB003314","2025NS017125","2025-09-11","2025-09-11",63986
42084,"2025-09-11","2025OP003315",405,5,"OB Enviada à instituição bancária para pagamento","2025-09-12","2025-09-12","2025OB003315","2025NS017124","2025-09-11","2025-09-11",64686
43456,"2025-09-29","2025OP004696",405,3,"Aguardando assinaturas do ordenador de despesas e/ou gestor financeiro","2025-09-29",,,"2025NS019911",,,65419
43461,"2025-09-29","2025OP004701",405,3,"Aguardando assinaturas do ordenador de despesas e/ou gestor financeiro","2025-09-29",,,"2025NS019916",,,64964
43457,"2025-09-29","2025OP004697",405,3,"Aguardando assinaturas do ordenador de despesas e/ou gestor financeiro","2025-09-29",,,"2025NS019912",,,65180
39743,"2025-09-09","2025OP000974",405,5,"OB Enviada à instituição bancária para pagamento","2025-09-09","2025-09-09","2025OB000974","2025NS013142","2025-09-09","2025-09-09",61242
39733,"2025-09-09","2025OP000964",405,5,"OB Enviada à instituição bancária para pagamento","2025-09-09","2025-09-09","2025OB000964","2025NS013132","2025-09-09","2025-09-09",61282
39720,"2025-09-09","2025OP000951",405,5,"OB Enviada à instituição bancária para pagamento","2025-09-09","2025-09-09","2025OB000951","2025NS013119","2025-09-09","2025-09-09",61661
39744,"2025-09-09","2025OP000975",405,5,"OB Enviada à instituição bancária para pagamento","2025-09-09","2025-09-09","2025OB000975","2025NS013143","2025-09-09","2025-09-09",62487
42094,"2025-09-11","2025OP003325",405,5,"OB Enviada à instituição bancária para pagamento","2025-09-12","2025-09-12","2025OB003333","2025NS017134","2025-09-11","2025-09-11",63927
42472,"2025-09-11","2025OP003703",405,5,"OB Enviada à instituição bancária para pagamento","2025-09-12","2025-09-12","2025OB003684","2025NS017512","2025-09-11","2025-09-11",64529
42095,"2025-09-11","2025OP003326",405,5,"OB Enviada à instituição bancária para pagamento","2025-09-12","2025-09-12","2025OB003317","2025NS017135","2025-09-11","2025-09-11",64766
43458,"2025-09-29","2025OP004698",405,3,"Aguardando assinaturas do ordenador de despesas e/ou gestor financeiro","2025-09-29",,,"2025NS019913",,,65420
43464,"2025-09-29","2025OP004704",405,3,"Aguardando assinaturas do ordenador de despesas e/ou gestor financeiro","2025-09-29",,,"2025NS019919",,,65184
43467,"2025-09-29","2025OP004707",405,3,"Aguardando assinaturas do ordenador de despesas e/ou gestor financeiro","2025-09-29",,,"2025NS019922",,,65204
39745,"2025-09-09","2025OP000976",405,5,"OB Enviada à instituição bancária para pagamento","2025-09-09","2025-09-09","2025OB000976","2025NS013144","2025-09-09","2025-09-09",60691
39760,"2025-09-09","2025OP000991",405,5,"OB Enviada à instituição bancária para pagamento","2025-09-09","2025-09-09","2025OB000991","2025NS013159","2025-09-09","2025-09-09",61273
39735,"2025-09-09","2025OP000966",405,5,"OB Enviada à instituição bancária para pagamento","2025-09-09","2025-09-09","2025OB000966","2025NS013134","2025-09-09","2025-09-09",61291
39763,"2025-09-09","2025OP000994",405,5,"OB Enviada à instituição bancária para pagamento","2025-09-09","2025-09-09","2025OB000994","2025NS013162","2025-09-09","2025-09-09",61387
39761,"2025-09-09","2025OP000992",405,5,"OB Enviada à instituição bancária para pagamento","2025-09-09","2025-09-09","2025OB000992","2025NS013160","2025-09-09","2025-09-09",61662
39736,"2025-09-09","2025OP000967",405,5,"OB Enviada à instituição bancária para pagamento","2025-09-09","2025-09-09","2025OB000967","2025NS013135","2025-09-09","2025-09-09",61792
39758,"2025-09-09","2025OP000989",405,5,"OB Enviada à instituição bancária para pagamento","2025-09-09","2025-09-09","2025OB000989","2025NS013157","2025-09-09","2025-09-09",61794
39759,"2025-09-09","2025OP000990",405,5,"OB Enviada à instituição bancária para pagamento","2025-09-09","2025-09-09","2025OB000990","2025NS013158","2025-09-09","2025-09-09",62480
39747,"2025-09-09","2025OP000978",405,5,"OB Enviada à instituição bancária para pagamento","2025-09-09","2025-09-09","2025OB000978","2025NS013146","2025-09-09","2025-09-09",62484
39764,"2025-09-09","2025OP000995",405,5,"OB Enviada à instituição bancária para pagamento","2025-09-09","2025-09-09","2025OB000995","2025NS013163","2025-09-09","2025-09-09",62549
39756,"2025-09-09","2025OP000987",405,5,"OB Enviada à instituição bancária para pagamento","2025-09-09","2025-09-09","2025OB000987","2025NS013155","2025-09-09","2025-09-09",62838
39762,"2025-09-09","2025OP000993",405,5,"OB Enviada à instituição bancária para pagamento","2025-09-09","2025-09-09","2025OB000993","2025NS013161","2025-09-09","2025-09-09",62826
42102,"2025-09-11","2025OP003333",405,5,"OB Enviada à instituição bancária para pagamento","2025-09-12","2025-09-12","2025OB003320","2025NS017142","2025-09-11","2025-09-11",64617
42096,"2025-09-11","2025OP003327",405,5,"OB Enviada à instituição bancária para pagamento","2025-09-12","2025-09-12","2025OB003331","2025NS017136","2025-09-11","2025-09-11",64830
42098,"2025-09-11","2025OP003329",405,5,"OB Enviada à instituição bancária para pagamento","2025-09-12","2025-09-12","2025OB003327","2025NS017138","2025-09-11","2025-09-11",64012
39908,"2025-09-09","2025OP001139",405,5,"OB Enviada à instituição bancária para pagamento","2025-09-09","2025-09-09","2025OB001139","2025NS013307","2025-09-09","2025-09-09",60751
39738,"2025-09-09","2025OP000969",405,5,"OB Enviada à instituição bancária para pagamento","2025-09-09","2025-09-09","2025OB000969","2025NS013137","2025-09-09","2025-09-09",63043
43468,"2025-09-29","2025OP004708",405,3,"Aguardando assinaturas do ordenador de despesas e/ou gestor financeiro","2025-09-29",,,"2025NS019923",,,65026
42097,"2025-09-11","2025OP003328",405,5,"OB Enviada à instituição bancária para pagamento","2025-09-12","2025-09-12","2025OB003325","2025NS017137","2025-09-11","2025-09-11",63892
42103,"2025-09-11","2025OP003334",405,5,"OB Enviada à instituição bancária para pagamento","2025-09-12","2025-09-12","2025OB003321","2025NS017143","2025-09-11","2025-09-11",63928
43466,"2025-09-29","2025OP004706",405,3,"Aguardando assinaturas do ordenador de despesas e/ou gestor financeiro","2025-09-29",,,"2025NS019921",,,65027
42100,"2025-09-11","2025OP003331",405,5,"OB Enviada à instituição bancária para pagamento","2025-09-12","2025-09-12","2025OB003326","2025NS017140","2025-09-11","2025-09-11",63930
39741,"2025-09-09","2025OP000972",405,5,"OB Enviada à instituição bancária para pagamento","2025-09-09","2025-09-09","2025OB000972","2025NS013140","2025-09-09","2025-09-09",60616
39734,"2025-09-09","2025OP000965",405,5,"OB Enviada à instituição bancária para pagamento","2025-09-09","2025-09-09","2025OB000965","2025NS013133","2025-09-09","2025-09-09",60783
42109,"2025-09-11","2025OP003340",405,5,"OB Enviada à instituição bancária para pagamento","2025-09-12","2025-09-12","2025OB003351","2025NS017149","2025-09-11","2025-09-11",64042
39770,"2025-09-09","2025OP001001",405,5,"OB Enviada à instituição bancária para pagamento","2025-09-09","2025-09-09","2025OB001001","2025NS013169","2025-09-09","2025-09-09",61274
39769,"2025-09-09","2025OP001000",405,5,"OB Enviada à instituição bancária para pagamento","2025-09-09","2025-09-09","2025OB001000","2025NS013168","2025-09-09","2025-09-09",61648
39778,"2025-09-09","2025OP001009",405,5,"OB Enviada à instituição bancária para pagamento","2025-09-09","2025-09-09","2025OB001009","2025NS013177","2025-09-09","2025-09-09",61798
39767,"2025-09-09","2025OP000998",405,5,"OB Enviada à instituição bancária para pagamento","2025-09-09","2025-09-09","2025OB000998","2025NS013166","2025-09-09","2025-09-09",62681
42114,"2025-09-11","2025OP003345",405,5,"OB Enviada à instituição bancária para pagamento","2025-09-12","2025-09-12","2025OB003341","2025NS017154","2025-09-11","2025-09-11",63394
39775,"2025-09-09","2025OP001006",405,5,"OB Enviada à instituição bancária para pagamento","2025-09-09","2025-09-09","2025OB001006","2025NS013174","2025-09-09","2025-09-09",62657
42110,"2025-09-11","2025OP003341",405,5,"OB Enviada à instituição bancária para pagamento","2025-09-12","2025-09-12","2025OB003338","2025NS017150","2025-09-11","2025-09-11",64313
42104,"2025-09-11","2025OP003335",405,5,"OB Enviada à instituição bancária para pagamento","2025-09-12","2025-09-12","2025OB003352","2025NS017144","2025-09-11","2025-09-11",64382
39768,"2025-09-09","2025OP000999",405,5,"OB Enviada à instituição bancária para pagamento","2025-09-09","2025-09-09","2025OB000999","2025NS013167","2025-09-09","2025-09-09",60649
39810,"2025-09-09","2025OP001041",405,5,"OB Enviada à instituição bancária para pagamento","2025-09-09","2025-09-09","2025OB001041","2025NS013209","2025-09-09","2025-09-09",61319
39806,"2025-09-09","2025OP001037",405,5,"OB Enviada à instituição bancária para pagamento","2025-09-09","2025-09-09","2025OB001037","2025NS013205","2025-09-09","2025-09-09",62025
39809,"2025-09-09","2025OP001040",405,5,"OB Enviada à instituição bancária para pagamento","2025-09-09","2025-09-09","2025OB001040","2025NS013208","2025-09-09","2025-09-09",62687
39808,"2025-09-09","2025OP001039",405,5,"OB Enviada à instituição bancária para pagamento","2025-09-09","2025-09-09","2025OB001039","2025NS013207","2025-09-09","2025-09-09",62688
39813,"2025-09-09","2025OP001044",405,5,"OB Enviada à instituição bancária para pagamento","2025-09-09","2025-09-09","2025OB001044","2025NS013212","2025-09-09","2025-09-09",63110
42123,"2025-09-11","2025OP003354",405,5,"OB Enviada à instituição bancária para pagamento","2025-09-12","2025-09-12","2025OB003347","2025NS017163","2025-09-11","2025-09-11",63642
42130,"2025-09-11","2025OP003361",405,5,"OB Enviada à instituição bancária para pagamento","2025-09-12","2025-09-12","2025OB003382","2025NS017170","2025-09-11","2025-09-11",63304
42112,"2025-09-11","2025OP003343",405,5,"OB Enviada à instituição bancária para pagamento","2025-09-12","2025-09-12","2025OB003346","2025NS017152","2025-09-11","2025-09-11",64038
42124,"2025-09-11","2025OP003355",405,5,"OB Enviada à instituição bancária para pagamento","2025-09-12","2025-09-12","2025OB003359","2025NS017164","2025-09-11","2025-09-11",63950
39812,"2025-09-09","2025OP001043",405,5,"OB Enviada à instituição bancária para pagamento","2025-09-09","2025-09-09","2025OB001043","2025NS013211","2025-09-09","2025-09-09",60650
39807,"2025-09-09","2025OP001038",405,5,"OB Enviada à instituição bancária para pagamento","2025-09-09","2025-09-09","2025OB001038","2025NS013206","2025-09-09","2025-09-09",60882
39838,"2025-09-09","2025OP001069",405,5,"OB Enviada à instituição bancária para pagamento","2025-09-09","2025-09-09","2025OB001069","2025NS013237","2025-09-09","2025-09-09",61289
39839,"2025-09-09","2025OP001070",405,5,"OB Enviada à instituição bancária para pagamento","2025-09-09","2025-09-09","2025OB001070","2025NS013238","2025-09-09","2025-09-09",61275
39824,"2025-09-09","2025OP001055",405,5,"OB Enviada à instituição bancária para pagamento","2025-09-09","2025-09-09","2025OB001055","2025NS013223","2025-09-09","2025-09-09",61799
39828,"2025-09-09","2025OP001059",405,5,"OB Enviada à instituição bancária para pagamento","2025-09-09","2025-09-09","2025OB001059","2025NS013227","2025-09-09","2025-09-09",61800
39823,"2025-09-09","2025OP001054",405,5,"OB Enviada à instituição bancária para pagamento","2025-09-09","2025-09-09","2025OB001054","2025NS013222","2025-09-09","2025-09-09",61802
39836,"2025-09-09","2025OP001067",405,5,"OB Enviada à instituição bancária para pagamento","2025-09-09","2025-09-09","2025OB001067","2025NS013235","2025-09-09","2025-09-09",61803
39827,"2025-09-09","2025OP001058",405,5,"OB Enviada à instituição bancária para pagamento","2025-09-09","2025-09-09","2025OB001058","2025NS013226","2025-09-09","2025-09-09",61808
40471,"2025-09-09","2025OP001702",405,5,"OB Enviada à instituição bancária para pagamento","2025-09-09","2025-09-09","2025OB001704","2025NS013870","2025-09-09","2025-09-09",62118
39815,"2025-09-09","2025OP001046",405,5,"OB Enviada à instituição bancária para pagamento","2025-09-09","2025-09-09","2025OB001046","2025NS013214","2025-09-09","2025-09-09",62235
39825,"2025-09-09","2025OP001056",405,5,"OB Enviada à instituição bancária para pagamento","2025-09-09","2025-09-09","2025OB001056","2025NS013224","2025-09-09","2025-09-09",62886
39840,"2025-09-09","2025OP001071",405,5,"OB Enviada à instituição bancária para pagamento","2025-09-09","2025-09-09","2025OB001071","2025NS013239","2025-09-09","2025-09-09",63176
42138,"2025-09-11","2025OP003369",405,5,"OB Enviada à instituição bancária para pagamento","2025-09-12","2025-09-12","2025OB003368","2025NS017178","2025-09-11","2025-09-11",64542
42127,"2025-09-11","2025OP003358",405,5,"OB Enviada à instituição bancária para pagamento","2025-09-12","2025-09-12","2025OB003350","2025NS017167","2025-09-11","2025-09-11",63932
43475,"2025-09-29","2025OP004715",405,3,"Aguardando assinaturas do ordenador de despesas e/ou gestor financeiro","2025-09-29",,,"2025NS019930",,,65421
42128,"2025-09-11","2025OP003359",405,5,"OB Enviada à instituição bancária para pagamento","2025-09-12","2025-09-12","2025OB003354","2025NS017168","2025-09-11","2025-09-11",64723
43480,"2025-09-29","2025OP004720",405,3,"Aguardando assinaturas do ordenador de despesas e/ou gestor financeiro","2025-09-29",,,"2025NS019935",,,65422
43479,"2025-09-29","2025OP004719",405,3,"Aguardando assinaturas do ordenador de despesas e/ou gestor financeiro","2025-09-29",,,"2025NS019934",,,65423
43476,"2025-09-29","2025OP004716",405,3,"Aguardando assinaturas do ordenador de despesas e/ou gestor financeiro","2025-09-29",,,"2025NS019931",,,65425
39837,"2025-09-09","2025OP001068",405,5,"OB Enviada à instituição bancária para pagamento","2025-09-09","2025-09-09","2025OB001068","2025NS013236","2025-09-09","2025-09-09",60659
39853,"2025-09-09","2025OP001084",405,5,"OB Enviada à instituição bancária para pagamento","2025-09-09","2025-09-09","2025OB001084","2025NS013252","2025-09-09","2025-09-09",62431
39851,"2025-09-09","2025OP001082",405,5,"OB Enviada à instituição bancária para pagamento","2025-09-09","2025-09-09","2025OB001082","2025NS013250","2025-09-09","2025-09-09",62551
39843,"2025-09-09","2025OP001074",405,5,"OB Enviada à instituição bancária para pagamento","2025-09-09","2025-09-09","2025OB001074","2025NS013242","2025-09-09","2025-09-09",62714
42158,"2025-09-11","2025OP003389",405,5,"OB Enviada à instituição bancária para pagamento","2025-09-12","2025-09-12","2025OB003405","2025NS017198","2025-09-11","2025-09-11",63652
42157,"2025-09-11","2025OP003388",405,5,"OB Enviada à instituição bancária para pagamento","2025-09-12","2025-09-12","2025OB003398","2025NS017197","2025-09-11","2025-09-11",63349
42150,"2025-09-11","2025OP003381",405,5,"OB Enviada à instituição bancária para pagamento","2025-09-12","2025-09-12","2025OB003383","2025NS017190","2025-09-11","2025-09-11",63810
42160,"2025-09-11","2025OP003391",405,5,"OB Enviada à instituição bancária para pagamento","2025-09-12","2025-09-12","2025OB003393","2025NS017200","2025-09-11","2025-09-11",64124
42156,"2025-09-11","2025OP003387",405,5,"OB Enviada à instituição bancária para pagamento","2025-09-12","2025-09-12","2025OB003385","2025NS017196","2025-09-11","2025-09-11",64656
42152,"2025-09-11","2025OP003383",405,5,"OB Enviada à instituição bancária para pagamento","2025-09-12","2025-09-12","2025OB003371","2025NS017192","2025-09-11","2025-09-11",64660
41764,"2025-09-11","2025OP002995",405,5,"OB Enviada à instituição bancária para pagamento","2025-09-12","2025-09-12","2025OB003006","2025NS016804","2025-09-11","2025-09-11",64249
43483,"2025-09-29","2025OP004723",405,3,"Aguardando assinaturas do ordenador de despesas e/ou gestor financeiro","2025-09-29",,,"2025NS019938",,,65427
39841,"2025-09-09","2025OP001072",405,5,"OB Enviada à instituição bancária para pagamento","2025-09-09","2025-09-09","2025OB001072","2025NS013240","2025-09-09","2025-09-09",60623
39844,"2025-09-09","2025OP001075",405,5,"OB Enviada à instituição bancária para pagamento","2025-09-09","2025-09-09","2025OB001075","2025NS013243","2025-09-09","2025-09-09",60603
39740,"2025-09-09","2025OP000971",405,5,"OB Enviada à instituição bancária para pagamento","2025-09-09","2025-09-09","2025OB000971","2025NS013139","2025-09-09","2025-09-09",60617
39876,"2025-09-09","2025OP001107",405,5,"OB Enviada à instituição bancária para pagamento","2025-09-09","2025-09-09","2025OB001107","2025NS013275","2025-09-09","2025-09-09",61070
39873,"2025-09-09","2025OP001104",405,5,"OB Enviada à instituição bancária para pagamento","2025-09-09","2025-09-09","2025OB001104","2025NS013272","2025-09-09","2025-09-09",61656
39875,"2025-09-09","2025OP001106",405,5,"OB Enviada à instituição bancária para pagamento","2025-09-09","2025-09-09","2025OB001106","2025NS013274","2025-09-09","2025-09-09",62432
43488,"2025-09-29","2025OP004728",405,3,"Aguardando assinaturas do ordenador de despesas e/ou gestor financeiro","2025-09-29",,,"2025NS019943",,,65431
39877,"2025-09-09","2025OP001108",405,5,"OB Enviada à instituição bancária para pagamento","2025-09-09","2025-09-09","2025OB001109","2025NS013276","2025-09-09","2025-09-09",62682
42159,"2025-09-11","2025OP003390",405,5,"OB Enviada à instituição bancária para pagamento","2025-09-12","2025-09-12","2025OB003386","2025NS017199","2025-09-11","2025-09-11",63782
42180,"2025-09-11","2025OP003411",405,5,"OB Enviada à instituição bancária para pagamento","2025-09-12","2025-09-12","2025OB003409","2025NS017220","2025-09-11","2025-09-11",64206
42181,"2025-09-11","2025OP003412",405,5,"OB Enviada à instituição bancária para pagamento","2025-09-12","2025-09-12","2025OB003411","2025NS017221","2025-09-11","2025-09-11",63912
43486,"2025-09-29","2025OP004726",405,3,"Aguardando assinaturas do ordenador de despesas e/ou gestor financeiro","2025-09-29",,,"2025NS019941",,,65429
43487,"2025-09-29","2025OP004727",405,3,"Aguardando assinaturas do ordenador de despesas e/ou gestor financeiro","2025-09-29",,,"2025NS019942",,,65428
42162,"2025-09-11","2025OP003393",405,5,"OB Enviada à instituição bancária para pagamento","2025-09-12","2025-09-12","2025OB003392","2025NS017202","2025-09-11","2025-09-11",64199
43482,"2025-09-29","2025OP004722",405,3,"Aguardando assinaturas do ordenador de despesas e/ou gestor financeiro","2025-09-29",,,"2025NS019937",,,65430
43484,"2025-09-29","2025OP004724",405,3,"Aguardando assinaturas do ordenador de despesas e/ou gestor financeiro","2025-09-29",,,"2025NS019939",,,65426
39903,"2025-09-09","2025OP001134",405,5,"OB Enviada à instituição bancária para pagamento","2025-09-09","2025-09-09","2025OB001134","2025NS013302","2025-09-09","2025-09-09",62430
39895,"2025-09-09","2025OP001126",405,5,"OB Enviada à instituição bancária para pagamento","2025-09-09","2025-09-09","2025OB001124","2025NS013294","2025-09-09","2025-09-09",60577
42190,"2025-09-11","2025OP003421",405,5,"OB Enviada à instituição bancária para pagamento","2025-09-12","2025-09-12","2025OB003430","2025NS017230","2025-09-11","2025-09-11",63653
39900,"2025-09-09","2025OP001131",405,5,"OB Enviada à instituição bancária para pagamento","2025-09-09","2025-09-09","2025OB001131","2025NS013299","2025-09-09","2025-09-09",63078
42188,"2025-09-11","2025OP003419",405,5,"OB Enviada à instituição bancária para pagamento","2025-09-12","2025-09-12","2025OB003422","2025NS017228","2025-09-11","2025-09-11",63350
42189,"2025-09-11","2025OP003420",405,5,"OB Enviada à instituição bancária para pagamento","2025-09-12","2025-09-12","2025OB003424","2025NS017229","2025-09-11","2025-09-11",63931
42194,"2025-09-11","2025OP003425",405,5,"OB Enviada à instituição bancária para pagamento","2025-09-12","2025-09-12","2025OB003431","2025NS017234","2025-09-11","2025-09-11",64405
43491,"2025-09-29","2025OP004731",405,3,"Aguardando assinaturas do ordenador de despesas e/ou gestor financeiro","2025-09-29",,,"2025NS019946",,,65432
43492,"2025-09-29","2025OP004732",405,3,"Aguardando assinaturas do ordenador de despesas e/ou gestor financeiro","2025-09-29",,,"2025NS019947",,,65433
39898,"2025-09-09","2025OP001129",405,5,"OB Enviada à instituição bancária para pagamento","2025-09-09","2025-09-09","2025OB001129","2025NS013297","2025-09-09","2025-09-09",60684
39902,"2025-09-09","2025OP001133",405,5,"OB Enviada à instituição bancária para pagamento","2025-09-09","2025-09-09","2025OB001133","2025NS013301","2025-09-09","2025-09-09",62998
40536,"2025-09-09","2025OP001767",405,5,"OB Enviada à instituição bancária para pagamento","2025-09-09","2025-09-09","2025OB001767","2025NS013935","2025-09-09","2025-09-09",63129
42195,"2025-09-11","2025OP003426",405,5,"OB Enviada à instituição bancária para pagamento","2025-09-12","2025-09-12","2025OB003428","2025NS017235","2025-09-11","2025-09-11",64154
42192,"2025-09-11","2025OP003423",405,5,"OB Enviada à instituição bancária para pagamento","2025-09-12","2025-09-12","2025OB003425","2025NS017232","2025-09-11","2025-09-11",64247
42193,"2025-09-11","2025OP003424",405,5,"OB Enviada à instituição bancária para pagamento","2025-09-12","2025-09-12","2025OB003427","2025NS017233","2025-09-11","2025-09-11",64883
43493,"2025-09-29","2025OP004733",405,3,"Aguardando assinaturas do ordenador de despesas e/ou gestor financeiro","2025-09-29",,,"2025NS019948",,,65436
39924,"2025-09-09","2025OP001155",405,5,"OB Enviada à instituição bancária para pagamento","2025-09-09","2025-09-09","2025OB001155","2025NS013323","2025-09-09","2025-09-09",61151
39932,"2025-09-09","2025OP001163",405,5,"OB Enviada à instituição bancária para pagamento","2025-09-09","2025-09-09","2025OB001163","2025NS013331","2025-09-09","2025-09-09",60939
39931,"2025-09-09","2025OP001162",405,5,"OB Enviada à instituição bancária para pagamento","2025-09-09","2025-09-09","2025OB001162","2025NS013330","2025-09-09","2025-09-09",61570
39925,"2025-09-09","2025OP001156",405,5,"OB Enviada à instituição bancária para pagamento","2025-09-09","2025-09-09","2025OB001156","2025NS013324","2025-09-09","2025-09-09",61680
39936,"2025-09-09","2025OP001167",405,5,"OB Enviada à instituição bancária para pagamento","2025-09-09","2025-09-09","2025OB001167","2025NS013335","2025-09-09","2025-09-09",62309
39934,"2025-09-09","2025OP001165",405,5,"OB Enviada à instituição bancária para pagamento","2025-09-09","2025-09-09","2025OB001165","2025NS013333","2025-09-09","2025-09-09",62427
39938,"2025-09-09","2025OP001169",405,5,"OB Enviada à instituição bancária para pagamento","2025-09-09","2025-09-09","2025OB001169","2025NS013337","2025-09-09","2025-09-09",62428
39935,"2025-09-09","2025OP001166",405,5,"OB Enviada à instituição bancária para pagamento","2025-09-09","2025-09-09","2025OB001166","2025NS013334","2025-09-09","2025-09-09",62756
39923,"2025-09-09","2025OP001154",405,5,"OB Enviada à instituição bancária para pagamento","2025-09-09","2025-09-09","2025OB001154","2025NS013322","2025-09-09","2025-09-09",62805
39940,"2025-09-09","2025OP001171",405,5,"OB Enviada à instituição bancária para pagamento","2025-09-09","2025-09-09","2025OB001171","2025NS013339","2025-09-09","2025-09-09",62932
42207,"2025-09-11","2025OP003438",405,5,"OB Enviada à instituição bancária para pagamento","2025-09-12","2025-09-12","2025OB003456","2025NS017247","2025-09-11","2025-09-11",64110
42205,"2025-09-11","2025OP003436",405,5,"OB Enviada à instituição bancária para pagamento","2025-09-12","2025-09-12","2025OB003460","2025NS017245","2025-09-11","2025-09-11",64687
42206,"2025-09-11","2025OP003437",405,5,"OB Enviada à instituição bancária para pagamento","2025-09-12","2025-09-12","2025OB003454","2025NS017246","2025-09-11","2025-09-11",64840
43496,"2025-09-29","2025OP004736",405,3,"Aguardando assinaturas do ordenador de despesas e/ou gestor financeiro","2025-09-29",,,"2025NS019951",,,65437
39937,"2025-09-09","2025OP001168",405,5,"OB Enviada à instituição bancária para pagamento","2025-09-09","2025-09-09","2025OB001168","2025NS013336","2025-09-09","2025-09-09",60579
39901,"2025-09-09","2025OP001132",405,5,"OB Enviada à instituição bancária para pagamento","2025-09-09","2025-09-09","2025OB001132","2025NS013300","2025-09-09","2025-09-09",60685
39939,"2025-09-09","2025OP001170",405,5,"OB Enviada à instituição bancária para pagamento","2025-09-09","2025-09-09","2025OB001170","2025NS013338","2025-09-09","2025-09-09",60694
39941,"2025-09-09","2025OP001172",405,5,"OB Enviada à instituição bancária para pagamento","2025-09-09","2025-09-09","2025OB001172","2025NS013340","2025-09-09","2025-09-09",60687
39944,"2025-09-09","2025OP001175",405,5,"OB Enviada à instituição bancária para pagamento","2025-09-09","2025-09-09","2025OB001175","2025NS013343","2025-09-09","2025-09-09",61277
39962,"2025-09-09","2025OP001193",405,5,"OB Enviada à instituição bancária para pagamento","2025-09-09","2025-09-09","2025OB001193","2025NS013361","2025-09-09","2025-09-09",62059
39958,"2025-09-09","2025OP001189",405,5,"OB Enviada à instituição bancária para pagamento","2025-09-09","2025-09-09","2025OB001189","2025NS013357","2025-09-09","2025-09-09",61347
39956,"2025-09-09","2025OP001187",405,5,"OB Enviada à instituição bancária para pagamento","2025-09-09","2025-09-09","2025OB001187","2025NS013355","2025-09-09","2025-09-09",61685
42213,"2025-09-11","2025OP003444",405,5,"OB Enviada à instituição bancária para pagamento","2025-09-12","2025-09-12","2025OB003453","2025NS017253","2025-09-11","2025-09-11",63751
39953,"2025-09-09","2025OP001184",405,5,"OB Enviada à instituição bancária para pagamento","2025-09-09","2025-09-09","2025OB001184","2025NS013352","2025-09-09","2025-09-09",63117
39947,"2025-09-09","2025OP001178",405,5,"OB Enviada à instituição bancária para pagamento","2025-09-09","2025-09-09","2025OB001178","2025NS013346","2025-09-09","2025-09-09",61816
42208,"2025-09-11","2025OP003439",405,5,"OB Enviada à instituição bancária para pagamento","2025-09-12","2025-09-12","2025OB003440","2025NS017248","2025-09-11","2025-09-11",64688
42214,"2025-09-11","2025OP003445",405,5,"OB Enviada à instituição bancária para pagamento","2025-09-12","2025-09-12","2025OB003442","2025NS017254","2025-09-11","2025-09-11",64101
39951,"2025-09-09","2025OP001182",405,5,"OB Enviada à instituição bancária para pagamento","2025-09-09","2025-09-09","2025OB001182","2025NS013350","2025-09-09","2025-09-09",61817
42211,"2025-09-11","2025OP003442",405,5,"OB Enviada à instituição bancária para pagamento","2025-09-12","2025-09-12","2025OB003441","2025NS017251","2025-09-11","2025-09-11",63345
43498,"2025-09-29","2025OP004738",405,3,"Aguardando assinaturas do ordenador de despesas e/ou gestor financeiro","2025-09-29",,,"2025NS019953",,,65438
42210,"2025-09-11","2025OP003441",405,5,"OB Enviada à instituição bancária para pagamento","2025-09-12","2025-09-12","2025OB003435","2025NS017250","2025-09-11","2025-09-11",64477
39948,"2025-09-09","2025OP001179",405,5,"OB Enviada à instituição bancária para pagamento","2025-09-09","2025-09-09","2025OB001179","2025NS013347","2025-09-09","2025-09-09",60784
39975,"2025-09-09","2025OP001206",405,5,"OB Enviada à instituição bancária para pagamento","2025-09-09","2025-09-09","2025OB001210","2025NS013374","2025-09-09","2025-09-09",61278
39971,"2025-09-09","2025OP001202",405,5,"OB Enviada à instituição bancária para pagamento","2025-09-09","2025-09-09","2025OB001203","2025NS013370","2025-09-09","2025-09-09",61279
39972,"2025-09-09","2025OP001203",405,5,"OB Enviada à instituição bancária para pagamento","2025-09-09","2025-09-09","2025OB001205","2025NS013371","2025-09-09","2025-09-09",61280
39950,"2025-09-09","2025OP001181",405,5,"OB Enviada à instituição bancária para pagamento","2025-09-09","2025-09-09","2025OB001181","2025NS013349","2025-09-09","2025-09-09",61692
42217,"2025-09-11","2025OP003448",405,5,"OB Enviada à instituição bancária para pagamento","2025-09-12","2025-09-12","2025OB003457","2025NS017257","2025-09-11","2025-09-11",64325
42225,"2025-09-11","2025OP003456",405,5,"OB Enviada à instituição bancária para pagamento","2025-09-12","2025-09-12","2025OB003437","2025NS017265","2025-09-11","2025-09-11",63599
39957,"2025-09-09","2025OP001188",405,5,"OB Enviada à instituição bancária para pagamento","2025-09-09","2025-09-09","2025OB001188","2025NS013356","2025-09-09","2025-09-09",61724
39949,"2025-09-09","2025OP001180",405,5,"OB Enviada à instituição bancária para pagamento","2025-09-09","2025-09-09","2025OB001180","2025NS013348","2025-09-09","2025-09-09",61725
39954,"2025-09-09","2025OP001185",405,5,"OB Enviada à instituição bancária para pagamento","2025-09-09","2025-09-09","2025OB001185","2025NS013353","2025-09-09","2025-09-09",61824
39968,"2025-09-09","2025OP001199",405,5,"OB Enviada à instituição bancária para pagamento","2025-09-09","2025-09-09","2025OB001199","2025NS013367","2025-09-09","2025-09-09",62593
42227,"2025-09-11","2025OP003458",405,5,"OB Enviada à instituição bancária para pagamento","2025-09-12","2025-09-12","2025OB003451","2025NS017267","2025-09-11","2025-09-11",63486
42221,"2025-09-11","2025OP003452",405,5,"OB Enviada à instituição bancária para pagamento","2025-09-12","2025-09-12","2025OB003458","2025NS017261","2025-09-11","2025-09-11",63286
39969,"2025-09-09","2025OP001200",405,5,"OB Enviada à instituição bancária para pagamento","2025-09-09","2025-09-09","2025OB001200","2025NS013368","2025-09-09","2025-09-09",60605
42212,"2025-09-11","2025OP003443",405,5,"OB Enviada à instituição bancária para pagamento","2025-09-12","2025-09-12","2025OB003445","2025NS017252","2025-09-11","2025-09-11",64330
42224,"2025-09-11","2025OP003455",405,5,"OB Enviada à instituição bancária para pagamento","2025-09-12","2025-09-12","2025OB003448","2025NS017264","2025-09-11","2025-09-11",63307
42222,"2025-09-11","2025OP003453",405,5,"OB Enviada à instituição bancária para pagamento","2025-09-12","2025-09-12","2025OB003446","2025NS017262","2025-09-11","2025-09-11",63955
39973,"2025-09-09","2025OP001204",405,5,"OB Enviada à instituição bancária para pagamento","2025-09-09","2025-09-09","2025OB001207","2025NS013372","2025-09-09","2025-09-09",60606
42218,"2025-09-11","2025OP003449",405,5,"OB Enviada à instituição bancária para pagamento","2025-09-12","2025-09-12","2025OB003436","2025NS017258","2025-09-11","2025-09-11",64398
39943,"2025-09-09","2025OP001174",405,5,"OB Enviada à instituição bancária para pagamento","2025-09-09","2025-09-09","2025OB001174","2025NS013342","2025-09-09","2025-09-09",60604
39987,"2025-09-09","2025OP001218",405,5,"OB Enviada à instituição bancária para pagamento","2025-09-09","2025-09-09","2025OB001202","2025NS013386","2025-09-09","2025-09-09",61392
40009,"2025-09-09","2025OP001240",405,5,"OB Enviada à instituição bancária para pagamento","2025-09-09","2025-09-09","2025OB001240","2025NS013408","2025-09-09","2025-09-09",61571
40014,"2025-09-09","2025OP001245",405,5,"OB Enviada à instituição bancária para pagamento","2025-09-09","2025-09-09","2025OB001245","2025NS013413","2025-09-09","2025-09-09",61805
40012,"2025-09-09","2025OP001243",405,5,"OB Enviada à instituição bancária para pagamento","2025-09-09","2025-09-09","2025OB001243","2025NS013411","2025-09-09","2025-09-09",61875
39977,"2025-09-09","2025OP001208",405,5,"OB Enviada à instituição bancária para pagamento","2025-09-09","2025-09-09","2025OB001215","2025NS013376","2025-09-09","2025-09-09",61953
39980,"2025-09-09","2025OP001211",405,5,"OB Enviada à instituição bancária para pagamento","2025-09-09","2025-09-09","2025OB001221","2025NS013379","2025-09-09","2025-09-09",62384
39979,"2025-09-09","2025OP001210",405,5,"OB Enviada à instituição bancária para pagamento","2025-09-09","2025-09-09","2025OB001219","2025NS013378","2025-09-09","2025-09-09",61955
39978,"2025-09-09","2025OP001209",405,5,"OB Enviada à instituição bancária para pagamento","2025-09-09","2025-09-09","2025OB001217","2025NS013377","2025-09-09","2025-09-09",62439
39976,"2025-09-09","2025OP001207",405,5,"OB Enviada à instituição bancária para pagamento","2025-09-09","2025-09-09","2025OB001212","2025NS013375","2025-09-09","2025-09-09",62679
42233,"2025-09-11","2025OP003464",405,5,"OB Enviada à instituição bancária para pagamento","2025-09-12","2025-09-12","2025OB003486","2025NS017273","2025-09-11","2025-09-11",64335
42231,"2025-09-11","2025OP003462",405,5,"OB Enviada à instituição bancária para pagamento","2025-09-12","2025-09-12","2025OB003469","2025NS017271","2025-09-11","2025-09-11",63938
42228,"2025-09-11","2025OP003459",405,5,"OB Enviada à instituição bancária para pagamento","2025-09-12","2025-09-12","2025OB003449","2025NS017268","2025-09-11","2025-09-11",64884
42239,"2025-09-11","2025OP003470",405,5,"OB Enviada à instituição bancária para pagamento","2025-09-12","2025-09-12","2025OB003470","2025NS017279","2025-09-11","2025-09-11",64696
42264,"2025-09-11","2025OP003495",405,5,"OB Enviada à instituição bancária para pagamento","2025-09-12","2025-09-12","2025OB003489","2025NS017304","2025-09-11","2025-09-11",64865
39981,"2025-09-09","2025OP001212",405,5,"OB Enviada à instituição bancária para pagamento","2025-09-09","2025-09-09","2025OB001223","2025NS013380","2025-09-09","2025-09-09",63266
43502,"2025-09-29","2025OP004742",405,3,"Aguardando assinaturas do ordenador de despesas e/ou gestor financeiro","2025-09-29",,,"2025NS019957",,,65439
43503,"2025-09-29","2025OP004743",405,3,"Aguardando assinaturas do ordenador de despesas e/ou gestor financeiro","2025-09-29",,,"2025NS019958",,,65440
43510,"2025-09-29","2025OP004750",405,3,"Aguardando assinaturas do ordenador de despesas e/ou gestor financeiro","2025-09-29",,,"2025NS019965",,,65441
42232,"2025-09-11","2025OP003463",405,5,"OB Enviada à instituição bancária para pagamento","2025-09-12","2025-09-12","2025OB003463","2025NS017272","2025-09-11","2025-09-11",63940
42238,"2025-09-11","2025OP003469",405,5,"OB Enviada à instituição bancária para pagamento","2025-09-12","2025-09-12","2025OB003473","2025NS017278","2025-09-11","2025-09-11",64134
42242,"2025-09-11","2025OP003473",405,5,"OB Enviada à instituição bancária para pagamento","2025-09-12","2025-09-12","2025OB003462","2025NS017282","2025-09-11","2025-09-11",64186
40006,"2025-09-09","2025OP001237",405,5,"OB Enviada à instituição bancária para pagamento","2025-09-09","2025-09-09","2025OB001237","2025NS013405","2025-09-09","2025-09-09",61328
40010,"2025-09-09","2025OP001241",405,5,"OB Enviada à instituição bancária para pagamento","2025-09-09","2025-09-09","2025OB001241","2025NS013409","2025-09-09","2025-09-09",61744
40007,"2025-09-09","2025OP001238",405,5,"OB Enviada à instituição bancária para pagamento","2025-09-09","2025-09-09","2025OB001238","2025NS013406","2025-09-09","2025-09-09",61807
40011,"2025-09-09","2025OP001242",405,5,"OB Enviada à instituição bancária para pagamento","2025-09-09","2025-09-09","2025OB001242","2025NS013410","2025-09-09","2025-09-09",61812
40016,"2025-09-09","2025OP001247",405,5,"OB Enviada à instituição bancária para pagamento","2025-09-09","2025-09-09","2025OB001247","2025NS013415","2025-09-09","2025-09-09",61819
40020,"2025-09-09","2025OP001251",405,5,"OB Enviada à instituição bancária para pagamento","2025-09-09","2025-09-09","2025OB001251","2025NS013419","2025-09-09","2025-09-09",61822
40008,"2025-09-09","2025OP001239",405,5,"OB Enviada à instituição bancária para pagamento","2025-09-09","2025-09-09","2025OB001239","2025NS013407","2025-09-09","2025-09-09",61830
42254,"2025-09-11","2025OP003485",405,5,"OB Enviada à instituição bancária para pagamento","2025-09-12","2025-09-12","2025OB003484","2025NS017294","2025-09-11","2025-09-11",64597
40013,"2025-09-09","2025OP001244",405,5,"OB Enviada à instituição bancária para pagamento","2025-09-09","2025-09-09","2025OB001244","2025NS013412","2025-09-09","2025-09-09",62250
40017,"2025-09-09","2025OP001248",405,5,"OB Enviada à instituição bancária para pagamento","2025-09-09","2025-09-09","2025OB001248","2025NS013416","2025-09-09","2025-09-09",62408
40018,"2025-09-09","2025OP001249",405,5,"OB Enviada à instituição bancária para pagamento","2025-09-09","2025-09-09","2025OB001249","2025NS013417","2025-09-09","2025-09-09",62603
40025,"2025-09-09","2025OP001256",405,5,"OB Enviada à instituição bancária para pagamento","2025-09-09","2025-09-09","2025OB001256","2025NS013424","2025-09-09","2025-09-09",62832
40015,"2025-09-09","2025OP001246",405,5,"OB Enviada à instituição bancária para pagamento","2025-09-09","2025-09-09","2025OB001246","2025NS013414","2025-09-09","2025-09-09",63056
42257,"2025-09-11","2025OP003488",405,5,"OB Enviada à instituição bancária para pagamento","2025-09-12","2025-09-12","2025OB003512","2025NS017297","2025-09-11","2025-09-11",64364
42260,"2025-09-11","2025OP003491",405,5,"OB Enviada à instituição bancária para pagamento","2025-09-12","2025-09-12","2025OB003487","2025NS017300","2025-09-11","2025-09-11",63291
42262,"2025-09-11","2025OP003493",405,5,"OB Enviada à instituição bancária para pagamento","2025-09-12","2025-09-12","2025OB003502","2025NS017302","2025-09-11","2025-09-11",64133
42255,"2025-09-11","2025OP003486",405,5,"OB Enviada à instituição bancária para pagamento","2025-09-12","2025-09-12","2025OB003474","2025NS017295","2025-09-11","2025-09-11",64522
40047,"2025-09-09","2025OP001278",405,5,"OB Enviada à instituição bancária para pagamento","2025-09-09","2025-09-09","2025OB001278","2025NS013446","2025-09-09","2025-09-09",61281
40049,"2025-09-09","2025OP001280",405,5,"OB Enviada à instituição bancária para pagamento","2025-09-09","2025-09-09","2025OB001280","2025NS013448","2025-09-09","2025-09-09",61833
42266,"2025-09-11","2025OP003497",405,5,"OB Enviada à instituição bancária para pagamento","2025-09-12","2025-09-12","2025OB003492","2025NS017306","2025-09-11","2025-09-11",64690
40019,"2025-09-09","2025OP001250",405,5,"OB Enviada à instituição bancária para pagamento","2025-09-09","2025-09-09","2025OB001250","2025NS013418","2025-09-09","2025-09-09",62125
40055,"2025-09-09","2025OP001286",405,5,"OB Enviada à instituição bancária para pagamento","2025-09-09","2025-09-09","2025OB001286","2025NS013454","2025-09-09","2025-09-09",62554
40022,"2025-09-09","2025OP001253",405,5,"OB Enviada à instituição bancária para pagamento","2025-09-09","2025-09-09","2025OB001253","2025NS013421","2025-09-09","2025-09-09",62831
40024,"2025-09-09","2025OP001255",405,5,"OB Enviada à instituição bancária para pagamento","2025-09-09","2025-09-09","2025OB001255","2025NS013423","2025-09-09","2025-09-09",62842
42278,"2025-09-11","2025OP003509",405,5,"OB Enviada à instituição bancária para pagamento","2025-09-12","2025-09-12","2025OB003495","2025NS017318","2025-09-11","2025-09-11",63308
42280,"2025-09-11","2025OP003511",405,5,"OB Enviada à instituição bancária para pagamento","2025-09-12","2025-09-12","2025OB003505","2025NS017320","2025-09-11","2025-09-11",64075
42267,"2025-09-11","2025OP003498",405,5,"OB Enviada à instituição bancária para pagamento","2025-09-12","2025-09-12","2025OB003498","2025NS017307","2025-09-11","2025-09-11",64139
42265,"2025-09-11","2025OP003496",405,5,"OB Enviada à instituição bancária para pagamento","2025-09-12","2025-09-12","2025OB003508","2025NS017305","2025-09-11","2025-09-11",64627
40059,"2025-09-09","2025OP001290",405,5,"OB Enviada à instituição bancária para pagamento","2025-09-09","2025-09-09","2025OB001290","2025NS013458","2025-09-09","2025-09-09",60643
40060,"2025-09-09","2025OP001291",405,5,"OB Enviada à instituição bancária para pagamento","2025-09-09","2025-09-09","2025OB001291","2025NS013459","2025-09-09","2025-09-09",62071
42286,"2025-09-11","2025OP003517",405,5,"OB Enviada à instituição bancária para pagamento","2025-09-12","2025-09-12","2025OB003535","2025NS017326","2025-09-11","2025-09-11",63627
40061,"2025-09-09","2025OP001292",405,5,"OB Enviada à instituição bancária para pagamento","2025-09-09","2025-09-09","2025OB001292","2025NS013460","2025-09-09","2025-09-09",61346
40054,"2025-09-09","2025OP001285",405,5,"OB Enviada à instituição bancária para pagamento","2025-09-09","2025-09-09","2025OB001285","2025NS013453","2025-09-09","2025-09-09",61693
40051,"2025-09-09","2025OP001282",405,5,"OB Enviada à instituição bancária para pagamento","2025-09-09","2025-09-09","2025OB001282","2025NS013450","2025-09-09","2025-09-09",62129
40058,"2025-09-09","2025OP001289",405,5,"OB Enviada à instituição bancária para pagamento","2025-09-09","2025-09-09","2025OB001289","2025NS013457","2025-09-09","2025-09-09",61845
40052,"2025-09-09","2025OP001283",405,5,"OB Enviada à instituição bancária para pagamento","2025-09-09","2025-09-09","2025OB001283","2025NS013451","2025-09-09","2025-09-09",62241
42283,"2025-09-11","2025OP003514",405,5,"OB Enviada à instituição bancária para pagamento","2025-09-12","2025-09-12","2025OB003516","2025NS017323","2025-09-11","2025-09-11",64214
42284,"2025-09-11","2025OP003515",405,5,"OB Enviada à instituição bancária para pagamento","2025-09-12","2025-09-12","2025OB003515","2025NS017324","2025-09-11","2025-09-11",63607
42281,"2025-09-11","2025OP003512",405,5,"OB Enviada à instituição bancária para pagamento","2025-09-12","2025-09-12","2025OB003500","2025NS017321","2025-09-11","2025-09-11",63742
43514,"2025-09-29","2025OP004754",405,3,"Aguardando assinaturas do ordenador de despesas e/ou gestor financeiro","2025-09-29",,,"2025NS019969",,,65443
40063,"2025-09-09","2025OP001294",405,5,"OB Enviada à instituição bancária para pagamento","2025-09-09","2025-09-09","2025OB001294","2025NS013462","2025-09-09","2025-09-09",60607
43516,"2025-09-29","2025OP004756",405,3,"Aguardando assinaturas do ordenador de despesas e/ou gestor financeiro","2025-09-29",,,"2025NS019971",,,65444
40062,"2025-09-09","2025OP001293",405,5,"OB Enviada à instituição bancária para pagamento","2025-09-09","2025-09-09","2025OB001293","2025NS013461","2025-09-09","2025-09-09",60789
40069,"2025-09-09","2025OP001300",405,5,"OB Enviada à instituição bancária para pagamento","2025-09-09","2025-09-09","2025OB001302","2025NS013468","2025-09-09","2025-09-09",61260
40078,"2025-09-09","2025OP001309",405,5,"OB Enviada à instituição bancária para pagamento","2025-09-09","2025-09-09","2025OB001320","2025NS013477","2025-09-09","2025-09-09",62131
40072,"2025-09-09","2025OP001303",405,5,"OB Enviada à instituição bancária para pagamento","2025-09-09","2025-09-09","2025OB001308","2025NS013471","2025-09-09","2025-09-09",62288
40081,"2025-09-09","2025OP001312",405,5,"OB Enviada à instituição bancária para pagamento","2025-09-09","2025-09-09","2025OB001326","2025NS013480","2025-09-09","2025-09-09",62291
40079,"2025-09-09","2025OP001310",405,5,"OB Enviada à instituição bancária para pagamento","2025-09-09","2025-09-09","2025OB001322","2025NS013478","2025-09-09","2025-09-09",62388
40073,"2025-09-09","2025OP001304",405,5,"OB Enviada à instituição bancária para pagamento","2025-09-09","2025-09-09","2025OB001310","2025NS013472","2025-09-09","2025-09-09",63024
43517,"2025-09-29","2025OP004757",405,3,"Aguardando assinaturas do ordenador de despesas e/ou gestor financeiro","2025-09-29",,,"2025NS019972",,,65445
40070,"2025-09-09","2025OP001301",405,5,"OB Enviada à instituição bancária para pagamento","2025-09-09","2025-09-09","2025OB001304","2025NS013469","2025-09-09","2025-09-09",60641
40092,"2025-09-09","2025OP001323",405,5,"OB Enviada à instituição bancária para pagamento","2025-09-09","2025-09-09","2025OB001309","2025NS013491","2025-09-09","2025-09-09",61099
40071,"2025-09-09","2025OP001302",405,5,"OB Enviada à instituição bancária para pagamento","2025-09-09","2025-09-09","2025OB001306","2025NS013470","2025-09-09","2025-09-09",61476
42296,"2025-09-11","2025OP003527",405,5,"OB Enviada à instituição bancária para pagamento","2025-09-12","2025-09-12","2025OB003523","2025NS017336","2025-09-11","2025-09-11",64667
40089,"2025-09-09","2025OP001320",405,5,"OB Enviada à instituição bancária para pagamento","2025-09-09","2025-09-09","2025OB001303","2025NS013488","2025-09-09","2025-09-09",61809
40103,"2025-09-09","2025OP001334",405,5,"OB Enviada à instituição bancária para pagamento","2025-09-09","2025-09-09","2025OB001330","2025NS013502","2025-09-09","2025-09-09",61878
40101,"2025-09-09","2025OP001332",405,5,"OB Enviada à instituição bancária para pagamento","2025-09-09","2025-09-09","2025OB001327","2025NS013500","2025-09-09","2025-09-09",61919
40087,"2025-09-09","2025OP001318",405,5,"OB Enviada à instituição bancária para pagamento","2025-09-09","2025-09-09","2025OB001299","2025NS013486","2025-09-09","2025-09-09",61920
40088,"2025-09-09","2025OP001319",405,5,"OB Enviada à instituição bancária para pagamento","2025-09-09","2025-09-09","2025OB001301","2025NS013487","2025-09-09","2025-09-09",62132
43518,"2025-09-29","2025OP004758",405,3,"Aguardando assinaturas do ordenador de despesas e/ou gestor financeiro","2025-09-29",,,"2025NS019973",,,65446
40105,"2025-09-09","2025OP001336",405,5,"OB Enviada à instituição bancária para pagamento","2025-09-09","2025-09-09","2025OB001334","2025NS013504","2025-09-09","2025-09-09",62140
40107,"2025-09-09","2025OP001338",405,5,"OB Enviada à instituição bancária para pagamento","2025-09-09","2025-09-09","2025OB001338","2025NS013506","2025-09-09","2025-09-09",62143
40091,"2025-09-09","2025OP001322",405,5,"OB Enviada à instituição bancária para pagamento","2025-09-09","2025-09-09","2025OB001307","2025NS013490","2025-09-09","2025-09-09",62689
40104,"2025-09-09","2025OP001335",405,5,"OB Enviada à instituição bancária para pagamento","2025-09-09","2025-09-09","2025OB001332","2025NS013503","2025-09-09","2025-09-09",62715
40090,"2025-09-09","2025OP001321",405,5,"OB Enviada à instituição bancária para pagamento","2025-09-09","2025-09-09","2025OB001305","2025NS013489","2025-09-09","2025-09-09",62816
40099,"2025-09-09","2025OP001330",405,5,"OB Enviada à instituição bancária para pagamento","2025-09-09","2025-09-09","2025OB001323","2025NS013498","2025-09-09","2025-09-09",62924
40096,"2025-09-09","2025OP001327",405,5,"OB Enviada à instituição bancária para pagamento","2025-09-09","2025-09-09","2025OB001317","2025NS013495","2025-09-09","2025-09-09",63057
42289,"2025-09-11","2025OP003520",405,5,"OB Enviada à instituição bancária para pagamento","2025-09-12","2025-09-12","2025OB003533","2025NS017329","2025-09-11","2025-09-11",63704
40094,"2025-09-09","2025OP001325",405,5,"OB Enviada à instituição bancária para pagamento","2025-09-09","2025-09-09","2025OB001313","2025NS013493","2025-09-09","2025-09-09",60580
40095,"2025-09-09","2025OP001326",405,5,"OB Enviada à instituição bancária para pagamento","2025-09-09","2025-09-09","2025OB001315","2025NS013494","2025-09-09","2025-09-09",60790
40102,"2025-09-09","2025OP001333",405,5,"OB Enviada à instituição bancária para pagamento","2025-09-09","2025-09-09","2025OB001328","2025NS013501","2025-09-09","2025-09-09",62150
42297,"2025-09-11","2025OP003528",405,5,"OB Enviada à instituição bancária para pagamento","2025-09-12","2025-09-12","2025OB003529","2025NS017337","2025-09-11","2025-09-11",63803
40097,"2025-09-09","2025OP001328",405,5,"OB Enviada à instituição bancária para pagamento","2025-09-09","2025-09-09","2025OB001319","2025NS013496","2025-09-09","2025-09-09",62721
42295,"2025-09-11","2025OP003526",405,5,"OB Enviada à instituição bancária para pagamento","2025-09-12","2025-09-12","2025OB003532","2025NS017335","2025-09-11","2025-09-11",64670
42300,"2025-09-11","2025OP003531",405,5,"OB Enviada à instituição bancária para pagamento","2025-09-12","2025-09-12","2025OB003522","2025NS017340","2025-09-11","2025-09-11",63598
42294,"2025-09-11","2025OP003525",405,5,"OB Enviada à instituição bancária para pagamento","2025-09-12","2025-09-12","2025OB003536","2025NS017334","2025-09-11","2025-09-11",63948
42303,"2025-09-11","2025OP003534",405,5,"OB Enviada à instituição bancária para pagamento","2025-09-12","2025-09-12","2025OB003541","2025NS017343","2025-09-11","2025-09-11",63949
43522,"2025-09-29","2025OP004762",405,3,"Aguardando assinaturas do ordenador de despesas e/ou gestor financeiro","2025-09-29",,,"2025NS019977",,,65447
42302,"2025-09-11","2025OP003533",405,5,"OB Enviada à instituição bancária para pagamento","2025-09-12","2025-09-12","2025OB003525","2025NS017342","2025-09-11","2025-09-11",64509
42301,"2025-09-11","2025OP003532",405,5,"OB Enviada à instituição bancária para pagamento","2025-09-12","2025-09-12","2025OB003538","2025NS017341","2025-09-11","2025-09-11",64831
43520,"2025-09-29","2025OP004760",405,3,"Aguardando assinaturas do ordenador de despesas e/ou gestor financeiro","2025-09-29",,,"2025NS019975",,,65448
42299,"2025-09-11","2025OP003530",405,5,"OB Enviada à instituição bancária para pagamento","2025-09-12","2025-09-12","2025OB003521","2025NS017339","2025-09-11","2025-09-11",64838
40117,"2025-09-09","2025OP001348",405,5,"OB Enviada à instituição bancária para pagamento","2025-09-09","2025-09-09","2025OB001348","2025NS013516","2025-09-09","2025-09-09",61297
40132,"2025-09-09","2025OP001363",405,5,"OB Enviada à instituição bancária para pagamento","2025-09-09","2025-09-09","2025OB001363","2025NS013531","2025-09-09","2025-09-09",61605
40128,"2025-09-09","2025OP001359",405,5,"OB Enviada à instituição bancária para pagamento","2025-09-09","2025-09-09","2025OB001359","2025NS013527","2025-09-09","2025-09-09",62951
40131,"2025-09-09","2025OP001362",405,5,"OB Enviada à instituição bancária para pagamento","2025-09-09","2025-09-09","2025OB001362","2025NS013530","2025-09-09","2025-09-09",61686
42317,"2025-09-11","2025OP003548",405,5,"OB Enviada à instituição bancária para pagamento","2025-09-12","2025-09-12","2025OB003565","2025NS017357","2025-09-11","2025-09-11",64145
40133,"2025-09-09","2025OP001364",405,5,"OB Enviada à instituição bancária para pagamento","2025-09-09","2025-09-09","2025OB001364","2025NS013532","2025-09-09","2025-09-09",61925
43523,"2025-09-29","2025OP004763",405,3,"Aguardando assinaturas do ordenador de despesas e/ou gestor financeiro","2025-09-29",,,"2025NS019978",,,65450
40123,"2025-09-09","2025OP001354",405,5,"OB Enviada à instituição bancária para pagamento","2025-09-09","2025-09-09","2025OB001354","2025NS013522","2025-09-09","2025-09-09",61687
40115,"2025-09-09","2025OP001346",405,5,"OB Enviada à instituição bancária para pagamento","2025-09-09","2025-09-09","2025OB001346","2025NS013514","2025-09-09","2025-09-09",61921
42316,"2025-09-11","2025OP003547",405,5,"OB Enviada à instituição bancária para pagamento","2025-09-12","2025-09-12","2025OB003564","2025NS017356","2025-09-11","2025-09-11",64635
40120,"2025-09-09","2025OP001351",405,5,"OB Enviada à instituição bancária para pagamento","2025-09-09","2025-09-09","2025OB001351","2025NS013519","2025-09-09","2025-09-09",63220
42311,"2025-09-11","2025OP003542",405,5,"OB Enviada à instituição bancária para pagamento","2025-09-12","2025-09-12","2025OB003542","2025NS017351","2025-09-11","2025-09-11",64657
40116,"2025-09-09","2025OP001347",405,5,"OB Enviada à instituição bancária para pagamento","2025-09-09","2025-09-09","2025OB001347","2025NS013515","2025-09-09","2025-09-09",62950
40118,"2025-09-09","2025OP001349",405,5,"OB Enviada à instituição bancária para pagamento","2025-09-09","2025-09-09","2025OB001349","2025NS013517","2025-09-09","2025-09-09",62926
40126,"2025-09-09","2025OP001357",405,5,"OB Enviada à instituição bancária para pagamento","2025-09-09","2025-09-09","2025OB001357","2025NS013525","2025-09-09","2025-09-09",61924
40122,"2025-09-09","2025OP001353",405,5,"OB Enviada à instituição bancária para pagamento","2025-09-09","2025-09-09","2025OB001353","2025NS013521","2025-09-09","2025-09-09",62152
40113,"2025-09-09","2025OP001344",405,5,"OB Enviada à instituição bancária para pagamento","2025-09-09","2025-09-09","2025OB001344","2025NS013512","2025-09-09","2025-09-09",62625
43524,"2025-09-29","2025OP004764",405,3,"Aguardando assinaturas do ordenador de despesas e/ou gestor financeiro","2025-09-29",,,"2025NS019979",,,65451
40121,"2025-09-09","2025OP001352",405,5,"OB Enviada à instituição bancária para pagamento","2025-09-09","2025-09-09","2025OB001352","2025NS013520","2025-09-09","2025-09-09",62626
42306,"2025-09-11","2025OP003537",405,5,"OB Enviada à instituição bancária para pagamento","2025-09-12","2025-09-12","2025OB003530","2025NS017346","2025-09-11","2025-09-11",63951
42309,"2025-09-11","2025OP003540",405,5,"OB Enviada à instituição bancária para pagamento","2025-09-12","2025-09-12","2025OB003518","2025NS017349","2025-09-11","2025-09-11",64498
42318,"2025-09-11","2025OP003549",405,5,"OB Enviada à instituição bancária para pagamento","2025-09-12","2025-09-12","2025OB003550","2025NS017358","2025-09-11","2025-09-11",64870
40146,"2025-09-09","2025OP001377",405,5,"OB Enviada à instituição bancária para pagamento","2025-09-09","2025-09-09","2025OB001377","2025NS013545","2025-09-09","2025-09-09",61134
40130,"2025-09-09","2025OP001361",405,5,"OB Enviada à instituição bancária para pagamento","2025-09-09","2025-09-09","2025OB001361","2025NS013529","2025-09-09","2025-09-09",61682
40134,"2025-09-09","2025OP001365",405,5,"OB Enviada à instituição bancária para pagamento","2025-09-09","2025-09-09","2025OB001365","2025NS013533","2025-09-09","2025-09-09",61926
40138,"2025-09-09","2025OP001369",405,5,"OB Enviada à instituição bancária para pagamento","2025-09-09","2025-09-09","2025OB001369","2025NS013537","2025-09-09","2025-09-09",62157
40144,"2025-09-09","2025OP001375",405,5,"OB Enviada à instituição bancária para pagamento","2025-09-09","2025-09-09","2025OB001375","2025NS013543","2025-09-09","2025-09-09",61927
40142,"2025-09-09","2025OP001373",405,5,"OB Enviada à instituição bancária para pagamento","2025-09-09","2025-09-09","2025OB001373","2025NS013541","2025-09-09","2025-09-09",61928
40135,"2025-09-09","2025OP001366",405,5,"OB Enviada à instituição bancária para pagamento","2025-09-09","2025-09-09","2025OB001366","2025NS013534","2025-09-09","2025-09-09",61854
40139,"2025-09-09","2025OP001370",405,5,"OB Enviada à instituição bancária para pagamento","2025-09-09","2025-09-09","2025OB001370","2025NS013538","2025-09-09","2025-09-09",63058
42320,"2025-09-11","2025OP003551",405,5,"OB Enviada à instituição bancária para pagamento","2025-09-12","2025-09-12","2025OB003552","2025NS017360","2025-09-11","2025-09-11",64862
40151,"2025-09-09","2025OP001382",405,5,"OB Enviada à instituição bancária para pagamento","2025-09-09","2025-09-09","2025OB001382","2025NS013550","2025-09-09","2025-09-09",62204
40145,"2025-09-09","2025OP001376",405,5,"OB Enviada à instituição bancária para pagamento","2025-09-09","2025-09-09","2025OB001376","2025NS013544","2025-09-09","2025-09-09",62622
42319,"2025-09-11","2025OP003550",405,5,"OB Enviada à instituição bancária para pagamento","2025-09-12","2025-09-12","2025OB003560","2025NS017359","2025-09-11","2025-09-11",63684
42312,"2025-09-11","2025OP003543",405,5,"OB Enviada à instituição bancária para pagamento","2025-09-12","2025-09-12","2025OB003546","2025NS017352","2025-09-11","2025-09-11",64047
40147,"2025-09-09","2025OP001378",405,5,"OB Enviada à instituição bancária para pagamento","2025-09-09","2025-09-09","2025OB001378","2025NS013546","2025-09-09","2025-09-09",62953
40141,"2025-09-09","2025OP001372",405,5,"OB Enviada à instituição bancária para pagamento","2025-09-09","2025-09-09","2025OB001372","2025NS013540","2025-09-09","2025-09-09",63059
42315,"2025-09-11","2025OP003546",405,5,"OB Enviada à instituição bancária para pagamento","2025-09-12","2025-09-12","2025OB003547","2025NS017355","2025-09-11","2025-09-11",63629
42313,"2025-09-11","2025OP003544",405,5,"OB Enviada à instituição bancária para pagamento","2025-09-12","2025-09-12","2025OB003567","2025NS017353","2025-09-11","2025-09-11",64337
42321,"2025-09-11","2025OP003552",405,5,"OB Enviada à instituição bancária para pagamento","2025-09-12","2025-09-12","2025OB003553","2025NS017361","2025-09-11","2025-09-11",64885
40148,"2025-09-09","2025OP001379",405,5,"OB Enviada à instituição bancária para pagamento","2025-09-09","2025-09-09","2025OB001379","2025NS013547","2025-09-09","2025-09-09",60608
40164,"2025-09-09","2025OP001395",405,5,"OB Enviada à instituição bancária para pagamento","2025-09-09","2025-09-09","2025OB001395","2025NS013563","2025-09-09","2025-09-09",61932
40149,"2025-09-09","2025OP001380",405,5,"OB Enviada à instituição bancária para pagamento","2025-09-09","2025-09-09","2025OB001380","2025NS013548","2025-09-09","2025-09-09",61572
40158,"2025-09-09","2025OP001389",405,5,"OB Enviada à instituição bancária para pagamento","2025-09-09","2025-09-09","2025OB001389","2025NS013557","2025-09-09","2025-09-09",61675
40153,"2025-09-09","2025OP001384",405,5,"OB Enviada à instituição bancária para pagamento","2025-09-09","2025-09-09","2025OB001384","2025NS013552","2025-09-09","2025-09-09",61909
40163,"2025-09-09","2025OP001394",405,5,"OB Enviada à instituição bancária para pagamento","2025-09-09","2025-09-09","2025OB001394","2025NS013562","2025-09-09","2025-09-09",62158
40157,"2025-09-09","2025OP001388",405,5,"OB Enviada à instituição bancária para pagamento","2025-09-09","2025-09-09","2025OB001388","2025NS013556","2025-09-09","2025-09-09",62310
40150,"2025-09-09","2025OP001381",405,5,"OB Enviada à instituição bancária para pagamento","2025-09-09","2025-09-09","2025OB001381","2025NS013549","2025-09-09","2025-09-09",62786
40155,"2025-09-09","2025OP001386",405,5,"OB Enviada à instituição bancária para pagamento","2025-09-09","2025-09-09","2025OB001386","2025NS013554","2025-09-09","2025-09-09",62853
40165,"2025-09-09","2025OP001396",405,5,"OB Enviada à instituição bancária para pagamento","2025-09-09","2025-09-09","2025OB001396","2025NS013564","2025-09-09","2025-09-09",60797
42323,"2025-09-11","2025OP003554",405,5,"OB Enviada à instituição bancária para pagamento","2025-09-12","2025-09-12","2025OB003551","2025NS017363","2025-09-11","2025-09-11",64697
43525,"2025-09-29","2025OP004765",405,3,"Aguardando assinaturas do ordenador de despesas e/ou gestor financeiro","2025-09-29",,,"2025NS019980",,,65455
40156,"2025-09-09","2025OP001387",405,5,"OB Enviada à instituição bancária para pagamento","2025-09-09","2025-09-09","2025OB001387","2025NS013555","2025-09-09","2025-09-09",60590
40184,"2025-09-09","2025OP001415",405,5,"OB Enviada à instituição bancária para pagamento","2025-09-09","2025-09-09","2025OB001415","2025NS013583","2025-09-09","2025-09-09",61989
40187,"2025-09-09","2025OP001418",405,5,"OB Enviada à instituição bancária para pagamento","2025-09-09","2025-09-09","2025OB001417","2025NS013586","2025-09-09","2025-09-09",62159
42339,"2025-09-11","2025OP003570",405,5,"OB Enviada à instituição bancária para pagamento","2025-09-12","2025-09-12","2025OB003596","2025NS017379","2025-09-11","2025-09-11",63784
42336,"2025-09-11","2025OP003567",405,5,"OB Enviada à instituição bancária para pagamento","2025-09-12","2025-09-12","2025OB003554","2025NS017376","2025-09-11","2025-09-11",64340
43530,"2025-09-29","2025OP004770",405,3,"Aguardando assinaturas do ordenador de despesas e/ou gestor financeiro","2025-09-29",,,"2025NS019985",,,65453
43531,"2025-09-29","2025OP004771",405,3,"Aguardando assinaturas do ordenador de despesas e/ou gestor financeiro","2025-09-29",,,"2025NS019986",,,65454
42338,"2025-09-11","2025OP003569",405,5,"OB Enviada à instituição bancária para pagamento","2025-09-12","2025-09-12","2025OB003591","2025NS017378","2025-09-11","2025-09-11",63352
43532,"2025-09-29","2025OP004772",405,3,"Aguardando assinaturas do ordenador de despesas e/ou gestor financeiro","2025-09-29",,,"2025NS019987",,,65456
40185,"2025-09-09","2025OP001416",405,5,"OB Enviada à instituição bancária para pagamento","2025-09-09","2025-09-09","2025OB001416","2025NS013584","2025-09-09","2025-09-09",60594
40189,"2025-09-09","2025OP001420",405,5,"OB Enviada à instituição bancária para pagamento","2025-09-09","2025-09-09","2025OB001420","2025NS013588","2025-09-09","2025-09-09",62423
42834,"2025-09-11","2025OP004065",405,5,"OB Enviada à instituição bancária para pagamento","2025-09-12","2025-09-12","2025OB004043","2025NS017874","2025-09-11","2025-09-11",64248
42575,"2025-09-11","2025OP003806",405,5,"OB Enviada à instituição bancária para pagamento","2025-09-12","2025-09-12","2025OB003802","2025NS017615","2025-09-11","2025-09-11",63827
42341,"2025-09-11","2025OP003572",405,5,"OB Enviada à instituição bancária para pagamento","2025-09-12","2025-09-12","2025OB003576","2025NS017381","2025-09-11","2025-09-11",63961
42342,"2025-09-11","2025OP003573",405,5,"OB Enviada à instituição bancária para pagamento","2025-09-12","2025-09-12","2025OB003575","2025NS017382","2025-09-11","2025-09-11",64360
43536,"2025-09-29","2025OP004776",405,3,"Aguardando assinaturas do ordenador de despesas e/ou gestor financeiro","2025-09-29",,,"2025NS019991",,,65457
43535,"2025-09-29","2025OP004775",405,3,"Aguardando assinaturas do ordenador de despesas e/ou gestor financeiro","2025-09-29",,,"2025NS019990",,,65458
43534,"2025-09-29","2025OP004774",405,3,"Aguardando assinaturas do ordenador de despesas e/ou gestor financeiro","2025-09-29",,,"2025NS019989",,,65459
43533,"2025-09-29","2025OP004773",405,3,"Aguardando assinaturas do ordenador de despesas e/ou gestor financeiro","2025-09-29",,,"2025NS019988",,,65044
40301,"2025-09-09","2025OP001532",405,5,"OB Enviada à instituição bancária para pagamento","2025-09-09","2025-09-09","2025OB001532","2025NS013700","2025-09-09","2025-09-09",61832
40192,"2025-09-09","2025OP001423",405,5,"OB Enviada à instituição bancária para pagamento","2025-09-09","2025-09-09","2025OB001423","2025NS013591","2025-09-09","2025-09-09",62062
42343,"2025-09-11","2025OP003574",405,5,"OB Enviada à instituição bancária para pagamento","2025-09-12","2025-09-12","2025OB003583","2025NS017383","2025-09-11","2025-09-11",63354
40190,"2025-09-09","2025OP001421",405,5,"OB Enviada à instituição bancária para pagamento","2025-09-09","2025-09-09","2025OB001421","2025NS013589","2025-09-09","2025-09-09",62206
40193,"2025-09-09","2025OP001424",405,5,"OB Enviada à instituição bancária para pagamento","2025-09-09","2025-09-09","2025OB001424","2025NS013592","2025-09-09","2025-09-09",62412
40194,"2025-09-09","2025OP001425",405,5,"OB Enviada à instituição bancária para pagamento","2025-09-09","2025-09-09","2025OB001425","2025NS013593","2025-09-09","2025-09-09",63270
42348,"2025-09-11","2025OP003579",405,5,"OB Enviada à instituição bancária para pagamento","2025-09-12","2025-09-12","2025OB003570","2025NS017388","2025-09-11","2025-09-11",64501
42345,"2025-09-11","2025OP003576",405,5,"OB Enviada à instituição bancária para pagamento","2025-09-12","2025-09-12","2025OB003585","2025NS017385","2025-09-11","2025-09-11",64278
43537,"2025-09-29","2025OP004777",405,3,"Aguardando assinaturas do ordenador de despesas e/ou gestor financeiro","2025-09-29",,,"2025NS019992",,,65462
40195,"2025-09-09","2025OP001426",405,5,"OB Enviada à instituição bancária para pagamento","2025-09-09","2025-09-09","2025OB001426","2025NS013594","2025-09-09","2025-09-09",61090
40212,"2025-09-09","2025OP001443",405,5,"OB Enviada à instituição bancária para pagamento","2025-09-09","2025-09-09","2025OB001443","2025NS013611","2025-09-09","2025-09-09",63116
40208,"2025-09-09","2025OP001439",405,5,"OB Enviada à instituição bancária para pagamento","2025-09-09","2025-09-09","2025OB001439","2025NS013607","2025-09-09","2025-09-09",61643
39069,"2025-09-09","2025OP000300",405,5,"OB Enviada à instituição bancária para pagamento","2025-09-09","2025-09-09","2025OB000301","2025NS012468","2025-09-09","2025-09-09",61738
40207,"2025-09-09","2025OP001438",405,5,"OB Enviada à instituição bancária para pagamento","2025-09-09","2025-09-09","2025OB001438","2025NS013606","2025-09-09","2025-09-09",61820
40218,"2025-09-09","2025OP001449",405,5,"OB Enviada à instituição bancária para pagamento","2025-09-09","2025-09-09","2025OB001449","2025NS013617","2025-09-09","2025-09-09",61934
40196,"2025-09-09","2025OP001427",405,5,"OB Enviada à instituição bancária para pagamento","2025-09-09","2025-09-09","2025OB001427","2025NS013595","2025-09-09","2025-09-09",61847
40209,"2025-09-09","2025OP001440",405,5,"OB Enviada à instituição bancária para pagamento","2025-09-09","2025-09-09","2025OB001440","2025NS013608","2025-09-09","2025-09-09",62070
40191,"2025-09-09","2025OP001422",405,5,"OB Enviada à instituição bancária para pagamento","2025-09-09","2025-09-09","2025OB001422","2025NS013590","2025-09-09","2025-09-09",62207
42359,"2025-09-11","2025OP003590",405,5,"OB Enviada à instituição bancária para pagamento","2025-09-12","2025-09-12","2025OB003587","2025NS017399","2025-09-11","2025-09-11",64909
42357,"2025-09-11","2025OP003588",405,5,"OB Enviada à instituição bancária para pagamento","2025-09-12","2025-09-12","2025OB003588","2025NS017397","2025-09-11","2025-09-11",64366
40199,"2025-09-09","2025OP001430",405,5,"OB Enviada à instituição bancária para pagamento","2025-09-09","2025-09-09","2025OB001430","2025NS013598","2025-09-09","2025-09-09",62297
40198,"2025-09-09","2025OP001429",405,5,"OB Enviada à instituição bancária para pagamento","2025-09-09","2025-09-09","2025OB001429","2025NS013597","2025-09-09","2025-09-09",62919
40217,"2025-09-09","2025OP001448",405,5,"OB Enviada à instituição bancária para pagamento","2025-09-09","2025-09-09","2025OB001448","2025NS013616","2025-09-09","2025-09-09",60583
40219,"2025-09-09","2025OP001450",405,5,"OB Enviada à instituição bancária para pagamento","2025-09-09","2025-09-09","2025OB001450","2025NS013618","2025-09-09","2025-09-09",62942
43558,"2025-09-29","2025OP004798",405,3,"Aguardando assinaturas do ordenador de despesas e/ou gestor financeiro","2025-09-29",,,"2025NS020013",,,65464
40210,"2025-09-09","2025OP001441",405,5,"OB Enviada à instituição bancária para pagamento","2025-09-09","2025-09-09","2025OB001441","2025NS013609","2025-09-09","2025-09-09",60595
40226,"2025-09-09","2025OP001457",405,5,"OB Enviada à instituição bancária para pagamento","2025-09-09","2025-09-09","2025OB001457","2025NS013625","2025-09-09","2025-09-09",61135
40223,"2025-09-09","2025OP001454",405,5,"OB Enviada à instituição bancária para pagamento","2025-09-09","2025-09-09","2025OB001454","2025NS013622","2025-09-09","2025-09-09",61389
40238,"2025-09-09","2025OP001469",405,5,"OB Enviada à instituição bancária para pagamento","2025-09-09","2025-09-09","2025OB001469","2025NS013637","2025-09-09","2025-09-09",62628
40246,"2025-09-09","2025OP001477",405,5,"OB Enviada à instituição bancária para pagamento","2025-09-09","2025-09-09","2025OB001477","2025NS013645","2025-09-09","2025-09-09",62257
40243,"2025-09-09","2025OP001474",405,5,"OB Enviada à instituição bancária para pagamento","2025-09-09","2025-09-09","2025OB001474","2025NS013642","2025-09-09","2025-09-09",61405
40239,"2025-09-09","2025OP001470",405,5,"OB Enviada à instituição bancária para pagamento","2025-09-09","2025-09-09","2025OB001470","2025NS013638","2025-09-09","2025-09-09",62283
40224,"2025-09-09","2025OP001455",405,5,"OB Enviada à instituição bancária para pagamento","2025-09-09","2025-09-09","2025OB001455","2025NS013623","2025-09-09","2025-09-09",62542
40227,"2025-09-09","2025OP001458",405,5,"OB Enviada à instituição bancária para pagamento","2025-09-09","2025-09-09","2025OB001458","2025NS013626","2025-09-09","2025-09-09",62614
40225,"2025-09-09","2025OP001456",405,5,"OB Enviada à instituição bancária para pagamento","2025-09-09","2025-09-09","2025OB001456","2025NS013624","2025-09-09","2025-09-09",62619
40244,"2025-09-09","2025OP001475",405,5,"OB Enviada à instituição bancária para pagamento","2025-09-09","2025-09-09","2025OB001475","2025NS013643","2025-09-09","2025-09-09",62810
40237,"2025-09-09","2025OP001468",405,5,"OB Enviada à instituição bancária para pagamento","2025-09-09","2025-09-09","2025OB001468","2025NS013636","2025-09-09","2025-09-09",63062
40248,"2025-09-09","2025OP001479",405,5,"OB Enviada à instituição bancária para pagamento","2025-09-09","2025-09-09","2025OB001479","2025NS013647","2025-09-09","2025-09-09",63060
42358,"2025-09-11","2025OP003589",405,5,"OB Enviada à instituição bancária para pagamento","2025-09-12","2025-09-12","2025OB003571","2025NS017398","2025-09-11","2025-09-11",64115
40220,"2025-09-09","2025OP001451",405,5,"OB Enviada à instituição bancária para pagamento","2025-09-09","2025-09-09","2025OB001451","2025NS013619","2025-09-09","2025-09-09",63120
40250,"2025-09-09","2025OP001481",405,5,"OB Enviada à instituição bancária para pagamento","2025-09-09","2025-09-09","2025OB001481","2025NS013649","2025-09-09","2025-09-09",63248
42362,"2025-09-11","2025OP003593",405,5,"OB Enviada à instituição bancária para pagamento","2025-09-12","2025-09-12","2025OB003580","2025NS017402","2025-09-11","2025-09-11",63655
42364,"2025-09-11","2025OP003595",405,5,"OB Enviada à instituição bancária para pagamento","2025-09-12","2025-09-12","2025OB003597","2025NS017404","2025-09-11","2025-09-11",64136
42366,"2025-09-11","2025OP003597",405,5,"OB Enviada à instituição bancária para pagamento","2025-09-12","2025-09-12","2025OB003593","2025NS017406","2025-09-11","2025-09-11",64341
40247,"2025-09-09","2025OP001478",405,5,"OB Enviada à instituição bancária para pagamento","2025-09-09","2025-09-09","2025OB001478","2025NS013646","2025-09-09","2025-09-09",60597
40245,"2025-09-09","2025OP001476",405,5,"OB Enviada à instituição bancária para pagamento","2025-09-09","2025-09-09","2025OB001476","2025NS013644","2025-09-09","2025-09-09",60799
40222,"2025-09-09","2025OP001453",405,5,"OB Enviada à instituição bancária para pagamento","2025-09-09","2025-09-09","2025OB001453","2025NS013621","2025-09-09","2025-09-09",60838
40265,"2025-09-09","2025OP001496",405,5,"OB Enviada à instituição bancária para pagamento","2025-09-09","2025-09-09","2025OB001496","2025NS013664","2025-09-09","2025-09-09",60886
40272,"2025-09-09","2025OP001503",405,5,"OB Enviada à instituição bancária para pagamento","2025-09-09","2025-09-09","2025OB001503","2025NS013671","2025-09-09","2025-09-09",61321
40276,"2025-09-09","2025OP001507",405,5,"OB Enviada à instituição bancária para pagamento","2025-09-09","2025-09-09","2025OB001507","2025NS013675","2025-09-09","2025-09-09",61945
40269,"2025-09-09","2025OP001500",405,5,"OB Enviada à instituição bancária para pagamento","2025-09-09","2025-09-09","2025OB001500","2025NS013668","2025-09-09","2025-09-09",61345
40270,"2025-09-09","2025OP001501",405,5,"OB Enviada à instituição bancária para pagamento","2025-09-09","2025-09-09","2025OB001501","2025NS013669","2025-09-09","2025-09-09",61479
40242,"2025-09-09","2025OP001473",405,5,"OB Enviada à instituição bancária para pagamento","2025-09-09","2025-09-09","2025OB001473","2025NS013641","2025-09-09","2025-09-09",62284
40278,"2025-09-09","2025OP001509",405,5,"OB Enviada à instituição bancária para pagamento","2025-09-09","2025-09-09","2025OB001509","2025NS013677","2025-09-09","2025-09-09",61671
40274,"2025-09-09","2025OP001505",405,5,"OB Enviada à instituição bancária para pagamento","2025-09-09","2025-09-09","2025OB001505","2025NS013673","2025-09-09","2025-09-09",61673
40241,"2025-09-09","2025OP001472",405,5,"OB Enviada à instituição bancária para pagamento","2025-09-09","2025-09-09","2025OB001472","2025NS013640","2025-09-09","2025-09-09",61901
40240,"2025-09-09","2025OP001471",405,5,"OB Enviada à instituição bancária para pagamento","2025-09-09","2025-09-09","2025OB001471","2025NS013639","2025-09-09","2025-09-09",61944
40277,"2025-09-09","2025OP001508",405,5,"OB Enviada à instituição bancária para pagamento","2025-09-09","2025-09-09","2025OB001508","2025NS013676","2025-09-09","2025-09-09",62620
42363,"2025-09-11","2025OP003594",405,5,"OB Enviada à instituição bancária para pagamento","2025-09-12","2025-09-12","2025OB003590","2025NS017403","2025-09-11","2025-09-11",64030
40264,"2025-09-09","2025OP001495",405,5,"OB Enviada à instituição bancária para pagamento","2025-09-09","2025-09-09","2025OB001495","2025NS013663","2025-09-09","2025-09-09",62065
40259,"2025-09-09","2025OP001490",405,5,"OB Enviada à instituição bancária para pagamento","2025-09-09","2025-09-09","2025OB001490","2025NS013658","2025-09-09","2025-09-09",62068
40249,"2025-09-09","2025OP001480",405,5,"OB Enviada à instituição bancária para pagamento","2025-09-09","2025-09-09","2025OB001480","2025NS013648","2025-09-09","2025-09-09",62244
40273,"2025-09-09","2025OP001504",405,5,"OB Enviada à instituição bancária para pagamento","2025-09-09","2025-09-09","2025OB001504","2025NS013672","2025-09-09","2025-09-09",62383
40261,"2025-09-09","2025OP001492",405,5,"OB Enviada à instituição bancária para pagamento","2025-09-09","2025-09-09","2025OB001492","2025NS013660","2025-09-09","2025-09-09",62414
42370,"2025-09-11","2025OP003601",405,5,"OB Enviada à instituição bancária para pagamento","2025-09-12","2025-09-12","2025OB003608","2025NS017410","2025-09-11","2025-09-11",64661
43553,"2025-09-29","2025OP004793",405,3,"Aguardando assinaturas do ordenador de despesas e/ou gestor financeiro","2025-09-29",,,"2025NS020008",,,65465
40267,"2025-09-09","2025OP001498",405,5,"OB Enviada à instituição bancária para pagamento","2025-09-09","2025-09-09","2025OB001498","2025NS013666","2025-09-09","2025-09-09",60599
40258,"2025-09-09","2025OP001489",405,5,"OB Enviada à instituição bancária para pagamento","2025-09-09","2025-09-09","2025OB001489","2025NS013657","2025-09-09","2025-09-09",60600
40260,"2025-09-09","2025OP001491",405,5,"OB Enviada à instituição bancária para pagamento","2025-09-09","2025-09-09","2025OB001491","2025NS013659","2025-09-09","2025-09-09",60825
40302,"2025-09-09","2025OP001533",405,5,"OB Enviada à instituição bancária para pagamento","2025-09-09","2025-09-09","2025OB001533","2025NS013701","2025-09-09","2025-09-09",61296
40293,"2025-09-09","2025OP001524",405,5,"OB Enviada à instituição bancária para pagamento","2025-09-09","2025-09-09","2025OB001524","2025NS013692","2025-09-09","2025-09-09",61407
40299,"2025-09-09","2025OP001530",405,5,"OB Enviada à instituição bancária para pagamento","2025-09-09","2025-09-09","2025OB001530","2025NS013698","2025-09-09","2025-09-09",61881
40288,"2025-09-09","2025OP001519",405,5,"OB Enviada à instituição bancária para pagamento","2025-09-09","2025-09-09","2025OB001519","2025NS013687","2025-09-09","2025-09-09",62083
40290,"2025-09-09","2025OP001521",405,5,"OB Enviada à instituição bancária para pagamento","2025-09-09","2025-09-09","2025OB001521","2025NS013689","2025-09-09","2025-09-09",62969
40287,"2025-09-09","2025OP001518",405,5,"OB Enviada à instituição bancária para pagamento","2025-09-09","2025-09-09","2025OB001518","2025NS013686","2025-09-09","2025-09-09",63002
40298,"2025-09-09","2025OP001529",405,5,"OB Enviada à instituição bancária para pagamento","2025-09-09","2025-09-09","2025OB001529","2025NS013697","2025-09-09","2025-09-09",63063
42383,"2025-09-11","2025OP003614",405,5,"OB Enviada à instituição bancária para pagamento","2025-09-12","2025-09-12","2025OB003604","2025NS017423","2025-09-11","2025-09-11",64669
42385,"2025-09-11","2025OP003616",405,5,"OB Enviada à instituição bancária para pagamento","2025-09-12","2025-09-12","2025OB003607","2025NS017425","2025-09-11","2025-09-11",63737
42384,"2025-09-11","2025OP003615",405,5,"OB Enviada à instituição bancária para pagamento","2025-09-12","2025-09-12","2025OB003612","2025NS017424","2025-09-11","2025-09-11",63820
42379,"2025-09-11","2025OP003610",405,5,"OB Enviada à instituição bancária para pagamento","2025-09-12","2025-09-12","2025OB003610","2025NS017419","2025-09-11","2025-09-11",64137
42380,"2025-09-11","2025OP003611",405,5,"OB Enviada à instituição bancária para pagamento","2025-09-12","2025-09-12","2025OB003615","2025NS017420","2025-09-11","2025-09-11",63963
42382,"2025-09-11","2025OP003613",405,5,"OB Enviada à instituição bancária para pagamento","2025-09-12","2025-09-12","2025OB003600","2025NS017422","2025-09-11","2025-09-11",63964
42381,"2025-09-11","2025OP003612",405,5,"OB Enviada à instituição bancária para pagamento","2025-09-12","2025-09-12","2025OB003616","2025NS017421","2025-09-11","2025-09-11",64297
40294,"2025-09-09","2025OP001525",405,5,"OB Enviada à instituição bancária para pagamento","2025-09-09","2025-09-09","2025OB001525","2025NS013693","2025-09-09","2025-09-09",60787
40313,"2025-09-09","2025OP001544",405,5,"OB Enviada à instituição bancária para pagamento","2025-09-09","2025-09-09","2025OB001544","2025NS013712","2025-09-09","2025-09-09",61639
40309,"2025-09-09","2025OP001540",405,5,"OB Enviada à instituição bancária para pagamento","2025-09-09","2025-09-09","2025OB001540","2025NS013708","2025-09-09","2025-09-09",61699
43596,"2025-09-29","2025OP004836",405,3,"Aguardando assinaturas do ordenador de despesas e/ou gestor financeiro","2025-09-29",,,"2025NS020051",,,65469
40319,"2025-09-09","2025OP001550",405,5,"OB Enviada à instituição bancária para pagamento","2025-09-09","2025-09-09","2025OB001550","2025NS013718","2025-09-09","2025-09-09",61882
40320,"2025-09-09","2025OP001551",405,5,"OB Enviada à instituição bancária para pagamento","2025-09-09","2025-09-09","2025OB001551","2025NS013719","2025-09-09","2025-09-09",61898
40308,"2025-09-09","2025OP001539",405,5,"OB Enviada à instituição bancária para pagamento","2025-09-09","2025-09-09","2025OB001539","2025NS013707","2025-09-09","2025-09-09",61946
40303,"2025-09-09","2025OP001534",405,5,"OB Enviada à instituição bancária para pagamento","2025-09-09","2025-09-09","2025OB001534","2025NS013702","2025-09-09","2025-09-09",62042
43580,"2025-09-29","2025OP004820",405,3,"Aguardando assinaturas do ordenador de despesas e/ou gestor financeiro","2025-09-29",,,"2025NS020035",,,65468
40307,"2025-09-09","2025OP001538",405,5,"OB Enviada à instituição bancária para pagamento","2025-09-09","2025-09-09","2025OB001538","2025NS013706","2025-09-09","2025-09-09",62961
42392,"2025-09-11","2025OP003623",405,5,"OB Enviada à instituição bancária para pagamento","2025-09-12","2025-09-12","2025OB003630","2025NS017432","2025-09-11","2025-09-11",63712
42391,"2025-09-11","2025OP003622",405,5,"OB Enviada à instituição bancária para pagamento","2025-09-12","2025-09-12","2025OB003640","2025NS017431","2025-09-11","2025-09-11",63714
40426,"2025-09-09","2025OP001657",405,5,"OB Enviada à instituição bancária para pagamento","2025-09-09","2025-09-09","2025OB001657","2025NS013825","2025-09-09","2025-09-09",61119
40392,"2025-09-09","2025OP001623",405,5,"OB Enviada à instituição bancária para pagamento","2025-09-09","2025-09-09","2025OB001602","2025NS013791","2025-09-09","2025-09-09",61120
40394,"2025-09-09","2025OP001625",405,5,"OB Enviada à instituição bancária para pagamento","2025-09-09","2025-09-09","2025OB001606","2025NS013793","2025-09-09","2025-09-09",61173
40393,"2025-09-09","2025OP001624",405,5,"OB Enviada à instituição bancária para pagamento","2025-09-09","2025-09-09","2025OB001604","2025NS013792","2025-09-09","2025-09-09",61308
40420,"2025-09-09","2025OP001651",405,5,"OB Enviada à instituição bancária para pagamento","2025-09-09","2025-09-09","2025OB001651","2025NS013819","2025-09-09","2025-09-09",61644
43605,"2025-09-29","2025OP004845",405,3,"Aguardando assinaturas do ordenador de despesas e/ou gestor financeiro","2025-09-29",,,"2025NS020060",,,65472
40421,"2025-09-09","2025OP001652",405,5,"OB Enviada à instituição bancária para pagamento","2025-09-09","2025-09-09","2025OB001652","2025NS013820","2025-09-09","2025-09-09",61670
40468,"2025-09-09","2025OP001699",405,5,"OB Enviada à instituição bancária para pagamento","2025-09-09","2025-09-09","2025OB001699","2025NS013867","2025-09-09","2025-09-09",61841
40395,"2025-09-09","2025OP001626",405,5,"OB Enviada à instituição bancária para pagamento","2025-09-09","2025-09-09","2025OB001608","2025NS013794","2025-09-09","2025-09-09",62193
40416,"2025-09-09","2025OP001647",405,5,"OB Enviada à instituição bancária para pagamento","2025-09-09","2025-09-09","2025OB001647","2025NS013815","2025-09-09","2025-09-09",62698
40417,"2025-09-09","2025OP001648",405,5,"OB Enviada à instituição bancária para pagamento","2025-09-09","2025-09-09","2025OB001648","2025NS013816","2025-09-09","2025-09-09",62784
42443,"2025-09-11","2025OP003674",405,5,"OB Enviada à instituição bancária para pagamento","2025-09-12","2025-09-12","2025OB003653","2025NS017483","2025-09-11","2025-09-11",64342
40423,"2025-09-09","2025OP001654",405,5,"OB Enviada à instituição bancária para pagamento","2025-09-09","2025-09-09","2025OB001654","2025NS013822","2025-09-09","2025-09-09",62965
40418,"2025-09-09","2025OP001649",405,5,"OB Enviada à instituição bancária para pagamento","2025-09-09","2025-09-09","2025OB001649","2025NS013817","2025-09-09","2025-09-09",63126
40425,"2025-09-09","2025OP001656",405,5,"OB Enviada à instituição bancária para pagamento","2025-09-09","2025-09-09","2025OB001656","2025NS013824","2025-09-09","2025-09-09",63168
43606,"2025-09-29","2025OP004846",405,3,"Aguardando assinaturas do ordenador de despesas e/ou gestor financeiro","2025-09-29",,,"2025NS020061",,,65475
43607,"2025-09-29","2025OP004847",405,3,"Aguardando assinaturas do ordenador de despesas e/ou gestor financeiro","2025-09-29",,,"2025NS020062",,,65471
40391,"2025-09-09","2025OP001622",405,5,"OB Enviada à instituição bancária para pagamento","2025-09-09","2025-09-09","2025OB001600","2025NS013790","2025-09-09","2025-09-09",60861
40453,"2025-09-09","2025OP001684",405,5,"OB Enviada à instituição bancária para pagamento","2025-09-09","2025-09-09","2025OB001684","2025NS013852","2025-09-09","2025-09-09",60892
40449,"2025-09-09","2025OP001680",405,5,"OB Enviada à instituição bancária para pagamento","2025-09-09","2025-09-09","2025OB001680","2025NS013848","2025-09-09","2025-09-09",60894
42458,"2025-09-11","2025OP003689",405,5,"OB Enviada à instituição bancária para pagamento","2025-09-12","2025-09-12","2025OB003691","2025NS017498","2025-09-11","2025-09-11",64344
40452,"2025-09-09","2025OP001683",405,5,"OB Enviada à instituição bancária para pagamento","2025-09-09","2025-09-09","2025OB001683","2025NS013851","2025-09-09","2025-09-09",61409
40429,"2025-09-09","2025OP001660",405,5,"OB Enviada à instituição bancária para pagamento","2025-09-09","2025-09-09","2025OB001660","2025NS013828","2025-09-09","2025-09-09",61940
40450,"2025-09-09","2025OP001681",405,5,"OB Enviada à instituição bancária para pagamento","2025-09-09","2025-09-09","2025OB001681","2025NS013849","2025-09-09","2025-09-09",61452
40454,"2025-09-09","2025OP001685",405,5,"OB Enviada à instituição bancária para pagamento","2025-09-09","2025-09-09","2025OB001685","2025NS013853","2025-09-09","2025-09-09",61942
40451,"2025-09-09","2025OP001682",405,5,"OB Enviada à instituição bancária para pagamento","2025-09-09","2025-09-09","2025OB001682","2025NS013850","2025-09-09","2025-09-09",61949
42459,"2025-09-11","2025OP003690",405,5,"OB Enviada à instituição bancária para pagamento","2025-09-12","2025-09-12","2025OB003698","2025NS017499","2025-09-11","2025-09-11",63699
43610,"2025-09-29","2025OP004850",405,3,"Aguardando assinaturas do ordenador de despesas e/ou gestor financeiro","2025-09-29",,,"2025NS020065",,,65476
40469,"2025-09-09","2025OP001700",405,5,"OB Enviada à instituição bancária para pagamento","2025-09-09","2025-09-09","2025OB001700","2025NS013868","2025-09-09","2025-09-09",62543
42466,"2025-09-11","2025OP003697",405,5,"OB Enviada à instituição bancária para pagamento","2025-09-12","2025-09-12","2025OB003681","2025NS017506","2025-09-11","2025-09-11",63838
40427,"2025-09-09","2025OP001658",405,5,"OB Enviada à instituição bancária para pagamento","2025-09-09","2025-09-09","2025OB001658","2025NS013826","2025-09-09","2025-09-09",63236
40477,"2025-09-09","2025OP001708",405,5,"OB Enviada à instituição bancária para pagamento","2025-09-09","2025-09-09","2025OB001716","2025NS013876","2025-09-09","2025-09-09",61678
43616,"2025-09-29","2025OP004856",405,3,"Aguardando assinaturas do ordenador de despesas e/ou gestor financeiro","2025-09-29",,,"2025NS020071",,,65478
40530,"2025-09-09","2025OP001761",405,5,"OB Enviada à instituição bancária para pagamento","2025-09-09","2025-09-09","2025OB001761","2025NS013929","2025-09-09","2025-09-09",61990
40529,"2025-09-09","2025OP001760",405,5,"OB Enviada à instituição bancária para pagamento","2025-09-09","2025-09-09","2025OB001760","2025NS013928","2025-09-09","2025-09-09",62091
40472,"2025-09-09","2025OP001703",405,5,"OB Enviada à instituição bancária para pagamento","2025-09-09","2025-09-09","2025OB001706","2025NS013871","2025-09-09","2025-09-09",62243
40475,"2025-09-09","2025OP001706",405,5,"OB Enviada à instituição bancária para pagamento","2025-09-09","2025-09-09","2025OB001712","2025NS013874","2025-09-09","2025-09-09",62351
41531,"2025-09-09","2025OP002762",405,5,"OB Enviada à instituição bancária para pagamento","2025-09-09","2025-09-09","2025OB002762","2025NS014930","2025-09-09","2025-09-09",62601
40481,"2025-09-09","2025OP001712",405,5,"OB Enviada à instituição bancária para pagamento","2025-09-09","2025-09-09","2025OB001725","2025NS013880","2025-09-09","2025-09-09",62766
43620,"2025-09-29","2025OP004860",405,3,"Aguardando assinaturas do ordenador de despesas e/ou gestor financeiro","2025-09-29",,,"2025NS020075",,,65479
40561,"2025-09-09","2025OP001792",405,5,"OB Enviada à instituição bancária para pagamento","2025-09-09","2025-09-09","2025OB001792","2025NS013960","2025-09-09","2025-09-09",62208
42468,"2025-09-11","2025OP003699",405,5,"OB Enviada à instituição bancária para pagamento","2025-09-12","2025-09-12","2025OB003699","2025NS017508","2025-09-11","2025-09-11",64618
42517,"2025-09-11","2025OP003748",405,5,"OB Enviada à instituição bancária para pagamento","2025-09-12","2025-09-12","2025OB003736","2025NS017557","2025-09-11","2025-09-11",64257
42488,"2025-09-11","2025OP003719",405,5,"OB Enviada à instituição bancária para pagamento","2025-09-12","2025-09-12","2025OB003720","2025NS017528","2025-09-11","2025-09-11",63279
42467,"2025-09-11","2025OP003698",405,5,"OB Enviada à instituição bancária para pagamento","2025-09-12","2025-09-12","2025OB003689","2025NS017507","2025-09-11","2025-09-11",64018
42470,"2025-09-11","2025OP003701",405,5,"OB Enviada à instituição bancária para pagamento","2025-09-12","2025-09-12","2025OB003692","2025NS017510","2025-09-11","2025-09-11",64842
40483,"2025-09-09","2025OP001714",405,5,"OB Enviada à instituição bancária para pagamento","2025-09-09","2025-09-09","2025OB001729","2025NS013882","2025-09-09","2025-09-09",60626
40473,"2025-09-09","2025OP001704",405,5,"OB Enviada à instituição bancária para pagamento","2025-09-09","2025-09-09","2025OB001708","2025NS013872","2025-09-09","2025-09-09",60625
40551,"2025-09-09","2025OP001782",405,5,"OB Enviada à instituição bancária para pagamento","2025-09-09","2025-09-09","2025OB001782","2025NS013950","2025-09-09","2025-09-09",61150
40555,"2025-09-09","2025OP001786",405,5,"OB Enviada à instituição bancária para pagamento","2025-09-09","2025-09-09","2025OB001786","2025NS013954","2025-09-09","2025-09-09",61307
40557,"2025-09-09","2025OP001788",405,5,"OB Enviada à instituição bancária para pagamento","2025-09-09","2025-09-09","2025OB001788","2025NS013956","2025-09-09","2025-09-09",61668
40563,"2025-09-09","2025OP001794",405,5,"OB Enviada à instituição bancária para pagamento","2025-09-09","2025-09-09","2025OB001794","2025NS013962","2025-09-09","2025-09-09",61836
40562,"2025-09-09","2025OP001793",405,5,"OB Enviada à instituição bancária para pagamento","2025-09-09","2025-09-09","2025OB001793","2025NS013961","2025-09-09","2025-09-09",61965
40556,"2025-09-09","2025OP001787",405,5,"OB Enviada à instituição bancária para pagamento","2025-09-09","2025-09-09","2025OB001787","2025NS013955","2025-09-09","2025-09-09",61968
42543,"2025-09-11","2025OP003774",405,5,"OB Enviada à instituição bancária para pagamento","2025-09-12","2025-09-12","2025OB003763","2025NS017583","2025-09-11","2025-09-11",64144
42544,"2025-09-11","2025OP003775",405,5,"OB Enviada à instituição bancária para pagamento","2025-09-12","2025-09-12","2025OB003788","2025NS017584","2025-09-11","2025-09-11",64709
42546,"2025-09-11","2025OP003777",405,5,"OB Enviada à instituição bancária para pagamento","2025-09-12","2025-09-12","2025OB003785","2025NS017586","2025-09-11","2025-09-11",64251
42541,"2025-09-11","2025OP003772",405,5,"OB Enviada à instituição bancária para pagamento","2025-09-12","2025-09-12","2025OB003756","2025NS017581","2025-09-11","2025-09-11",64822
43644,"2025-09-29","2025OP004884",405,3,"Aguardando assinaturas do ordenador de despesas e/ou gestor financeiro","2025-09-29",,,"2025NS020099",,,65480
42550,"2025-09-11","2025OP003781",405,5,"OB Enviada à instituição bancária para pagamento","2025-09-12","2025-09-12","2025OB003783","2025NS017590","2025-09-11","2025-09-11",64215
42540,"2025-09-11","2025OP003771",405,5,"OB Enviada à instituição bancária para pagamento","2025-09-12","2025-09-12","2025OB003753","2025NS017580","2025-09-11","2025-09-11",63677
43645,"2025-09-29","2025OP004885",405,3,"Aguardando assinaturas do ordenador de despesas e/ou gestor financeiro","2025-09-29",,,"2025NS020100",,,65482
42522,"2025-09-11","2025OP003753",405,5,"OB Enviada à instituição bancária para pagamento","2025-09-12","2025-09-12","2025OB003762","2025NS017562","2025-09-11","2025-09-11",63514
42539,"2025-09-11","2025OP003770",405,5,"OB Enviada à instituição bancária para pagamento","2025-09-12","2025-09-12","2025OB003758","2025NS017579","2025-09-11","2025-09-11",63280
42548,"2025-09-11","2025OP003779",405,5,"OB Enviada à instituição bancária para pagamento","2025-09-12","2025-09-12","2025OB003786","2025NS017588","2025-09-11","2025-09-11",63356
43643,"2025-09-29","2025OP004883",405,3,"Aguardando assinaturas do ordenador de despesas e/ou gestor financeiro","2025-09-29",,,"2025NS020098",,,65484
43639,"2025-09-29","2025OP004879",405,3,"Aguardando assinaturas do ordenador de despesas e/ou gestor financeiro","2025-09-29",,,"2025NS020094",,,65486
40559,"2025-09-09","2025OP001790",405,5,"OB Enviada à instituição bancária para pagamento","2025-09-09","2025-09-09","2025OB001790","2025NS013958","2025-09-09","2025-09-09",60627
40554,"2025-09-09","2025OP001785",405,5,"OB Enviada à instituição bancária para pagamento","2025-09-09","2025-09-09","2025OB001785","2025NS013953","2025-09-09","2025-09-09",60833
40560,"2025-09-09","2025OP001791",405,5,"OB Enviada à instituição bancária para pagamento","2025-09-09","2025-09-09","2025OB001791","2025NS013959","2025-09-09","2025-09-09",60896
40594,"2025-09-09","2025OP001825",405,5,"OB Enviada à instituição bancária para pagamento","2025-09-09","2025-09-09","2025OB001825","2025NS013993","2025-09-09","2025-09-09",61222
40575,"2025-09-09","2025OP001806",405,5,"OB Enviada à instituição bancária para pagamento","2025-09-09","2025-09-09","2025OB001806","2025NS013974","2025-09-09","2025-09-09",61416
40584,"2025-09-09","2025OP001815",405,5,"OB Enviada à instituição bancária para pagamento","2025-09-09","2025-09-09","2025OB001815","2025NS013983","2025-09-09","2025-09-09",61627
42545,"2025-09-11","2025OP003776",405,5,"OB Enviada à instituição bancária para pagamento","2025-09-12","2025-09-12","2025OB003776","2025NS017585","2025-09-11","2025-09-11",64905
40564,"2025-09-09","2025OP001795",405,5,"OB Enviada à instituição bancária para pagamento","2025-09-09","2025-09-09","2025OB001795","2025NS013963","2025-09-09","2025-09-09",61840
40580,"2025-09-09","2025OP001811",405,5,"OB Enviada à instituição bancária para pagamento","2025-09-09","2025-09-09","2025OB001811","2025NS013979","2025-09-09","2025-09-09",61948
42570,"2025-09-11","2025OP003801",405,5,"OB Enviada à instituição bancária para pagamento","2025-09-12","2025-09-12","2025OB003789","2025NS017610","2025-09-11","2025-09-11",63878
40579,"2025-09-09","2025OP001810",405,5,"OB Enviada à instituição bancária para pagamento","2025-09-09","2025-09-09","2025OB001810","2025NS013978","2025-09-09","2025-09-09",62072
40581,"2025-09-09","2025OP001812",405,5,"OB Enviada à instituição bancária para pagamento","2025-09-09","2025-09-09","2025OB001812","2025NS013980","2025-09-09","2025-09-09",62298
40576,"2025-09-09","2025OP001807",405,5,"OB Enviada à instituição bancária para pagamento","2025-09-09","2025-09-09","2025OB001807","2025NS013975","2025-09-09","2025-09-09",62231
40577,"2025-09-09","2025OP001808",405,5,"OB Enviada à instituição bancária para pagamento","2025-09-09","2025-09-09","2025OB001808","2025NS013976","2025-09-09","2025-09-09",62256
40578,"2025-09-09","2025OP001809",405,5,"OB Enviada à instituição bancária para pagamento","2025-09-09","2025-09-09","2025OB001809","2025NS013977","2025-09-09","2025-09-09",62426
40582,"2025-09-09","2025OP001813",405,5,"OB Enviada à instituição bancária para pagamento","2025-09-09","2025-09-09","2025OB001813","2025NS013981","2025-09-09","2025-09-09",62719
40583,"2025-09-09","2025OP001814",405,5,"OB Enviada à instituição bancária para pagamento","2025-09-09","2025-09-09","2025OB001814","2025NS013982","2025-09-09","2025-09-09",62301
42547,"2025-09-11","2025OP003778",405,5,"OB Enviada à instituição bancária para pagamento","2025-09-12","2025-09-12","2025OB003777","2025NS017587","2025-09-11","2025-09-11",64907
40595,"2025-09-09","2025OP001826",405,5,"OB Enviada à instituição bancária para pagamento","2025-09-09","2025-09-09","2025OB001826","2025NS013994","2025-09-09","2025-09-09",62835
40603,"2025-09-09","2025OP001834",405,5,"OB Enviada à instituição bancária para pagamento","2025-09-09","2025-09-09","2025OB001834","2025NS014002","2025-09-09","2025-09-09",62074
40608,"2025-09-09","2025OP001839",405,5,"OB Enviada à instituição bancária para pagamento","2025-09-09","2025-09-09","2025OB001839","2025NS014007","2025-09-09","2025-09-09",61618
40601,"2025-09-09","2025OP001832",405,5,"OB Enviada à instituição bancária para pagamento","2025-09-09","2025-09-09","2025OB001832","2025NS014000","2025-09-09","2025-09-09",61667
40612,"2025-09-09","2025OP001843",405,5,"OB Enviada à instituição bancária para pagamento","2025-09-09","2025-09-09","2025OB001843","2025NS014011","2025-09-09","2025-09-09",61843
40599,"2025-09-09","2025OP001830",405,5,"OB Enviada à instituição bancária para pagamento","2025-09-09","2025-09-09","2025OB001830","2025NS013998","2025-09-09","2025-09-09",62085
40597,"2025-09-09","2025OP001828",405,5,"OB Enviada à instituição bancária para pagamento","2025-09-09","2025-09-09","2025OB001828","2025NS013996","2025-09-09","2025-09-09",62425
42586,"2025-09-11","2025OP003817",405,5,"OB Enviada à instituição bancária para pagamento","2025-09-12","2025-09-12","2025OB003817","2025NS017626","2025-09-11","2025-09-11",64560
42580,"2025-09-11","2025OP003811",405,5,"OB Enviada à instituição bancária para pagamento","2025-09-12","2025-09-12","2025OB003809","2025NS017620","2025-09-11","2025-09-11",63295
40604,"2025-09-09","2025OP001835",405,5,"OB Enviada à instituição bancária para pagamento","2025-09-09","2025-09-09","2025OB001835","2025NS014003","2025-09-09","2025-09-09",62556
40600,"2025-09-09","2025OP001831",405,5,"OB Enviada à instituição bancária para pagamento","2025-09-09","2025-09-09","2025OB001831","2025NS013999","2025-09-09","2025-09-09",62751
42578,"2025-09-11","2025OP003809",405,5,"OB Enviada à instituição bancária para pagamento","2025-09-12","2025-09-12","2025OB003805","2025NS017618","2025-09-11","2025-09-11",63663
42582,"2025-09-11","2025OP003813",405,5,"OB Enviada à instituição bancária para pagamento","2025-09-12","2025-09-12","2025OB003808","2025NS017622","2025-09-11","2025-09-11",63657
42588,"2025-09-11","2025OP003819",405,5,"OB Enviada à instituição bancária para pagamento","2025-09-12","2025-09-12","2025OB003818","2025NS017628","2025-09-11","2025-09-11",64710
40610,"2025-09-09","2025OP001841",405,5,"OB Enviada à instituição bancária para pagamento","2025-09-09","2025-09-09","2025OB001841","2025NS014009","2025-09-09","2025-09-09",60871
40774,"2025-09-09","2025OP002005",405,5,"OB Enviada à instituição bancária para pagamento","2025-09-09","2025-09-09","2025OB002007","2025NS014173","2025-09-09","2025-09-09",60758
40602,"2025-09-09","2025OP001833",405,5,"OB Enviada à instituição bancária para pagamento","2025-09-09","2025-09-09","2025OB001833","2025NS014001","2025-09-09","2025-09-09",61149
40598,"2025-09-09","2025OP001829",405,5,"OB Enviada à instituição bancária para pagamento","2025-09-09","2025-09-09","2025OB001829","2025NS013997","2025-09-09","2025-09-09",61417
40614,"2025-09-09","2025OP001845",405,5,"OB Enviada à instituição bancária para pagamento","2025-09-09","2025-09-09","2025OB001845","2025NS014013","2025-09-09","2025-09-09",62399
40613,"2025-09-09","2025OP001844",405,5,"OB Enviada à instituição bancária para pagamento","2025-09-09","2025-09-09","2025OB001844","2025NS014012","2025-09-09","2025-09-09",61666
40606,"2025-09-09","2025OP001837",405,5,"OB Enviada à instituição bancária para pagamento","2025-09-09","2025-09-09","2025OB001837","2025NS014005","2025-09-09","2025-09-09",62524
40609,"2025-09-09","2025OP001840",405,5,"OB Enviada à instituição bancária para pagamento","2025-09-09","2025-09-09","2025OB001840","2025NS014008","2025-09-09","2025-09-09",63004
40615,"2025-09-09","2025OP001846",405,5,"OB Enviada à instituição bancária para pagamento","2025-09-09","2025-09-09","2025OB001846","2025NS014014","2025-09-09","2025-09-09",63229
42583,"2025-09-11","2025OP003814",405,5,"OB Enviada à instituição bancária para pagamento","2025-09-12","2025-09-12","2025OB003812","2025NS017623","2025-09-11","2025-09-11",63758
42591,"2025-09-11","2025OP003822",405,5,"OB Enviada à instituição bancária para pagamento","2025-09-12","2025-09-12","2025OB003834","2025NS017631","2025-09-11","2025-09-11",63996
42589,"2025-09-11","2025OP003820",405,5,"OB Enviada à instituição bancária para pagamento","2025-09-12","2025-09-12","2025OB003819","2025NS017629","2025-09-11","2025-09-11",64543
42584,"2025-09-11","2025OP003815",405,5,"OB Enviada à instituição bancária para pagamento","2025-09-12","2025-09-12","2025OB003803","2025NS017624","2025-09-11","2025-09-11",64556
42585,"2025-09-11","2025OP003816",405,5,"OB Enviada à instituição bancária para pagamento","2025-09-12","2025-09-12","2025OB003814","2025NS017625","2025-09-11","2025-09-11",64235
40651,"2025-09-09","2025OP001882",405,5,"OB Enviada à instituição bancária para pagamento","2025-09-09","2025-09-09","2025OB001882","2025NS014050","2025-09-09","2025-09-09",61094
40653,"2025-09-09","2025OP001884",405,5,"OB Enviada à instituição bancária para pagamento","2025-09-09","2025-09-09","2025OB001884","2025NS014052","2025-09-09","2025-09-09",61116
40650,"2025-09-09","2025OP001881",405,5,"OB Enviada à instituição bancária para pagamento","2025-09-09","2025-09-09","2025OB001881","2025NS014049","2025-09-09","2025-09-09",61390
40652,"2025-09-09","2025OP001883",405,5,"OB Enviada à instituição bancária para pagamento","2025-09-09","2025-09-09","2025OB001883","2025NS014051","2025-09-09","2025-09-09",61757
40657,"2025-09-09","2025OP001888",405,5,"OB Enviada à instituição bancária para pagamento","2025-09-09","2025-09-09","2025OB001888","2025NS014056","2025-09-09","2025-09-09",62255
40658,"2025-09-09","2025OP001889",405,5,"OB Enviada à instituição bancária para pagamento","2025-09-09","2025-09-09","2025OB001889","2025NS014057","2025-09-09","2025-09-09",62258
40645,"2025-09-09","2025OP001876",405,5,"OB Enviada à instituição bancária para pagamento","2025-09-09","2025-09-09","2025OB001876","2025NS014044","2025-09-09","2025-09-09",62424
40646,"2025-09-09","2025OP001877",405,5,"OB Enviada à instituição bancária para pagamento","2025-09-09","2025-09-09","2025OB001877","2025NS014045","2025-09-09","2025-09-09",62661
40648,"2025-09-09","2025OP001879",405,5,"OB Enviada à instituição bancária para pagamento","2025-09-09","2025-09-09","2025OB001879","2025NS014047","2025-09-09","2025-09-09",62481
42606,"2025-09-11","2025OP003837",405,5,"OB Enviada à instituição bancária para pagamento","2025-09-12","2025-09-12","2025OB003840","2025NS017646","2025-09-11","2025-09-11",64814
40649,"2025-09-09","2025OP001880",405,5,"OB Enviada à instituição bancária para pagamento","2025-09-09","2025-09-09","2025OB001880","2025NS014048","2025-09-09","2025-09-09",63000
43650,"2025-09-29","2025OP004890",405,3,"Aguardando assinaturas do ordenador de despesas e/ou gestor financeiro","2025-09-29",,,"2025NS020105",,,65398
42581,"2025-09-11","2025OP003812",405,5,"OB Enviada à instituição bancária para pagamento","2025-09-12","2025-09-12","2025OB003810","2025NS017621","2025-09-11","2025-09-11",64732
43661,"2025-09-29","2025OP004901",405,3,"Aguardando assinaturas do ordenador de despesas e/ou gestor financeiro","2025-09-29",,,"2025NS020116",,,65489
43662,"2025-09-29","2025OP004902",405,3,"Aguardando assinaturas do ordenador de despesas e/ou gestor financeiro","2025-09-29",,,"2025NS020117",,,65491
40654,"2025-09-09","2025OP001885",405,5,"OB Enviada à instituição bancária para pagamento","2025-09-09","2025-09-09","2025OB001885","2025NS014053","2025-09-09","2025-09-09",60671
40699,"2025-09-09","2025OP001930",405,5,"OB Enviada à instituição bancária para pagamento","2025-09-09","2025-09-09","2025OB001930","2025NS014098","2025-09-09","2025-09-09",61767
42609,"2025-09-11","2025OP003840",405,5,"OB Enviada à instituição bancária para pagamento","2025-09-12","2025-09-12","2025OB003824","2025NS017649","2025-09-11","2025-09-11",64241
40660,"2025-09-09","2025OP001891",405,5,"OB Enviada à instituição bancária para pagamento","2025-09-09","2025-09-09","2025OB001891","2025NS014059","2025-09-09","2025-09-09",61852
40701,"2025-09-09","2025OP001932",405,5,"OB Enviada à instituição bancária para pagamento","2025-09-09","2025-09-09","2025OB001932","2025NS014100","2025-09-09","2025-09-09",62259
42616,"2025-09-11","2025OP003847",405,5,"OB Enviada à instituição bancária para pagamento","2025-09-12","2025-09-12","2025OB003862","2025NS017656","2025-09-11","2025-09-11",63688
43666,"2025-09-29","2025OP004906",405,3,"Aguardando assinaturas do ordenador de despesas e/ou gestor financeiro","2025-09-29",,,"2025NS020121",,,65492
42607,"2025-09-11","2025OP003838",405,5,"OB Enviada à instituição bancária para pagamento","2025-09-12","2025-09-12","2025OB003833","2025NS017647","2025-09-11","2025-09-11",63309
42608,"2025-09-11","2025OP003839",405,5,"OB Enviada à instituição bancária para pagamento","2025-09-12","2025-09-12","2025OB003827","2025NS017648","2025-09-11","2025-09-11",64567
42626,"2025-09-11","2025OP003857",405,5,"OB Enviada à instituição bancária para pagamento","2025-09-12","2025-09-12","2025OB003854","2025NS017666","2025-09-11","2025-09-11",64569
40700,"2025-09-09","2025OP001931",405,5,"OB Enviada à instituição bancária para pagamento","2025-09-09","2025-09-09","2025OB001931","2025NS014099","2025-09-09","2025-09-09",60848
40783,"2025-09-09","2025OP002014",405,5,"OB Enviada à instituição bancária para pagamento","2025-09-09","2025-09-09","2025OB002024","2025NS014182","2025-09-09","2025-09-09",61209
40786,"2025-09-09","2025OP002017",405,5,"OB Enviada à instituição bancária para pagamento","2025-09-09","2025-09-09","2025OB002030","2025NS014185","2025-09-09","2025-09-09",61453
40777,"2025-09-09","2025OP002008",405,5,"OB Enviada à instituição bancária para pagamento","2025-09-09","2025-09-09","2025OB002012","2025NS014176","2025-09-09","2025-09-09",61768
40775,"2025-09-09","2025OP002006",405,5,"OB Enviada à instituição bancária para pagamento","2025-09-09","2025-09-09","2025OB002008","2025NS014174","2025-09-09","2025-09-09",62260
40784,"2025-09-09","2025OP002015",405,5,"OB Enviada à instituição bancária para pagamento","2025-09-09","2025-09-09","2025OB002026","2025NS014183","2025-09-09","2025-09-09",62627
42655,"2025-09-11","2025OP003886",405,5,"OB Enviada à instituição bancária para pagamento","2025-09-12","2025-09-12","2025OB003894","2025NS017695","2025-09-11","2025-09-11",64607
42656,"2025-09-11","2025OP003887",405,5,"OB Enviada à instituição bancária para pagamento","2025-09-12","2025-09-12","2025OB003901","2025NS017696","2025-09-11","2025-09-11",64517
43683,"2025-09-29","2025OP004923",405,3,"Aguardando assinaturas do ordenador de despesas e/ou gestor financeiro","2025-09-29",,,"2025NS020138",,,65494
43681,"2025-09-29","2025OP004921",405,3,"Aguardando assinaturas do ordenador de despesas e/ou gestor financeiro","2025-09-29",,,"2025NS020136",,,65493
43682,"2025-09-29","2025OP004922",405,3,"Aguardando assinaturas do ordenador de despesas e/ou gestor financeiro","2025-09-29",,,"2025NS020137",,,65495
40803,"2025-09-09","2025OP002034",405,5,"OB Enviada à instituição bancária para pagamento","2025-09-09","2025-09-09","2025OB002034","2025NS014202","2025-09-09","2025-09-09",61210
40788,"2025-09-09","2025OP002019",405,5,"OB Enviada à instituição bancária para pagamento","2025-09-09","2025-09-09","2025OB002006","2025NS014187","2025-09-09","2025-09-09",62087
40790,"2025-09-09","2025OP002021",405,5,"OB Enviada à instituição bancária para pagamento","2025-09-09","2025-09-09","2025OB002011","2025NS014189","2025-09-09","2025-09-09",62253
40806,"2025-09-09","2025OP002037",405,5,"OB Enviada à instituição bancária para pagamento","2025-09-09","2025-09-09","2025OB002037","2025NS014205","2025-09-09","2025-09-09",62313
40805,"2025-09-09","2025OP002036",405,5,"OB Enviada à instituição bancária para pagamento","2025-09-09","2025-09-09","2025OB002036","2025NS014204","2025-09-09","2025-09-09",62583
40478,"2025-09-09","2025OP001709",405,5,"OB Enviada à instituição bancária para pagamento","2025-09-09","2025-09-09","2025OB001719","2025NS013877","2025-09-09","2025-09-09",62659
40804,"2025-09-09","2025OP002035",405,5,"OB Enviada à instituição bancária para pagamento","2025-09-09","2025-09-09","2025OB002035","2025NS014203","2025-09-09","2025-09-09",62847
42673,"2025-09-11","2025OP003904",405,5,"OB Enviada à instituição bancária para pagamento","2025-09-12","2025-09-12","2025OB003903","2025NS017713","2025-09-11","2025-09-11",63555
42663,"2025-09-11","2025OP003894",405,5,"OB Enviada à instituição bancária para pagamento","2025-09-12","2025-09-12","2025OB003886","2025NS017703","2025-09-11","2025-09-11",63612
42669,"2025-09-11","2025OP003900",405,5,"OB Enviada à instituição bancária para pagamento","2025-09-12","2025-09-12","2025OB003884","2025NS017709","2025-09-11","2025-09-11",64571
42676,"2025-09-11","2025OP003907",405,5,"OB Enviada à instituição bancária para pagamento","2025-09-12","2025-09-12","2025OB003906","2025NS017716","2025-09-11","2025-09-11",64573
42675,"2025-09-11","2025OP003906",405,5,"OB Enviada à instituição bancária para pagamento","2025-09-12","2025-09-12","2025OB003913","2025NS017715","2025-09-11","2025-09-11",64644
42664,"2025-09-11","2025OP003895",405,5,"OB Enviada à instituição bancária para pagamento","2025-09-12","2025-09-12","2025OB003899","2025NS017704","2025-09-11","2025-09-11",64409
42587,"2025-09-11","2025OP003818",405,5,"OB Enviada à instituição bancária para pagamento","2025-09-12","2025-09-12","2025OB003820","2025NS017627","2025-09-11","2025-09-11",64238
43593,"2025-09-29","2025OP004833",405,3,"Aguardando assinaturas do ordenador de despesas e/ou gestor financeiro","2025-09-29",,,"2025NS020048",,,65093
40801,"2025-09-09","2025OP002032",405,5,"OB Enviada à instituição bancária para pagamento","2025-09-09","2025-09-09","2025OB002032","2025NS014200","2025-09-09","2025-09-09",61191
43687,"2025-09-29","2025OP004927",405,3,"Aguardando assinaturas do ordenador de despesas e/ou gestor financeiro","2025-09-29",,,"2025NS020142",,,65498
40808,"2025-09-09","2025OP002039",405,5,"OB Enviada à instituição bancária para pagamento","2025-09-09","2025-09-09","2025OB002039","2025NS014207","2025-09-09","2025-09-09",62209
40802,"2025-09-09","2025OP002033",405,5,"OB Enviada à instituição bancária para pagamento","2025-09-09","2025-09-09","2025OB002033","2025NS014201","2025-09-09","2025-09-09",62586
40792,"2025-09-09","2025OP002023",405,5,"OB Enviada à instituição bancária para pagamento","2025-09-09","2025-09-09","2025OB002015","2025NS014191","2025-09-09","2025-09-09",62699
40811,"2025-09-09","2025OP002042",405,5,"OB Enviada à instituição bancária para pagamento","2025-09-09","2025-09-09","2025OB002042","2025NS014210","2025-09-09","2025-09-09",62758
40812,"2025-09-09","2025OP002043",405,5,"OB Enviada à instituição bancária para pagamento","2025-09-09","2025-09-09","2025OB002043","2025NS014211","2025-09-09","2025-09-09",62765
40798,"2025-09-09","2025OP002029",405,5,"OB Enviada à instituição bancária para pagamento","2025-09-09","2025-09-09","2025OB002027","2025NS014197","2025-09-09","2025-09-09",62929
43684,"2025-09-29","2025OP004924",405,3,"Aguardando assinaturas do ordenador de despesas e/ou gestor financeiro","2025-09-29",,,"2025NS020139",,,65500
42672,"2025-09-11","2025OP003903",405,5,"OB Enviada à instituição bancária para pagamento","2025-09-12","2025-09-12","2025OB003905","2025NS017712","2025-09-11","2025-09-11",64874
42666,"2025-09-11","2025OP003897",405,5,"OB Enviada à instituição bancária para pagamento","2025-09-12","2025-09-12","2025OB003883","2025NS017706","2025-09-11","2025-09-11",63701
42678,"2025-09-11","2025OP003909",405,5,"OB Enviada à instituição bancária para pagamento","2025-09-12","2025-09-12","2025OB003914","2025NS017718","2025-09-11","2025-09-11",64664
42665,"2025-09-11","2025OP003896",405,5,"OB Enviada à instituição bancária para pagamento","2025-09-12","2025-09-12","2025OB003897","2025NS017705","2025-09-11","2025-09-11",64792
42679,"2025-09-11","2025OP003910",405,5,"OB Enviada à instituição bancária para pagamento","2025-09-12","2025-09-12","2025OB003907","2025NS017719","2025-09-11","2025-09-11",63281
42668,"2025-09-11","2025OP003899",405,5,"OB Enviada à instituição bancária para pagamento","2025-09-12","2025-09-12","2025OB003892","2025NS017708","2025-09-11","2025-09-11",63787
43686,"2025-09-29","2025OP004926",405,3,"Aguardando assinaturas do ordenador de despesas e/ou gestor financeiro","2025-09-29",,,"2025NS020141",,,65496
43688,"2025-09-29","2025OP004928",405,3,"Aguardando assinaturas do ordenador de despesas e/ou gestor financeiro","2025-09-29",,,"2025NS020143",,,65497
43685,"2025-09-29","2025OP004925",405,3,"Aguardando assinaturas do ordenador de despesas e/ou gestor financeiro","2025-09-29",,,"2025NS020140",,,65499
40800,"2025-09-09","2025OP002031",405,5,"OB Enviada à instituição bancária para pagamento","2025-09-09","2025-09-09","2025OB002031","2025NS014199","2025-09-09","2025-09-09",60718
40831,"2025-09-09","2025OP002062",405,5,"OB Enviada à instituição bancária para pagamento","2025-09-09","2025-09-09","2025OB002062","2025NS014230","2025-09-09","2025-09-09",62272
40813,"2025-09-09","2025OP002044",405,5,"OB Enviada à instituição bancária para pagamento","2025-09-09","2025-09-09","2025OB002044","2025NS014212","2025-09-09","2025-09-09",61174
40823,"2025-09-09","2025OP002054",405,5,"OB Enviada à instituição bancária para pagamento","2025-09-09","2025-09-09","2025OB002054","2025NS014222","2025-09-09","2025-09-09",61192
40827,"2025-09-09","2025OP002058",405,5,"OB Enviada à instituição bancária para pagamento","2025-09-09","2025-09-09","2025OB002058","2025NS014226","2025-09-09","2025-09-09",61193
40820,"2025-09-09","2025OP002051",405,5,"OB Enviada à instituição bancária para pagamento","2025-09-09","2025-09-09","2025OB002051","2025NS014219","2025-09-09","2025-09-09",61194
40832,"2025-09-09","2025OP002063",405,5,"OB Enviada à instituição bancária para pagamento","2025-09-09","2025-09-09","2025OB002063","2025NS014231","2025-09-09","2025-09-09",61801
40843,"2025-09-09","2025OP002074",405,5,"OB Enviada à instituição bancária para pagamento","2025-09-09","2025-09-09","2025OB002074","2025NS014242","2025-09-09","2025-09-09",61855
42684,"2025-09-11","2025OP003915",405,5,"OB Enviada à instituição bancária para pagamento","2025-09-12","2025-09-12","2025OB003915","2025NS017724","2025-09-11","2025-09-11",64348
42674,"2025-09-11","2025OP003905",405,5,"OB Enviada à instituição bancária para pagamento","2025-09-12","2025-09-12","2025OB003887","2025NS017714","2025-09-11","2025-09-11",64878
40818,"2025-09-09","2025OP002049",405,5,"OB Enviada à instituição bancária para pagamento","2025-09-09","2025-09-09","2025OB002049","2025NS014217","2025-09-09","2025-09-09",61883
40815,"2025-09-09","2025OP002046",405,5,"OB Enviada à instituição bancária para pagamento","2025-09-09","2025-09-09","2025OB002046","2025NS014214","2025-09-09","2025-09-09",62271
40830,"2025-09-09","2025OP002061",405,5,"OB Enviada à instituição bancária para pagamento","2025-09-09","2025-09-09","2025OB002061","2025NS014229","2025-09-09","2025-09-09",62314
40795,"2025-09-09","2025OP002026",405,5,"OB Enviada à instituição bancária para pagamento","2025-09-09","2025-09-09","2025OB002021","2025NS014194","2025-09-09","2025-09-09",62859
42682,"2025-09-11","2025OP003913",405,5,"OB Enviada à instituição bancária para pagamento","2025-09-12","2025-09-12","2025OB003912","2025NS017722","2025-09-11","2025-09-11",64347
43691,"2025-09-29","2025OP004931",405,3,"Aguardando assinaturas do ordenador de despesas e/ou gestor financeiro","2025-09-29",,,"2025NS020146",,,65501
43690,"2025-09-29","2025OP004930",405,3,"Aguardando assinaturas do ordenador de despesas e/ou gestor financeiro","2025-09-29",,,"2025NS020145",,,65502
40836,"2025-09-09","2025OP002067",405,5,"OB Enviada à instituição bancária para pagamento","2025-09-09","2025-09-09","2025OB002067","2025NS014235","2025-09-09","2025-09-09",60655
40847,"2025-09-09","2025OP002078",405,5,"OB Enviada à instituição bancária para pagamento","2025-09-09","2025-09-09","2025OB002078","2025NS014246","2025-09-09","2025-09-09",61195
40845,"2025-09-09","2025OP002076",405,5,"OB Enviada à instituição bancária para pagamento","2025-09-09","2025-09-09","2025OB002076","2025NS014244","2025-09-09","2025-09-09",61213
40825,"2025-09-09","2025OP002056",405,5,"OB Enviada à instituição bancária para pagamento","2025-09-09","2025-09-09","2025OB002056","2025NS014224","2025-09-09","2025-09-09",61665
40821,"2025-09-09","2025OP002052",405,5,"OB Enviada à instituição bancária para pagamento","2025-09-09","2025-09-09","2025OB002052","2025NS014220","2025-09-09","2025-09-09",62155
40846,"2025-09-09","2025OP002077",405,5,"OB Enviada à instituição bancária para pagamento","2025-09-09","2025-09-09","2025OB002077","2025NS014245","2025-09-09","2025-09-09",62316
40856,"2025-09-09","2025OP002087",405,5,"OB Enviada à instituição bancária para pagamento","2025-09-09","2025-09-09","2025OB002087","2025NS014255","2025-09-09","2025-09-09",62559
42683,"2025-09-11","2025OP003914",405,5,"OB Enviada à instituição bancária para pagamento","2025-09-12","2025-09-12","2025OB003910","2025NS017723","2025-09-11","2025-09-11",63796
40814,"2025-09-09","2025OP002045",405,5,"OB Enviada à instituição bancária para pagamento","2025-09-09","2025-09-09","2025OB002045","2025NS014213","2025-09-09","2025-09-09",62319
42688,"2025-09-11","2025OP003919",405,5,"OB Enviada à instituição bancária para pagamento","2025-09-12","2025-09-12","2025OB003935","2025NS017728","2025-09-11","2025-09-11",64557
42685,"2025-09-11","2025OP003916",405,5,"OB Enviada à instituição bancária para pagamento","2025-09-12","2025-09-12","2025OB003916","2025NS017725","2025-09-11","2025-09-11",64201
42686,"2025-09-11","2025OP003917",405,5,"OB Enviada à instituição bancária para pagamento","2025-09-12","2025-09-12","2025OB003917","2025NS017726","2025-09-11","2025-09-11",64449
40844,"2025-09-09","2025OP002075",405,5,"OB Enviada à instituição bancária para pagamento","2025-09-09","2025-09-09","2025OB002075","2025NS014243","2025-09-09","2025-09-09",62482
40816,"2025-09-09","2025OP002047",405,5,"OB Enviada à instituição bancária para pagamento","2025-09-09","2025-09-09","2025OB002047","2025NS014215","2025-09-09","2025-09-09",60719
40867,"2025-09-09","2025OP002098",405,5,"OB Enviada à instituição bancária para pagamento","2025-09-09","2025-09-09","2025OB002098","2025NS014266","2025-09-09","2025-09-09",61185
40857,"2025-09-09","2025OP002088",405,5,"OB Enviada à instituição bancária para pagamento","2025-09-09","2025-09-09","2025OB002088","2025NS014256","2025-09-09","2025-09-09",62156
40869,"2025-09-09","2025OP002100",405,5,"OB Enviada à instituição bancária para pagamento","2025-09-09","2025-09-09","2025OB002100","2025NS014268","2025-09-09","2025-09-09",62665
42714,"2025-09-11","2025OP003945",405,5,"OB Enviada à instituição bancária para pagamento","2025-09-12","2025-09-12","2025OB003952","2025NS017754","2025-09-11","2025-09-11",63702
42709,"2025-09-11","2025OP003940",405,5,"OB Enviada à instituição bancária para pagamento","2025-09-12","2025-09-12","2025OB003926","2025NS017749","2025-09-11","2025-09-11",63711
42713,"2025-09-11","2025OP003944",405,5,"OB Enviada à instituição bancária para pagamento","2025-09-12","2025-09-12","2025OB003951","2025NS017753","2025-09-11","2025-09-11",63487
42712,"2025-09-11","2025OP003943",405,5,"OB Enviada à instituição bancária para pagamento","2025-09-12","2025-09-12","2025OB003946","2025NS017752","2025-09-11","2025-09-11",64388
43701,"2025-09-29","2025OP004941",405,3,"Aguardando assinaturas do ordenador de despesas e/ou gestor financeiro","2025-09-29",,,"2025NS020156",,,65506
40874,"2025-09-09","2025OP002105",405,5,"OB Enviada à instituição bancária para pagamento","2025-09-09","2025-09-09","2025OB002105","2025NS014273","2025-09-09","2025-09-09",60835
40875,"2025-09-09","2025OP002106",405,5,"OB Enviada à instituição bancária para pagamento","2025-09-09","2025-09-09","2025OB002106","2025NS014274","2025-09-09","2025-09-09",61214
40870,"2025-09-09","2025OP002101",405,5,"OB Enviada à instituição bancária para pagamento","2025-09-09","2025-09-09","2025OB002101","2025NS014269","2025-09-09","2025-09-09",61746
40915,"2025-09-09","2025OP002146",405,5,"OB Enviada à instituição bancária para pagamento","2025-09-09","2025-09-09","2025OB002146","2025NS014314","2025-09-09","2025-09-09",61747
40902,"2025-09-09","2025OP002133",405,5,"OB Enviada à instituição bancária para pagamento","2025-09-09","2025-09-09","2025OB002133","2025NS014301","2025-09-09","2025-09-09",62320
40901,"2025-09-09","2025OP002132",405,5,"OB Enviada à instituição bancária para pagamento","2025-09-09","2025-09-09","2025OB002132","2025NS014300","2025-09-09","2025-09-09",62610
42715,"2025-09-11","2025OP003946",405,5,"OB Enviada à instituição bancária para pagamento","2025-09-12","2025-09-12","2025OB003945","2025NS017755","2025-09-11","2025-09-11",64052
40903,"2025-09-09","2025OP002134",405,5,"OB Enviada à instituição bancária para pagamento","2025-09-09","2025-09-09","2025OB002134","2025NS014302","2025-09-09","2025-09-09",62624
43711,"2025-09-29","2025OP004951",405,3,"Aguardando assinaturas do ordenador de despesas e/ou gestor financeiro","2025-09-29",,,"2025NS020166",,,65508
42717,"2025-09-11","2025OP003948",405,5,"OB Enviada à instituição bancária para pagamento","2025-09-12","2025-09-12","2025OB003953","2025NS017757","2025-09-11","2025-09-11",64558
42220,"2025-09-11","2025OP003451",405,5,"OB Enviada à instituição bancária para pagamento","2025-09-12","2025-09-12","2025OB003447","2025NS017260","2025-09-11","2025-09-11",64689
43700,"2025-09-29","2025OP004940",405,3,"Aguardando assinaturas do ordenador de despesas e/ou gestor financeiro","2025-09-29",,,"2025NS020155",,,65507
42760,"2025-09-11","2025OP003991",405,5,"OB Enviada à instituição bancária para pagamento","2025-09-12","2025-09-12","2025OB003975","2025NS017800","2025-09-11","2025-09-11",64349
43469,"2025-09-29","2025OP004709",405,3,"Aguardando assinaturas do ordenador de despesas e/ou gestor financeiro","2025-09-29",,,"2025NS019924",,,65102
40872,"2025-09-09","2025OP002103",405,5,"OB Enviada à instituição bancária para pagamento","2025-09-09","2025-09-09","2025OB002103","2025NS014271","2025-09-09","2025-09-09",60710
40936,"2025-09-09","2025OP002167",405,5,"OB Enviada à instituição bancária para pagamento","2025-09-09","2025-09-09","2025OB002167","2025NS014335","2025-09-09","2025-09-09",61105
40914,"2025-09-09","2025OP002145",405,5,"OB Enviada à instituição bancária para pagamento","2025-09-09","2025-09-09","2025OB002145","2025NS014313","2025-09-09","2025-09-09",61577
40935,"2025-09-09","2025OP002166",405,5,"OB Enviada à instituição bancária para pagamento","2025-09-09","2025-09-09","2025OB002166","2025NS014334","2025-09-09","2025-09-09",62588
40912,"2025-09-09","2025OP002143",405,5,"OB Enviada à instituição bancária para pagamento","2025-09-09","2025-09-09","2025OB002143","2025NS014311","2025-09-09","2025-09-09",62604
42781,"2025-09-11","2025OP004012",405,5,"OB Enviada à instituição bancária para pagamento","2025-09-12","2025-09-12","2025OB004015","2025NS017821","2025-09-11","2025-09-11",63747
42776,"2025-09-11","2025OP004007",405,5,"OB Enviada à instituição bancária para pagamento","2025-09-12","2025-09-12","2025OB003994","2025NS017816","2025-09-11","2025-09-11",63925
42780,"2025-09-11","2025OP004011",405,5,"OB Enviada à instituição bancária para pagamento","2025-09-12","2025-09-12","2025OB004014","2025NS017820","2025-09-11","2025-09-11",64572
43723,"2025-09-29","2025OP004963",405,3,"Aguardando assinaturas do ordenador de despesas e/ou gestor financeiro","2025-09-29",,,"2025NS020178",,,65510
40952,"2025-09-09","2025OP002183",405,5,"OB Enviada à instituição bancária para pagamento","2025-09-09","2025-09-09","2025OB002183","2025NS014351","2025-09-09","2025-09-09",61215
40944,"2025-09-09","2025OP002175",405,5,"OB Enviada à instituição bancária para pagamento","2025-09-09","2025-09-09","2025OB002175","2025NS014343","2025-09-09","2025-09-09",62274
40946,"2025-09-09","2025OP002177",405,5,"OB Enviada à instituição bancária para pagamento","2025-09-09","2025-09-09","2025OB002177","2025NS014345","2025-09-09","2025-09-09",62321
40947,"2025-09-09","2025OP002178",405,5,"OB Enviada à instituição bancária para pagamento","2025-09-09","2025-09-09","2025OB002178","2025NS014346","2025-09-09","2025-09-09",62323
40943,"2025-09-09","2025OP002174",405,5,"OB Enviada à instituição bancária para pagamento","2025-09-09","2025-09-09","2025OB002174","2025NS014342","2025-09-09","2025-09-09",62326
40948,"2025-09-09","2025OP002179",405,5,"OB Enviada à instituição bancária para pagamento","2025-09-09","2025-09-09","2025OB002179","2025NS014347","2025-09-09","2025-09-09",62415
40949,"2025-09-09","2025OP002180",405,5,"OB Enviada à instituição bancária para pagamento","2025-09-09","2025-09-09","2025OB002180","2025NS014348","2025-09-09","2025-09-09",62589
42782,"2025-09-11","2025OP004013",405,5,"OB Enviada à instituição bancária para pagamento","2025-09-12","2025-09-12","2025OB004008","2025NS017822","2025-09-11","2025-09-11",63788
40942,"2025-09-09","2025OP002173",405,5,"OB Enviada à instituição bancária para pagamento","2025-09-09","2025-09-09","2025OB002173","2025NS014341","2025-09-09","2025-09-09",62716
40940,"2025-09-09","2025OP002171",405,5,"OB Enviada à instituição bancária para pagamento","2025-09-09","2025-09-09","2025OB002171","2025NS014339","2025-09-09","2025-09-09",62990
42778,"2025-09-11","2025OP004009",405,5,"OB Enviada à instituição bancária para pagamento","2025-09-12","2025-09-12","2025OB004000","2025NS017818","2025-09-11","2025-09-11",63994
42779,"2025-09-11","2025OP004010",405,5,"OB Enviada à instituição bancária para pagamento","2025-09-12","2025-09-12","2025OB004013","2025NS017819","2025-09-11","2025-09-11",64547
42784,"2025-09-11","2025OP004015",405,5,"OB Enviada à instituição bancária para pagamento","2025-09-12","2025-09-12","2025OB004011","2025NS017824","2025-09-11","2025-09-11",64574
42785,"2025-09-11","2025OP004016",405,5,"OB Enviada à instituição bancária para pagamento","2025-09-12","2025-09-12","2025OB004016","2025NS017825","2025-09-11","2025-09-11",64559
40953,"2025-09-09","2025OP002184",405,5,"OB Enviada à instituição bancária para pagamento","2025-09-09","2025-09-09","2025OB002184","2025NS014352","2025-09-09","2025-09-09",60883
40964,"2025-09-09","2025OP002195",405,5,"OB Enviada à instituição bancária para pagamento","2025-09-09","2025-09-09","2025OB002195","2025NS014363","2025-09-09","2025-09-09",62606
40957,"2025-09-09","2025OP002188",405,5,"OB Enviada à instituição bancária para pagamento","2025-09-09","2025-09-09","2025OB002188","2025NS014356","2025-09-09","2025-09-09",61180
40966,"2025-09-09","2025OP002197",405,5,"OB Enviada à instituição bancária para pagamento","2025-09-09","2025-09-09","2025OB002197","2025NS014365","2025-09-09","2025-09-09",61167
40963,"2025-09-09","2025OP002194",405,5,"OB Enviada à instituição bancária para pagamento","2025-09-09","2025-09-09","2025OB002194","2025NS014362","2025-09-09","2025-09-09",61196
40967,"2025-09-09","2025OP002198",405,5,"OB Enviada à instituição bancária para pagamento","2025-09-09","2025-09-09","2025OB002198","2025NS014366","2025-09-09","2025-09-09",61707
40950,"2025-09-09","2025OP002181",405,5,"OB Enviada à instituição bancária para pagamento","2025-09-09","2025-09-09","2025OB002181","2025NS014349","2025-09-09","2025-09-09",61772
40951,"2025-09-09","2025OP002182",405,5,"OB Enviada à instituição bancária para pagamento","2025-09-09","2025-09-09","2025OB002182","2025NS014350","2025-09-09","2025-09-09",62808
40969,"2025-09-09","2025OP002200",405,5,"OB Enviada à instituição bancária para pagamento","2025-09-09","2025-09-09","2025OB002200","2025NS014368","2025-09-09","2025-09-09",62434
42790,"2025-09-11","2025OP004021",405,5,"OB Enviada à instituição bancária para pagamento","2025-09-12","2025-09-12","2025OB004037","2025NS017830","2025-09-11","2025-09-11",63283
42791,"2025-09-11","2025OP004022",405,5,"OB Enviada à instituição bancária para pagamento","2025-09-12","2025-09-12","2025OB004025","2025NS017831","2025-09-11","2025-09-11",64575
40958,"2025-09-09","2025OP002189",405,5,"OB Enviada à instituição bancária para pagamento","2025-09-09","2025-09-09","2025OB002189","2025NS014357","2025-09-09","2025-09-09",62909
40968,"2025-09-09","2025OP002199",405,5,"OB Enviada à instituição bancária para pagamento","2025-09-09","2025-09-09","2025OB002199","2025NS014367","2025-09-09","2025-09-09",62922
40413,"2025-09-09","2025OP001644",405,5,"OB Enviada à instituição bancária para pagamento","2025-09-09","2025-09-09","2025OB001643","2025NS013812","2025-09-09","2025-09-09",62943
43725,"2025-09-29","2025OP004965",405,3,"Aguardando assinaturas do ordenador de despesas e/ou gestor financeiro","2025-09-29",,,"2025NS020180",,,65511
40962,"2025-09-09","2025OP002193",405,5,"OB Enviada à instituição bancária para pagamento","2025-09-09","2025-09-09","2025OB002193","2025NS014361","2025-09-09","2025-09-09",61295
40982,"2025-09-09","2025OP002213",405,5,"OB Enviada à instituição bancária para pagamento","2025-09-09","2025-09-09","2025OB002222","2025NS014381","2025-09-09","2025-09-09",61773
40979,"2025-09-09","2025OP002210",405,5,"OB Enviada à instituição bancária para pagamento","2025-09-09","2025-09-09","2025OB002216","2025NS014378","2025-09-09","2025-09-09",61906
40955,"2025-09-09","2025OP002186",405,5,"OB Enviada à instituição bancária para pagamento","2025-09-09","2025-09-09","2025OB002186","2025NS014354","2025-09-09","2025-09-09",62275
40980,"2025-09-09","2025OP002211",405,5,"OB Enviada à instituição bancária para pagamento","2025-09-09","2025-09-09","2025OB002218","2025NS014379","2025-09-09","2025-09-09",62327
40981,"2025-09-09","2025OP002212",405,5,"OB Enviada à instituição bancária para pagamento","2025-09-09","2025-09-09","2025OB002220","2025NS014380","2025-09-09","2025-09-09",62167
40987,"2025-09-09","2025OP002218",405,5,"OB Enviada à instituição bancária para pagamento","2025-09-09","2025-09-09","2025OB002205","2025NS014386","2025-09-09","2025-09-09",62684
43726,"2025-09-29","2025OP004966",405,3,"Aguardando assinaturas do ordenador de despesas e/ou gestor financeiro","2025-09-29",,,"2025NS020181",,,65514
40977,"2025-09-09","2025OP002208",405,5,"OB Enviada à instituição bancária para pagamento","2025-09-09","2025-09-09","2025OB002212","2025NS014376","2025-09-09","2025-09-09",62963
42793,"2025-09-11","2025OP004024",405,5,"OB Enviada à instituição bancária para pagamento","2025-09-12","2025-09-12","2025OB004031","2025NS017833","2025-09-11","2025-09-11",63960
42799,"2025-09-11","2025OP004030",405,5,"OB Enviada à instituição bancária para pagamento","2025-09-12","2025-09-12","2025OB004029","2025NS017839","2025-09-11","2025-09-11",64166
43730,"2025-09-29","2025OP004970",405,3,"Aguardando assinaturas do ordenador de despesas e/ou gestor financeiro","2025-09-29",,,"2025NS020185",,,65513
43728,"2025-09-29","2025OP004968",405,3,"Aguardando assinaturas do ordenador de despesas e/ou gestor financeiro","2025-09-29",,,"2025NS020183",,,65517
43729,"2025-09-29","2025OP004969",405,3,"Aguardando assinaturas do ordenador de despesas e/ou gestor financeiro","2025-09-29",,,"2025NS020184",,,65518
40976,"2025-09-09","2025OP002207",405,5,"OB Enviada à instituição bancária para pagamento","2025-09-09","2025-09-09","2025OB002210","2025NS014375","2025-09-09","2025-09-09",60874
41002,"2025-09-09","2025OP002233",405,5,"OB Enviada à instituição bancária para pagamento","2025-09-09","2025-09-09","2025OB002233","2025NS014401","2025-09-09","2025-09-09",61197
40988,"2025-09-09","2025OP002219",405,5,"OB Enviada à instituição bancária para pagamento","2025-09-09","2025-09-09","2025OB002207","2025NS014387","2025-09-09","2025-09-09",61231
41010,"2025-09-09","2025OP002241",405,5,"OB Enviada à instituição bancária para pagamento","2025-09-09","2025-09-09","2025OB002241","2025NS014409","2025-09-09","2025-09-09",61312
41001,"2025-09-09","2025OP002232",405,5,"OB Enviada à instituição bancária para pagamento","2025-09-09","2025-09-09","2025OB002232","2025NS014400","2025-09-09","2025-09-09",62077
41006,"2025-09-09","2025OP002237",405,5,"OB Enviada à instituição bancária para pagamento","2025-09-09","2025-09-09","2025OB002237","2025NS014405","2025-09-09","2025-09-09",62168
41004,"2025-09-09","2025OP002235",405,5,"OB Enviada à instituição bancária para pagamento","2025-09-09","2025-09-09","2025OB002235","2025NS014403","2025-09-09","2025-09-09",62285
41003,"2025-09-09","2025OP002234",405,5,"OB Enviada à instituição bancária para pagamento","2025-09-09","2025-09-09","2025OB002234","2025NS014402","2025-09-09","2025-09-09",62337
42806,"2025-09-11","2025OP004037",405,5,"OB Enviada à instituição bancária para pagamento","2025-09-12","2025-09-12","2025OB004020","2025NS017846","2025-09-11","2025-09-11",64881
42812,"2025-09-11","2025OP004043",405,5,"OB Enviada à instituição bancária para pagamento","2025-09-12","2025-09-12","2025OB004060","2025NS017852","2025-09-11","2025-09-11",64886
43733,"2025-09-29","2025OP004973",405,3,"Aguardando assinaturas do ordenador de despesas e/ou gestor financeiro","2025-09-29",,,"2025NS020188",,,65515
40989,"2025-09-09","2025OP002220",405,5,"OB Enviada à instituição bancária para pagamento","2025-09-09","2025-09-09","2025OB002209","2025NS014388","2025-09-09","2025-09-09",62852
41007,"2025-09-09","2025OP002238",405,5,"OB Enviada à instituição bancária para pagamento","2025-09-09","2025-09-09","2025OB002238","2025NS014406","2025-09-09","2025-09-09",62970
41005,"2025-09-09","2025OP002236",405,5,"OB Enviada à instituição bancária para pagamento","2025-09-09","2025-09-09","2025OB002236","2025NS014404","2025-09-09","2025-09-09",62972
41009,"2025-09-09","2025OP002240",405,5,"OB Enviada à instituição bancária para pagamento","2025-09-09","2025-09-09","2025OB002240","2025NS014408","2025-09-09","2025-09-09",63252
42807,"2025-09-11","2025OP004038",405,5,"OB Enviada à instituição bancária para pagamento","2025-09-12","2025-09-12","2025OB004036","2025NS017847","2025-09-11","2025-09-11",64577
43734,"2025-09-29","2025OP004974",405,3,"Aguardando assinaturas do ordenador de despesas e/ou gestor financeiro","2025-09-29",,,"2025NS020189",,,65516
41157,"2025-09-09","2025OP002388",405,5,"OB Enviada à instituição bancária para pagamento","2025-09-09","2025-09-09","2025OB002388","2025NS014556","2025-09-09","2025-09-09",62078
41024,"2025-09-09","2025OP002255",405,5,"OB Enviada à instituição bancária para pagamento","2025-09-09","2025-09-09","2025OB002255","2025NS014423","2025-09-09","2025-09-09",61157
41027,"2025-09-09","2025OP002258",405,5,"OB Enviada à instituição bancária para pagamento","2025-09-09","2025-09-09","2025OB002258","2025NS014426","2025-09-09","2025-09-09",60898
41023,"2025-09-09","2025OP002254",405,5,"OB Enviada à instituição bancária para pagamento","2025-09-09","2025-09-09","2025OB002254","2025NS014422","2025-09-09","2025-09-09",61097
41028,"2025-09-09","2025OP002259",405,5,"OB Enviada à instituição bancária para pagamento","2025-09-09","2025-09-09","2025OB002259","2025NS014427","2025-09-09","2025-09-09",61091
41012,"2025-09-09","2025OP002243",405,5,"OB Enviada à instituição bancária para pagamento","2025-09-09","2025-09-09","2025OB002243","2025NS014411","2025-09-09","2025-09-09",61198
41020,"2025-09-09","2025OP002251",405,5,"OB Enviada à instituição bancária para pagamento","2025-09-09","2025-09-09","2025OB002251","2025NS014419","2025-09-09","2025-09-09",61284
43732,"2025-09-29","2025OP004972",405,3,"Aguardando assinaturas do ordenador de despesas e/ou gestor financeiro","2025-09-29",,,"2025NS020187",,,65519
43738,"2025-09-29","2025OP004978",405,3,"Aguardando assinaturas do ordenador de despesas e/ou gestor financeiro","2025-09-29",,,"2025NS020193",,,65520
43735,"2025-09-29","2025OP004975",405,3,"Aguardando assinaturas do ordenador de despesas e/ou gestor financeiro","2025-09-29",,,"2025NS020190",,,65522
42818,"2025-09-11","2025OP004049",405,5,"OB Enviada à instituição bancária para pagamento","2025-09-12","2025-09-12","2025OB004062","2025NS017858","2025-09-11","2025-09-11",64548
41015,"2025-09-09","2025OP002246",405,5,"OB Enviada à instituição bancária para pagamento","2025-09-09","2025-09-09","2025OB002246","2025NS014414","2025-09-09","2025-09-09",61848
41011,"2025-09-09","2025OP002242",405,5,"OB Enviada à instituição bancária para pagamento","2025-09-09","2025-09-09","2025OB002242","2025NS014410","2025-09-09","2025-09-09",62092
41013,"2025-09-09","2025OP002244",405,5,"OB Enviada à instituição bancária para pagamento","2025-09-09","2025-09-09","2025OB002244","2025NS014412","2025-09-09","2025-09-09",62341
43736,"2025-09-29","2025OP004976",405,3,"Aguardando assinaturas do ordenador de despesas e/ou gestor financeiro","2025-09-29",,,"2025NS020191",,,65525
43377,"2025-09-29","2025OP004617",405,3,"Aguardando assinaturas do ordenador de despesas e/ou gestor financeiro","2025-09-29",,,"2025NS019832",,,65017
41029,"2025-09-09","2025OP002260",405,5,"OB Enviada à instituição bancária para pagamento","2025-09-09","2025-09-09","2025OB002260","2025NS014428","2025-09-09","2025-09-09",62435
41014,"2025-09-09","2025OP002245",405,5,"OB Enviada à instituição bancária para pagamento","2025-09-09","2025-09-09","2025OB002245","2025NS014413","2025-09-09","2025-09-09",62728
41022,"2025-09-09","2025OP002253",405,5,"OB Enviada à instituição bancária para pagamento","2025-09-09","2025-09-09","2025OB002253","2025NS014421","2025-09-09","2025-09-09",63184
42819,"2025-09-11","2025OP004050",405,5,"OB Enviada à instituição bancária para pagamento","2025-09-12","2025-09-12","2025OB004065","2025NS017859","2025-09-11","2025-09-11",64304
43740,"2025-09-29","2025OP004980",405,3,"Aguardando assinaturas do ordenador de despesas e/ou gestor financeiro","2025-09-29",,,"2025NS020195",,,65523
43737,"2025-09-29","2025OP004977",405,3,"Aguardando assinaturas do ordenador de despesas e/ou gestor financeiro","2025-09-29",,,"2025NS020192",,,65524
41057,"2025-09-09","2025OP002288",405,5,"OB Enviada à instituição bancária para pagamento","2025-09-09","2025-09-09","2025OB002288","2025NS014456","2025-09-09","2025-09-09",61258
41047,"2025-09-09","2025OP002278",405,5,"OB Enviada à instituição bancária para pagamento","2025-09-09","2025-09-09","2025OB002278","2025NS014446","2025-09-09","2025-09-09",61311
41052,"2025-09-09","2025OP002283",405,5,"OB Enviada à instituição bancária para pagamento","2025-09-09","2025-09-09","2025OB002283","2025NS014451","2025-09-09","2025-09-09",61774
41043,"2025-09-09","2025OP002274",405,5,"OB Enviada à instituição bancária para pagamento","2025-09-09","2025-09-09","2025OB002274","2025NS014442","2025-09-09","2025-09-09",62287
41046,"2025-09-09","2025OP002277",405,5,"OB Enviada à instituição bancária para pagamento","2025-09-09","2025-09-09","2025OB002277","2025NS014445","2025-09-09","2025-09-09",62608
41050,"2025-09-09","2025OP002281",405,5,"OB Enviada à instituição bancária para pagamento","2025-09-09","2025-09-09","2025OB002281","2025NS014449","2025-09-09","2025-09-09",62701
41049,"2025-09-09","2025OP002280",405,5,"OB Enviada à instituição bancária para pagamento","2025-09-09","2025-09-09","2025OB002280","2025NS014448","2025-09-09","2025-09-09",62938
39093,"2025-09-09","2025OP000324",405,5,"OB Enviada à instituição bancária para pagamento","2025-09-09","2025-09-09","2025OB000312","2025NS012492","2025-09-09","2025-09-09",63272
43744,"2025-09-29","2025OP004984",405,3,"Aguardando assinaturas do ordenador de despesas e/ou gestor financeiro","2025-09-29",,,"2025NS020199",,,65526
42738,"2025-09-11","2025OP003969",405,5,"OB Enviada à instituição bancária para pagamento","2025-09-12","2025-09-12","2025OB003987","2025NS017778","2025-09-11","2025-09-11",63716
42836,"2025-09-11","2025OP004067",405,5,"OB Enviada à instituição bancária para pagamento","2025-09-12","2025-09-12","2025OB004066","2025NS017876","2025-09-11","2025-09-11",64445
42840,"2025-09-11","2025OP004071",405,5,"OB Enviada à instituição bancária para pagamento","2025-09-12","2025-09-12","2025OB004087","2025NS017880","2025-09-11","2025-09-11",63969
43746,"2025-09-29","2025OP004986",405,3,"Aguardando assinaturas do ordenador de despesas e/ou gestor financeiro","2025-09-29",,,"2025NS020201",,,65527
42827,"2025-09-11","2025OP004058",405,5,"OB Enviada à instituição bancária para pagamento","2025-09-12","2025-09-12","2025OB004053","2025NS017867","2025-09-11","2025-09-11",64551
42817,"2025-09-11","2025OP004048",405,5,"OB Enviada à instituição bancária para pagamento","2025-09-12","2025-09-12","2025OB004058","2025NS017857","2025-09-11","2025-09-11",64352
42831,"2025-09-11","2025OP004062",405,5,"OB Enviada à instituição bancária para pagamento","2025-09-12","2025-09-12","2025OB004055","2025NS017871","2025-09-11","2025-09-11",64486
41051,"2025-09-09","2025OP002282",405,5,"OB Enviada à instituição bancária para pagamento","2025-09-09","2025-09-09","2025OB002282","2025NS014450","2025-09-09","2025-09-09",60663
41074,"2025-09-09","2025OP002305",405,5,"OB Enviada à instituição bancária para pagamento","2025-09-09","2025-09-09","2025OB002306","2025NS014473","2025-09-09","2025-09-09",61776
41067,"2025-09-09","2025OP002298",405,5,"OB Enviada à instituição bancária para pagamento","2025-09-09","2025-09-09","2025OB002298","2025NS014466","2025-09-09","2025-09-09",62094
41077,"2025-09-09","2025OP002308",405,5,"OB Enviada à instituição bancária para pagamento","2025-09-09","2025-09-09","2025OB002312","2025NS014476","2025-09-09","2025-09-09",62232
41059,"2025-09-09","2025OP002290",405,5,"OB Enviada à instituição bancária para pagamento","2025-09-09","2025-09-09","2025OB002290","2025NS014458","2025-09-09","2025-09-09",62343
42853,"2025-09-11","2025OP004084",405,5,"OB Enviada à instituição bancária para pagamento","2025-09-12","2025-09-12","2025OB004080","2025NS017893","2025-09-11","2025-09-11",64506
43760,"2025-09-29","2025OP005000",405,3,"Aguardando assinaturas do ordenador de despesas e/ou gestor financeiro","2025-09-29",,,"2025NS020215",,,65528
41075,"2025-09-09","2025OP002306",405,5,"OB Enviada à instituição bancária para pagamento","2025-09-09","2025-09-09","2025OB002308","2025NS014474","2025-09-09","2025-09-09",62595
41076,"2025-09-09","2025OP002307",405,5,"OB Enviada à instituição bancária para pagamento","2025-09-09","2025-09-09","2025OB002310","2025NS014475","2025-09-09","2025-09-09",62611
42842,"2025-09-11","2025OP004073",405,5,"OB Enviada à instituição bancária para pagamento","2025-09-12","2025-09-12","2025OB004088","2025NS017882","2025-09-11","2025-09-11",63745
42843,"2025-09-11","2025OP004074",405,5,"OB Enviada à instituição bancária para pagamento","2025-09-12","2025-09-12","2025OB004072","2025NS017883","2025-09-11","2025-09-11",63943
42839,"2025-09-11","2025OP004070",405,5,"OB Enviada à instituição bancária para pagamento","2025-09-12","2025-09-12","2025OB004067","2025NS017879","2025-09-11","2025-09-11",64552
42854,"2025-09-11","2025OP004085",405,5,"OB Enviada à instituição bancária para pagamento","2025-09-12","2025-09-12","2025OB004073","2025NS017894","2025-09-11","2025-09-11",64553
42855,"2025-09-11","2025OP004086",405,5,"OB Enviada à instituição bancária para pagamento","2025-09-12","2025-09-12","2025OB004078","2025NS017895","2025-09-11","2025-09-11",64554
41094,"2025-09-09","2025OP002325",405,5,"OB Enviada à instituição bancária para pagamento","2025-09-09","2025-09-09","2025OB002319","2025NS014493","2025-09-09","2025-09-09",61835
41091,"2025-09-09","2025OP002322",405,5,"OB Enviada à instituição bancária para pagamento","2025-09-09","2025-09-09","2025OB002313","2025NS014490","2025-09-09","2025-09-09",61839
41082,"2025-09-09","2025OP002313",405,5,"OB Enviada à instituição bancária para pagamento","2025-09-09","2025-09-09","2025OB002322","2025NS014481","2025-09-09","2025-09-09",62095
41080,"2025-09-09","2025OP002311",405,5,"OB Enviada à instituição bancária para pagamento","2025-09-09","2025-09-09","2025OB002318","2025NS014479","2025-09-09","2025-09-09",62417
41083,"2025-09-09","2025OP002314",405,5,"OB Enviada à instituição bancária para pagamento","2025-09-09","2025-09-09","2025OB002324","2025NS014482","2025-09-09","2025-09-09",62974
42865,"2025-09-11","2025OP004096",405,5,"OB Enviada à instituição bancária para pagamento","2025-09-12","2025-09-12","2025OB004113","2025NS017905","2025-09-11","2025-09-11",63952
43296,"2025-09-29","2025OP004536",405,3,"Aguardando assinaturas do ordenador de despesas e/ou gestor financeiro","2025-09-29",,,"2025NS019751",,,65213
41106,"2025-09-09","2025OP002337",405,5,"OB Enviada à instituição bancária para pagamento","2025-09-09","2025-09-09","2025OB002337","2025NS014505","2025-09-09","2025-09-09",61309
42867,"2025-09-11","2025OP004098",405,5,"OB Enviada à instituição bancária para pagamento","2025-09-12","2025-09-12","2025OB004100","2025NS017907","2025-09-11","2025-09-11",64593
41098,"2025-09-09","2025OP002329",405,5,"OB Enviada à instituição bancária para pagamento","2025-09-09","2025-09-09","2025OB002327","2025NS014497","2025-09-09","2025-09-09",62848
41105,"2025-09-09","2025OP002336",405,5,"OB Enviada à instituição bancária para pagamento","2025-09-09","2025-09-09","2025OB002336","2025NS014504","2025-09-09","2025-09-09",62238
42872,"2025-09-11","2025OP004103",405,5,"OB Enviada à instituição bancária para pagamento","2025-09-12","2025-09-12","2025OB004104","2025NS017912","2025-09-11","2025-09-11",63606
42868,"2025-09-11","2025OP004099",405,5,"OB Enviada à instituição bancária para pagamento","2025-09-12","2025-09-12","2025OB004098","2025NS017908","2025-09-11","2025-09-11",63312
41168,"2025-09-09","2025OP002399",405,5,"OB Enviada à instituição bancária para pagamento","2025-09-09","2025-09-09","2025OB002399","2025NS014567","2025-09-09","2025-09-09",61294
42878,"2025-09-11","2025OP004109",405,5,"OB Enviada à instituição bancária para pagamento","2025-09-12","2025-09-12","2025OB004092","2025NS017918","2025-09-11","2025-09-11",64645
42874,"2025-09-11","2025OP004105",405,5,"OB Enviada à instituição bancária para pagamento","2025-09-12","2025-09-12","2025OB004093","2025NS017914","2025-09-11","2025-09-11",64222
41099,"2025-09-09","2025OP002330",405,5,"OB Enviada à instituição bancária para pagamento","2025-09-09","2025-09-09","2025OB002329","2025NS014498","2025-09-09","2025-09-09",60928
41113,"2025-09-09","2025OP002344",405,5,"OB Enviada à instituição bancária para pagamento","2025-09-09","2025-09-09","2025OB002344","2025NS014512","2025-09-09","2025-09-09",61206
41118,"2025-09-09","2025OP002349",405,5,"OB Enviada à instituição bancária para pagamento","2025-09-09","2025-09-09","2025OB002349","2025NS014517","2025-09-09","2025-09-09",61207
41097,"2025-09-09","2025OP002328",405,5,"OB Enviada à instituição bancária para pagamento","2025-09-09","2025-09-09","2025OB002325","2025NS014496","2025-09-09","2025-09-09",61857
41101,"2025-09-09","2025OP002332",405,5,"OB Enviada à instituição bancária para pagamento","2025-09-09","2025-09-09","2025OB002332","2025NS014500","2025-09-09","2025-09-09",61894
43766,"2025-09-29","2025OP005006",405,3,"Aguardando assinaturas do ordenador de despesas e/ou gestor financeiro","2025-09-29",,,"2025NS020221",,,65529
41103,"2025-09-09","2025OP002334",405,5,"OB Enviada à instituição bancária para pagamento","2025-09-09","2025-09-09","2025OB002334","2025NS014502","2025-09-09","2025-09-09",62797
43768,"2025-09-29","2025OP005008",405,3,"Aguardando assinaturas do ordenador de despesas e/ou gestor financeiro","2025-09-29",,,"2025NS020223",,,65531
41115,"2025-09-09","2025OP002346",405,5,"OB Enviada à instituição bancária para pagamento","2025-09-09","2025-09-09","2025OB002346","2025NS014514","2025-09-09","2025-09-09",62242
43769,"2025-09-29","2025OP005009",405,3,"Aguardando assinaturas do ordenador de despesas e/ou gestor financeiro","2025-09-29",,,"2025NS020224",,,65530
41109,"2025-09-09","2025OP002340",405,5,"OB Enviada à instituição bancária para pagamento","2025-09-09","2025-09-09","2025OB002340","2025NS014508","2025-09-09","2025-09-09",62293
41095,"2025-09-09","2025OP002326",405,5,"OB Enviada à instituição bancária para pagamento","2025-09-09","2025-09-09","2025OB002321","2025NS014494","2025-09-09","2025-09-09",62329
41114,"2025-09-09","2025OP002345",405,5,"OB Enviada à instituição bancária para pagamento","2025-09-09","2025-09-09","2025OB002345","2025NS014513","2025-09-09","2025-09-09",62799
41119,"2025-09-09","2025OP002350",405,5,"OB Enviada à instituição bancária para pagamento","2025-09-09","2025-09-09","2025OB002350","2025NS014518","2025-09-09","2025-09-09",62954
43767,"2025-09-29","2025OP005007",405,3,"Aguardando assinaturas do ordenador de despesas e/ou gestor financeiro","2025-09-29",,,"2025NS020222",,,65533
41100,"2025-09-09","2025OP002331",405,5,"OB Enviada à instituição bancária para pagamento","2025-09-09","2025-09-09","2025OB002331","2025NS014499","2025-09-09","2025-09-09",63072
42885,"2025-09-11","2025OP004116",405,5,"OB Enviada à instituição bancária para pagamento","2025-09-12","2025-09-12","2025OB004114","2025NS017925","2025-09-11","2025-09-11",64066
42870,"2025-09-11","2025OP004101",405,5,"OB Enviada à instituição bancária para pagamento","2025-09-12","2025-09-12","2025OB004112","2025NS017910","2025-09-11","2025-09-11",64280
43770,"2025-09-29","2025OP005010",405,3,"Aguardando assinaturas do ordenador de despesas e/ou gestor financeiro","2025-09-29",,,"2025NS020225",,,65534
41135,"2025-09-09","2025OP002366",405,5,"OB Enviada à instituição bancária para pagamento","2025-09-09","2025-09-09","2025OB002366","2025NS014534","2025-09-09","2025-09-09",61176
41140,"2025-09-09","2025OP002371",405,5,"OB Enviada à instituição bancária para pagamento","2025-09-09","2025-09-09","2025OB002371","2025NS014539","2025-09-09","2025-09-09",61690
41129,"2025-09-09","2025OP002360",405,5,"OB Enviada à instituição bancária para pagamento","2025-09-09","2025-09-09","2025OB002360","2025NS014528","2025-09-09","2025-09-09",62858
41142,"2025-09-09","2025OP002373",405,5,"OB Enviada à instituição bancária para pagamento","2025-09-09","2025-09-09","2025OB002373","2025NS014541","2025-09-09","2025-09-09",61694
41136,"2025-09-09","2025OP002367",405,5,"OB Enviada à instituição bancária para pagamento","2025-09-09","2025-09-09","2025OB002367","2025NS014535","2025-09-09","2025-09-09",61714
41131,"2025-09-09","2025OP002362",405,5,"OB Enviada à instituição bancária para pagamento","2025-09-09","2025-09-09","2025OB002362","2025NS014530","2025-09-09","2025-09-09",61777
41130,"2025-09-09","2025OP002361",405,5,"OB Enviada à instituição bancária para pagamento","2025-09-09","2025-09-09","2025OB002361","2025NS014529","2025-09-09","2025-09-09",61779
41127,"2025-09-09","2025OP002358",405,5,"OB Enviada à instituição bancária para pagamento","2025-09-09","2025-09-09","2025OB002358","2025NS014526","2025-09-09","2025-09-09",61866
41126,"2025-09-09","2025OP002357",405,5,"OB Enviada à instituição bancária para pagamento","2025-09-09","2025-09-09","2025OB002357","2025NS014525","2025-09-09","2025-09-09",62483
41132,"2025-09-09","2025OP002363",405,5,"OB Enviada à instituição bancária para pagamento","2025-09-09","2025-09-09","2025OB002363","2025NS014531","2025-09-09","2025-09-09",62486
41128,"2025-09-09","2025OP002359",405,5,"OB Enviada à instituição bancária para pagamento","2025-09-09","2025-09-09","2025OB002359","2025NS014527","2025-09-09","2025-09-09",63033
42889,"2025-09-11","2025OP004120",405,5,"OB Enviada à instituição bancária para pagamento","2025-09-12","2025-09-12","2025OB004120","2025NS017929","2025-09-11","2025-09-11",63899
42902,"2025-09-11","2025OP004133",405,5,"OB Enviada à instituição bancária para pagamento","2025-09-12","2025-09-12","2025OB004139","2025NS017942","2025-09-11","2025-09-11",63608
42906,"2025-09-11","2025OP004137",405,5,"OB Enviada à instituição bancária para pagamento","2025-09-12","2025-09-12","2025OB004145","2025NS017946","2025-09-11","2025-09-11",64595
43778,"2025-09-29","2025OP005018",405,3,"Aguardando assinaturas do ordenador de despesas e/ou gestor financeiro","2025-09-29",,,"2025NS020233",,,65535
41137,"2025-09-09","2025OP002368",405,5,"OB Enviada à instituição bancária para pagamento","2025-09-09","2025-09-09","2025OB002368","2025NS014536","2025-09-09","2025-09-09",60632
41155,"2025-09-09","2025OP002386",405,5,"OB Enviada à instituição bancária para pagamento","2025-09-09","2025-09-09","2025OB002386","2025NS014554","2025-09-09","2025-09-09",60702
41153,"2025-09-09","2025OP002384",405,5,"OB Enviada à instituição bancária para pagamento","2025-09-09","2025-09-09","2025OB002384","2025NS014552","2025-09-09","2025-09-09",61698
42932,"2025-09-11","2025OP004163",405,5,"OB Enviada à instituição bancária para pagamento","2025-09-12","2025-09-12","2025OB004150","2025NS017972","2025-09-11","2025-09-11",64355
41165,"2025-09-09","2025OP002396",405,5,"OB Enviada à instituição bancária para pagamento","2025-09-09","2025-09-09","2025OB002396","2025NS014564","2025-09-09","2025-09-09",61715
41161,"2025-09-09","2025OP002392",405,5,"OB Enviada à instituição bancária para pagamento","2025-09-09","2025-09-09","2025OB002392","2025NS014560","2025-09-09","2025-09-09",62348
41164,"2025-09-09","2025OP002395",405,5,"OB Enviada à instituição bancária para pagamento","2025-09-09","2025-09-09","2025OB002395","2025NS014563","2025-09-09","2025-09-09",62352
41159,"2025-09-09","2025OP002390",405,5,"OB Enviada à instituição bancária para pagamento","2025-09-09","2025-09-09","2025OB002390","2025NS014558","2025-09-09","2025-09-09",63013
42925,"2025-09-11","2025OP004156",405,5,"OB Enviada à instituição bancária para pagamento","2025-09-12","2025-09-12","2025OB004153","2025NS017965","2025-09-11","2025-09-11",64580
42928,"2025-09-11","2025OP004159",405,5,"OB Enviada à instituição bancária para pagamento","2025-09-12","2025-09-12","2025OB004171","2025NS017968","2025-09-11","2025-09-11",64605
41162,"2025-09-09","2025OP002393",405,5,"OB Enviada à instituição bancária para pagamento","2025-09-09","2025-09-09","2025OB002393","2025NS014561","2025-09-09","2025-09-09",62489
41158,"2025-09-09","2025OP002389",405,5,"OB Enviada à instituição bancária para pagamento","2025-09-09","2025-09-09","2025OB002389","2025NS014557","2025-09-09","2025-09-09",62700
42930,"2025-09-11","2025OP004161",405,5,"OB Enviada à instituição bancária para pagamento","2025-09-12","2025-09-12","2025OB004173","2025NS017970","2025-09-11","2025-09-11",64224
41160,"2025-09-09","2025OP002391",405,5,"OB Enviada à instituição bancária para pagamento","2025-09-09","2025-09-09","2025OB002391","2025NS014559","2025-09-09","2025-09-09",62917
42927,"2025-09-11","2025OP004158",405,5,"OB Enviada à instituição bancária para pagamento","2025-09-12","2025-09-12","2025OB004155","2025NS017967","2025-09-11","2025-09-11",63697
41163,"2025-09-09","2025OP002394",405,5,"OB Enviada à instituição bancária para pagamento","2025-09-09","2025-09-09","2025OB002394","2025NS014562","2025-09-09","2025-09-09",62850
41156,"2025-09-09","2025OP002387",405,5,"OB Enviada à instituição bancária para pagamento","2025-09-09","2025-09-09","2025OB002387","2025NS014555","2025-09-09","2025-09-09",62997
42931,"2025-09-11","2025OP004162",405,5,"OB Enviada à instituição bancária para pagamento","2025-09-12","2025-09-12","2025OB004154","2025NS017971","2025-09-11","2025-09-11",64232
41169,"2025-09-09","2025OP002400",405,5,"OB Enviada à instituição bancária para pagamento","2025-09-09","2025-09-09","2025OB002400","2025NS014568","2025-09-09","2025-09-09",61918
41174,"2025-09-09","2025OP002405",405,5,"OB Enviada à instituição bancária para pagamento","2025-09-09","2025-09-09","2025OB002405","2025NS014573","2025-09-09","2025-09-09",61022
41171,"2025-09-09","2025OP002402",405,5,"OB Enviada à instituição bancária para pagamento","2025-09-09","2025-09-09","2025OB002402","2025NS014570","2025-09-09","2025-09-09",61093
41170,"2025-09-09","2025OP002401",405,5,"OB Enviada à instituição bancária para pagamento","2025-09-09","2025-09-09","2025OB002401","2025NS014569","2025-09-09","2025-09-09",61641
41172,"2025-09-09","2025OP002403",405,5,"OB Enviada à instituição bancária para pagamento","2025-09-09","2025-09-09","2025OB002403","2025NS014571","2025-09-09","2025-09-09",61700
41166,"2025-09-09","2025OP002397",405,5,"OB Enviada à instituição bancária para pagamento","2025-09-09","2025-09-09","2025OB002397","2025NS014565","2025-09-09","2025-09-09",63177
41167,"2025-09-09","2025OP002398",405,5,"OB Enviada à instituição bancária para pagamento","2025-09-09","2025-09-09","2025OB002398","2025NS014566","2025-09-09","2025-09-09",62024
41173,"2025-09-09","2025OP002404",405,5,"OB Enviada à instituição bancária para pagamento","2025-09-09","2025-09-09","2025OB002404","2025NS014572","2025-09-09","2025-09-09",62354
41200,"2025-09-09","2025OP002431",405,5,"OB Enviada à instituição bancária para pagamento","2025-09-09","2025-09-09","2025OB002431","2025NS014599","2025-09-09","2025-09-09",63115
42934,"2025-09-11","2025OP004165",405,5,"OB Enviada à instituição bancária para pagamento","2025-09-12","2025-09-12","2025OB004151","2025NS017974","2025-09-11","2025-09-11",64009
42935,"2025-09-11","2025OP004166",405,5,"OB Enviada à instituição bancária para pagamento","2025-09-12","2025-09-12","2025OB004166","2025NS017975","2025-09-11","2025-09-11",64092
43785,"2025-09-29","2025OP005025",405,3,"Aguardando assinaturas do ordenador de despesas e/ou gestor financeiro","2025-09-29",,,"2025NS020240",,,65537
42945,"2025-09-11","2025OP004176",405,5,"OB Enviada à instituição bancária para pagamento","2025-09-12","2025-09-12","2025OB004198","2025NS017985","2025-09-11","2025-09-11",64611
43783,"2025-09-29","2025OP005023",405,3,"Aguardando assinaturas do ordenador de despesas e/ou gestor financeiro","2025-09-29",,,"2025NS020238",,,65538
41221,"2025-09-09","2025OP002452",405,5,"OB Enviada à instituição bancária para pagamento","2025-09-09","2025-09-09","2025OB002452","2025NS014620","2025-09-09","2025-09-09",62827
41212,"2025-09-09","2025OP002443",405,5,"OB Enviada à instituição bancária para pagamento","2025-09-09","2025-09-09","2025OB002443","2025NS014611","2025-09-09","2025-09-09",62169
41213,"2025-09-09","2025OP002444",405,5,"OB Enviada à instituição bancária para pagamento","2025-09-09","2025-09-09","2025OB002444","2025NS014612","2025-09-09","2025-09-09",62353
41222,"2025-09-09","2025OP002453",405,5,"OB Enviada à instituição bancária para pagamento","2025-09-09","2025-09-09","2025OB002453","2025NS014621","2025-09-09","2025-09-09",62355
41218,"2025-09-09","2025OP002449",405,5,"OB Enviada à instituição bancária para pagamento","2025-09-09","2025-09-09","2025OB002449","2025NS014617","2025-09-09","2025-09-09",62356
41210,"2025-09-09","2025OP002441",405,5,"OB Enviada à instituição bancária para pagamento","2025-09-09","2025-09-09","2025OB002441","2025NS014609","2025-09-09","2025-09-09",62763
41214,"2025-09-09","2025OP002445",405,5,"OB Enviada à instituição bancária para pagamento","2025-09-09","2025-09-09","2025OB002445","2025NS014613","2025-09-09","2025-09-09",62900
41220,"2025-09-09","2025OP002451",405,5,"OB Enviada à instituição bancária para pagamento","2025-09-09","2025-09-09","2025OB002451","2025NS014619","2025-09-09","2025-09-09",62811
42957,"2025-09-11","2025OP004188",405,5,"OB Enviada à instituição bancária para pagamento","2025-09-12","2025-09-12","2025OB004174","2025NS017997","2025-09-11","2025-09-11",64613
42965,"2025-09-11","2025OP004196",405,5,"OB Enviada à instituição bancária para pagamento","2025-09-12","2025-09-12","2025OB004180","2025NS018005","2025-09-11","2025-09-11",64346
42966,"2025-09-11","2025OP004197",405,5,"OB Enviada à instituição bancária para pagamento","2025-09-12","2025-09-12","2025OB004182","2025NS018006","2025-09-11","2025-09-11",64714
42967,"2025-09-11","2025OP004198",405,5,"OB Enviada à instituição bancária para pagamento","2025-09-12","2025-09-12","2025OB004194","2025NS018007","2025-09-11","2025-09-11",64246
42959,"2025-09-11","2025OP004190",405,5,"OB Enviada à instituição bancária para pagamento","2025-09-12","2025-09-12","2025OB004197","2025NS017999","2025-09-11","2025-09-11",64749
43792,"2025-09-29","2025OP005032",405,3,"Aguardando assinaturas do ordenador de despesas e/ou gestor financeiro","2025-09-29",,,"2025NS020247",,,65541
43796,"2025-09-29","2025OP005036",405,3,"Aguardando assinaturas do ordenador de despesas e/ou gestor financeiro","2025-09-29",,,"2025NS020251",,,65543
41226,"2025-09-09","2025OP002457",405,5,"OB Enviada à instituição bancária para pagamento","2025-09-09","2025-09-09","2025OB002457","2025NS014625","2025-09-09","2025-09-09",60933
41224,"2025-09-09","2025OP002455",405,5,"OB Enviada à instituição bancária para pagamento","2025-09-09","2025-09-09","2025OB002455","2025NS014623","2025-09-09","2025-09-09",61305
41236,"2025-09-09","2025OP002467",405,5,"OB Enviada à instituição bancária para pagamento","2025-09-09","2025-09-09","2025OB002467","2025NS014635","2025-09-09","2025-09-09",62597
41230,"2025-09-09","2025OP002461",405,5,"OB Enviada à instituição bancária para pagamento","2025-09-09","2025-09-09","2025OB002461","2025NS014629","2025-09-09","2025-09-09",61401
41239,"2025-09-09","2025OP002470",405,5,"OB Enviada à instituição bancária para pagamento","2025-09-09","2025-09-09","2025OB002470","2025NS014638","2025-09-09","2025-09-09",61402
41223,"2025-09-09","2025OP002454",405,5,"OB Enviada à instituição bancária para pagamento","2025-09-09","2025-09-09","2025OB002454","2025NS014622","2025-09-09","2025-09-09",61896
41232,"2025-09-09","2025OP002463",405,5,"OB Enviada à instituição bancária para pagamento","2025-09-09","2025-09-09","2025OB002463","2025NS014631","2025-09-09","2025-09-09",62299
41242,"2025-09-09","2025OP002473",405,5,"OB Enviada à instituição bancária para pagamento","2025-09-09","2025-09-09","2025OB002473","2025NS014641","2025-09-09","2025-09-09",61897
43797,"2025-09-29","2025OP005037",405,3,"Aguardando assinaturas do ordenador de despesas e/ou gestor financeiro","2025-09-29",,,"2025NS020252",,,65547
41238,"2025-09-09","2025OP002469",405,5,"OB Enviada à instituição bancária para pagamento","2025-09-09","2025-09-09","2025OB002469","2025NS014637","2025-09-09","2025-09-09",62955
43795,"2025-09-29","2025OP005035",405,3,"Aguardando assinaturas do ordenador de despesas e/ou gestor financeiro","2025-09-29",,,"2025NS020250",,,65544
41228,"2025-09-09","2025OP002459",405,5,"OB Enviada à instituição bancária para pagamento","2025-09-09","2025-09-09","2025OB002459","2025NS014627","2025-09-09","2025-09-09",62170
41235,"2025-09-09","2025OP002466",405,5,"OB Enviada à instituição bancária para pagamento","2025-09-09","2025-09-09","2025OB002466","2025NS014634","2025-09-09","2025-09-09",62172
43794,"2025-09-29","2025OP005034",405,3,"Aguardando assinaturas do ordenador de despesas e/ou gestor financeiro","2025-09-29",,,"2025NS020249",,,65545
42971,"2025-09-11","2025OP004202",405,5,"OB Enviada à instituição bancária para pagamento","2025-09-12","2025-09-12","2025OB004209","2025NS018011","2025-09-11","2025-09-11",63860
41245,"2025-09-09","2025OP002476",405,5,"OB Enviada à instituição bancária para pagamento","2025-09-09","2025-09-09","2025OB002476","2025NS014644","2025-09-09","2025-09-09",62300
41231,"2025-09-09","2025OP002462",405,5,"OB Enviada à instituição bancária para pagamento","2025-09-09","2025-09-09","2025OB002462","2025NS014630","2025-09-09","2025-09-09",62357
42970,"2025-09-11","2025OP004201",405,5,"OB Enviada à instituição bancária para pagamento","2025-09-12","2025-09-12","2025OB004203","2025NS018010","2025-09-11","2025-09-11",64895
43791,"2025-09-29","2025OP005031",405,3,"Aguardando assinaturas do ordenador de despesas e/ou gestor financeiro","2025-09-29",,,"2025NS020246",,,65546
41243,"2025-09-09","2025OP002474",405,5,"OB Enviada à instituição bancária para pagamento","2025-09-09","2025-09-09","2025OB002474","2025NS014642","2025-09-09","2025-09-09",61136
41274,"2025-09-09","2025OP002505",405,5,"OB Enviada à instituição bancária para pagamento","2025-09-09","2025-09-09","2025OB002510","2025NS014673","2025-09-09","2025-09-09",60900
41272,"2025-09-09","2025OP002503",405,5,"OB Enviada à instituição bancária para pagamento","2025-09-09","2025-09-09","2025OB002506","2025NS014671","2025-09-09","2025-09-09",61681
41270,"2025-09-09","2025OP002501",405,5,"OB Enviada à instituição bancária para pagamento","2025-09-09","2025-09-09","2025OB002502","2025NS014669","2025-09-09","2025-09-09",61810
41269,"2025-09-09","2025OP002500",405,5,"OB Enviada à instituição bancária para pagamento","2025-09-09","2025-09-09","2025OB002500","2025NS014668","2025-09-09","2025-09-09",62246
41273,"2025-09-09","2025OP002504",405,5,"OB Enviada à instituição bancária para pagamento","2025-09-09","2025-09-09","2025OB002508","2025NS014672","2025-09-09","2025-09-09",62623
42995,"2025-09-11","2025OP004226",405,5,"OB Enviada à instituição bancária para pagamento","2025-09-12","2025-09-12","2025OB004228","2025NS018035","2025-09-11","2025-09-11",64598
41240,"2025-09-09","2025OP002471",405,5,"OB Enviada à instituição bancária para pagamento","2025-09-09","2025-09-09","2025OB002471","2025NS014639","2025-09-09","2025-09-09",62812
41271,"2025-09-09","2025OP002502",405,5,"OB Enviada à instituição bancária para pagamento","2025-09-09","2025-09-09","2025OB002504","2025NS014670","2025-09-09","2025-09-09",62813
42996,"2025-09-11","2025OP004227",405,5,"OB Enviada à instituição bancária para pagamento","2025-09-12","2025-09-12","2025OB004217","2025NS018036","2025-09-11","2025-09-11",63989
42974,"2025-09-11","2025OP004205",405,5,"OB Enviada à instituição bancária para pagamento","2025-09-12","2025-09-12","2025OB004207","2025NS018014","2025-09-11","2025-09-11",64356
43798,"2025-09-29","2025OP005038",405,3,"Aguardando assinaturas do ordenador de despesas e/ou gestor financeiro","2025-09-29",,,"2025NS020253",,,65548
42994,"2025-09-11","2025OP004225",405,5,"OB Enviada à instituição bancária para pagamento","2025-09-12","2025-09-12","2025OB004219","2025NS018034","2025-09-11","2025-09-11",64357
43807,"2025-09-29","2025OP005047",405,3,"Aguardando assinaturas do ordenador de despesas e/ou gestor financeiro","2025-09-29",,,"2025NS020262",,,65551
42993,"2025-09-11","2025OP004224",405,5,"OB Enviada à instituição bancária para pagamento","2025-09-12","2025-09-12","2025OB004213","2025NS018033","2025-09-11","2025-09-11",64750
43799,"2025-09-29","2025OP005039",405,3,"Aguardando assinaturas do ordenador de despesas e/ou gestor financeiro","2025-09-29",,,"2025NS020254",,,65549
41282,"2025-09-09","2025OP002513",405,5,"OB Enviada à instituição bancária para pagamento","2025-09-09","2025-09-09","2025OB002527","2025NS014681","2025-09-09","2025-09-09",61137
42998,"2025-09-11","2025OP004229",405,5,"OB Enviada à instituição bancária para pagamento","2025-09-12","2025-09-12","2025OB004232","2025NS018038","2025-09-11","2025-09-11",64546
41317,"2025-09-09","2025OP002548",405,5,"OB Enviada à instituição bancária para pagamento","2025-09-09","2025-09-09","2025OB002548","2025NS014716","2025-09-09","2025-09-09",61156
41281,"2025-09-09","2025OP002512",405,5,"OB Enviada à instituição bancária para pagamento","2025-09-09","2025-09-09","2025OB002524","2025NS014680","2025-09-09","2025-09-09",62607
41279,"2025-09-09","2025OP002510",405,5,"OB Enviada à instituição bancária para pagamento","2025-09-09","2025-09-09","2025OB002520","2025NS014678","2025-09-09","2025-09-09",61403
41316,"2025-09-09","2025OP002547",405,5,"OB Enviada à instituição bancária para pagamento","2025-09-09","2025-09-09","2025OB002547","2025NS014715","2025-09-09","2025-09-09",62269
41277,"2025-09-09","2025OP002508",405,5,"OB Enviada à instituição bancária para pagamento","2025-09-09","2025-09-09","2025OB002516","2025NS014676","2025-09-09","2025-09-09",62270
43027,"2025-09-11","2025OP004258",405,5,"OB Enviada à instituição bancária para pagamento","2025-09-12","2025-09-12","2025OB004253","2025NS018067","2025-09-11","2025-09-11",64358
41278,"2025-09-09","2025OP002509",405,5,"OB Enviada à instituição bancária para pagamento","2025-09-09","2025-09-09","2025OB002518","2025NS014677","2025-09-09","2025-09-09",62764
42999,"2025-09-11","2025OP004230",405,5,"OB Enviada à instituição bancária para pagamento","2025-09-12","2025-09-12","2025OB004230","2025NS018039","2025-09-11","2025-09-11",63990
43001,"2025-09-11","2025OP004232",405,5,"OB Enviada à instituição bancária para pagamento","2025-09-12","2025-09-12","2025OB004218","2025NS018041","2025-09-11","2025-09-11",64173
43000,"2025-09-11","2025OP004231",405,5,"OB Enviada à instituição bancária para pagamento","2025-09-12","2025-09-12","2025OB004220","2025NS018040","2025-09-11","2025-09-11",63991
43002,"2025-09-11","2025OP004233",405,5,"OB Enviada à instituição bancária para pagamento","2025-09-12","2025-09-12","2025OB004224","2025NS018042","2025-09-11","2025-09-11",64451
43003,"2025-09-11","2025OP004234",405,5,"OB Enviada à instituição bancária para pagamento","2025-09-12","2025-09-12","2025OB004234","2025NS018043","2025-09-11","2025-09-11",64122
43028,"2025-09-11","2025OP004259",405,5,"OB Enviada à instituição bancária para pagamento","2025-09-12","2025-09-12","2025OB004238","2025NS018068","2025-09-11","2025-09-11",64616
43042,"2025-09-11","2025OP004273",405,5,"OB Enviada à instituição bancária para pagamento","2025-09-12","2025-09-12","2025OB004275","2025NS018082","2025-09-11","2025-09-11",64910
41358,"2025-09-09","2025OP002589",405,5,"OB Enviada à instituição bancária para pagamento","2025-09-09","2025-09-09","2025OB002589","2025NS014757","2025-09-09","2025-09-09",61271
41341,"2025-09-09","2025OP002572",405,5,"OB Enviada à instituição bancária para pagamento","2025-09-09","2025-09-09","2025OB002572","2025NS014740","2025-09-09","2025-09-09",61900
41340,"2025-09-09","2025OP002571",405,5,"OB Enviada à instituição bancária para pagamento","2025-09-09","2025-09-09","2025OB002571","2025NS014739","2025-09-09","2025-09-09",62800
41328,"2025-09-09","2025OP002559",405,5,"OB Enviada à instituição bancária para pagamento","2025-09-09","2025-09-09","2025OB002559","2025NS014727","2025-09-09","2025-09-09",62864
41329,"2025-09-09","2025OP002560",405,5,"OB Enviada à instituição bancária para pagamento","2025-09-09","2025-09-09","2025OB002560","2025NS014728","2025-09-09","2025-09-09",63090
41339,"2025-09-09","2025OP002570",405,5,"OB Enviada à instituição bancária para pagamento","2025-09-09","2025-09-09","2025OB002570","2025NS014738","2025-09-09","2025-09-09",63209
43821,"2025-09-29","2025OP005061",405,3,"Aguardando assinaturas do ordenador de despesas e/ou gestor financeiro","2025-09-29",,,"2025NS020276",,,65554
41335,"2025-09-09","2025OP002566",405,5,"OB Enviada à instituição bancária para pagamento","2025-09-09","2025-09-09","2025OB002566","2025NS014734","2025-09-09","2025-09-09",63213
43043,"2025-09-11","2025OP004274",405,5,"OB Enviada à instituição bancária para pagamento","2025-09-12","2025-09-12","2025OB004285","2025NS018083","2025-09-11","2025-09-11",64578
41337,"2025-09-09","2025OP002568",405,5,"OB Enviada à instituição bancária para pagamento","2025-09-09","2025-09-09","2025OB002568","2025NS014736","2025-09-09","2025-09-09",63218
41338,"2025-09-09","2025OP002569",405,5,"OB Enviada à instituição bancária para pagamento","2025-09-09","2025-09-09","2025OB002569","2025NS014737","2025-09-09","2025-09-09",63258
43033,"2025-09-11","2025OP004264",405,5,"OB Enviada à instituição bancária para pagamento","2025-09-12","2025-09-12","2025OB004269","2025NS018073","2025-09-11","2025-09-11",63733
43032,"2025-09-11","2025OP004263",405,5,"OB Enviada à instituição bancária para pagamento","2025-09-12","2025-09-12","2025OB004267","2025NS018072","2025-09-11","2025-09-11",63767
43041,"2025-09-11","2025OP004272",405,5,"OB Enviada à instituição bancária para pagamento","2025-09-12","2025-09-12","2025OB004277","2025NS018081","2025-09-11","2025-09-11",64328
43820,"2025-09-29","2025OP005060",405,3,"Aguardando assinaturas do ordenador de despesas e/ou gestor financeiro","2025-09-29",,,"2025NS020275",,,65553
41330,"2025-09-09","2025OP002561",405,5,"OB Enviada à instituição bancária para pagamento","2025-09-09","2025-09-09","2025OB002561","2025NS014729","2025-09-09","2025-09-09",60714
41409,"2025-09-09","2025OP002640",405,5,"OB Enviada à instituição bancária para pagamento","2025-09-09","2025-09-09","2025OB002640","2025NS014808","2025-09-09","2025-09-09",62262
43087,"2025-09-11","2025OP004318",405,5,"OB Enviada à instituição bancária para pagamento","2025-09-12","2025-09-12","2025OB004322","2025NS018127","2025-09-11","2025-09-11",64716
41413,"2025-09-09","2025OP002644",405,5,"OB Enviada à instituição bancária para pagamento","2025-09-09","2025-09-09","2025OB002644","2025NS014812","2025-09-09","2025-09-09",62264
41408,"2025-09-09","2025OP002639",405,5,"OB Enviada à instituição bancária para pagamento","2025-09-09","2025-09-09","2025OB002639","2025NS014807","2025-09-09","2025-09-09",62265
41411,"2025-09-09","2025OP002642",405,5,"OB Enviada à instituição bancária para pagamento","2025-09-09","2025-09-09","2025OB002642","2025NS014810","2025-09-09","2025-09-09",62267
41402,"2025-09-09","2025OP002633",405,5,"OB Enviada à instituição bancária para pagamento","2025-09-09","2025-09-09","2025OB002633","2025NS014801","2025-09-09","2025-09-09",62331
41410,"2025-09-09","2025OP002641",405,5,"OB Enviada à instituição bancária para pagamento","2025-09-09","2025-09-09","2025OB002641","2025NS014809","2025-09-09","2025-09-09",62491
43096,"2025-09-11","2025OP004327",405,5,"OB Enviada à instituição bancária para pagamento","2025-09-12","2025-09-12","2025OB004326","2025NS018136","2025-09-11","2025-09-11",64195
41406,"2025-09-09","2025OP002637",405,5,"OB Enviada à instituição bancária para pagamento","2025-09-09","2025-09-09","2025OB002637","2025NS014805","2025-09-09","2025-09-09",62630
41416,"2025-09-09","2025OP002647",405,5,"OB Enviada à instituição bancária para pagamento","2025-09-09","2025-09-09","2025OB002647","2025NS014815","2025-09-09","2025-09-09",62710
43094,"2025-09-11","2025OP004325",405,5,"OB Enviada à instituição bancária para pagamento","2025-09-12","2025-09-12","2025OB004310","2025NS018134","2025-09-11","2025-09-11",64898
41414,"2025-09-09","2025OP002645",405,5,"OB Enviada à instituição bancária para pagamento","2025-09-09","2025-09-09","2025OB002645","2025NS014813","2025-09-09","2025-09-09",62976
41415,"2025-09-09","2025OP002646",405,5,"OB Enviada à instituição bancária para pagamento","2025-09-09","2025-09-09","2025OB002646","2025NS014814","2025-09-09","2025-09-09",63099
41405,"2025-09-09","2025OP002636",405,5,"OB Enviada à instituição bancária para pagamento","2025-09-09","2025-09-09","2025OB002636","2025NS014804","2025-09-09","2025-09-09",63178
41484,"2025-09-09","2025OP002715",405,5,"OB Enviada à instituição bancária para pagamento","2025-09-09","2025-09-09","2025OB002725","2025NS014883","2025-09-09","2025-09-09",62403
43095,"2025-09-11","2025OP004326",405,5,"OB Enviada à instituição bancária para pagamento","2025-09-12","2025-09-12","2025OB004332","2025NS018135","2025-09-11","2025-09-11",64600
41400,"2025-09-09","2025OP002631",405,5,"OB Enviada à instituição bancária para pagamento","2025-09-09","2025-09-09","2025OB002631","2025NS014799","2025-09-09","2025-09-09",60740
41432,"2025-09-09","2025OP002663",405,5,"OB Enviada à instituição bancária para pagamento","2025-09-09","2025-09-09","2025OB002663","2025NS014831","2025-09-09","2025-09-09",61032
41431,"2025-09-09","2025OP002662",405,5,"OB Enviada à instituição bancária para pagamento","2025-09-09","2025-09-09","2025OB002662","2025NS014830","2025-09-09","2025-09-09",61155
41419,"2025-09-09","2025OP002650",405,5,"OB Enviada à instituição bancária para pagamento","2025-09-09","2025-09-09","2025OB002650","2025NS014818","2025-09-09","2025-09-09",61713
41418,"2025-09-09","2025OP002649",405,5,"OB Enviada à instituição bancária para pagamento","2025-09-09","2025-09-09","2025OB002649","2025NS014817","2025-09-09","2025-09-09",62865
41433,"2025-09-09","2025OP002664",405,5,"OB Enviada à instituição bancária para pagamento","2025-09-09","2025-09-09","2025OB002664","2025NS014832","2025-09-09","2025-09-09",62263
41435,"2025-09-09","2025OP002666",405,5,"OB Enviada à instituição bancária para pagamento","2025-09-09","2025-09-09","2025OB002666","2025NS014834","2025-09-09","2025-09-09",62368
41434,"2025-09-09","2025OP002665",405,5,"OB Enviada à instituição bancária para pagamento","2025-09-09","2025-09-09","2025OB002665","2025NS014833","2025-09-09","2025-09-09",62631
41420,"2025-09-09","2025OP002651",405,5,"OB Enviada à instituição bancária para pagamento","2025-09-09","2025-09-09","2025OB002651","2025NS014819","2025-09-09","2025-09-09",63098
41428,"2025-09-09","2025OP002659",405,5,"OB Enviada à instituição bancária para pagamento","2025-09-09","2025-09-09","2025OB002659","2025NS014827","2025-09-09","2025-09-09",63267
43842,"2025-09-29","2025OP005082",405,3,"Aguardando assinaturas do ordenador de despesas e/ou gestor financeiro","2025-09-29",,,"2025NS020297",,,65556
43105,"2025-09-11","2025OP004336",405,5,"OB Enviada à instituição bancária para pagamento","2025-09-12","2025-09-12","2025OB004351","2025NS018145","2025-09-11","2025-09-11",63392
43106,"2025-09-11","2025OP004337",405,5,"OB Enviada à instituição bancária para pagamento","2025-09-12","2025-09-12","2025OB004354","2025NS018146","2025-09-11","2025-09-11",64203
43107,"2025-09-11","2025OP004338",405,5,"OB Enviada à instituição bancária para pagamento","2025-09-12","2025-09-12","2025OB004341","2025NS018147","2025-09-11","2025-09-11",64204
43844,"2025-09-29","2025OP005084",405,3,"Aguardando assinaturas do ordenador de despesas e/ou gestor financeiro","2025-09-29",,,"2025NS020299",,,65557
42803,"2025-09-11","2025OP004034",405,5,"OB Enviada à instituição bancária para pagamento","2025-09-12","2025-09-12","2025OB004034","2025NS017843","2025-09-11","2025-09-11",64789
41456,"2025-09-09","2025OP002687",405,5,"OB Enviada à instituição bancária para pagamento","2025-09-09","2025-09-09","2025OB002687","2025NS014855","2025-09-09","2025-09-09",61703
41458,"2025-09-09","2025OP002689",405,5,"OB Enviada à instituição bancária para pagamento","2025-09-09","2025-09-09","2025OB002689","2025NS014857","2025-09-09","2025-09-09",62889
41455,"2025-09-09","2025OP002686",405,5,"OB Enviada à instituição bancária para pagamento","2025-09-09","2025-09-09","2025OB002686","2025NS014854","2025-09-09","2025-09-09",63093
41453,"2025-09-09","2025OP002684",405,5,"OB Enviada à instituição bancária para pagamento","2025-09-09","2025-09-09","2025OB002684","2025NS014852","2025-09-09","2025-09-09",63095
41450,"2025-09-09","2025OP002681",405,5,"OB Enviada à instituição bancária para pagamento","2025-09-09","2025-09-09","2025OB002681","2025NS014849","2025-09-09","2025-09-09",63096
43120,"2025-09-11","2025OP004351",405,5,"OB Enviada à instituição bancária para pagamento","2025-09-12","2025-09-12","2025OB004358","2025NS018160","2025-09-11","2025-09-11",63725
43108,"2025-09-11","2025OP004339",405,5,"OB Enviada à instituição bancária para pagamento","2025-09-12","2025-09-12","2025OB004352","2025NS018148","2025-09-11","2025-09-11",64014
43848,"2025-09-29","2025OP005088",405,3,"Aguardando assinaturas do ordenador de despesas e/ou gestor financeiro","2025-09-29",,,"2025NS020303",,,65559
43117,"2025-09-11","2025OP004348",405,5,"OB Enviada à instituição bancária para pagamento","2025-09-12","2025-09-12","2025OB004346","2025NS018157","2025-09-11","2025-09-11",64077
43118,"2025-09-11","2025OP004349",405,5,"OB Enviada à instituição bancária para pagamento","2025-09-12","2025-09-12","2025OB004334","2025NS018158","2025-09-11","2025-09-11",64454
41480,"2025-09-09","2025OP002711",405,5,"OB Enviada à instituição bancária para pagamento","2025-09-09","2025-09-09","2025OB002717","2025NS014879","2025-09-09","2025-09-09",61163
43159,"2025-09-11","2025OP004390",405,5,"OB Enviada à instituição bancária para pagamento","2025-09-12","2025-09-12","2025OB004403","2025NS018199","2025-09-11","2025-09-11",64162
41467,"2025-09-09","2025OP002698",405,5,"OB Enviada à instituição bancária para pagamento","2025-09-09","2025-09-09","2025OB002698","2025NS014866","2025-09-09","2025-09-09",62369
43161,"2025-09-11","2025OP004392",405,5,"OB Enviada à instituição bancária para pagamento","2025-09-12","2025-09-12","2025OB004388","2025NS018201","2025-09-11","2025-09-11",64455
39109,"2025-09-09","2025OP000340",405,5,"OB Enviada à instituição bancária para pagamento","2025-09-09","2025-09-09","2025OB000340","2025NS012508","2025-09-09","2025-09-09",62404
41459,"2025-09-09","2025OP002690",405,5,"OB Enviada à instituição bancária para pagamento","2025-09-09","2025-09-09","2025OB002690","2025NS014858","2025-09-09","2025-09-09",62866
41469,"2025-09-09","2025OP002700",405,5,"OB Enviada à instituição bancária para pagamento","2025-09-09","2025-09-09","2025OB002700","2025NS014868","2025-09-09","2025-09-09",63042
43126,"2025-09-11","2025OP004357",405,5,"OB Enviada à instituição bancária para pagamento","2025-09-12","2025-09-12","2025OB004339","2025NS018166","2025-09-11","2025-09-11",64893
41466,"2025-09-09","2025OP002697",405,5,"OB Enviada à instituição bancária para pagamento","2025-09-09","2025-09-09","2025OB002697","2025NS014865","2025-09-09","2025-09-09",62452
43124,"2025-09-11","2025OP004355",405,5,"OB Enviada à instituição bancária para pagamento","2025-09-12","2025-09-12","2025OB004333","2025NS018164","2025-09-11","2025-09-11",64901
41481,"2025-09-09","2025OP002712",405,5,"OB Enviada à instituição bancária para pagamento","2025-09-09","2025-09-09","2025OB002719","2025NS014880","2025-09-09","2025-09-09",63223
41460,"2025-09-09","2025OP002691",405,5,"OB Enviada à instituição bancária para pagamento","2025-09-09","2025-09-09","2025OB002691","2025NS014859","2025-09-09","2025-09-09",62807
43160,"2025-09-11","2025OP004391",405,5,"OB Enviada à instituição bancária para pagamento","2025-09-12","2025-09-12","2025OB004406","2025NS018200","2025-09-11","2025-09-11",64608
43847,"2025-09-29","2025OP005087",405,3,"Aguardando assinaturas do ordenador de despesas e/ou gestor financeiro","2025-09-29",,,"2025NS020302",,,65560
41525,"2025-09-09","2025OP002756",405,5,"OB Enviada à instituição bancária para pagamento","2025-09-09","2025-09-09","2025OB002756","2025NS014924","2025-09-09","2025-09-09",61095
41524,"2025-09-09","2025OP002755",405,5,"OB Enviada à instituição bancária para pagamento","2025-09-09","2025-09-09","2025OB002755","2025NS014923","2025-09-09","2025-09-09",61160
41506,"2025-09-09","2025OP002737",405,5,"OB Enviada à instituição bancária para pagamento","2025-09-09","2025-09-09","2025OB002737","2025NS014905","2025-09-09","2025-09-09",61636
40306,"2025-09-09","2025OP001537",405,5,"OB Enviada à instituição bancária para pagamento","2025-09-09","2025-09-09","2025OB001537","2025NS013705","2025-09-09","2025-09-09",61888
41483,"2025-09-09","2025OP002714",405,5,"OB Enviada à instituição bancária para pagamento","2025-09-09","2025-09-09","2025OB002723","2025NS014882","2025-09-09","2025-09-09",61951
41507,"2025-09-09","2025OP002738",405,5,"OB Enviada à instituição bancária para pagamento","2025-09-09","2025-09-09","2025OB002738","2025NS014906","2025-09-09","2025-09-09",62218
41501,"2025-09-09","2025OP002732",405,5,"OB Enviada à instituição bancária para pagamento","2025-09-09","2025-09-09","2025OB002732","2025NS014900","2025-09-09","2025-09-09",62633
41505,"2025-09-09","2025OP002736",405,5,"OB Enviada à instituição bancária para pagamento","2025-09-09","2025-09-09","2025OB002736","2025NS014904","2025-09-09","2025-09-09",62690
43178,"2025-09-11","2025OP004409",405,5,"OB Enviada à instituição bancária para pagamento","2025-09-12","2025-09-12","2025OB004409","2025NS018218","2025-09-11","2025-09-11",63322
43177,"2025-09-11","2025OP004408",405,5,"OB Enviada à instituição bancária para pagamento","2025-09-12","2025-09-12","2025OB004402","2025NS018217","2025-09-11","2025-09-11",64207
43855,"2025-09-29","2025OP005095",405,3,"Aguardando assinaturas do ordenador de despesas e/ou gestor financeiro","2025-09-29",,,"2025NS020310",,,65561
41533,"2025-09-09","2025OP002764",405,5,"OB Enviada à instituição bancária para pagamento","2025-09-09","2025-09-09","2025OB002764","2025NS014932","2025-09-09","2025-09-09",61304
43864,"2025-09-29","2025OP005104",405,3,"Aguardando assinaturas do ordenador de despesas e/ou gestor financeiro","2025-09-29",,,"2025NS020319",,,65562
41535,"2025-09-09","2025OP002766",405,5,"OB Enviada à instituição bancária para pagamento","2025-09-09","2025-09-09","2025OB002766","2025NS014934","2025-09-09","2025-09-09",62307
41530,"2025-09-09","2025OP002761",405,5,"OB Enviada à instituição bancária para pagamento","2025-09-09","2025-09-09","2025OB002761","2025NS014929","2025-09-09","2025-09-09",62836
43865,"2025-09-29","2025OP005105",405,3,"Aguardando assinaturas do ordenador de despesas e/ou gestor financeiro","2025-09-29",,,"2025NS020320",,,65565
41528,"2025-09-09","2025OP002759",405,5,"OB Enviada à instituição bancária para pagamento","2025-09-09","2025-09-09","2025OB002759","2025NS014927","2025-09-09","2025-09-09",62555
43201,"2025-09-11","2025OP004432",405,5,"OB Enviada à instituição bancária para pagamento","2025-09-12","2025-09-12","2025OB004443","2025NS018241","2025-09-11","2025-09-11",63841
43200,"2025-09-11","2025OP004431",405,5,"OB Enviada à instituição bancária para pagamento","2025-09-12","2025-09-12","2025OB004439","2025NS018240","2025-09-11","2025-09-11",64303
43863,"2025-09-29","2025OP005103",405,3,"Aguardando assinaturas do ordenador de despesas e/ou gestor financeiro","2025-09-29",,,"2025NS020318",,,65563
41549,"2025-09-09","2025OP002780",405,5,"OB Enviada à instituição bancária para pagamento","2025-09-09","2025-09-09","2025OB002780","2025NS014948","2025-09-09","2025-09-09",60911
41545,"2025-09-09","2025OP002776",405,5,"OB Enviada à instituição bancária para pagamento","2025-09-09","2025-09-09","2025OB002776","2025NS014944","2025-09-09","2025-09-09",62362
41532,"2025-09-09","2025OP002763",405,5,"OB Enviada à instituição bancária para pagamento","2025-09-09","2025-09-09","2025OB002763","2025NS014931","2025-09-09","2025-09-09",62493
43206,"2025-09-11","2025OP004437",405,5,"OB Enviada à instituição bancária para pagamento","2025-09-12","2025-09-12","2025OB004438","2025NS018246","2025-09-11","2025-09-11",64007
43867,"2025-09-29","2025OP005107",405,3,"Aguardando assinaturas do ordenador de despesas e/ou gestor financeiro","2025-09-29",,,"2025NS020322",,,65566
43204,"2025-09-11","2025OP004435",405,5,"OB Enviada à instituição bancária para pagamento","2025-09-12","2025-09-12","2025OB004444","2025NS018244","2025-09-11","2025-09-11",64008
43203,"2025-09-11","2025OP004434",405,5,"OB Enviada à instituição bancária para pagamento","2025-09-12","2025-09-12","2025OB004430","2025NS018243","2025-09-11","2025-09-11",64058
43866,"2025-09-29","2025OP005106",405,3,"Aguardando assinaturas do ordenador de despesas e/ou gestor financeiro","2025-09-29",,,"2025NS020321",,,65567
43868,"2025-09-29","2025OP005108",405,3,"Aguardando assinaturas do ordenador de despesas e/ou gestor financeiro","2025-09-29",,,"2025NS020323",,,65568
41560,"2025-09-09","2025OP002791",405,5,"OB Enviada à instituição bancária para pagamento","2025-09-09","2025-09-09","2025OB002791","2025NS014959","2025-09-09","2025-09-09",61285
43213,"2025-09-11","2025OP004444",405,5,"OB Enviada à instituição bancária para pagamento","2025-09-12","2025-09-12","2025OB004422","2025NS018253","2025-09-11","2025-09-11",64460
41548,"2025-09-09","2025OP002779",405,5,"OB Enviada à instituição bancária para pagamento","2025-09-09","2025-09-09","2025OB002779","2025NS014947","2025-09-09","2025-09-09",61706
41557,"2025-09-09","2025OP002788",405,5,"OB Enviada à instituição bancária para pagamento","2025-09-09","2025-09-09","2025OB002788","2025NS014956","2025-09-09","2025-09-09",61708
41556,"2025-09-09","2025OP002787",405,5,"OB Enviada à instituição bancária para pagamento","2025-09-09","2025-09-09","2025OB002787","2025NS014955","2025-09-09","2025-09-09",62027
43873,"2025-09-29","2025OP005113",405,3,"Aguardando assinaturas do ordenador de despesas e/ou gestor financeiro","2025-09-29",,,"2025NS020328",,,65569
41554,"2025-09-09","2025OP002785",405,5,"OB Enviada à instituição bancária para pagamento","2025-09-09","2025-09-09","2025OB002785","2025NS014953","2025-09-09","2025-09-09",62496
41552,"2025-09-09","2025OP002783",405,5,"OB Enviada à instituição bancária para pagamento","2025-09-09","2025-09-09","2025OB002783","2025NS014951","2025-09-09","2025-09-09",62854
41555,"2025-09-09","2025OP002786",405,5,"OB Enviada à instituição bancária para pagamento","2025-09-09","2025-09-09","2025OB002786","2025NS014954","2025-09-09","2025-09-09",63014
41562,"2025-09-09","2025OP002793",405,5,"OB Enviada à instituição bancária para pagamento","2025-09-09","2025-09-09","2025OB002793","2025NS014961","2025-09-09","2025-09-09",63222
43217,"2025-09-11","2025OP004448",405,5,"OB Enviada à instituição bancária para pagamento","2025-09-12","2025-09-12","2025OB004450","2025NS018257","2025-09-11","2025-09-11",63302
43212,"2025-09-11","2025OP004443",405,5,"OB Enviada à instituição bancária para pagamento","2025-09-12","2025-09-12","2025OB004420","2025NS018252","2025-09-11","2025-09-11",63992
43216,"2025-09-11","2025OP004447",405,5,"OB Enviada à instituição bancária para pagamento","2025-09-12","2025-09-12","2025OB004426","2025NS018256","2025-09-11","2025-09-11",64788
43872,"2025-09-29","2025OP005112",405,3,"Aguardando assinaturas do ordenador de despesas e/ou gestor financeiro","2025-09-29",,,"2025NS020327",,,65570
41550,"2025-09-09","2025OP002781",405,5,"OB Enviada à instituição bancária para pagamento","2025-09-09","2025-09-09","2025OB002781","2025NS014949","2025-09-09","2025-09-09",60704
41571,"2025-09-09","2025OP002802",405,5,"OB Enviada à instituição bancária para pagamento","2025-09-09","2025-09-09","2025OB002802","2025NS014970","2025-09-09","2025-09-09",61033
41563,"2025-09-09","2025OP002794",405,5,"OB Enviada à instituição bancária para pagamento","2025-09-09","2025-09-09","2025OB002794","2025NS014962","2025-09-09","2025-09-09",61752
43219,"2025-09-11","2025OP004450",405,5,"OB Enviada à instituição bancária para pagamento","2025-09-12","2025-09-12","2025OB004451","2025NS018259","2025-09-11","2025-09-11",64461
41570,"2025-09-09","2025OP002801",405,5,"OB Enviada à instituição bancária para pagamento","2025-09-09","2025-09-09","2025OB002801","2025NS014969","2025-09-09","2025-09-09",62332
43218,"2025-09-11","2025OP004449",405,5,"OB Enviada à instituição bancária para pagamento","2025-09-12","2025-09-12","2025OB004455","2025NS018258","2025-09-11","2025-09-11",64813
41561,"2025-09-09","2025OP002792",405,5,"OB Enviada à instituição bancária para pagamento","2025-09-09","2025-09-09","2025OB002792","2025NS014960","2025-09-09","2025-09-09",62359
43222,"2025-09-11","2025OP004453",405,5,"OB Enviada à instituição bancária para pagamento","2025-09-12","2025-09-12","2025OB004453","2025NS018262","2025-09-11","2025-09-11",63510
41573,"2025-09-09","2025OP002804",405,5,"OB Enviada à instituição bancária para pagamento","2025-09-09","2025-09-09","2025OB002804","2025NS014972","2025-09-09","2025-09-09",62663
43220,"2025-09-11","2025OP004451",405,5,"OB Enviada à instituição bancária para pagamento","2025-09-12","2025-09-12","2025OB004449","2025NS018260","2025-09-11","2025-09-11",64060
40965,"2025-09-09","2025OP002196",405,5,"OB Enviada à instituição bancária para pagamento","2025-09-09","2025-09-09","2025OB002196","2025NS014364","2025-09-09","2025-09-09",60872
41225,"2025-09-09","2025OP002456",405,5,"OB Enviada à instituição bancária para pagamento","2025-09-09","2025-09-09","2025OB002456","2025NS014624","2025-09-09","2025-09-09",62629
41826,"2025-09-11","2025OP003057",405,5,"OB Enviada à instituição bancária para pagamento","2025-09-12","2025-09-12","2025OB003036","2025NS016866","2025-09-11","2025-09-11",64633
39289,"2025-09-09","2025OP000520",405,5,"OB Enviada à instituição bancária para pagamento","2025-09-09","2025-09-09","2025OB000500","2025NS012688","2025-09-09","2025-09-09",62789
40708,"2025-09-09","2025OP001939",405,5,"OB Enviada à instituição bancária para pagamento","2025-09-09","2025-09-09","2025OB001939","2025NS014107","2025-09-09","2025-09-09",60709
40755,"2025-09-09","2025OP001986",405,5,"OB Enviada à instituição bancária para pagamento","2025-09-09","2025-09-09","2025OB001986","2025NS014154","2025-09-09","2025-09-09",61104
38934,"2025-09-09","2025OP000165",405,5,"OB Enviada à instituição bancária para pagamento","2025-09-09","2025-09-09","2025OB000165","2025NS012333","2025-09-09","2025-09-09",61121
39722,"2025-09-09","2025OP000953",405,5,"OB Enviada à instituição bancária para pagamento","2025-09-09","2025-09-09","2025OB000953","2025NS013121","2025-09-09","2025-09-09",61335
40524,"2025-09-09","2025OP001755",405,5,"OB Enviada à instituição bancária para pagamento","2025-09-09","2025-09-09","2025OB001755","2025NS013923","2025-09-09","2025-09-09",61353
40542,"2025-09-09","2025OP001773",405,5,"OB Enviada à instituição bancária para pagamento","2025-09-09","2025-09-09","2025OB001773","2025NS013941","2025-09-09","2025-09-09",61915
39503,"2025-09-09","2025OP000734",405,5,"OB Enviada à instituição bancária para pagamento","2025-09-09","2025-09-09","2025OB000734","2025NS012902","2025-09-09","2025-09-09",62026
39540,"2025-09-09","2025OP000771",405,5,"OB Enviada à instituição bancária para pagamento","2025-09-09","2025-09-09","2025OB000771","2025NS012939","2025-09-09","2025-09-09",62528
39568,"2025-09-09","2025OP000799",405,5,"OB Enviada à instituição bancária para pagamento","2025-09-09","2025-09-09","2025OB000799","2025NS012967","2025-09-09","2025-09-09",62582
42765,"2025-09-11","2025OP003996",405,5,"OB Enviada à instituição bancária para pagamento","2025-09-12","2025-09-12","2025OB003993","2025NS017805","2025-09-11","2025-09-11",63762
41983,"2025-09-11","2025OP003214",405,5,"OB Enviada à instituição bancária para pagamento","2025-09-12","2025-09-12","2025OB003207","2025NS017023","2025-09-11","2025-09-11",64112
41632,"2025-09-11","2025OP002863",405,5,"OB Enviada à instituição bancária para pagamento","2025-09-12","2025-09-12","2025OB002853","2025NS016672","2025-09-11","2025-09-11",63900
41792,"2025-09-11","2025OP003023",405,5,"OB Enviada à instituição bancária para pagamento","2025-09-12","2025-09-12","2025OB003020","2025NS016832","2025-09-11","2025-09-11",63962
41664,"2025-09-11","2025OP002895",405,5,"OB Enviada à instituição bancária para pagamento","2025-09-12","2025-09-12","2025OB002882","2025NS016704","2025-09-11","2025-09-11",64653
43364,"2025-09-29","2025OP004604",405,3,"Aguardando assinaturas do ordenador de despesas e/ou gestor financeiro","2025-09-29",,,"2025NS019819",,,65343
39725,"2025-09-09","2025OP000956",405,5,"OB Enviada à instituição bancária para pagamento","2025-09-09","2025-09-09","2025OB000956","2025NS013124","2025-09-09","2025-09-09",60724
41198,"2025-09-09","2025OP002429",405,5,"OB Enviada à instituição bancária para pagamento","2025-09-09","2025-09-09","2025OB002429","2025NS014597","2025-09-09","2025-09-09",60884
39547,"2025-09-09","2025OP000778",405,5,"OB Enviada à instituição bancária para pagamento","2025-09-09","2025-09-09","2025OB000778","2025NS012946","2025-09-09","2025-09-09",62008
40954,"2025-09-09","2025OP002185",405,5,"OB Enviada à instituição bancária para pagamento","2025-09-09","2025-09-09","2025OB002185","2025NS014353","2025-09-09","2025-09-09",60921
42324,"2025-09-11","2025OP003555",405,5,"OB Enviada à instituição bancária para pagamento","2025-09-12","2025-09-12","2025OB003561","2025NS017364","2025-09-11","2025-09-11",63436
39483,"2025-09-09","2025OP000714",405,5,"OB Enviada à instituição bancária para pagamento","2025-09-09","2025-09-09","2025OB000714","2025NS012882","2025-09-09","2025-09-09",62815
42629,"2025-09-11","2025OP003860",405,5,"OB Enviada à instituição bancária para pagamento","2025-09-12","2025-09-12","2025OB003853","2025NS017669","2025-09-11","2025-09-11",63318
41836,"2025-09-11","2025OP003067",405,5,"OB Enviada à instituição bancária para pagamento","2025-09-12","2025-09-12","2025OB003079","2025NS016876","2025-09-11","2025-09-11",63916
41829,"2025-09-11","2025OP003060",405,5,"OB Enviada à instituição bancária para pagamento","2025-09-12","2025-09-12","2025OB003080","2025NS016869","2025-09-11","2025-09-11",64371
43320,"2025-09-29","2025OP004560",405,3,"Aguardando assinaturas do ordenador de despesas e/ou gestor financeiro","2025-09-29",,,"2025NS019775",,,65145
43599,"2025-09-29","2025OP004839",405,3,"Aguardando assinaturas do ordenador de despesas e/ou gestor financeiro","2025-09-29",,,"2025NS020054",,,65378
43404,"2025-09-29","2025OP004644",405,3,"Aguardando assinaturas do ordenador de despesas e/ou gestor financeiro","2025-09-29",,,"2025NS019859",,,64976
39458,"2025-09-09","2025OP000689",405,5,"OB Enviada à instituição bancária para pagamento","2025-09-09","2025-09-09","2025OB000689","2025NS012857","2025-09-09","2025-09-09",60754
42329,"2025-09-11","2025OP003560",405,5,"OB Enviada à instituição bancária para pagamento","2025-09-12","2025-09-12","2025OB003559","2025NS017369","2025-09-11","2025-09-11",63468
39737,"2025-09-09","2025OP000968",405,5,"OB Enviada à instituição bancária para pagamento","2025-09-09","2025-09-09","2025OB000968","2025NS013136","2025-09-09","2025-09-09",61009
40921,"2025-09-09","2025OP002152",405,5,"OB Enviada à instituição bancária para pagamento","2025-09-09","2025-09-09","2025OB002152","2025NS014320","2025-09-09","2025-09-09",61477
39688,"2025-09-09","2025OP000919",405,5,"OB Enviada à instituição bancária para pagamento","2025-09-09","2025-09-09","2025OB000907","2025NS013087","2025-09-09","2025-09-09",61966
40315,"2025-09-09","2025OP001546",405,5,"OB Enviada à instituição bancária para pagamento","2025-09-09","2025-09-09","2025OB001546","2025NS013714","2025-09-09","2025-09-09",62402
39779,"2025-09-09","2025OP001010",405,5,"OB Enviada à instituição bancária para pagamento","2025-09-09","2025-09-09","2025OB001010","2025NS013178","2025-09-09","2025-09-09",62647
40106,"2025-09-09","2025OP001337",405,5,"OB Enviada à instituição bancária para pagamento","2025-09-09","2025-09-09","2025OB001336","2025NS013505","2025-09-09","2025-09-09",62790
39919,"2025-09-09","2025OP001150",405,5,"OB Enviada à instituição bancária para pagamento","2025-09-09","2025-09-09","2025OB001150","2025NS013318","2025-09-09","2025-09-09",62824
42919,"2025-09-11","2025OP004150",405,5,"OB Enviada à instituição bancária para pagamento","2025-09-12","2025-09-12","2025OB004163","2025NS017959","2025-09-11","2025-09-11",63444
43720,"2025-09-29","2025OP004960",405,3,"Aguardando assinaturas do ordenador de despesas e/ou gestor financeiro","2025-09-29",,,"2025NS020175",,,65509
43749,"2025-09-29","2025OP004989",405,3,"Aguardando assinaturas do ordenador de despesas e/ou gestor financeiro","2025-09-29",,,"2025NS020204",,,65156
41314,"2025-09-09","2025OP002545",405,5,"OB Enviada à instituição bancária para pagamento","2025-09-09","2025-09-09","2025OB002545","2025NS014713","2025-09-09","2025-09-09",61391
38952,"2025-09-09","2025OP000183",405,5,"OB Enviada à instituição bancária para pagamento","2025-09-09","2025-09-09","2025OB000183","2025NS012351","2025-09-09","2025-09-09",61461
40252,"2025-09-09","2025OP001483",405,5,"OB Enviada à instituição bancária para pagamento","2025-09-09","2025-09-09","2025OB001483","2025NS013651","2025-09-09","2025-09-09",61629
40848,"2025-09-09","2025OP002079",405,5,"OB Enviada à instituição bancária para pagamento","2025-09-09","2025-09-09","2025OB002079","2025NS014247","2025-09-09","2025-09-09",60658
41017,"2025-09-09","2025OP002248",405,5,"OB Enviada à instituição bancária para pagamento","2025-09-09","2025-09-09","2025OB002248","2025NS014416","2025-09-09","2025-09-09",62052
39906,"2025-09-09","2025OP001137",405,5,"OB Enviada à instituição bancária para pagamento","2025-09-09","2025-09-09","2025OB001137","2025NS013305","2025-09-09","2025-09-09",62780
40626,"2025-09-09","2025OP001857",405,5,"OB Enviada à instituição bancária para pagamento","2025-09-09","2025-09-09","2025OB001857","2025NS014025","2025-09-09","2025-09-09",62876
42716,"2025-09-11","2025OP003947",405,5,"OB Enviada à instituição bancária para pagamento","2025-09-12","2025-09-12","2025OB003949","2025NS017756","2025-09-11","2025-09-11",63647
42774,"2025-09-11","2025OP004005",405,5,"OB Enviada à instituição bancária para pagamento","2025-09-12","2025-09-12","2025OB004002","2025NS017814","2025-09-11","2025-09-11",63679
42093,"2025-09-11","2025OP003324",405,5,"OB Enviada à instituição bancária para pagamento","2025-09-12","2025-09-12","2025OB003322","2025NS017133","2025-09-11","2025-09-11",63981
42007,"2025-09-11","2025OP003238",405,5,"OB Enviada à instituição bancária para pagamento","2025-09-12","2025-09-12","2025OB003246","2025NS017047","2025-09-11","2025-09-11",64097
41594,"2025-09-11","2025OP002825",405,5,"OB Enviada à instituição bancária para pagamento","2025-09-12","2025-09-12","2025OB002834","2025NS016634","2025-09-11","2025-09-11",64592
41602,"2025-09-11","2025OP002833",405,5,"OB Enviada à instituição bancária para pagamento","2025-09-12","2025-09-12","2025OB002829","2025NS016642","2025-09-11","2025-09-11",64422
43465,"2025-09-29","2025OP004705",405,3,"Aguardando assinaturas do ordenador de despesas e/ou gestor financeiro","2025-09-29",,,"2025NS019920",,,64961
43478,"2025-09-29","2025OP004718",405,3,"Aguardando assinaturas do ordenador de despesas e/ou gestor financeiro","2025-09-29",,,"2025NS019933",,,65424
40405,"2025-09-09","2025OP001636",405,5,"OB Enviada à instituição bancária para pagamento","2025-09-09","2025-09-09","2025OB001628","2025NS013804","2025-09-09","2025-09-09",60654
39942,"2025-09-09","2025OP001173",405,5,"OB Enviada à instituição bancária para pagamento","2025-09-09","2025-09-09","2025OB001173","2025NS013341","2025-09-09","2025-09-09",60695
42019,"2025-09-11","2025OP003250",405,5,"OB Enviada à instituição bancária para pagamento","2025-09-12","2025-09-12","2025OB003243","2025NS017059","2025-09-11","2025-09-11",63363
39602,"2025-09-09","2025OP000833",405,5,"OB Enviada à instituição bancária para pagamento","2025-09-09","2025-09-09","2025OB000833","2025NS013001","2025-09-09","2025-09-09",62171
39513,"2025-09-09","2025OP000744",405,5,"OB Enviada à instituição bancária para pagamento","2025-09-09","2025-09-09","2025OB000744","2025NS012912","2025-09-09","2025-09-09",62374
40991,"2025-09-09","2025OP002222",405,5,"OB Enviada à instituição bancária para pagamento","2025-09-09","2025-09-09","2025OB002213","2025NS014390","2025-09-09","2025-09-09",62652
41476,"2025-09-09","2025OP002707",405,5,"OB Enviada à instituição bancária para pagamento","2025-09-09","2025-09-09","2025OB002709","2025NS014875","2025-09-09","2025-09-09",63092
43232,"2025-09-29","2025OP004472",405,3,"Aguardando assinaturas do ordenador de despesas e/ou gestor financeiro","2025-09-29",,,"2025NS019687",,,65078
42179,"2025-09-11","2025OP003410",405,5,"OB Enviada à instituição bancária para pagamento","2025-09-12","2025-09-12","2025OB003414","2025NS017219","2025-09-11","2025-09-11",64823
40725,"2025-09-09","2025OP001956",405,5,"OB Enviada à instituição bancária para pagamento","2025-09-09","2025-09-09","2025OB001956","2025NS014124","2025-09-09","2025-09-09",62534
39232,"2025-09-09","2025OP000463",405,5,"OB Enviada à instituição bancária para pagamento","2025-09-09","2025-09-09","2025OB000463","2025NS012631","2025-09-09","2025-09-09",62686
42808,"2025-09-11","2025OP004039",405,5,"OB Enviada à instituição bancária para pagamento","2025-09-12","2025-09-12","2025OB004032","2025NS017848","2025-09-11","2025-09-11",64062
42810,"2025-09-11","2025OP004041",405,5,"OB Enviada à instituição bancária para pagamento","2025-09-12","2025-09-12","2025OB004052","2025NS017850","2025-09-11","2025-09-11",64900
42014,"2025-09-11","2025OP003245",405,5,"OB Enviada à instituição bancária para pagamento","2025-09-12","2025-09-12","2025OB003227","2025NS017054","2025-09-11","2025-09-11",63482
41677,"2025-09-11","2025OP002908",405,5,"OB Enviada à instituição bancária para pagamento","2025-09-12","2025-09-12","2025OB002910","2025NS016717","2025-09-11","2025-09-11",63729
42658,"2025-09-11","2025OP003889",405,5,"OB Enviada à instituição bancária para pagamento","2025-09-12","2025-09-12","2025OB003891","2025NS017698","2025-09-11","2025-09-11",64511
41995,"2025-09-11","2025OP003226",405,5,"OB Enviada à instituição bancária para pagamento","2025-09-12","2025-09-12","2025OB003236","2025NS017035","2025-09-11","2025-09-11",64828
43369,"2025-09-29","2025OP004609",405,3,"Aguardando assinaturas do ordenador de despesas e/ou gestor financeiro","2025-09-29",,,"2025NS019824",,,65273
43494,"2025-09-29","2025OP004734",405,3,"Aguardando assinaturas do ordenador de despesas e/ou gestor financeiro","2025-09-29",,,"2025NS019949",,,65435
42789,"2025-09-11","2025OP004020",405,5,"OB Enviada à instituição bancária para pagamento","2025-09-12","2025-09-12","2025OB004024","2025NS017829","2025-09-11","2025-09-11",64479
41309,"2025-09-09","2025OP002540",405,5,"OB Enviada à instituição bancária para pagamento","2025-09-09","2025-09-09","2025OB002540","2025NS014708","2025-09-09","2025-09-09",61365
39566,"2025-09-09","2025OP000797",405,5,"OB Enviada à instituição bancária para pagamento","2025-09-09","2025-09-09","2025OB000797","2025NS012965","2025-09-09","2025-09-09",61581
39920,"2025-09-09","2025OP001151",405,5,"OB Enviada à instituição bancária para pagamento","2025-09-09","2025-09-09","2025OB001151","2025NS013319","2025-09-09","2025-09-09",61669
43495,"2025-09-29","2025OP004735",405,3,"Aguardando assinaturas do ordenador de despesas e/ou gestor financeiro","2025-09-29",,,"2025NS019950",,,65434
41359,"2025-09-09","2025OP002590",405,5,"OB Enviada à instituição bancária para pagamento","2025-09-09","2025-09-09","2025OB002590","2025NS014758","2025-09-09","2025-09-09",62987
39193,"2025-09-09","2025OP000424",405,5,"OB Enviada à instituição bancária para pagamento","2025-09-09","2025-09-09","2025OB000411","2025NS012592","2025-09-09","2025-09-09",63046
42552,"2025-09-11","2025OP003783",405,5,"OB Enviada à instituição bancária para pagamento","2025-09-12","2025-09-12","2025OB003780","2025NS017592","2025-09-11","2025-09-11",64563
42446,"2025-09-11","2025OP003677",405,5,"OB Enviada à instituição bancária para pagamento","2025-09-12","2025-09-12","2025OB003664","2025NS017486","2025-09-11","2025-09-11",64615
43402,"2025-09-29","2025OP004642",405,3,"Aguardando assinaturas do ordenador de despesas e/ou gestor financeiro","2025-09-29",,,"2025NS019857",,,65413
41658,"2025-09-11","2025OP002889",405,5,"OB Enviada à instituição bancária para pagamento","2025-09-12","2025-09-12","2025OB002894","2025NS016698","2025-09-11","2025-09-11",63619
40986,"2025-09-09","2025OP002217",405,5,"OB Enviada à instituição bancária para pagamento","2025-09-09","2025-09-09","2025OB002230","2025NS014385","2025-09-09","2025-09-09",62991
39753,"2025-09-09","2025OP000984",405,5,"OB Enviada à instituição bancária para pagamento","2025-09-09","2025-09-09","2025OB000984","2025NS013152","2025-09-09","2025-09-09",63141
39484,"2025-09-09","2025OP000715",405,5,"OB Enviada à instituição bancária para pagamento","2025-09-09","2025-09-09","2025OB000715","2025NS012883","2025-09-09","2025-09-09",63162
41701,"2025-09-11","2025OP002932",405,5,"OB Enviada à instituição bancária para pagamento","2025-09-12","2025-09-12","2025OB002920","2025NS016741","2025-09-11","2025-09-11",64609
42691,,,405,2,"OP Pendente (Retorno com erro no envio ao SIAFI)","2025-09-29",,,,,,63294
42730,"2025-09-11","2025OP003961",405,5,"OB Enviada à instituição bancária para pagamento","2025-09-12","2025-09-12","2025OB003961","2025NS017770","2025-09-11","2025-09-11",64323
41700,"2025-09-11","2025OP002931",405,5,"OB Enviada à instituição bancária para pagamento","2025-09-12","2025-09-12","2025OB002923","2025NS016740","2025-09-11","2025-09-11",64332
42883,"2025-09-11","2025OP004114",405,5,"OB Enviada à instituição bancária para pagamento","2025-09-12","2025-09-12","2025OB004115","2025NS017923","2025-09-11","2025-09-11",64239
42879,"2025-09-11","2025OP004110",405,5,"OB Enviada à instituição bancária para pagamento","2025-09-12","2025-09-12","2025OB004101","2025NS017919","2025-09-11","2025-09-11",64735
42536,"2025-09-11","2025OP003767",405,5,"OB Enviada à instituição bancária para pagamento","2025-09-12","2025-09-12","2025OB003760","2025NS017576","2025-09-11","2025-09-11",64857
40424,"2025-09-09","2025OP001655",405,5,"OB Enviada à instituição bancária para pagamento","2025-09-09","2025-09-09","2025OB001655","2025NS013823","2025-09-09","2025-09-09",63172
39417,"2025-09-09","2025OP000648",405,5,"OB Enviada à instituição bancária para pagamento","2025-09-09","2025-09-09","2025OB000648","2025NS012816","2025-09-09","2025-09-09",61520
40465,"2025-09-09","2025OP001696",405,5,"OB Enviada à instituição bancária para pagamento","2025-09-09","2025-09-09","2025OB001696","2025NS013864","2025-09-09","2025-09-09",61672
40336,"2025-09-09","2025OP001567",405,5,"OB Enviada à instituição bancária para pagamento","2025-09-09","2025-09-09","2025OB001567","2025NS013735","2025-09-09","2025-09-09",62507
39164,"2025-09-09","2025OP000395",405,5,"OB Enviada à instituição bancária para pagamento","2025-09-09","2025-09-09","2025OB000395","2025NS012563","2025-09-09","2025-09-09",62605
41558,"2025-09-09","2025OP002789",405,5,"OB Enviada à instituição bancária para pagamento","2025-09-09","2025-09-09","2025OB002789","2025NS014957","2025-09-09","2025-09-09",62711
39869,"2025-09-09","2025OP001100",405,5,"OB Enviada à instituição bancária para pagamento","2025-09-09","2025-09-09","2025OB001100","2025NS013268","2025-09-09","2025-09-09",63055
43056,"2025-09-11","2025OP004287",405,5,"OB Enviada à instituição bancária para pagamento","2025-09-12","2025-09-12","2025OB004303","2025NS018096","2025-09-11","2025-09-11",63744
42518,"2025-09-11","2025OP003749",405,5,"OB Enviada à instituição bancária para pagamento","2025-09-12","2025-09-12","2025OB003745","2025NS017558","2025-09-11","2025-09-11",64143
39520,"2025-09-09","2025OP000751",405,5,"OB Enviada à instituição bancária para pagamento","2025-09-09","2025-09-09","2025OB000751","2025NS012919","2025-09-09","2025-09-09",60908
41504,"2025-09-09","2025OP002735",405,5,"OB Enviada à instituição bancária para pagamento","2025-09-09","2025-09-09","2025OB002735","2025NS014903","2025-09-09","2025-09-09",60901
41262,"2025-09-09","2025OP002493",405,5,"OB Enviada à instituição bancária para pagamento","2025-09-09","2025-09-09","2025OB002493","2025NS014661","2025-09-09","2025-09-09",60915
40726,"2025-09-09","2025OP001957",405,5,"OB Enviada à instituição bancária para pagamento","2025-09-09","2025-09-09","2025OB001957","2025NS014125","2025-09-09","2025-09-09",60576
41133,"2025-09-09","2025OP002364",405,5,"OB Enviada à instituição bancária para pagamento","2025-09-09","2025-09-09","2025OB002364","2025NS014532","2025-09-09","2025-09-09",61235
39990,"2025-09-09","2025OP001221",405,5,"OB Enviada à instituição bancária para pagamento","2025-09-09","2025-09-09","2025OB001208","2025NS013389","2025-09-09","2025-09-09",62111
43609,"2025-09-29","2025OP004849",405,3,"Aguardando assinaturas do ordenador de despesas e/ou gestor financeiro","2025-09-29",,,"2025NS020064",,,65474
42018,"2025-09-11","2025OP003249",405,5,"OB Enviada à instituição bancária para pagamento","2025-09-12","2025-09-12","2025OB003249","2025NS017058","2025-09-11","2025-09-11",63638
42697,"2025-09-11","2025OP003928",405,5,"OB Enviada à instituição bancária para pagamento","2025-09-12","2025-09-12","2025OB003924","2025NS017737","2025-09-11","2025-09-11",63748
43435,"2025-09-29","2025OP004675",405,3,"Aguardando assinaturas do ordenador de despesas e/ou gestor financeiro","2025-09-29",,,"2025NS019890",,,64928
43305,"2025-09-29","2025OP004545",405,3,"Aguardando assinaturas do ordenador de despesas e/ou gestor financeiro","2025-09-29",,,"2025NS019760",,,65166
39290,"2025-09-09","2025OP000521",405,5,"OB Enviada à instituição bancária para pagamento","2025-09-09","2025-09-09","2025OB000502","2025NS012689","2025-09-09","2025-09-09",61288
40330,"2025-09-09","2025OP001561",405,5,"OB Enviada à instituição bancária para pagamento","2025-09-09","2025-09-09","2025OB001561","2025NS013729","2025-09-09","2025-09-09",61978
39273,"2025-09-09","2025OP000504",405,5,"OB Enviada à instituição bancária para pagamento","2025-09-09","2025-09-09","2025OB000513","2025NS012672","2025-09-09","2025-09-09",62164
41485,"2025-09-09","2025OP002716",405,5,"OB Enviada à instituição bancária para pagamento","2025-09-09","2025-09-09","2025OB002727","2025NS014884","2025-09-09","2025-09-09",62382
39299,"2025-09-09","2025OP000530",405,5,"OB Enviada à instituição bancária para pagamento","2025-09-09","2025-09-09","2025OB000520","2025NS012698","2025-09-09","2025-09-09",62730
41952,"2025-09-11","2025OP003183",405,5,"OB Enviada à instituição bancária para pagamento","2025-09-12","2025-09-12","2025OB003180","2025NS016992","2025-09-11","2025-09-11",63637
41825,"2025-09-11","2025OP003056",405,5,"OB Enviada à instituição bancária para pagamento","2025-09-12","2025-09-12","2025OB003051","2025NS016865","2025-09-11","2025-09-11",63323
42524,"2025-09-11","2025OP003755",405,5,"OB Enviada à instituição bancária para pagamento","2025-09-12","2025-09-12","2025OB003769","2025NS017564","2025-09-11","2025-09-11",63904
42089,"2025-09-11","2025OP003320",405,5,"OB Enviada à instituição bancária para pagamento","2025-09-12","2025-09-12","2025OB003318","2025NS017129","2025-09-11","2025-09-11",64861
43452,"2025-09-29","2025OP004692",405,3,"Aguardando assinaturas do ordenador de despesas e/ou gestor financeiro","2025-09-29",,,"2025NS019907",,,65291
43395,"2025-09-29","2025OP004635",405,3,"Aguardando assinaturas do ordenador de despesas e/ou gestor financeiro","2025-09-29",,,"2025NS019850",,,65410
41039,"2025-09-09","2025OP002270",405,5,"OB Enviada à instituição bancária para pagamento","2025-09-09","2025-09-09","2025OB002270","2025NS014438","2025-09-09","2025-09-09",61143
43429,"2025-09-29","2025OP004669",405,3,"Aguardando assinaturas do ordenador de despesas e/ou gestor financeiro","2025-09-29",,,"2025NS019884",,,64970
39555,"2025-09-09","2025OP000786",405,5,"OB Enviada à instituição bancária para pagamento","2025-09-09","2025-09-09","2025OB000786","2025NS012954","2025-09-09","2025-09-09",60867
40972,"2025-09-09","2025OP002203",405,5,"OB Enviada à instituição bancária para pagamento","2025-09-09","2025-09-09","2025OB002203","2025NS014371","2025-09-09","2025-09-09",61410
39554,"2025-09-09","2025OP000785",405,5,"OB Enviada à instituição bancária para pagamento","2025-09-09","2025-09-09","2025OB000785","2025NS012953","2025-09-09","2025-09-09",61742
40697,"2025-09-09","2025OP001928",405,5,"OB Enviada à instituição bancária para pagamento","2025-09-09","2025-09-09","2025OB001928","2025NS014096","2025-09-09","2025-09-09",61758
40108,"2025-09-09","2025OP001339",405,5,"OB Enviada à instituição bancária para pagamento","2025-09-09","2025-09-09","2025OB001339","2025NS013507","2025-09-09","2025-09-09",62791
40349,"2025-09-09","2025OP001580",405,5,"OB Enviada à instituição bancária para pagamento","2025-09-09","2025-09-09","2025OB001580","2025NS013748","2025-09-09","2025-09-09",62912
42690,"2025-09-11","2025OP003921",405,5,"OB Enviada à instituição bancária para pagamento","2025-09-12","2025-09-12","2025OB003938","2025NS017730","2025-09-11","2025-09-11",63644
42409,"2025-09-11","2025OP003640",405,5,"OB Enviada à instituição bancária para pagamento","2025-09-12","2025-09-12","2025OB003629","2025NS017449","2025-09-11","2025-09-11",63707
43063,"2025-09-11","2025OP004294",405,5,"OB Enviada à instituição bancária para pagamento","2025-09-12","2025-09-12","2025OB004291","2025NS018103","2025-09-11","2025-09-11",63976
41678,"2025-09-11","2025OP002909",405,5,"OB Enviada à instituição bancária para pagamento","2025-09-12","2025-09-12","2025OB002908","2025NS016718","2025-09-11","2025-09-11",64703
43231,"2025-09-29","2025OP004471",405,3,"Aguardando assinaturas do ordenador de despesas e/ou gestor financeiro","2025-09-29",,,"2025NS019686",,,64944
43328,"2025-09-29","2025OP004568",405,3,"Aguardando assinaturas do ordenador de despesas e/ou gestor financeiro","2025-09-29",,,"2025NS019783",,,65217
43234,"2025-09-29","2025OP004474",405,3,"Aguardando assinaturas do ordenador de despesas e/ou gestor financeiro","2025-09-29",,,"2025NS019689",,,65359
43829,"2025-09-29","2025OP005069",405,3,"Aguardando assinaturas do ordenador de despesas e/ou gestor financeiro","2025-09-29",,,"2025NS020284",,,65369
40714,"2025-09-09","2025OP001945",405,5,"OB Enviada à instituição bancária para pagamento","2025-09-09","2025-09-09","2025OB001945","2025NS014113","2025-09-09","2025-09-09",60747
42011,"2025-09-11","2025OP003242",405,5,"OB Enviada à instituição bancária para pagamento","2025-09-12","2025-09-12","2025OB003244","2025NS017051","2025-09-11","2025-09-11",63386
40883,"2025-09-09","2025OP002114",405,5,"OB Enviada à instituição bancária para pagamento","2025-09-09","2025-09-09","2025OB002114","2025NS014282","2025-09-09","2025-09-09",62141
39599,"2025-09-09","2025OP000830",405,5,"OB Enviada à instituição bancária para pagamento","2025-09-09","2025-09-09","2025OB000830","2025NS012998","2025-09-09","2025-09-09",62497
39092,"2025-09-09","2025OP000323",405,5,"OB Enviada à instituição bancária para pagamento","2025-09-09","2025-09-09","2025OB000310","2025NS012491","2025-09-09","2025-09-09",62885
42406,"2025-09-11","2025OP003637",405,5,"OB Enviada à instituição bancária para pagamento","2025-09-12","2025-09-12","2025OB003636","2025NS017446","2025-09-11","2025-09-11",63549
41605,"2025-09-11","2025OP002836",405,5,"OB Enviada à instituição bancária para pagamento","2025-09-12","2025-09-12","2025OB002823","2025NS016645","2025-09-11","2025-09-11",63763
42896,"2025-09-11","2025OP004127",405,5,"OB Enviada à instituição bancária para pagamento","2025-09-12","2025-09-12","2025OB004134","2025NS017936","2025-09-11","2025-09-11",64268
41676,"2025-09-11","2025OP002907",405,5,"OB Enviada à instituição bancária para pagamento","2025-09-12","2025-09-12","2025OB002902","2025NS016716","2025-09-11","2025-09-11",64191
43651,"2025-09-29","2025OP004891",405,3,"Aguardando assinaturas do ordenador de despesas e/ou gestor financeiro","2025-09-29",,,"2025NS020106",,,65324
43358,"2025-09-29","2025OP004598",405,3,"Aguardando assinaturas do ordenador de despesas e/ou gestor financeiro","2025-09-29",,,"2025NS019813",,,65335
43233,"2025-09-29","2025OP004473",405,3,"Aguardando assinaturas do ordenador de despesas e/ou gestor financeiro","2025-09-29",,,"2025NS019688",,,65075
43772,"2025-09-29","2025OP005012",405,3,"Aguardando assinaturas do ordenador de despesas e/ou gestor financeiro","2025-09-29",,,"2025NS020227",,,65191
43417,"2025-09-29","2025OP004657",405,3,"Aguardando assinaturas do ordenador de despesas e/ou gestor financeiro","2025-09-29",,,"2025NS019872",,,65087
38940,"2025-09-09","2025OP000171",405,5,"OB Enviada à instituição bancária para pagamento","2025-09-09","2025-09-09","2025OB000171","2025NS012339","2025-09-09","2025-09-09",61459
43675,"2025-09-29","2025OP004915",405,3,"Aguardando assinaturas do ordenador de despesas e/ou gestor financeiro","2025-09-29",,,"2025NS020130",,,64938
41457,"2025-09-09","2025OP002688",405,5,"OB Enviada à instituição bancária para pagamento","2025-09-09","2025-09-09","2025OB002688","2025NS014856","2025-09-09","2025-09-09",62632
39650,"2025-09-09","2025OP000881",405,5,"OB Enviada à instituição bancária para pagamento","2025-09-09","2025-09-09","2025OB000881","2025NS013049","2025-09-09","2025-09-09",62677
39890,"2025-09-09","2025OP001121",405,5,"OB Enviada à instituição bancária para pagamento","2025-09-09","2025-09-09","2025OB001114","2025NS013289","2025-09-09","2025-09-09",62804
40023,"2025-09-09","2025OP001254",405,5,"OB Enviada à instituição bancária para pagamento","2025-09-09","2025-09-09","2025OB001254","2025NS013422","2025-09-09","2025-09-09",62833
39511,"2025-09-09","2025OP000742",405,5,"OB Enviada à instituição bancária para pagamento","2025-09-09","2025-09-09","2025OB000742","2025NS012910","2025-09-09","2025-09-09",63182
41801,"2025-09-11","2025OP003032",405,5,"OB Enviada à instituição bancária para pagamento","2025-09-12","2025-09-12","2025OB003031","2025NS016841","2025-09-11","2025-09-11",64113
42153,"2025-09-11","2025OP003384",405,5,"OB Enviada à instituição bancária para pagamento","2025-09-12","2025-09-12","2025OB003404","2025NS017193","2025-09-11","2025-09-11",64044
42891,"2025-09-11","2025OP004122",405,5,"OB Enviada à instituição bancária para pagamento","2025-09-12","2025-09-12","2025OB004129","2025NS017931","2025-09-11","2025-09-11",63382
42894,"2025-09-11","2025OP004125",405,5,"OB Enviada à instituição bancária para pagamento","2025-09-12","2025-09-12","2025OB004133","2025NS017934","2025-09-11","2025-09-11",63395
41687,"2025-09-11","2025OP002918",405,5,"OB Enviada à instituição bancária para pagamento","2025-09-12","2025-09-12","2025OB002931","2025NS016727","2025-09-11","2025-09-11",64367
43007,"2025-09-11","2025OP004238",405,5,"OB Enviada à instituição bancária para pagamento","2025-09-12","2025-09-12","2025OB004254","2025NS018047","2025-09-11","2025-09-11",63387
43440,"2025-09-29","2025OP004680",405,3,"Aguardando assinaturas do ordenador de despesas e/ou gestor financeiro","2025-09-29",,,"2025NS019895",,,65032
43444,"2025-09-29","2025OP004684",405,3,"Aguardando assinaturas do ordenador de despesas e/ou gestor financeiro","2025-09-29",,,"2025NS019899",,,65086
40043,"2025-09-09","2025OP001274",405,5,"OB Enviada à instituição bancária para pagamento","2025-09-09","2025-09-09","2025OB001274","2025NS013442","2025-09-09","2025-09-09",60824
40419,"2025-09-09","2025OP001650",405,5,"OB Enviada à instituição bancária para pagamento","2025-09-09","2025-09-09","2025OB001650","2025NS013818","2025-09-09","2025-09-09",61320
39847,"2025-09-09","2025OP001078",405,5,"OB Enviada à instituição bancária para pagamento","2025-09-09","2025-09-09","2025OB001078","2025NS013246","2025-09-09","2025-09-09",62658
40974,"2025-09-09","2025OP002205",405,5,"OB Enviada à instituição bancária para pagamento","2025-09-09","2025-09-09","2025OB002206","2025NS014373","2025-09-09","2025-09-09",63254
42939,"2025-09-11","2025OP004170",405,5,"OB Enviada à instituição bancária para pagamento","2025-09-12","2025-09-12","2025OB004157","2025NS017979","2025-09-11","2025-09-11",64291
41599,"2025-09-11","2025OP002830",405,5,"OB Enviada à instituição bancária para pagamento","2025-09-12","2025-09-12","2025OB002822","2025NS016639","2025-09-11","2025-09-11",64471
43834,"2025-09-29","2025OP005074",405,3,"Aguardando assinaturas do ordenador de despesas e/ou gestor financeiro","2025-09-29",,,"2025NS020289",,,64996
42004,"2025-09-11","2025OP003235",405,5,"OB Enviada à instituição bancária para pagamento","2025-09-12","2025-09-12","2025OB003228","2025NS017044","2025-09-11","2025-09-11",64839
41327,"2025-09-09","2025OP002558",405,5,"OB Enviada à instituição bancária para pagamento","2025-09-09","2025-09-09","2025OB002558","2025NS014726","2025-09-09","2025-09-09",62358
42448,"2025-09-11","2025OP003679",405,5,"OB Enviada à instituição bancária para pagamento","2025-09-12","2025-09-12","2025OB003651","2025NS017488","2025-09-11","2025-09-11",64708
39010,"2025-09-09","2025OP000241",405,5,"OB Enviada à instituição bancária para pagamento","2025-09-09","2025-09-09","2025OB000241","2025NS012409","2025-09-09","2025-09-09",60613
39656,"2025-09-09","2025OP000887",405,5,"OB Enviada à instituição bancária para pagamento","2025-09-09","2025-09-09","2025OB000887","2025NS013055","2025-09-09","2025-09-09",61169
39110,"2025-09-09","2025OP000341",405,5,"OB Enviada à instituição bancária para pagamento","2025-09-09","2025-09-09","2025OB000341","2025NS012509","2025-09-09","2025-09-09",61487
41295,"2025-09-09","2025OP002526",405,5,"OB Enviada à instituição bancária para pagamento","2025-09-09","2025-09-09","2025OB002517","2025NS014694","2025-09-09","2025-09-09",61564
41280,"2025-09-09","2025OP002511",405,5,"OB Enviada à instituição bancária para pagamento","2025-09-09","2025-09-09","2025OB002522","2025NS014679","2025-09-09","2025-09-09",61739
41183,"2025-09-09","2025OP002414",405,5,"OB Enviada à instituição bancária para pagamento","2025-09-09","2025-09-09","2025OB002414","2025NS014582","2025-09-09","2025-09-09",62392
40659,"2025-09-09","2025OP001890",405,5,"OB Enviada à instituição bancária para pagamento","2025-09-09","2025-09-09","2025OB001890","2025NS014058","2025-09-09","2025-09-09",62733
41061,"2025-09-09","2025OP002292",405,5,"OB Enviada à instituição bancária para pagamento","2025-09-09","2025-09-09","2025OB002292","2025NS014460","2025-09-09","2025-09-09",62934
41877,"2025-09-11","2025OP003108",405,5,"OB Enviada à instituição bancária para pagamento","2025-09-12","2025-09-12","2025OB003104","2025NS016917","2025-09-11","2025-09-11",63506
41946,"2025-09-11","2025OP003177",405,5,"OB Enviada à instituição bancária para pagamento","2025-09-12","2025-09-12","2025OB003187","2025NS016986","2025-09-11","2025-09-11",63779
42022,"2025-09-11","2025OP003253",405,5,"OB Enviada à instituição bancária para pagamento","2025-09-12","2025-09-12","2025OB003247","2025NS017062","2025-09-11","2025-09-11",64148
43671,"2025-09-29","2025OP004911",405,3,"Aguardando assinaturas do ordenador de despesas e/ou gestor financeiro","2025-09-29",,,"2025NS020126",,,65153
43782,"2025-09-29","2025OP005022",405,3,"Aguardando assinaturas do ordenador de despesas e/ou gestor financeiro","2025-09-29",,,"2025NS020237",,,65536
41016,"2025-09-09","2025OP002247",405,5,"OB Enviada à instituição bancária para pagamento","2025-09-09","2025-09-09","2025OB002247","2025NS014415","2025-09-09","2025-09-09",61166
43806,"2025-09-29","2025OP005046",405,3,"Aguardando assinaturas do ordenador de despesas e/ou gestor financeiro","2025-09-29",,,"2025NS020261",,,65550
41534,"2025-09-09","2025OP002765",405,5,"OB Enviada à instituição bancária para pagamento","2025-09-09","2025-09-09","2025OB002765","2025NS014933","2025-09-09","2025-09-09",61731
43136,"2025-09-11","2025OP004367",405,5,"OB Enviada à instituição bancária para pagamento","2025-09-12","2025-09-12","2025OB004360","2025NS018176","2025-09-11","2025-09-11",63412
41387,"2025-09-09","2025OP002618",405,5,"OB Enviada à instituição bancária para pagamento","2025-09-09","2025-09-09","2025OB002618","2025NS014786","2025-09-09","2025-09-09",62470
40677,"2025-09-09","2025OP001908",405,5,"OB Enviada à instituição bancária para pagamento","2025-09-09","2025-09-09","2025OB001908","2025NS014076","2025-09-09","2025-09-09",63134
43176,"2025-09-11","2025OP004407",405,5,"OB Enviada à instituição bancária para pagamento","2025-09-12","2025-09-12","2025OB004393","2025NS018216","2025-09-11","2025-09-11",64620
42419,"2025-09-11","2025OP003650",405,5,"OB Enviada à instituição bancária para pagamento","2025-09-12","2025-09-12","2025OB003665","2025NS017459","2025-09-11","2025-09-11",64513
42542,"2025-09-11","2025OP003773",405,5,"OB Enviada à instituição bancária para pagamento","2025-09-12","2025-09-12","2025OB003755","2025NS017582","2025-09-11","2025-09-11",64740
43135,"2025-09-11","2025OP004366",405,5,"OB Enviada à instituição bancária para pagamento","2025-09-12","2025-09-12","2025OB004365","2025NS018175","2025-09-11","2025-09-11",64755
43566,"2025-09-29","2025OP004806",405,3,"Aguardando assinaturas do ordenador de despesas e/ou gestor financeiro","2025-09-29",,,"2025NS020021",,,64968
39012,"2025-09-09","2025OP000243",405,5,"OB Enviada à instituição bancária para pagamento","2025-09-09","2025-09-09","2025OB000243","2025NS012411","2025-09-09","2025-09-09",60667
39015,"2025-09-09","2025OP000246",405,5,"OB Enviada à instituição bancária para pagamento","2025-09-09","2025-09-09","2025OB000246","2025NS012414","2025-09-09","2025-09-09",60668
41372,"2025-09-09","2025OP002603",405,5,"OB Enviada à instituição bancária para pagamento","2025-09-09","2025-09-09","2025OB002603","2025NS014771","2025-09-09","2025-09-09",60611
39766,"2025-09-09","2025OP000997",405,5,"OB Enviada à instituição bancária para pagamento","2025-09-09","2025-09-09","2025OB000997","2025NS013165","2025-09-09","2025-09-09",61584
39712,"2025-09-09","2025OP000943",405,5,"OB Enviada à instituição bancária para pagamento","2025-09-09","2025-09-09","2025OB000943","2025NS013111","2025-09-09","2025-09-09",62691
42521,"2025-09-11","2025OP003752",405,5,"OB Enviada à instituição bancária para pagamento","2025-09-12","2025-09-12","2025OB003754","2025NS017561","2025-09-11","2025-09-11",63355
42841,"2025-09-11","2025OP004072",405,5,"OB Enviada à instituição bancária para pagamento","2025-09-12","2025-09-12","2025OB004077","2025NS017881","2025-09-11","2025-09-11",63880
42633,"2025-09-11","2025OP003864",405,5,"OB Enviada à instituição bancária para pagamento","2025-09-12","2025-09-12","2025OB003864","2025NS017673","2025-09-11","2025-09-11",64316
43215,"2025-09-11","2025OP004446",405,5,"OB Enviada à instituição bancária para pagamento","2025-09-12","2025-09-12","2025OB004445","2025NS018255","2025-09-11","2025-09-11",64717
41648,"2025-09-11","2025OP002879",405,5,"OB Enviada à instituição bancária para pagamento","2025-09-12","2025-09-12","2025OB002876","2025NS016688","2025-09-11","2025-09-11",64428
40339,"2025-09-09","2025OP001570",405,5,"OB Enviada à instituição bancária para pagamento","2025-09-09","2025-09-09","2025OB001570","2025NS013738","2025-09-09","2025-09-09",61219
40159,"2025-09-09","2025OP001390",405,5,"OB Enviada à instituição bancária para pagamento","2025-09-09","2025-09-09","2025OB001390","2025NS013558","2025-09-09","2025-09-09",61679
42914,"2025-09-11","2025OP004145",405,5,"OB Enviada à instituição bancária para pagamento","2025-09-12","2025-09-12","2025OB004136","2025NS017954","2025-09-11","2025-09-11",63489
42788,"2025-09-11","2025OP004019",405,5,"OB Enviada à instituição bancária para pagamento","2025-09-12","2025-09-12","2025OB004026","2025NS017828","2025-09-11","2025-09-11",63718
42864,"2025-09-11","2025OP004095",405,5,"OB Enviada à instituição bancária para pagamento","2025-09-12","2025-09-12","2025OB004099","2025NS017904","2025-09-11","2025-09-11",64472
40221,"2025-09-09","2025OP001452",405,5,"OB Enviada à instituição bancária para pagamento","2025-09-09","2025-09-09","2025OB001452","2025NS013620","2025-09-09","2025-09-09",60798
39165,"2025-09-09","2025OP000396",405,5,"OB Enviada à instituição bancária para pagamento","2025-09-09","2025-09-09","2025OB000396","2025NS012564","2025-09-09","2025-09-09",62277
40776,"2025-09-09","2025OP002007",405,5,"OB Enviada à instituição bancária para pagamento","2025-09-09","2025-09-09","2025OB002010","2025NS014175","2025-09-09","2025-09-09",62755
40618,"2025-09-09","2025OP001849",405,5,"OB Enviada à instituição bancária para pagamento","2025-09-09","2025-09-09","2025OB001849","2025NS014017","2025-09-09","2025-09-09",63161
43817,"2025-09-29","2025OP005057",405,3,"Aguardando assinaturas do ordenador de despesas e/ou gestor financeiro","2025-09-29",,,"2025NS020272",,,65039
40084,"2025-09-09","2025OP001315",405,5,"OB Enviada à instituição bancária para pagamento","2025-09-09","2025-09-09","2025OB001333","2025NS013483","2025-09-09","2025-09-09",60818
40744,"2025-09-09","2025OP001975",405,5,"OB Enviada à instituição bancária para pagamento","2025-09-09","2025-09-09","2025OB001975","2025NS014143","2025-09-09","2025-09-09",61059
40160,"2025-09-09","2025OP001391",405,5,"OB Enviada à instituição bancária para pagamento","2025-09-09","2025-09-09","2025OB001391","2025NS013559","2025-09-09","2025-09-09",61098
40346,"2025-09-09","2025OP001577",405,5,"OB Enviada à instituição bancária para pagamento","2025-09-09","2025-09-09","2025OB001577","2025NS013745","2025-09-09","2025-09-09",61204
39328,"2025-09-09","2025OP000559",405,5,"OB Enviada à instituição bancária para pagamento","2025-09-09","2025-09-09","2025OB000559","2025NS012727","2025-09-09","2025-09-09",62212
39463,"2025-09-09","2025OP000694",405,5,"OB Enviada à instituição bancária para pagamento","2025-09-09","2025-09-09","2025OB000694","2025NS012862","2025-09-09","2025-09-09",62750
39075,"2025-09-09","2025OP000306",405,5,"OB Enviada à instituição bancária para pagamento","2025-09-09","2025-09-09","2025OB000313","2025NS012474","2025-09-09","2025-09-09",63026
40898,"2025-09-09","2025OP002129",405,5,"OB Enviada à instituição bancária para pagamento","2025-09-09","2025-09-09","2025OB002129","2025NS014297","2025-09-09","2025-09-09",63160
42558,"2025-09-11","2025OP003789",405,5,"OB Enviada à instituição bancária para pagamento","2025-09-12","2025-09-12","2025OB003775","2025NS017598","2025-09-11","2025-09-11",63509
42277,"2025-09-11","2025OP003508",405,5,"OB Enviada à instituição bancária para pagamento","2025-09-12","2025-09-12","2025OB003501","2025NS017317","2025-09-11","2025-09-11",63944
41682,"2025-09-11","2025OP002913",405,5,"OB Enviada à instituição bancária para pagamento","2025-09-12","2025-09-12","2025OB002913","2025NS016722","2025-09-11","2025-09-11",64867
42256,"2025-09-11","2025OP003487",405,5,"OB Enviada à instituição bancária para pagamento","2025-09-12","2025-09-12","2025OB003513","2025NS017296","2025-09-11","2025-09-11",64890
39153,"2025-09-09","2025OP000384",405,5,"OB Enviada à instituição bancária para pagamento","2025-09-09","2025-09-09","2025OB000384","2025NS012552","2025-09-09","2025-09-09",61630
40705,"2025-09-09","2025OP001936",405,5,"OB Enviada à instituição bancária para pagamento","2025-09-09","2025-09-09","2025OB001936","2025NS014104","2025-09-09","2025-09-09",61759
39952,"2025-09-09","2025OP001183",405,5,"OB Enviada à instituição bancária para pagamento","2025-09-09","2025-09-09","2025OB001183","2025NS013351","2025-09-09","2025-09-09",61804
43111,"2025-09-11","2025OP004342",405,5,"OB Enviada à instituição bancária para pagamento","2025-09-12","2025-09-12","2025OB004343","2025NS018151","2025-09-11","2025-09-11",64269
43840,"2025-09-29","2025OP005080",405,3,"Aguardando assinaturas do ordenador de despesas e/ou gestor financeiro","2025-09-29",,,"2025NS020295",,,65555
41960,"2025-09-11","2025OP003191",405,5,"OB Enviada à instituição bancária para pagamento","2025-09-12","2025-09-12","2025OB003201","2025NS017000","2025-09-11","2025-09-11",63780
43006,"2025-09-11","2025OP004237",405,5,"OB Enviada à instituição bancária para pagamento","2025-09-12","2025-09-12","2025OB004249","2025NS018046","2025-09-11","2025-09-11",64606
42621,"2025-09-11","2025OP003852",405,5,"OB Enviada à instituição bancária para pagamento","2025-09-12","2025-09-12","2025OB003847","2025NS017661","2025-09-11","2025-09-11",64402
43810,"2025-09-29","2025OP005050",405,3,"Aguardando assinaturas do ordenador de despesas e/ou gestor financeiro","2025-09-29",,,"2025NS020265",,,65218
40326,"2025-09-09","2025OP001557",405,5,"OB Enviada à instituição bancária para pagamento","2025-09-09","2025-09-09","2025OB001557","2025NS013725","2025-09-09","2025-09-09",61995
40669,"2025-09-09","2025OP001900",405,5,"OB Enviada à instituição bancária para pagamento","2025-09-09","2025-09-09","2025OB001900","2025NS014068","2025-09-09","2025-09-09",62508
41201,"2025-09-09","2025OP002432",405,5,"OB Enviada à instituição bancária para pagamento","2025-09-09","2025-09-09","2025OB002432","2025NS014600","2025-09-09","2025-09-09",61306
41544,"2025-09-09","2025OP002775",405,5,"OB Enviada à instituição bancária para pagamento","2025-09-09","2025-09-09","2025OB002775","2025NS014943","2025-09-09","2025-09-09",61557
40366,"2025-09-09","2025OP001597",405,5,"OB Enviada à instituição bancária para pagamento","2025-09-09","2025-09-09","2025OB001603","2025NS013765","2025-09-09","2025-09-09",61756
39427,"2025-09-09","2025OP000658",405,5,"OB Enviada à instituição bancária para pagamento","2025-09-09","2025-09-09","2025OB000658","2025NS012826","2025-09-09","2025-09-09",61983
42120,"2025-09-11","2025OP003351",405,5,"OB Enviada à instituição bancária para pagamento","2025-09-12","2025-09-12","2025OB003336","2025NS017160","2025-09-11","2025-09-11",63427
39643,"2025-09-09","2025OP000874",405,5,"OB Enviada à instituição bancária para pagamento","2025-09-09","2025-09-09","2025OB000874","2025NS013042","2025-09-09","2025-09-09",60582
38901,"2025-09-09","2025OP000132",405,5,"OB Enviada à instituição bancária para pagamento","2025-09-09","2025-09-09","2025OB000132","2025NS012300","2025-09-09","2025-09-09",61683
39988,"2025-09-09","2025OP001219",405,5,"OB Enviada à instituição bancária para pagamento","2025-09-09","2025-09-09","2025OB001204","2025NS013387","2025-09-09","2025-09-09",61962
39830,"2025-09-09","2025OP001061",405,5,"OB Enviada à instituição bancária para pagamento","2025-09-09","2025-09-09","2025OB001061","2025NS013229","2025-09-09","2025-09-09",62056
40335,"2025-09-09","2025OP001566",405,5,"OB Enviada à instituição bancária para pagamento","2025-09-09","2025-09-09","2025OB001566","2025NS013734","2025-09-09","2025-09-09",62397
41781,"2025-09-11","2025OP003012",405,5,"OB Enviada à instituição bancária para pagamento","2025-09-12","2025-09-12","2025OB002993","2025NS016821","2025-09-11","2025-09-11",64381
43084,"2025-09-11","2025OP004315",405,5,"OB Enviada à instituição bancária para pagamento","2025-09-12","2025-09-12","2025OB004314","2025NS018124","2025-09-11","2025-09-11",63521
41625,"2025-09-11","2025OP002856",405,5,"OB Enviada à instituição bancária para pagamento","2025-09-12","2025-09-12","2025OB002869","2025NS016665","2025-09-11","2025-09-11",63624
42944,"2025-09-11","2025OP004175",405,5,"OB Enviada à instituição bancária para pagamento","2025-09-12","2025-09-12","2025OB004187","2025NS017984","2025-09-11","2025-09-11",63448
43054,"2025-09-11","2025OP004285",405,5,"OB Enviada à instituição bancária para pagamento","2025-09-12","2025-09-12","2025OB004270","2025NS018094","2025-09-11","2025-09-11",63775
42423,"2025-09-11","2025OP003654",405,5,"OB Enviada à instituição bancária para pagamento","2025-09-12","2025-09-12","2025OB003675","2025NS017463","2025-09-11","2025-09-11",64165
41740,"2025-09-11","2025OP002971",405,5,"OB Enviada à instituição bancária para pagamento","2025-09-12","2025-09-12","2025OB002964","2025NS016780","2025-09-11","2025-09-11",64436
43621,"2025-09-29","2025OP004861",405,3,"Aguardando assinaturas do ordenador de despesas e/ou gestor financeiro","2025-09-29",,,"2025NS020076",,,65123
43692,"2025-09-29","2025OP004932",405,3,"Aguardando assinaturas do ordenador de despesas e/ou gestor financeiro","2025-09-29",,,"2025NS020147",,,65315
43312,"2025-09-29","2025OP004552",405,3,"Aguardando assinaturas do ordenador de despesas e/ou gestor financeiro","2025-09-29",,,"2025NS019767",,,65193
40321,"2025-09-09","2025OP001552",405,5,"OB Enviada à instituição bancária para pagamento","2025-09-09","2025-09-09","2025OB001552","2025NS013720","2025-09-09","2025-09-09",60615
41073,"2025-09-09","2025OP002304",405,5,"OB Enviada à instituição bancária para pagamento","2025-09-09","2025-09-09","2025OB002304","2025NS014472","2025-09-09","2025-09-09",61858
43473,"2025-09-29","2025OP004713",405,3,"Aguardando assinaturas do ordenador de despesas e/ou gestor financeiro","2025-09-29",,,"2025NS019928",,,64998
42492,"2025-09-11","2025OP003723",405,5,"OB Enviada à instituição bancária para pagamento","2025-09-12","2025-09-12","2025OB003732","2025NS017532","2025-09-11","2025-09-11",63818
41675,"2025-09-11","2025OP002906",405,5,"OB Enviada à instituição bancária para pagamento","2025-09-12","2025-09-12","2025OB002903","2025NS016715","2025-09-11","2025-09-11",64431
43459,"2025-09-29","2025OP004699",405,3,"Aguardando assinaturas do ordenador de despesas e/ou gestor financeiro","2025-09-29",,,"2025NS019914",,,65140
43825,"2025-09-29","2025OP005065",405,3,"Aguardando assinaturas do ordenador de despesas e/ou gestor financeiro","2025-09-29",,,"2025NS020280",,,65243
40679,"2025-09-09","2025OP001910",405,5,"OB Enviada à instituição bancária para pagamento","2025-09-09","2025-09-09","2025OB001910","2025NS014078","2025-09-09","2025-09-09",60640
39186,"2025-09-09","2025OP000417",405,5,"OB Enviada à instituição bancária para pagamento","2025-09-09","2025-09-09","2025OB000434","2025NS012585","2025-09-09","2025-09-09",61498
43202,"2025-09-11","2025OP004433",405,5,"OB Enviada à instituição bancária para pagamento","2025-09-12","2025-09-12","2025OB004436","2025NS018242","2025-09-11","2025-09-11",64208
42067,"2025-09-11","2025OP003298",405,5,"OB Enviada à instituição bancária para pagamento","2025-09-12","2025-09-12","2025OB003299","2025NS017107","2025-09-11","2025-09-11",63277
43029,"2025-09-11","2025OP004260",405,5,"OB Enviada à instituição bancária para pagamento","2025-09-12","2025-09-12","2025OB004256","2025NS018069","2025-09-11","2025-09-11",63522
42751,"2025-09-11","2025OP003982",405,5,"OB Enviada à instituição bancária para pagamento","2025-09-12","2025-09-12","2025OB003966","2025NS017791","2025-09-11","2025-09-11",64756
39874,"2025-09-09","2025OP001105",405,5,"OB Enviada à instituição bancária para pagamento","2025-09-09","2025-09-09","2025OB001105","2025NS013273","2025-09-09","2025-09-09",61276
40858,"2025-09-09","2025OP002089",405,5,"OB Enviada à instituição bancária para pagamento","2025-09-09","2025-09-09","2025OB002089","2025NS014257","2025-09-09","2025-09-09",62035
40434,"2025-09-09","2025OP001665",405,5,"OB Enviada à instituição bancária para pagamento","2025-09-09","2025-09-09","2025OB001665","2025NS013833","2025-09-09","2025-09-09",62325
40005,"2025-09-09","2025OP001236",405,5,"OB Enviada à instituição bancária para pagamento","2025-09-09","2025-09-09","2025OB001236","2025NS013404","2025-09-09","2025-09-09",62405
41680,"2025-09-11","2025OP002911",405,5,"OB Enviada à instituição bancária para pagamento","2025-09-12","2025-09-12","2025OB002906","2025NS016720","2025-09-11","2025-09-11",63587
43657,"2025-09-29","2025OP004897",405,3,"Aguardando assinaturas do ordenador de despesas e/ou gestor financeiro","2025-09-29",,,"2025NS020112",,,64988
43763,"2025-09-29","2025OP005003",405,3,"Aguardando assinaturas do ordenador de despesas e/ou gestor financeiro","2025-09-29",,,"2025NS020218",,,65098
40627,"2025-09-09","2025OP001858",405,5,"OB Enviada à instituição bancária para pagamento","2025-09-09","2025-09-09","2025OB001858","2025NS014026","2025-09-09","2025-09-09",61361
40664,"2025-09-09","2025OP001895",405,5,"OB Enviada à instituição bancária para pagamento","2025-09-09","2025-09-09","2025OB001895","2025NS014063","2025-09-09","2025-09-09",62251
40109,"2025-09-09","2025OP001340",405,5,"OB Enviada à instituição bancária para pagamento","2025-09-09","2025-09-09","2025OB001340","2025NS013508","2025-09-09","2025-09-09",62339
40861,"2025-09-09","2025OP002092",405,5,"OB Enviada à instituição bancária para pagamento","2025-09-09","2025-09-09","2025OB002092","2025NS014260","2025-09-09","2025-09-09",63050
42176,"2025-09-11","2025OP003407",405,5,"OB Enviada à instituição bancária para pagamento","2025-09-12","2025-09-12","2025OB003394","2025NS017216","2025-09-11","2025-09-11",63292
42573,"2025-09-11","2025OP003804",405,5,"OB Enviada à instituição bancária para pagamento","2025-09-12","2025-09-12","2025OB003811","2025NS017613","2025-09-11","2025-09-11",63876
42151,"2025-09-11","2025OP003382",405,5,"OB Enviada à instituição bancária para pagamento","2025-09-12","2025-09-12","2025OB003379","2025NS017191","2025-09-11","2025-09-11",64628
41641,"2025-09-11","2025OP002872",405,5,"OB Enviada à instituição bancária para pagamento","2025-09-12","2025-09-12","2025OB002858","2025NS016681","2025-09-11","2025-09-11",64425
39188,"2025-09-09","2025OP000419",405,5,"OB Enviada à instituição bancária para pagamento","2025-09-09","2025-09-09","2025OB000402","2025NS012587","2025-09-09","2025-09-09",60639
41056,"2025-09-09","2025OP002287",405,5,"OB Enviada à instituição bancária para pagamento","2025-09-09","2025-09-09","2025OB002287","2025NS014455","2025-09-09","2025-09-09",61201
39673,"2025-09-09","2025OP000904",405,5,"OB Enviada à instituição bancária para pagamento","2025-09-09","2025-09-09","2025OB000904","2025NS013072","2025-09-09","2025-09-09",61958
39984,"2025-09-09","2025OP001215",405,5,"OB Enviada à instituição bancária para pagamento","2025-09-09","2025-09-09","2025OB001229","2025NS013383","2025-09-09","2025-09-09",62342
42786,"2025-09-11","2025OP004017",405,5,"OB Enviada à instituição bancária para pagamento","2025-09-12","2025-09-12","2025OB004017","2025NS017826","2025-09-11","2025-09-11",64227
42308,"2025-09-11","2025OP003539",405,5,"OB Enviada à instituição bancária para pagamento","2025-09-12","2025-09-12","2025OB003531","2025NS017348","2025-09-11","2025-09-11",64818
41084,"2025-09-09","2025OP002315",405,5,"OB Enviada à instituição bancária para pagamento","2025-09-09","2025-09-09","2025OB002326","2025NS014483","2025-09-09","2025-09-09",61374
40851,"2025-09-09","2025OP002082",405,5,"OB Enviada à instituição bancária para pagamento","2025-09-09","2025-09-09","2025OB002082","2025NS014250","2025-09-09","2025-09-09",62844
40523,"2025-09-09","2025OP001754",405,5,"OB Enviada à instituição bancária para pagamento","2025-09-09","2025-09-09","2025OB001754","2025NS013922","2025-09-09","2025-09-09",62941
40853,"2025-09-09","2025OP002084",405,5,"OB Enviada à instituição bancária para pagamento","2025-09-09","2025-09-09","2025OB002084","2025NS014252","2025-09-09","2025-09-09",63175
39435,"2025-09-09","2025OP000666",405,5,"OB Enviada à instituição bancária para pagamento","2025-09-09","2025-09-09","2025OB000666","2025NS012834","2025-09-09","2025-09-09",63230
40852,"2025-09-09","2025OP002083",405,5,"OB Enviada à instituição bancária para pagamento","2025-09-09","2025-09-09","2025OB002083","2025NS014251","2025-09-09","2025-09-09",63260
42229,"2025-09-11","2025OP003460",405,5,"OB Enviada à instituição bancária para pagamento","2025-09-12","2025-09-12","2025OB003443","2025NS017269","2025-09-11","2025-09-11",63752
43790,"2025-09-29","2025OP005030",405,3,"Aguardando assinaturas do ordenador de despesas e/ou gestor financeiro","2025-09-29",,,"2025NS020245",,,65540
43556,"2025-09-29","2025OP004796",405,3,"Aguardando assinaturas do ordenador de despesas e/ou gestor financeiro","2025-09-29",,,"2025NS020011",,,65312
40720,"2025-09-09","2025OP001951",405,5,"OB Enviada à instituição bancária para pagamento","2025-09-09","2025-09-09","2025OB001951","2025NS014119","2025-09-09","2025-09-09",61831
40532,"2025-09-09","2025OP001763",405,5,"OB Enviada à instituição bancária para pagamento","2025-09-09","2025-09-09","2025OB001763","2025NS013931","2025-09-09","2025-09-09",62475
38966,"2025-09-09","2025OP000197",405,5,"OB Enviada à instituição bancária para pagamento","2025-09-09","2025-09-09","2025OB000198","2025NS012365","2025-09-09","2025-09-09",62539
39628,"2025-09-09","2025OP000859",405,5,"OB Enviada à instituição bancária para pagamento","2025-09-09","2025-09-09","2025OB000859","2025NS013027","2025-09-09","2025-09-09",62599
42908,"2025-09-11","2025OP004139",405,5,"OB Enviada à instituição bancária para pagamento","2025-09-12","2025-09-12","2025OB004147","2025NS017948","2025-09-11","2025-09-11",64603
40900,"2025-09-09","2025OP002131",405,5,"OB Enviada à instituição bancária para pagamento","2025-09-09","2025-09-09","2025OB002131","2025NS014299","2025-09-09","2025-09-09",62783
40112,"2025-09-09","2025OP001343",405,5,"OB Enviada à instituição bancária para pagamento","2025-09-09","2025-09-09","2025OB001343","2025NS013511","2025-09-09","2025-09-09",62564
42137,"2025-09-11","2025OP003368",405,5,"OB Enviada à instituição bancária para pagamento","2025-09-12","2025-09-12","2025OB003374","2025NS017177","2025-09-11","2025-09-11",63650
43274,"2025-09-29","2025OP004514",405,3,"Aguardando assinaturas do ordenador de despesas e/ou gestor financeiro","2025-09-29",,,"2025NS019729",,,65390
43858,"2025-09-29","2025OP005098",405,3,"Aguardando assinaturas do ordenador de despesas e/ou gestor financeiro","2025-09-29",,,"2025NS020313",,,64920
43552,"2025-09-29","2025OP004792",405,3,"Aguardando assinaturas do ordenador de despesas e/ou gestor financeiro","2025-09-29",,,"2025NS020007",,,65467
39434,"2025-09-09","2025OP000665",405,5,"OB Enviada à instituição bancária para pagamento","2025-09-09","2025-09-09","2025OB000665","2025NS012833","2025-09-09","2025-09-09",61583
42438,"2025-09-11","2025OP003669",405,5,"OB Enviada à instituição bancária para pagamento","2025-09-12","2025-09-12","2025OB003652","2025NS017478","2025-09-11","2025-09-11",63421
39929,"2025-09-09","2025OP001160",405,5,"OB Enviada à instituição bancária para pagamento","2025-09-09","2025-09-09","2025OB001160","2025NS013328","2025-09-09","2025-09-09",62634
38941,"2025-09-09","2025OP000172",405,5,"OB Enviada à instituição bancária para pagamento","2025-09-09","2025-09-09","2025OB000172","2025NS012340","2025-09-09","2025-09-09",62933
39379,"2025-09-09","2025OP000610",405,5,"OB Enviada à instituição bancária para pagamento","2025-09-09","2025-09-09","2025OB000610","2025NS012778","2025-09-09","2025-09-09",63203
42369,"2025-09-11","2025OP003600",405,5,"OB Enviada à instituição bancária para pagamento","2025-09-12","2025-09-12","2025OB003606","2025NS017409","2025-09-11","2025-09-11",63813
42163,"2025-09-11","2025OP003394",405,5,"OB Enviada à instituição bancária para pagamento","2025-09-12","2025-09-12","2025OB003387","2025NS017203","2025-09-11","2025-09-11",63832
42314,"2025-09-11","2025OP003545",405,5,"OB Enviada à instituição bancária para pagamento","2025-09-12","2025-09-12","2025OB003555","2025NS017354","2025-09-11","2025-09-11",63958
42400,"2025-09-11","2025OP003631",405,5,"OB Enviada à instituição bancária para pagamento","2025-09-12","2025-09-12","2025OB003641","2025NS017440","2025-09-11","2025-09-11",64175
42118,"2025-09-11","2025OP003349",405,5,"OB Enviada à instituição bancária para pagamento","2025-09-12","2025-09-12","2025OB003344","2025NS017158","2025-09-11","2025-09-11",64758
43707,"2025-09-29","2025OP004947",405,3,"Aguardando assinaturas do ordenador de despesas e/ou gestor financeiro","2025-09-29",,,"2025NS020162",,,65288
43674,"2025-09-29","2025OP004914",405,3,"Aguardando assinaturas do ordenador de despesas e/ou gestor financeiro","2025-09-29",,,"2025NS020129",,,65307
43501,"2025-09-29","2025OP004741",405,3,"Aguardando assinaturas do ordenador de despesas e/ou gestor financeiro","2025-09-29",,,"2025NS019956",,,65139
40168,"2025-09-09","2025OP001399",405,5,"OB Enviada à instituição bancária para pagamento","2025-09-09","2025-09-09","2025OB001399","2025NS013567","2025-09-09","2025-09-09",61903
41333,"2025-09-09","2025OP002564",405,5,"OB Enviada à instituição bancária para pagamento","2025-09-09","2025-09-09","2025OB002564","2025NS014732","2025-09-09","2025-09-09",63214
43119,"2025-09-11","2025OP004350",405,5,"OB Enviada à instituição bancária para pagamento","2025-09-12","2025-09-12","2025OB004350","2025NS018159","2025-09-11","2025-09-11",64196
41856,"2025-09-11","2025OP003087",405,5,"OB Enviada à instituição bancária para pagamento","2025-09-12","2025-09-12","2025OB003099","2025NS016896","2025-09-11","2025-09-11",64480
43257,"2025-09-29","2025OP004497",405,3,"Aguardando assinaturas do ordenador de despesas e/ou gestor financeiro","2025-09-29",,,"2025NS019712",,,65121
41000,"2025-09-09","2025OP002231",405,5,"OB Enviada à instituição bancária para pagamento","2025-09-09","2025-09-09","2025OB002231","2025NS014399","2025-09-09","2025-09-09",62416
42699,"2025-09-11","2025OP003930",405,5,"OB Enviada à instituição bancária para pagamento","2025-09-12","2025-09-12","2025OB003939","2025NS017739","2025-09-11","2025-09-11",63533
41748,"2025-09-11","2025OP002979",405,5,"OB Enviada à instituição bancária para pagamento","2025-09-12","2025-09-12","2025OB002986","2025NS016788","2025-09-11","2025-09-11",63972
42625,"2025-09-11","2025OP003856",405,5,"OB Enviada à instituição bancária para pagamento","2025-09-12","2025-09-12","2025OB003852","2025NS017665","2025-09-11","2025-09-11",64568
42401,"2025-09-11","2025OP003632",405,5,"OB Enviada à instituição bancária para pagamento","2025-09-12","2025-09-12","2025OB003621","2025NS017441","2025-09-11","2025-09-11",64383
43268,"2025-09-29","2025OP004508",405,3,"Aguardando assinaturas do ordenador de despesas e/ou gestor financeiro","2025-09-29",,,"2025NS019723",,,65066
39632,"2025-09-09","2025OP000863",405,5,"OB Enviada à instituição bancária para pagamento","2025-09-09","2025-09-09","2025OB000863","2025NS013031","2025-09-09","2025-09-09",61103
40758,"2025-09-09","2025OP001989",405,5,"OB Enviada à instituição bancária para pagamento","2025-09-09","2025-09-09","2025OB001989","2025NS014157","2025-09-09","2025-09-09",61344
39946,"2025-09-09","2025OP001177",405,5,"OB Enviada à instituição bancária para pagamento","2025-09-09","2025-09-09","2025OB001177","2025NS013345","2025-09-09","2025-09-09",61659
39374,"2025-09-09","2025OP000605",405,5,"OB Enviada à instituição bancária para pagamento","2025-09-09","2025-09-09","2025OB000605","2025NS012773","2025-09-09","2025-09-09",62446
42478,"2025-09-11","2025OP003709",405,5,"OB Enviada à instituição bancária para pagamento","2025-09-12","2025-09-12","2025OB003713","2025NS017518","2025-09-11","2025-09-11",63497
42344,"2025-09-11","2025OP003575",405,5,"OB Enviada à instituição bancária para pagamento","2025-09-12","2025-09-12","2025OB003589","2025NS017384","2025-09-11","2025-09-11",63676
43860,"2025-09-29","2025OP005100",405,3,"Aguardando assinaturas do ordenador de despesas e/ou gestor financeiro","2025-09-29",,,"2025NS020315",,,64936
41537,"2025-09-09","2025OP002768",405,5,"OB Enviada à instituição bancária para pagamento","2025-09-09","2025-09-09","2025OB002768","2025NS014936","2025-09-09","2025-09-09",60909
39382,"2025-09-09","2025OP000613",405,5,"OB Enviada à instituição bancária para pagamento","2025-09-09","2025-09-09","2025OB000613","2025NS012781","2025-09-09","2025-09-09",60925
40834,"2025-09-09","2025OP002065",405,5,"OB Enviada à instituição bancária para pagamento","2025-09-09","2025-09-09","2025OB002065","2025NS014233","2025-09-09","2025-09-09",61172
41110,"2025-09-09","2025OP002341",405,5,"OB Enviada à instituição bancária para pagamento","2025-09-09","2025-09-09","2025OB002341","2025NS014509","2025-09-09","2025-09-09",62292
39814,"2025-09-09","2025OP001045",405,5,"OB Enviada à instituição bancária para pagamento","2025-09-09","2025-09-09","2025OB001045","2025NS013213","2025-09-09","2025-09-09",62857
42783,"2025-09-11","2025OP004014",405,5,"OB Enviada à instituição bancária para pagamento","2025-09-12","2025-09-12","2025OB004010","2025NS017823","2025-09-11","2025-09-11",63995
42259,"2025-09-11","2025OP003490",405,5,"OB Enviada à instituição bancária para pagamento","2025-09-12","2025-09-12","2025OB003491","2025NS017299","2025-09-11","2025-09-11",64265
42436,"2025-09-11","2025OP003667",405,5,"OB Enviada à instituição bancária para pagamento","2025-09-12","2025-09-12","2025OB003667","2025NS017476","2025-09-11","2025-09-11",64361
42734,"2025-09-11","2025OP003965",405,5,"OB Enviada à instituição bancária para pagamento","2025-09-12","2025-09-12","2025OB003947","2025NS017774","2025-09-11","2025-09-11",64743
42873,"2025-09-11","2025OP004104",405,5,"OB Enviada à instituição bancária para pagamento","2025-09-12","2025-09-12","2025OB004097","2025NS017913","2025-09-11","2025-09-11",64820
43359,"2025-09-29","2025OP004599",405,3,"Aguardando assinaturas do ordenador de despesas e/ou gestor financeiro","2025-09-29",,,"2025NS019814",,,65147
39896,"2025-09-09","2025OP001127",405,5,"OB Enviada à instituição bancária para pagamento","2025-09-09","2025-09-09","2025OB001126","2025NS013295","2025-09-09","2025-09-09",61664
41536,"2025-09-09","2025OP002767",405,5,"OB Enviada à instituição bancária para pagamento","2025-09-09","2025-09-09","2025OB002767","2025NS014935","2025-09-09","2025-09-09",60910
40183,"2025-09-09","2025OP001414",405,5,"OB Enviada à instituição bancária para pagamento","2025-09-09","2025-09-09","2025OB001414","2025NS013582","2025-09-09","2025-09-09",60593
40573,"2025-09-09","2025OP001804",405,5,"OB Enviada à instituição bancária para pagamento","2025-09-09","2025-09-09","2025OB001804","2025NS013972","2025-09-09","2025-09-09",61467
41139,"2025-09-09","2025OP002370",405,5,"OB Enviada à instituição bancária para pagamento","2025-09-09","2025-09-09","2025OB002370","2025NS014538","2025-09-09","2025-09-09",61624
39446,"2025-09-09","2025OP000677",405,5,"OB Enviada à instituição bancária para pagamento","2025-09-09","2025-09-09","2025OB000677","2025NS012845","2025-09-09","2025-09-09",61733
42721,"2025-09-11","2025OP003952",405,5,"OB Enviada à instituição bancária para pagamento","2025-09-12","2025-09-12","2025OB003960","2025NS017761","2025-09-11","2025-09-11",63419
40741,"2025-09-09","2025OP001972",405,5,"OB Enviada à instituição bancária para pagamento","2025-09-09","2025-09-09","2025OB001972","2025NS014140","2025-09-09","2025-09-09",62558
40877,"2025-09-09","2025OP002108",405,5,"OB Enviada à instituição bancária para pagamento","2025-09-09","2025-09-09","2025OB002108","2025NS014276","2025-09-09","2025-09-09",62745
40574,"2025-09-09","2025OP001805",405,5,"OB Enviada à instituição bancária para pagamento","2025-09-09","2025-09-09","2025OB001805","2025NS013973","2025-09-09","2025-09-09",63212
42202,"2025-09-11","2025OP003433",405,5,"OB Enviada à instituição bancária para pagamento","2025-09-12","2025-09-12","2025OB003444","2025NS017242","2025-09-11","2025-09-11",64350
42563,"2025-09-11","2025OP003794",405,5,"OB Enviada à instituição bancária para pagamento","2025-09-12","2025-09-12","2025OB003779","2025NS017603","2025-09-11","2025-09-11",64457
40053,"2025-09-09","2025OP001284",405,5,"OB Enviada à instituição bancária para pagamento","2025-09-09","2025-09-09","2025OB001284","2025NS013452","2025-09-09","2025-09-09",61317
41499,"2025-09-09","2025OP002730",405,5,"OB Enviada à instituição bancária para pagamento","2025-09-09","2025-09-09","2025OB002730","2025NS014898","2025-09-09","2025-09-09",62563
41322,"2025-09-09","2025OP002553",405,5,"OB Enviada à instituição bancária para pagamento","2025-09-09","2025-09-09","2025OB002553","2025NS014721","2025-09-09","2025-09-09",62818
40263,"2025-09-09","2025OP001494",405,5,"OB Enviada à instituição bancária para pagamento","2025-09-09","2025-09-09","2025OB001494","2025NS013662","2025-09-09","2025-09-09",63077
42499,"2025-09-11","2025OP003730",405,5,"OB Enviada à instituição bancária para pagamento","2025-09-12","2025-09-12","2025OB003739","2025NS017539","2025-09-11","2025-09-11",64724
42023,"2025-09-11","2025OP003254",405,5,"OB Enviada à instituição bancária para pagamento","2025-09-12","2025-09-12","2025OB003257","2025NS017063","2025-09-11","2025-09-11",64393
43430,"2025-09-29","2025OP004670",405,3,"Aguardando assinaturas do ordenador de despesas e/ou gestor financeiro","2025-09-29",,,"2025NS019885",,,65118
43279,"2025-09-29","2025OP004519",405,3,"Aguardando assinaturas do ordenador de despesas e/ou gestor financeiro","2025-09-29",,,"2025NS019734",,,65256
41496,"2025-09-09","2025OP002727",405,5,"OB Enviada à instituição bancária para pagamento","2025-09-09","2025-09-09","2025OB002724","2025NS014895","2025-09-09","2025-09-09",61117
40373,"2025-09-09","2025OP001604",405,5,"OB Enviada à instituição bancária para pagamento","2025-09-09","2025-09-09","2025OB001617","2025NS013772","2025-09-09","2025-09-09",61256
40324,"2025-09-09","2025OP001555",405,5,"OB Enviada à instituição bancária para pagamento","2025-09-09","2025-09-09","2025OB001555","2025NS013723","2025-09-09","2025-09-09",62499
39130,"2025-09-09","2025OP000361",405,5,"OB Enviada à instituição bancária para pagamento","2025-09-09","2025-09-09","2025OB000361","2025NS012529","2025-09-09","2025-09-09",62572
42048,"2025-09-11","2025OP003279",405,5,"OB Enviada à instituição bancária para pagamento","2025-09-12","2025-09-12","2025OB003278","2025NS017088","2025-09-11","2025-09-11",63404
43091,"2025-09-11","2025OP004322",405,5,"OB Enviada à instituição bancária para pagamento","2025-09-12","2025-09-12","2025OB004329","2025NS018131","2025-09-11","2025-09-11",63516
41527,"2025-09-09","2025OP002758",405,5,"OB Enviada à instituição bancária para pagamento","2025-09-09","2025-09-09","2025OB002758","2025NS014926","2025-09-09","2025-09-09",63217
42396,"2025-09-11","2025OP003627",405,5,"OB Enviada à instituição bancária para pagamento","2025-09-12","2025-09-12","2025OB003632","2025NS017436","2025-09-11","2025-09-11",64774
43604,"2025-09-29","2025OP004844",405,3,"Aguardando assinaturas do ordenador de despesas e/ou gestor financeiro","2025-09-29",,,"2025NS020059",,,65470
43793,"2025-09-29","2025OP005033",405,3,"Aguardando assinaturas do ordenador de despesas e/ou gestor financeiro","2025-09-29",,,"2025NS020248",,,65542
39221,"2025-09-09","2025OP000452",405,5,"OB Enviada à instituição bancária para pagamento","2025-09-09","2025-09-09","2025OB000452","2025NS012620","2025-09-09","2025-09-09",60923
39930,"2025-09-09","2025OP001161",405,5,"OB Enviada à instituição bancária para pagamento","2025-09-09","2025-09-09","2025OB001161","2025NS013329","2025-09-09","2025-09-09",61200
38992,"2025-09-09","2025OP000223",405,5,"OB Enviada à instituição bancária para pagamento","2025-09-09","2025-09-09","2025OB000207","2025NS012391","2025-09-09","2025-09-09",61867
40528,"2025-09-09","2025OP001759",405,5,"OB Enviada à instituição bancária para pagamento","2025-09-09","2025-09-09","2025OB001759","2025NS013927","2025-09-09","2025-09-09",62219
39718,"2025-09-09","2025OP000949",405,5,"OB Enviada à instituição bancária para pagamento","2025-09-09","2025-09-09","2025OB000949","2025NS013117","2025-09-09","2025-09-09",62407
39068,"2025-09-09","2025OP000299",405,5,"OB Enviada à instituição bancária para pagamento","2025-09-09","2025-09-09","2025OB000299","2025NS012467","2025-09-09","2025-09-09",62806
41378,"2025-09-09","2025OP002609",405,5,"OB Enviada à instituição bancária para pagamento","2025-09-09","2025-09-09","2025OB002609","2025NS014777","2025-09-09","2025-09-09",63084
40978,"2025-09-09","2025OP002209",405,5,"OB Enviada à instituição bancária para pagamento","2025-09-09","2025-09-09","2025OB002214","2025NS014377","2025-09-09","2025-09-09",63173
42733,"2025-09-11","2025OP003964",405,5,"OB Enviada à instituição bancária para pagamento","2025-09-12","2025-09-12","2025OB003965","2025NS017773","2025-09-11","2025-09-11",63559
42856,"2025-09-11","2025OP004087",405,5,"OB Enviada à instituição bancária para pagamento","2025-09-12","2025-09-12","2025OB004071","2025NS017896","2025-09-11","2025-09-11",63603
41659,"2025-09-11","2025OP002890",405,5,"OB Enviada à instituição bancária para pagamento","2025-09-12","2025-09-12","2025OB002886","2025NS016699","2025-09-11","2025-09-11",64359
41679,"2025-09-11","2025OP002910",405,5,"OB Enviada à instituição bancária para pagamento","2025-09-12","2025-09-12","2025OB002915","2025NS016719","2025-09-11","2025-09-11",64795
43437,"2025-09-29","2025OP004677",405,3,"Aguardando assinaturas do ordenador de despesas e/ou gestor financeiro","2025-09-29",,,"2025NS019892",,,65031
41194,"2025-09-09","2025OP002425",405,5,"OB Enviada à instituição bancária para pagamento","2025-09-09","2025-09-09","2025OB002425","2025NS014593","2025-09-09","2025-09-09",60890
39570,"2025-09-09","2025OP000801",405,5,"OB Enviada à instituição bancária para pagamento","2025-09-09","2025-09-09","2025OB000801","2025NS012969","2025-09-09","2025-09-09",62913
39449,"2025-09-09","2025OP000680",405,5,"OB Enviada à instituição bancária para pagamento","2025-09-09","2025-09-09","2025OB000680","2025NS012848","2025-09-09","2025-09-09",63021
42852,"2025-09-11","2025OP004083",405,5,"OB Enviada à instituição bancária para pagamento","2025-09-12","2025-09-12","2025OB004085","2025NS017892","2025-09-11","2025-09-11",63746
41885,"2025-09-11","2025OP003116",405,5,"OB Enviada à instituição bancária para pagamento","2025-09-12","2025-09-12","2025OB003113","2025NS016925","2025-09-11","2025-09-11",64046
42798,"2025-09-11","2025OP004029",405,5,"OB Enviada à instituição bancária para pagamento","2025-09-12","2025-09-12","2025OB004033","2025NS017838","2025-09-11","2025-09-11",64475
43551,"2025-09-29","2025OP004791",405,3,"Aguardando assinaturas do ordenador de despesas e/ou gestor financeiro","2025-09-29",,,"2025NS020006",,,65466
43474,"2025-09-29","2025OP004714",405,3,"Aguardando assinaturas do ordenador de despesas e/ou gestor financeiro","2025-09-29",,,"2025NS019929",,,64937
43660,"2025-09-29","2025OP004900",405,3,"Aguardando assinaturas do ordenador de despesas e/ou gestor financeiro","2025-09-29",,,"2025NS020115",,,65490
39798,"2025-09-09","2025OP001029",405,5,"OB Enviada à instituição bancária para pagamento","2025-09-09","2025-09-09","2025OB001029","2025NS013197","2025-09-09","2025-09-09",61976
40211,"2025-09-09","2025OP001442",405,5,"OB Enviada à instituição bancária para pagamento","2025-09-09","2025-09-09","2025OB001442","2025NS013610","2025-09-09","2025-09-09",62280
39629,"2025-09-09","2025OP000860",405,5,"OB Enviada à instituição bancária para pagamento","2025-09-09","2025-09-09","2025OB000860","2025NS013028","2025-09-09","2025-09-09",62966
40357,"2025-09-09","2025OP001588",405,5,"OB Enviada à instituição bancária para pagamento","2025-09-09","2025-09-09","2025OB001588","2025NS013756","2025-09-09","2025-09-09",62975
41058,"2025-09-09","2025OP002289",405,5,"OB Enviada à instituição bancária para pagamento","2025-09-09","2025-09-09","2025OB002289","2025NS014457","2025-09-09","2025-09-09",63034
41315,"2025-09-09","2025OP002546",405,5,"OB Enviada à instituição bancária para pagamento","2025-09-09","2025-09-09","2025OB002546","2025NS014714","2025-09-09","2025-09-09",63192
41909,"2025-09-11","2025OP003140",405,5,"OB Enviada à instituição bancária para pagamento","2025-09-12","2025-09-12","2025OB003141","2025NS016949","2025-09-11","2025-09-11",63760
42711,"2025-09-11","2025OP003942",405,5,"OB Enviada à instituição bancária para pagamento","2025-09-12","2025-09-12","2025OB003950","2025NS017751","2025-09-11","2025-09-11",64545
42907,"2025-09-11","2025OP004138",405,5,"OB Enviada à instituição bancária para pagamento","2025-09-12","2025-09-12","2025OB004128","2025NS017947","2025-09-11","2025-09-11",64523
43244,"2025-09-29","2025OP004484",405,3,"Aguardando assinaturas do ordenador de despesas e/ou gestor financeiro","2025-09-29",,,"2025NS019699",,,65041
38970,"2025-09-09","2025OP000201",405,5,"OB Enviada à instituição bancária para pagamento","2025-09-09","2025-09-09","2025OB000206","2025NS012369","2025-09-09","2025-09-09",61463
40065,"2025-09-09","2025OP001296",405,5,"OB Enviada à instituição bancária para pagamento","2025-09-09","2025-09-09","2025OB001296","2025NS013464","2025-09-09","2025-09-09",61735
41254,"2025-09-09","2025OP002485",405,5,"OB Enviada à instituição bancária para pagamento","2025-09-09","2025-09-09","2025OB002485","2025NS014653","2025-09-09","2025-09-09",62007
41568,"2025-09-09","2025OP002799",405,5,"OB Enviada à instituição bancária para pagamento","2025-09-09","2025-09-09","2025OB002799","2025NS014967","2025-09-09","2025-09-09",62373
39707,"2025-09-09","2025OP000938",405,5,"OB Enviada à instituição bancária para pagamento","2025-09-09","2025-09-09","2025OB000938","2025NS013106","2025-09-09","2025-09-09",62591
40716,"2025-09-09","2025OP001947",405,5,"OB Enviada à instituição bancária para pagamento","2025-09-09","2025-09-09","2025OB001947","2025NS014115","2025-09-09","2025-09-09",62693
42405,"2025-09-11","2025OP003636",405,5,"OB Enviada à instituição bancária para pagamento","2025-09-12","2025-09-12","2025OB003647","2025NS017445","2025-09-11","2025-09-11",63834
43751,"2025-09-29","2025OP004991",405,3,"Aguardando assinaturas do ordenador de despesas e/ou gestor financeiro","2025-09-29",,,"2025NS020206",,,65060
43876,"2025-09-29","2025OP005116",405,3,"Aguardando assinaturas do ordenador de despesas e/ou gestor financeiro","2025-09-29",,,"2025NS020331",,,65085
41553,"2025-09-09","2025OP002784",405,5,"OB Enviada à instituição bancária para pagamento","2025-09-09","2025-09-09","2025OB002784","2025NS014952","2025-09-09","2025-09-09",60912
40782,"2025-09-09","2025OP002013",405,5,"OB Enviada à instituição bancária para pagamento","2025-09-09","2025-09-09","2025OB002022","2025NS014181","2025-09-09","2025-09-09",61010
41025,"2025-09-09","2025OP002256",405,5,"OB Enviada à instituição bancária para pagamento","2025-09-09","2025-09-09","2025OB002256","2025NS014424","2025-09-09","2025-09-09",61165
39324,"2025-09-09","2025OP000555",405,5,"OB Enviada à instituição bancária para pagamento","2025-09-09","2025-09-09","2025OB000555","2025NS012723","2025-09-09","2025-09-09",61350
41440,"2025-09-09","2025OP002671",405,5,"OB Enviada à instituição bancária para pagamento","2025-09-09","2025-09-09","2025OB002671","2025NS014839","2025-09-09","2025-09-09",61420
39341,"2025-09-09","2025OP000572",405,5,"OB Enviada à instituição bancária para pagamento","2025-09-09","2025-09-09","2025OB000572","2025NS012740","2025-09-09","2025-09-09",61876
43138,"2025-09-11","2025OP004369",405,5,"OB Enviada à instituição bancária para pagamento","2025-09-12","2025-09-12","2025OB004373","2025NS018178","2025-09-11","2025-09-11",64659
42031,"2025-09-11","2025OP003262",405,5,"OB Enviada à instituição bancária para pagamento","2025-09-12","2025-09-12","2025OB003271","2025NS017071","2025-09-11","2025-09-11",63594
43295,"2025-09-29","2025OP004535",405,3,"Aguardando assinaturas do ordenador de despesas e/ou gestor financeiro","2025-09-29",,,"2025NS019750",,,64932
41684,"2025-09-11","2025OP002915",405,5,"OB Enviada à instituição bancária para pagamento","2025-09-12","2025-09-12","2025OB002912","2025NS016724","2025-09-11","2025-09-11",64016
41868,"2025-09-11","2025OP003099",405,5,"OB Enviada à instituição bancária para pagamento","2025-09-12","2025-09-12","2025OB003090","2025NS016908","2025-09-11","2025-09-11",64742
43472,"2025-09-29","2025OP004712",405,3,"Aguardando assinaturas do ordenador de despesas e/ou gestor financeiro","2025-09-29",,,"2025NS019927",,,64949
39373,"2025-09-09","2025OP000604",405,5,"OB Enviada à instituição bancária para pagamento","2025-09-09","2025-09-09","2025OB000604","2025NS012772","2025-09-09","2025-09-09",62114
42502,"2025-09-11","2025OP003733",405,5,"OB Enviada à instituição bancária para pagamento","2025-09-12","2025-09-12","2025OB003727","2025NS017542","2025-09-11","2025-09-11",63459
41947,"2025-09-11","2025OP003178",405,5,"OB Enviada à instituição bancária para pagamento","2025-09-12","2025-09-12","2025OB003200","2025NS016987","2025-09-11","2025-09-11",63689
42276,"2025-09-11","2025OP003507",405,5,"OB Enviada à instituição bancária para pagamento","2025-09-12","2025-09-12","2025OB003504","2025NS017316","2025-09-11","2025-09-11",63891
42083,"2025-09-11","2025OP003314",405,5,"OB Enviada à instituição bancária para pagamento","2025-09-12","2025-09-12","2025OB003316","2025NS017123","2025-09-11","2025-09-11",64812
39258,"2025-09-09","2025OP000489",405,5,"OB Enviada à instituição bancária para pagamento","2025-09-09","2025-09-09","2025OB000489","2025NS012657","2025-09-09","2025-09-09",60775
39156,"2025-09-09","2025OP000387",405,5,"OB Enviada à instituição bancária para pagamento","2025-09-09","2025-09-09","2025OB000387","2025NS012555","2025-09-09","2025-09-09",61102
39631,"2025-09-09","2025OP000862",405,5,"OB Enviada à instituição bancária para pagamento","2025-09-09","2025-09-09","2025OB000862","2025NS013030","2025-09-09","2025-09-09",61221
40057,"2025-09-09","2025OP001288",405,5,"OB Enviada à instituição bancária para pagamento","2025-09-09","2025-09-09","2025OB001288","2025NS013456","2025-09-09","2025-09-09",61837
40509,"2025-09-09","2025OP001740",405,5,"OB Enviada à instituição bancária para pagamento","2025-09-09","2025-09-09","2025OB001740","2025NS013908","2025-09-09","2025-09-09",62179
43092,"2025-09-11","2025OP004323",405,5,"OB Enviada à instituição bancária para pagamento","2025-09-12","2025-09-12","2025OB004321","2025NS018132","2025-09-11","2025-09-11",63515
43115,"2025-09-11","2025OP004346",405,5,"OB Enviada à instituição bancária para pagamento","2025-09-12","2025-09-12","2025OB004344","2025NS018155","2025-09-11","2025-09-11",63734
42992,"2025-09-11","2025OP004223",405,5,"OB Enviada à instituição bancária para pagamento","2025-09-12","2025-09-12","2025OB004227","2025NS018032","2025-09-11","2025-09-11",64519
42116,"2025-09-11","2025OP003347",405,5,"OB Enviada à instituição bancária para pagamento","2025-09-12","2025-09-12","2025OB003356","2025NS017156","2025-09-11","2025-09-11",64859
39755,"2025-09-09","2025OP000986",405,5,"OB Enviada à instituição bancária para pagamento","2025-09-09","2025-09-09","2025OB000986","2025NS013154","2025-09-09","2025-09-09",61503
39702,"2025-09-09","2025OP000933",405,5,"OB Enviada à instituição bancária para pagamento","2025-09-09","2025-09-09","2025OB000933","2025NS013101","2025-09-09","2025-09-09",61789
40533,"2025-09-09","2025OP001764",405,5,"OB Enviada à instituição bancária para pagamento","2025-09-09","2025-09-09","2025OB001764","2025NS013932","2025-09-09","2025-09-09",62200
39367,"2025-09-09","2025OP000598",405,5,"OB Enviada à instituição bancária para pagamento","2025-09-09","2025-09-09","2025OB000598","2025NS012766","2025-09-09","2025-09-09",62213
39371,"2025-09-09","2025OP000602",405,5,"OB Enviada à instituição bancária para pagamento","2025-09-09","2025-09-09","2025OB000602","2025NS012770","2025-09-09","2025-09-09",62367
42479,"2025-09-11","2025OP003710",405,5,"OB Enviada à instituição bancária para pagamento","2025-09-12","2025-09-12","2025OB003706","2025NS017519","2025-09-11","2025-09-11",63483
42941,"2025-09-11","2025OP004172",405,5,"OB Enviada à instituição bancária para pagamento","2025-09-12","2025-09-12","2025OB004156","2025NS017981","2025-09-11","2025-09-11",64055
42594,"2025-09-11","2025OP003825",405,5,"OB Enviada à instituição bancária para pagamento","2025-09-12","2025-09-12","2025OB003831","2025NS017634","2025-09-11","2025-09-11",64706
42332,"2025-09-11","2025OP003563",405,5,"OB Enviada à instituição bancária para pagamento","2025-09-12","2025-09-12","2025OB003566","2025NS017372","2025-09-11","2025-09-11",64464
42735,"2025-09-11","2025OP003966",405,5,"OB Enviada à instituição bancária para pagamento","2025-09-12","2025-09-12","2025OB003985","2025NS017775","2025-09-11","2025-09-11",64805
43490,"2025-09-29","2025OP004730",405,3,"Aguardando assinaturas do ordenador de despesas e/ou gestor financeiro","2025-09-29",,,"2025NS019945",,,65319
39894,"2025-09-09","2025OP001125",405,5,"OB Enviada à instituição bancária para pagamento","2025-09-09","2025-09-09","2025OB001122","2025NS013293","2025-09-09","2025-09-09",60624
41517,"2025-09-09","2025OP002748",405,5,"OB Enviada à instituição bancária para pagamento","2025-09-09","2025-09-09","2025OB002748","2025NS014916","2025-09-09","2025-09-09",60913
40206,"2025-09-09","2025OP001437",405,5,"OB Enviada à instituição bancária para pagamento","2025-09-09","2025-09-09","2025OB001437","2025NS013605","2025-09-09","2025-09-09",61050
41175,"2025-09-09","2025OP002406",405,5,"OB Enviada à instituição bancária para pagamento","2025-09-09","2025-09-09","2025OB002406","2025NS014574","2025-09-09","2025-09-09",61399
40667,"2025-09-09","2025OP001898",405,5,"OB Enviada à instituição bancária para pagamento","2025-09-09","2025-09-09","2025OB001898","2025NS014066","2025-09-09","2025-09-09",61497
39340,"2025-09-09","2025OP000571",405,5,"OB Enviada à instituição bancária para pagamento","2025-09-09","2025-09-09","2025OB000571","2025NS012739","2025-09-09","2025-09-09",62222
42437,"2025-09-11","2025OP003668",405,5,"OB Enviada à instituição bancária para pagamento","2025-09-12","2025-09-12","2025OB003658","2025NS017477","2025-09-11","2025-09-11",63422
41441,"2025-09-09","2025OP002672",405,5,"OB Enviada à instituição bancária para pagamento","2025-09-09","2025-09-09","2025OB002672","2025NS014840","2025-09-09","2025-09-09",63079
42627,"2025-09-11","2025OP003858",405,5,"OB Enviada à instituição bancária para pagamento","2025-09-12","2025-09-12","2025OB003859","2025NS017667","2025-09-11","2025-09-11",63674
43148,"2025-09-11","2025OP004379",405,5,"OB Enviada à instituição bancária para pagamento","2025-09-12","2025-09-12","2025OB004372","2025NS018188","2025-09-11","2025-09-11",64306
40773,"2025-09-09","2025OP002004",405,5,"OB Enviada à instituição bancária para pagamento","2025-09-09","2025-09-09","2025OB002005","2025NS014172","2025-09-09","2025-09-09",61199
39633,"2025-09-09","2025OP000864",405,5,"OB Enviada à instituição bancária para pagamento","2025-09-09","2025-09-09","2025OB000864","2025NS013032","2025-09-09","2025-09-09",61220
40503,"2025-09-09","2025OP001734",405,5,"OB Enviada à instituição bancária para pagamento","2025-09-09","2025-09-09","2025OB001732","2025NS013902","2025-09-09","2025-09-09",63019
43169,"2025-09-11","2025OP004400",405,5,"OB Enviada à instituição bancária para pagamento","2025-09-12","2025-09-12","2025OB004401","2025NS018209","2025-09-11","2025-09-11",63530
42417,"2025-09-11","2025OP003648",405,5,"OB Enviada à instituição bancária para pagamento","2025-09-12","2025-09-12","2025OB003625","2025NS017457","2025-09-11","2025-09-11",63524
41888,"2025-09-11","2025OP003119",405,5,"OB Enviada à instituição bancária para pagamento","2025-09-12","2025-09-12","2025OB003137","2025NS016928","2025-09-11","2025-09-11",63346
42346,"2025-09-11","2025OP003577",405,5,"OB Enviada à instituição bancária para pagamento","2025-09-12","2025-09-12","2025OB003592","2025NS017386","2025-09-11","2025-09-11",63844
42960,"2025-09-11","2025OP004191",405,5,"OB Enviada à instituição bancária para pagamento","2025-09-12","2025-09-12","2025OB004176","2025NS018000","2025-09-11","2025-09-11",64610
41923,"2025-09-11","2025OP003154",405,5,"OB Enviada à instituição bancária para pagamento","2025-09-12","2025-09-12","2025OB003172","2025NS016963","2025-09-11","2025-09-11",64699
42866,"2025-09-11","2025OP004097",405,5,"OB Enviada à instituição bancária para pagamento","2025-09-12","2025-09-12","2025OB004111","2025NS017906","2025-09-11","2025-09-11",64748
43638,"2025-09-29","2025OP004878",405,3,"Aguardando assinaturas do ordenador de despesas e/ou gestor financeiro","2025-09-29",,,"2025NS020093",,,65485
43396,"2025-09-29","2025OP004636",405,3,"Aguardando assinaturas do ordenador de despesas e/ou gestor financeiro","2025-09-29",,,"2025NS019851",,,65058
39450,"2025-09-09","2025OP000681",405,5,"OB Enviada à instituição bancária para pagamento","2025-09-09","2025-09-09","2025OB000681","2025NS012849","2025-09-09","2025-09-09",60914
39041,"2025-09-09","2025OP000272",405,5,"OB Enviada à instituição bancária para pagamento","2025-09-09","2025-09-09","2025OB000272","2025NS012440","2025-09-09","2025-09-09",62566
42173,"2025-09-11","2025OP003404",405,5,"OB Enviada à instituição bancária para pagamento","2025-09-12","2025-09-12","2025OB003389","2025NS017213","2025-09-11","2025-09-11",63799
42489,"2025-09-11","2025OP003720",405,5,"OB Enviada à instituição bancária para pagamento","2025-09-12","2025-09-12","2025OB003722","2025NS017529","2025-09-11","2025-09-11",63870
42801,"2025-09-11","2025OP004032",405,5,"OB Enviada à instituição bancária para pagamento","2025-09-12","2025-09-12","2025OB004021","2025NS017841","2025-09-11","2025-09-11",64780
43513,"2025-09-29","2025OP004753",405,3,"Aguardando assinaturas do ordenador de despesas e/ou gestor financeiro","2025-09-29",,,"2025NS019968",,,64993
40161,"2025-09-09","2025OP001392",405,5,"OB Enviada à instituição bancária para pagamento","2025-09-09","2025-09-09","2025OB001392","2025NS013560","2025-09-09","2025-09-09",60591
41141,"2025-09-09","2025OP002372",405,5,"OB Enviada à instituição bancária para pagamento","2025-09-09","2025-09-09","2025OB002372","2025NS014540","2025-09-09","2025-09-09",60917
39922,"2025-09-09","2025OP001153",405,5,"OB Enviada à instituição bancária para pagamento","2025-09-09","2025-09-09","2025OB001153","2025NS013321","2025-09-09","2025-09-09",61318
40046,"2025-09-09","2025OP001277",405,5,"OB Enviada à instituição bancária para pagamento","2025-09-09","2025-09-09","2025OB001277","2025NS013445","2025-09-09","2025-09-09",61828
41445,"2025-09-09","2025OP002676",405,5,"OB Enviada à instituição bancária para pagamento","2025-09-09","2025-09-09","2025OB002676","2025NS014844","2025-09-09","2025-09-09",62448
42442,"2025-09-11","2025OP003673",405,5,"OB Enviada à instituição bancária para pagamento","2025-09-12","2025-09-12","2025OB003672","2025NS017482","2025-09-11","2025-09-11",63695
42082,"2025-09-11","2025OP003313",405,5,"OB Enviada à instituição bancária para pagamento","2025-09-12","2025-09-12","2025OB003311","2025NS017122","2025-09-11","2025-09-11",64141
42826,"2025-09-11","2025OP004057",405,5,"OB Enviada à instituição bancária para pagamento","2025-09-12","2025-09-12","2025OB004054","2025NS017866","2025-09-11","2025-09-11",64549
40941,"2025-09-09","2025OP002172",405,5,"OB Enviada à instituição bancária para pagamento","2025-09-09","2025-09-09","2025OB002172","2025NS014340","2025-09-09","2025-09-09",60936
40970,"2025-09-09","2025OP002201",405,5,"OB Enviada à instituição bancária para pagamento","2025-09-09","2025-09-09","2025OB002201","2025NS014369","2025-09-09","2025-09-09",60920
41008,"2025-09-09","2025OP002239",405,5,"OB Enviada à instituição bancária para pagamento","2025-09-09","2025-09-09","2025OB002239","2025NS014407","2025-09-09","2025-09-09",60926
41026,"2025-09-09","2025OP002257",405,5,"OB Enviada à instituição bancária para pagamento","2025-09-09","2025-09-09","2025OB002257","2025NS014425","2025-09-09","2025-09-09",60927
41211,"2025-09-09","2025OP002442",405,5,"OB Enviada à instituição bancária para pagamento","2025-09-09","2025-09-09","2025OB002442","2025NS014610","2025-09-09","2025-09-09",60931
39714,"2025-09-09","2025OP000945",405,5,"OB Enviada à instituição bancária para pagamento","2025-09-09","2025-09-09","2025OB000945","2025NS013113","2025-09-09","2025-09-09",60932
41260,"2025-09-09","2025OP002491",405,5,"OB Enviada à instituição bancária para pagamento","2025-09-09","2025-09-09","2025OB002491","2025NS014659","2025-09-09","2025-09-09",60752
41125,"2025-09-09","2025OP002356",405,5,"OB Enviada à instituição bancária para pagamento","2025-09-09","2025-09-09","2025OB002356","2025NS014524","2025-09-09","2025-09-09",60941
41250,"2025-09-09","2025OP002481",405,5,"OB Enviada à instituição bancária para pagamento","2025-09-09","2025-09-09","2025OB002481","2025NS014649","2025-09-09","2025-09-09",60942
39479,"2025-09-09","2025OP000710",405,5,"OB Enviada à instituição bancária para pagamento","2025-09-09","2025-09-09","2025OB000710","2025NS012878","2025-09-09","2025-09-09",60949
40042,"2025-09-09","2025OP001273",405,5,"OB Enviada à instituição bancária para pagamento","2025-09-09","2025-09-09","2025OB001273","2025NS013441","2025-09-09","2025-09-09",60943
40552,"2025-09-09","2025OP001783",405,5,"OB Enviada à instituição bancária para pagamento","2025-09-09","2025-09-09","2025OB001783","2025NS013951","2025-09-09","2025-09-09",60954
40656,"2025-09-09","2025OP001887",405,5,"OB Enviada à instituição bancária para pagamento","2025-09-09","2025-09-09","2025OB001887","2025NS014055","2025-09-09","2025-09-09",60955
40920,"2025-09-09","2025OP002151",405,5,"OB Enviada à instituição bancária para pagamento","2025-09-09","2025-09-09","2025OB002151","2025NS014319","2025-09-09","2025-09-09",60966
39789,"2025-09-09","2025OP001020",405,5,"OB Enviada à instituição bancária para pagamento","2025-09-09","2025-09-09","2025OB001019","2025NS013188","2025-09-09","2025-09-09",60967
40766,"2025-09-09","2025OP001997",405,5,"OB Enviada à instituição bancária para pagamento","2025-09-09","2025-09-09","2025OB001997","2025NS014165","2025-09-09","2025-09-09",60958
40756,"2025-09-09","2025OP001987",405,5,"OB Enviada à instituição bancária para pagamento","2025-09-09","2025-09-09","2025OB001987","2025NS014155","2025-09-09","2025-09-09",60962
40749,"2025-09-09","2025OP001980",405,5,"OB Enviada à instituição bancária para pagamento","2025-09-09","2025-09-09","2025OB001980","2025NS014148","2025-09-09","2025-09-09",60964
41068,"2025-09-09","2025OP002299",405,5,"OB Enviada à instituição bancária para pagamento","2025-09-09","2025-09-09","2025OB002299","2025NS014467","2025-09-09","2025-09-09",62058
39230,"2025-09-09","2025OP000461",405,5,"OB Enviada à instituição bancária para pagamento","2025-09-09","2025-09-09","2025OB000461","2025NS012629","2025-09-09","2025-09-09",62577
39167,"2025-09-09","2025OP000398",405,5,"OB Enviada à instituição bancária para pagamento","2025-09-09","2025-09-09","2025OB000398","2025NS012566","2025-09-09","2025-09-09",62613
42772,"2025-09-11","2025OP004003",405,5,"OB Enviada à instituição bancária para pagamento","2025-09-12","2025-09-12","2025OB004003","2025NS017812","2025-09-11","2025-09-11",64290
43698,"2025-09-29","2025OP004938",405,3,"Aguardando assinaturas do ordenador de despesas e/ou gestor financeiro","2025-09-29",,,"2025NS020153",,,65504
40945,"2025-09-09","2025OP002176",405,5,"OB Enviada à instituição bancária para pagamento","2025-09-09","2025-09-09","2025OB002176","2025NS014344","2025-09-09","2025-09-09",60918
40961,"2025-09-09","2025OP002192",405,5,"OB Enviada à instituição bancária para pagamento","2025-09-09","2025-09-09","2025OB002192","2025NS014360","2025-09-09","2025-09-09",60919
39811,"2025-09-09","2025OP001042",405,5,"OB Enviada à instituição bancária para pagamento","2025-09-09","2025-09-09","2025OB001042","2025NS013210","2025-09-09","2025-09-09",60922
41060,"2025-09-09","2025OP002291",405,5,"OB Enviada à instituição bancária para pagamento","2025-09-09","2025-09-09","2025OB002291","2025NS014459","2025-09-09","2025-09-09",60944
41112,"2025-09-09","2025OP002343",405,5,"OB Enviada à instituição bancária para pagamento","2025-09-09","2025-09-09","2025OB002343","2025NS014511","2025-09-09","2025-09-09",60930
40735,"2025-09-09","2025OP001966",405,5,"OB Enviada à instituição bancária para pagamento","2025-09-09","2025-09-09","2025OB001966","2025NS014134","2025-09-09","2025-09-09",60945
40527,"2025-09-09","2025OP001758",405,5,"OB Enviada à instituição bancária para pagamento","2025-09-09","2025-09-09","2025OB001758","2025NS013926","2025-09-09","2025-09-09",60946
39011,"2025-09-09","2025OP000242",405,5,"OB Enviada à instituição bancária para pagamento","2025-09-09","2025-09-09","2025OB000242","2025NS012410","2025-09-09","2025-09-09",60938
39256,"2025-09-09","2025OP000487",405,5,"OB Enviada à instituição bancária para pagamento","2025-09-09","2025-09-09","2025OB000487","2025NS012655","2025-09-09","2025-09-09",60951
40662,"2025-09-09","2025OP001893",405,5,"OB Enviada à instituição bancária para pagamento","2025-09-09","2025-09-09","2025OB001893","2025NS014061","2025-09-09","2025-09-09",60957
39783,"2025-09-09","2025OP001014",405,5,"OB Enviada à instituição bancária para pagamento","2025-09-09","2025-09-09","2025OB001014","2025NS013182","2025-09-09","2025-09-09",60959
40757,"2025-09-09","2025OP001988",405,5,"OB Enviada à instituição bancária para pagamento","2025-09-09","2025-09-09","2025OB001988","2025NS014156","2025-09-09","2025-09-09",60963
40751,"2025-09-09","2025OP001982",405,5,"OB Enviada à instituição bancária para pagamento","2025-09-09","2025-09-09","2025OB001982","2025NS014150","2025-09-09","2025-09-09",60965
40838,"2025-09-09","2025OP002069",405,5,"OB Enviada à instituição bancária para pagamento","2025-09-09","2025-09-09","2025OB002069","2025NS014237","2025-09-09","2025-09-09",60968
40866,"2025-09-09","2025OP002097",405,5,"OB Enviada à instituição bancária para pagamento","2025-09-09","2025-09-09","2025OB002097","2025NS014265","2025-09-09","2025-09-09",61886
42495,"2025-09-11","2025OP003726",405,5,"OB Enviada à instituição bancária para pagamento","2025-09-12","2025-09-12","2025OB003748","2025NS017535","2025-09-11","2025-09-11",63478
42191,"2025-09-11","2025OP003422",405,5,"OB Enviada à instituição bancária para pagamento","2025-09-12","2025-09-12","2025OB003419","2025NS017231","2025-09-11","2025-09-11",64718
42753,"2025-09-11","2025OP003984",405,5,"OB Enviada à instituição bancária para pagamento","2025-09-12","2025-09-12","2025OB003968","2025NS017793","2025-09-11","2025-09-11",64913
42814,"2025-09-11","2025OP004045",405,5,"OB Enviada à instituição bancária para pagamento","2025-09-12","2025-09-12","2025OB004045","2025NS017854","2025-09-11","2025-09-11",63432
43521,"2025-09-29","2025OP004761",405,3,"Aguardando assinaturas do ordenador de despesas e/ou gestor financeiro","2025-09-29",,,"2025NS019976",,,65449
43349,"2025-09-29","2025OP004589",405,3,"Aguardando assinaturas do ordenador de despesas e/ou gestor financeiro","2025-09-29",,,"2025NS019804",,,65162
40162,"2025-09-09","2025OP001393",405,5,"OB Enviada à instituição bancária para pagamento","2025-09-09","2025-09-09","2025OB001393","2025NS013561","2025-09-09","2025-09-09",60592
39846,"2025-09-09","2025OP001077",405,5,"OB Enviada à instituição bancária para pagamento","2025-09-09","2025-09-09","2025OB001077","2025NS013245","2025-09-09","2025-09-09",60661
41111,"2025-09-09","2025OP002342",405,5,"OB Enviada à instituição bancária para pagamento","2025-09-09","2025-09-09","2025OB002342","2025NS014510","2025-09-09","2025-09-09",60929
41227,"2025-09-09","2025OP002458",405,5,"OB Enviada à instituição bancária para pagamento","2025-09-09","2025-09-09","2025OB002458","2025NS014626","2025-09-09","2025-09-09",60947
40100,"2025-09-09","2025OP001331",405,5,"OB Enviada à instituição bancária para pagamento","2025-09-09","2025-09-09","2025OB001325","2025NS013499","2025-09-09","2025-09-09",60940
39019,"2025-09-09","2025OP000250",405,5,"OB Enviada à instituição bancária para pagamento","2025-09-09","2025-09-09","2025OB000250","2025NS012418","2025-09-09","2025-09-09",60952
40760,"2025-09-09","2025OP001991",405,5,"OB Enviada à instituição bancária para pagamento","2025-09-09","2025-09-09","2025OB001991","2025NS014159","2025-09-09","2025-09-09",60748
40375,"2025-09-09","2025OP001606",405,5,"OB Enviada à instituição bancária para pagamento","2025-09-09","2025-09-09","2025OB001621","2025NS013774","2025-09-09","2025-09-09",60987
40737,"2025-09-09","2025OP001968",405,5,"OB Enviada à instituição bancária para pagamento","2025-09-09","2025-09-09","2025OB001968","2025NS014136","2025-09-09","2025-09-09",61428
39111,"2025-09-09","2025OP000342",405,5,"OB Enviada à instituição bancária para pagamento","2025-09-09","2025-09-09","2025OB000342","2025NS012510","2025-09-09","2025-09-09",61486
39474,"2025-09-09","2025OP000705",405,5,"OB Enviada à instituição bancária para pagamento","2025-09-09","2025-09-09","2025OB000705","2025NS012873","2025-09-09","2025-09-09",61539
41361,"2025-09-09","2025OP002592",405,5,"OB Enviada à instituição bancária para pagamento","2025-09-09","2025-09-09","2025OB002592","2025NS014760","2025-09-09","2025-09-09",61619
42568,"2025-09-11","2025OP003799",405,5,"OB Enviada à instituição bancária para pagamento","2025-09-12","2025-09-12","2025OB003796","2025NS017608","2025-09-11","2025-09-11",63377
40344,"2025-09-09","2025OP001575",405,5,"OB Enviada à instituição bancária para pagamento","2025-09-09","2025-09-09","2025OB001575","2025NS013743","2025-09-09","2025-09-09",63107
42032,"2025-09-11","2025OP003263",405,5,"OB Enviada à instituição bancária para pagamento","2025-09-12","2025-09-12","2025OB003254","2025NS017072","2025-09-11","2025-09-11",63548
42592,"2025-09-11","2025OP003823",405,5,"OB Enviada à instituição bancária para pagamento","2025-09-12","2025-09-12","2025OB003825","2025NS017632","2025-09-11","2025-09-11",63668
43739,"2025-09-29","2025OP004979",405,3,"Aguardando assinaturas do ordenador de despesas e/ou gestor financeiro","2025-09-29",,,"2025NS020194",,,65521
43594,"2025-09-29","2025OP004834",405,3,"Aguardando assinaturas do ordenador de despesas e/ou gestor financeiro","2025-09-29",,,"2025NS020049",,,65091
43314,"2025-09-29","2025OP004554",405,3,"Aguardando assinaturas do ordenador de despesas e/ou gestor financeiro","2025-09-29",,,"2025NS019769",,,65232
41234,"2025-09-09","2025OP002465",405,5,"OB Enviada à instituição bancária para pagamento","2025-09-09","2025-09-09","2025OB002465","2025NS014633","2025-09-09","2025-09-09",60934
40770,"2025-09-09","2025OP002001",405,5,"OB Enviada à instituição bancária para pagamento","2025-09-09","2025-09-09","2025OB002001","2025NS014169","2025-09-09","2025-09-09",60960
40376,"2025-09-09","2025OP001607",405,5,"OB Enviada à instituição bancária para pagamento","2025-09-09","2025-09-09","2025OB001623","2025NS013775","2025-09-09","2025-09-09",60969
39279,"2025-09-09","2025OP000510",405,5,"OB Enviada à instituição bancária para pagamento","2025-09-09","2025-09-09","2025OB000525","2025NS012678","2025-09-09","2025-09-09",60988
41219,"2025-09-09","2025OP002450",405,5,"OB Enviada à instituição bancária para pagamento","2025-09-09","2025-09-09","2025OB002450","2025NS014618","2025-09-09","2025-09-09",61632
39150,"2025-09-09","2025OP000381",405,5,"OB Enviada à instituição bancária para pagamento","2025-09-09","2025-09-09","2025OB000381","2025NS012549","2025-09-09","2025-09-09",61956
41063,"2025-09-09","2025OP002294",405,5,"OB Enviada à instituição bancária para pagamento","2025-09-09","2025-09-09","2025OB002294","2025NS014462","2025-09-09","2025-09-09",62005
39526,"2025-09-09","2025OP000757",405,5,"OB Enviada à instituição bancária para pagamento","2025-09-09","2025-09-09","2025OB000757","2025NS012925","2025-09-09","2025-09-09",62286
42325,"2025-09-11","2025OP003556",405,5,"OB Enviada à instituição bancária para pagamento","2025-09-12","2025-09-12","2025OB003558","2025NS017365","2025-09-11","2025-09-11",63654
43068,"2025-09-11","2025OP004299",405,5,"OB Enviada à instituição bancária para pagamento","2025-09-12","2025-09-12","2025OB004297","2025NS018108","2025-09-11","2025-09-11",63719
41957,"2025-09-11","2025OP003188",405,5,"OB Enviada à instituição bancária para pagamento","2025-09-12","2025-09-12","2025OB003177","2025NS016997","2025-09-11","2025-09-11",64338
40748,"2025-09-09","2025OP001979",405,5,"OB Enviada à instituição bancária para pagamento","2025-09-09","2025-09-09","2025OB001979","2025NS014147","2025-09-09","2025-09-09",61507
40925,"2025-09-09","2025OP002156",405,5,"OB Enviada à instituição bancária para pagamento","2025-09-09","2025-09-09","2025OB002156","2025NS014324","2025-09-09","2025-09-09",62000
39002,"2025-09-09","2025OP000233",405,5,"OB Enviada à instituição bancária para pagamento","2025-09-09","2025-09-09","2025OB000227","2025NS012401","2025-09-09","2025-09-09",62019
41491,"2025-09-09","2025OP002722",405,5,"OB Enviada à instituição bancária para pagamento","2025-09-09","2025-09-09","2025OB002714","2025NS014890","2025-09-09","2025-09-09",62738
39327,"2025-09-09","2025OP000558",405,5,"OB Enviada à instituição bancária para pagamento","2025-09-09","2025-09-09","2025OB000558","2025NS012726","2025-09-09","2025-09-09",62894
42473,"2025-09-11","2025OP003704",405,5,"OB Enviada à instituição bancária para pagamento","2025-09-12","2025-09-12","2025OB003685","2025NS017513","2025-09-11","2025-09-11",63597
42347,"2025-09-11","2025OP003578",405,5,"OB Enviada à instituição bancária para pagamento","2025-09-12","2025-09-12","2025OB003581","2025NS017387","2025-09-11","2025-09-11",63997
41934,"2025-09-11","2025OP003165",405,5,"OB Enviada à instituição bancária para pagamento","2025-09-12","2025-09-12","2025OB003150","2025NS016974","2025-09-11","2025-09-11",64102
41665,"2025-09-11","2025OP002896",405,5,"OB Enviada à instituição bancária para pagamento","2025-09-12","2025-09-12","2025OB002883","2025NS016705","2025-09-11","2025-09-11",63902
42515,"2025-09-11","2025OP003746",405,5,"OB Enviada à instituição bancária para pagamento","2025-09-12","2025-09-12","2025OB003744","2025NS017555","2025-09-11","2025-09-11",64702
42429,"2025-09-11","2025OP003660",405,5,"OB Enviada à instituição bancária para pagamento","2025-09-12","2025-09-12","2025OB003673","2025NS017469","2025-09-11","2025-09-11",64254
41276,"2025-09-09","2025OP002507",405,5,"OB Enviada à instituição bancária para pagamento","2025-09-09","2025-09-09","2025OB002514","2025NS014675","2025-09-09","2025-09-09",60948
39654,"2025-09-09","2025OP000885",405,5,"OB Enviada à instituição bancária para pagamento","2025-09-09","2025-09-09","2025OB000885","2025NS013053","2025-09-09","2025-09-09",60970
38937,"2025-09-09","2025OP000168",405,5,"OB Enviada à instituição bancária para pagamento","2025-09-09","2025-09-09","2025OB000168","2025NS012336","2025-09-09","2025-09-09",60971
40927,"2025-09-09","2025OP002158",405,5,"OB Enviada à instituição bancária para pagamento","2025-09-09","2025-09-09","2025OB002158","2025NS014326","2025-09-09","2025-09-09",60972
39064,"2025-09-09","2025OP000295",405,5,"OB Enviada à instituição bancária para pagamento","2025-09-09","2025-09-09","2025OB000295","2025NS012463","2025-09-09","2025-09-09",60973
40822,"2025-09-09","2025OP002053",405,5,"OB Enviada à instituição bancária para pagamento","2025-09-09","2025-09-09","2025OB002053","2025NS014221","2025-09-09","2025-09-09",60974
40839,"2025-09-09","2025OP002070",405,5,"OB Enviada à instituição bancária para pagamento","2025-09-09","2025-09-09","2025OB002070","2025NS014238","2025-09-09","2025-09-09",60975
40824,"2025-09-09","2025OP002055",405,5,"OB Enviada à instituição bancária para pagamento","2025-09-09","2025-09-09","2025OB002055","2025NS014223","2025-09-09","2025-09-09",60976
40959,"2025-09-09","2025OP002190",405,5,"OB Enviada à instituição bancária para pagamento","2025-09-09","2025-09-09","2025OB002190","2025NS014358","2025-09-09","2025-09-09",60977
39066,"2025-09-09","2025OP000297",405,5,"OB Enviada à instituição bancária para pagamento","2025-09-09","2025-09-09","2025OB000297","2025NS012465","2025-09-09","2025-09-09",60979
40435,"2025-09-09","2025OP001666",405,5,"OB Enviada à instituição bancária para pagamento","2025-09-09","2025-09-09","2025OB001666","2025NS013834","2025-09-09","2025-09-09",60981
41512,"2025-09-09","2025OP002743",405,5,"OB Enviada à instituição bancária para pagamento","2025-09-09","2025-09-09","2025OB002743","2025NS014911","2025-09-09","2025-09-09",60982
39739,"2025-09-09","2025OP000970",405,5,"OB Enviada à instituição bancária para pagamento","2025-09-09","2025-09-09","2025OB000970","2025NS013138","2025-09-09","2025-09-09",60983
40487,"2025-09-09","2025OP001718",405,5,"OB Enviada à instituição bancária para pagamento","2025-09-09","2025-09-09","2025OB001701","2025NS013886","2025-09-09","2025-09-09",60984
41093,"2025-09-09","2025OP002324",405,5,"OB Enviada à instituição bancária para pagamento","2025-09-09","2025-09-09","2025OB002317","2025NS014492","2025-09-09","2025-09-09",60985
40772,"2025-09-09","2025OP002003",405,5,"OB Enviada à instituição bancária para pagamento","2025-09-09","2025-09-09","2025OB002003","2025NS014171","2025-09-09","2025-09-09",60990
40780,"2025-09-09","2025OP002011",405,5,"OB Enviada à instituição bancária para pagamento","2025-09-09","2025-09-09","2025OB002018","2025NS014179","2025-09-09","2025-09-09",60991
41108,"2025-09-09","2025OP002339",405,5,"OB Enviada à instituição bancária para pagamento","2025-09-09","2025-09-09","2025OB002339","2025NS014507","2025-09-09","2025-09-09",61011
40767,"2025-09-09","2025OP001998",405,5,"OB Enviada à instituição bancária para pagamento","2025-09-09","2025-09-09","2025OB001998","2025NS014166","2025-09-09","2025-09-09",60994
39121,"2025-09-09","2025OP000352",405,5,"OB Enviada à instituição bancária para pagamento","2025-09-09","2025-09-09","2025OB000352","2025NS012520","2025-09-09","2025-09-09",61565
39848,"2025-09-09","2025OP001079",405,5,"OB Enviada à instituição bancária para pagamento","2025-09-09","2025-09-09","2025OB001079","2025NS013247","2025-09-09","2025-09-09",61688
40040,"2025-09-09","2025OP001271",405,5,"OB Enviada à instituição bancária para pagamento","2025-09-09","2025-09-09","2025OB001271","2025NS013439","2025-09-09","2025-09-09",62249
42813,"2025-09-11","2025OP004044",405,5,"OB Enviada à instituição bancária para pagamento","2025-09-12","2025-09-12","2025OB004046","2025NS017853","2025-09-11","2025-09-11",64904
43603,"2025-09-29","2025OP004843",405,3,"Aguardando assinaturas do ordenador de despesas e/ou gestor financeiro","2025-09-29",,,"2025NS020058",,,65105
43640,"2025-09-29","2025OP004880",405,3,"Aguardando assinaturas do ordenador de despesas e/ou gestor financeiro","2025-09-29",,,"2025NS020095",,,65481
39872,"2025-09-09","2025OP001103",405,5,"OB Enviada à instituição bancária para pagamento","2025-09-09","2025-09-09","2025OB001103","2025NS013271","2025-09-09","2025-09-09",60682
40956,"2025-09-09","2025OP002187",405,5,"OB Enviada à instituição bancária para pagamento","2025-09-09","2025-09-09","2025OB002187","2025NS014355","2025-09-09","2025-09-09",60978
41089,"2025-09-09","2025OP002320",405,5,"OB Enviada à instituição bancária para pagamento","2025-09-09","2025-09-09","2025OB002309","2025NS014488","2025-09-09","2025-09-09",60986
39305,"2025-09-09","2025OP000536",405,5,"OB Enviada à instituição bancária para pagamento","2025-09-09","2025-09-09","2025OB000532","2025NS012704","2025-09-09","2025-09-09",61008
40769,"2025-09-09","2025OP002000",405,5,"OB Enviada à instituição bancária para pagamento","2025-09-09","2025-09-09","2025OB002000","2025NS014168","2025-09-09","2025-09-09",60992
40771,"2025-09-09","2025OP002002",405,5,"OB Enviada à instituição bancária para pagamento","2025-09-09","2025-09-09","2025OB002002","2025NS014170","2025-09-09","2025-09-09",60993
38938,"2025-09-09","2025OP000169",405,5,"OB Enviada à instituição bancária para pagamento","2025-09-09","2025-09-09","2025OB000169","2025NS012337","2025-09-09","2025-09-09",60995
41044,"2025-09-09","2025OP002275",405,5,"OB Enviada à instituição bancária para pagamento","2025-09-09","2025-09-09","2025OB002275","2025NS014443","2025-09-09","2025-09-09",61617
39899,"2025-09-09","2025OP001130",405,5,"OB Enviada à instituição bancária para pagamento","2025-09-09","2025-09-09","2025OB001130","2025NS013298","2025-09-09","2025-09-09",61806
39864,"2025-09-09","2025OP001095",405,5,"OB Enviada à instituição bancária para pagamento","2025-09-09","2025-09-09","2025OB001095","2025NS013263","2025-09-09","2025-09-09",62304
42418,"2025-09-11","2025OP003649",405,5,"OB Enviada à instituição bancária para pagamento","2025-09-12","2025-09-12","2025OB003674","2025NS017458","2025-09-11","2025-09-11",63567
42393,"2025-09-11","2025OP003624",405,5,"OB Enviada à instituição bancária para pagamento","2025-09-12","2025-09-12","2025OB003633","2025NS017433","2025-09-11","2025-09-11",64863
43519,"2025-09-29","2025OP004759",405,3,"Aguardando assinaturas do ordenador de despesas e/ou gestor financeiro","2025-09-29",,,"2025NS019974",,,65300
39170,"2025-09-09","2025OP000401",405,5,"OB Enviada à instituição bancária para pagamento","2025-09-09","2025-09-09","2025OB000403","2025NS012569","2025-09-09","2025-09-09",61728
39933,"2025-09-09","2025OP001164",405,5,"OB Enviada à instituição bancária para pagamento","2025-09-09","2025-09-09","2025OB001164","2025NS013332","2025-09-09","2025-09-09",61811
41287,"2025-09-09","2025OP002518",405,5,"OB Enviada à instituição bancária para pagamento","2025-09-09","2025-09-09","2025OB002501","2025NS014686","2025-09-09","2025-09-09",61851
40985,"2025-09-09","2025OP002216",405,5,"OB Enviada à instituição bancária para pagamento","2025-09-09","2025-09-09","2025OB002228","2025NS014384","2025-09-09","2025-09-09",62996
39649,"2025-09-09","2025OP000880",405,5,"OB Enviada à instituição bancária para pagamento","2025-09-09","2025-09-09","2025OB000880","2025NS013048","2025-09-09","2025-09-09",63036
42667,"2025-09-11","2025OP003898",405,5,"OB Enviada à instituição bancária para pagamento","2025-09-12","2025-09-12","2025OB003904","2025NS017707","2025-09-11","2025-09-11",64561
42203,"2025-09-11","2025OP003434",405,5,"OB Enviada à instituição bancária para pagamento","2025-09-12","2025-09-12","2025OB003459","2025NS017243","2025-09-11","2025-09-11",64698
43272,"2025-09-29","2025OP004512",405,3,"Aguardando assinaturas do ordenador de despesas e/ou gestor financeiro","2025-09-29",,,"2025NS019727",,,65331
43355,"2025-09-29","2025OP004595",405,3,"Aguardando assinaturas do ordenador de despesas e/ou gestor financeiro","2025-09-29",,,"2025NS019810",,,65260
43319,"2025-09-29","2025OP004559",405,3,"Aguardando assinaturas do ordenador de despesas e/ou gestor financeiro","2025-09-29",,,"2025NS019774",,,65209
39491,"2025-09-09","2025OP000722",405,5,"OB Enviada à instituição bancária para pagamento","2025-09-09","2025-09-09","2025OB000722","2025NS012890","2025-09-09","2025-09-09",61182
39035,"2025-09-09","2025OP000266",405,5,"OB Enviada à instituição bancária para pagamento","2025-09-09","2025-09-09","2025OB000266","2025NS012434","2025-09-09","2025-09-09",61359
40333,"2025-09-09","2025OP001564",405,5,"OB Enviada à instituição bancária para pagamento","2025-09-09","2025-09-09","2025OB001564","2025NS013732","2025-09-09","2025-09-09",61512
41436,"2025-09-09","2025OP002667",405,5,"OB Enviada à instituição bancária para pagamento","2025-09-09","2025-09-09","2025OB002667","2025NS014835","2025-09-09","2025-09-09",61702
40558,"2025-09-09","2025OP001789",405,5,"OB Enviada à instituição bancária para pagamento","2025-09-09","2025-09-09","2025OB001789","2025NS013957","2025-09-09","2025-09-09",62217
42050,"2025-09-11","2025OP003281",405,5,"OB Enviada à instituição bancária para pagamento","2025-09-12","2025-09-12","2025OB003270","2025NS017090","2025-09-11","2025-09-11",63453
41081,"2025-09-09","2025OP002312",405,5,"OB Enviada à instituição bancária para pagamento","2025-09-09","2025-09-09","2025OB002320","2025NS014480","2025-09-09","2025-09-09",62346
39198,"2025-09-09","2025OP000429",405,5,"OB Enviada à instituição bancária para pagamento","2025-09-09","2025-09-09","2025OB000422","2025NS012597","2025-09-09","2025-09-09",62576
39911,"2025-09-09","2025OP001142",405,5,"OB Enviada à instituição bancária para pagamento","2025-09-09","2025-09-09","2025OB001142","2025NS013310","2025-09-09","2025-09-09",62962
42835,"2025-09-11","2025OP004066",405,5,"OB Enviada à instituição bancária para pagamento","2025-09-12","2025-09-12","2025OB004081","2025NS017875","2025-09-11","2025-09-11",63552
42500,"2025-09-11","2025OP003731",405,5,"OB Enviada à instituição bancária para pagamento","2025-09-12","2025-09-12","2025OB003730","2025NS017540","2025-09-11","2025-09-11",63585
42365,"2025-09-11","2025OP003596",405,5,"OB Enviada à instituição bancária para pagamento","2025-09-12","2025-09-12","2025OB003586","2025NS017405","2025-09-11","2025-09-11",64002
41992,"2025-09-11","2025OP003223",405,5,"OB Enviada à instituição bancária para pagamento","2025-09-12","2025-09-12","2025OB003223","2025NS017032","2025-09-11","2025-09-11",64585
42140,"2025-09-11","2025OP003371",405,5,"OB Enviada à instituição bancária para pagamento","2025-09-12","2025-09-12","2025OB003361","2025NS017180","2025-09-11","2025-09-11",64507
43608,"2025-09-29","2025OP004848",405,3,"Aguardando assinaturas do ordenador de despesas e/ou gestor financeiro","2025-09-29",,,"2025NS020063",,,65473
43273,"2025-09-29","2025OP004513",405,3,"Aguardando assinaturas do ordenador de despesas e/ou gestor financeiro","2025-09-29",,,"2025NS019728",,,65332
43800,"2025-09-29","2025OP005040",405,3,"Aguardando assinaturas do ordenador de despesas e/ou gestor financeiro","2025-09-29",,,"2025NS020255",,,65355
40779,"2025-09-09","2025OP002010",405,5,"OB Enviada à instituição bancária para pagamento","2025-09-09","2025-09-09","2025OB002016","2025NS014178","2025-09-09","2025-09-09",60996
41107,"2025-09-09","2025OP002338",405,5,"OB Enviada à instituição bancária para pagamento","2025-09-09","2025-09-09","2025OB002338","2025NS014506","2025-09-09","2025-09-09",61000
41423,"2025-09-09","2025OP002654",405,5,"OB Enviada à instituição bancária para pagamento","2025-09-09","2025-09-09","2025OB002654","2025NS014822","2025-09-09","2025-09-09",60795
40216,"2025-09-09","2025OP001447",405,5,"OB Enviada à instituição bancária para pagamento","2025-09-09","2025-09-09","2025OB001447","2025NS013615","2025-09-09","2025-09-09",61003
40311,"2025-09-09","2025OP001542",405,5,"OB Enviada à instituição bancária para pagamento","2025-09-09","2025-09-09","2025OB001542","2025NS013710","2025-09-09","2025-09-09",61005
39303,"2025-09-09","2025OP000534",405,5,"OB Enviada à instituição bancária para pagamento","2025-09-09","2025-09-09","2025OB000528","2025NS012702","2025-09-09","2025-09-09",61030
41503,"2025-09-09","2025OP002734",405,5,"OB Enviada à instituição bancária para pagamento","2025-09-09","2025-09-09","2025OB002734","2025NS014902","2025-09-09","2025-09-09",61018
41199,"2025-09-09","2025OP002430",405,5,"OB Enviada à instituição bancária para pagamento","2025-09-09","2025-09-09","2025OB002430","2025NS014598","2025-09-09","2025-09-09",61023
41430,"2025-09-09","2025OP002661",405,5,"OB Enviada à instituição bancária para pagamento","2025-09-09","2025-09-09","2025OB002661","2025NS014829","2025-09-09","2025-09-09",61025
41473,"2025-09-09","2025OP002704",405,5,"OB Enviada à instituição bancária para pagamento","2025-09-09","2025-09-09","2025OB002704","2025NS014872","2025-09-09","2025-09-09",62907
40837,"2025-09-09","2025OP002068",405,5,"OB Enviada à instituição bancária para pagamento","2025-09-09","2025-09-09","2025OB002068","2025NS014236","2025-09-09","2025-09-09",63204
39641,"2025-09-09","2025OP000872",405,5,"OB Enviada à instituição bancária para pagamento","2025-09-09","2025-09-09","2025OB000872","2025NS013040","2025-09-09","2025-09-09",63239
42243,"2025-09-11","2025OP003474",405,5,"OB Enviada à instituição bancária para pagamento","2025-09-12","2025-09-12","2025OB003483","2025NS017283","2025-09-11","2025-09-11",63546
42154,"2025-09-11","2025OP003385",405,5,"OB Enviada à instituição bancária para pagamento","2025-09-12","2025-09-12","2025OB003384","2025NS017194","2025-09-11","2025-09-11",63651
42216,"2025-09-11","2025OP003447",405,5,"OB Enviada à instituição bancária para pagamento","2025-09-12","2025-09-12","2025OB003439","2025NS017256","2025-09-11","2025-09-11",64663
43150,"2025-09-11","2025OP004381",405,5,"OB Enviada à instituição bancária para pagamento","2025-09-12","2025-09-12","2025OB004369","2025NS018190","2025-09-11","2025-09-11",64234
41373,"2025-09-09","2025OP002604",405,5,"OB Enviada à instituição bancária para pagamento","2025-09-09","2025-09-09","2025OB002604","2025NS014772","2025-09-09","2025-09-09",60997
40621,"2025-09-09","2025OP001852",405,5,"OB Enviada à instituição bancária para pagamento","2025-09-09","2025-09-09","2025OB001852","2025NS014020","2025-09-09","2025-09-09",61002
39961,"2025-09-09","2025OP001192",405,5,"OB Enviada à instituição bancária para pagamento","2025-09-09","2025-09-09","2025OB001192","2025NS013360","2025-09-09","2025-09-09",61007
41092,"2025-09-09","2025OP002323",405,5,"OB Enviada à instituição bancária para pagamento","2025-09-09","2025-09-09","2025OB002315","2025NS014491","2025-09-09","2025-09-09",61012
41547,"2025-09-09","2025OP002778",405,5,"OB Enviada à instituição bancária para pagamento","2025-09-09","2025-09-09","2025OB002778","2025NS014946","2025-09-09","2025-09-09",61019
41728,"2025-09-11","2025OP002959",405,5,"OB Enviada à instituição bancária para pagamento","2025-09-12","2025-09-12","2025OB002959","2025NS016768","2025-09-11","2025-09-11",63384
41404,"2025-09-09","2025OP002635",405,5,"OB Enviada à instituição bancária para pagamento","2025-09-09","2025-09-09","2025OB002635","2025NS014803","2025-09-09","2025-09-09",61031
41412,"2025-09-09","2025OP002643",405,5,"OB Enviada à instituição bancária para pagamento","2025-09-09","2025-09-09","2025OB002643","2025NS014811","2025-09-09","2025-09-09",61024
40488,"2025-09-09","2025OP001719",405,5,"OB Enviada à instituição bancária para pagamento","2025-09-09","2025-09-09","2025OB001703","2025NS013887","2025-09-09","2025-09-09",63020
41452,"2025-09-09","2025OP002683",405,5,"OB Enviada à instituição bancária para pagamento","2025-09-09","2025-09-09","2025OB002683","2025NS014851","2025-09-09","2025-09-09",63194
42414,"2025-09-11","2025OP003645",405,5,"OB Enviada à instituição bancária para pagamento","2025-09-12","2025-09-12","2025OB003634","2025NS017454","2025-09-11","2025-09-11",63446
42081,"2025-09-11","2025OP003312",405,5,"OB Enviada à instituição bancária para pagamento","2025-09-12","2025-09-12","2025OB003313","2025NS017121","2025-09-11","2025-09-11",63806
41758,"2025-09-11","2025OP002989",405,5,"OB Enviada à instituição bancária para pagamento","2025-09-12","2025-09-12","2025OB002996","2025NS016798","2025-09-11","2025-09-11",63821
42660,"2025-09-11","2025OP003891",405,5,"OB Enviada à instituição bancária para pagamento","2025-09-12","2025-09-12","2025OB003888","2025NS017700","2025-09-11","2025-09-11",64312
41249,"2025-09-09","2025OP002480",405,5,"OB Enviada à instituição bancária para pagamento","2025-09-09","2025-09-09","2025OB002480","2025NS014648","2025-09-09","2025-09-09",60998
40056,"2025-09-09","2025OP001287",405,5,"OB Enviada à instituição bancária para pagamento","2025-09-09","2025-09-09","2025OB001287","2025NS013455","2025-09-09","2025-09-09",61013
42977,"2025-09-11","2025OP004208",405,5,"OB Enviada à instituição bancária para pagamento","2025-09-12","2025-09-12","2025OB004208","2025NS018017","2025-09-11","2025-09-11",64343
42926,"2025-09-11","2025OP004157",405,5,"OB Enviada à instituição bancária para pagamento","2025-09-12","2025-09-12","2025OB004165","2025NS017966","2025-09-11","2025-09-11",64499
42088,"2025-09-11","2025OP003319",405,5,"OB Enviada à instituição bancária para pagamento","2025-09-12","2025-09-12","2025OB003334","2025NS017128","2025-09-11","2025-09-11",64258
41521,"2025-09-09","2025OP002752",405,5,"OB Enviada à instituição bancária para pagamento","2025-09-09","2025-09-09","2025OB002752","2025NS014920","2025-09-09","2025-09-09",61534
40169,"2025-09-09","2025OP001400",405,5,"OB Enviada à instituição bancária para pagamento","2025-09-09","2025-09-09","2025OB001400","2025NS013568","2025-09-09","2025-09-09",61014
40596,"2025-09-09","2025OP001827",405,5,"OB Enviada à instituição bancária para pagamento","2025-09-09","2025-09-09","2025OB001827","2025NS013995","2025-09-09","2025-09-09",61015
41538,"2025-09-09","2025OP002769",405,5,"OB Enviada à instituição bancária para pagamento","2025-09-09","2025-09-09","2025OB002769","2025NS014937","2025-09-09","2025-09-09",61026
39453,"2025-09-09","2025OP000684",405,5,"OB Enviada à instituição bancária para pagamento","2025-09-09","2025-09-09","2025OB000684","2025NS012852","2025-09-09","2025-09-09",61468
39169,"2025-09-09","2025OP000400",405,5,"OB Enviada à instituição bancária para pagamento","2025-09-09","2025-09-09","2025OB000401","2025NS012568","2025-09-09","2025-09-09",61727
40605,"2025-09-09","2025OP001836",405,5,"OB Enviada à instituição bancária para pagamento","2025-09-09","2025-09-09","2025OB001836","2025NS014004","2025-09-09","2025-09-09",63007
42241,"2025-09-11","2025OP003472",405,5,"OB Enviada à instituição bancária para pagamento","2025-09-12","2025-09-12","2025OB003471","2025NS017281","2025-09-11","2025-09-11",64132
42918,"2025-09-11","2025OP004149",405,5,"OB Enviada à instituição bancária para pagamento","2025-09-12","2025-09-12","2025OB004161","2025NS017958","2025-09-11","2025-09-11",64584
41671,"2025-09-11","2025OP002902",405,5,"OB Enviada à instituição bancária para pagamento","2025-09-12","2025-09-12","2025OB002909","2025NS016711","2025-09-11","2025-09-11",64432
43242,"2025-09-29","2025OP004482",405,3,"Aguardando assinaturas do ordenador de despesas e/ou gestor financeiro","2025-09-29",,,"2025NS019697",,,65385
41190,"2025-09-09","2025OP002421",405,5,"OB Enviada à instituição bancária para pagamento","2025-09-09","2025-09-09","2025OB002421","2025NS014589","2025-09-09","2025-09-09",61016
41216,"2025-09-09","2025OP002447",405,5,"OB Enviada à instituição bancária para pagamento","2025-09-09","2025-09-09","2025OB002447","2025NS014615","2025-09-09","2025-09-09",61028
39776,"2025-09-09","2025OP001007",405,5,"OB Enviada à instituição bancária para pagamento","2025-09-09","2025-09-09","2025OB001007","2025NS013175","2025-09-09","2025-09-09",63044
42975,"2025-09-11","2025OP004206",405,5,"OB Enviada à instituição bancária para pagamento","2025-09-12","2025-09-12","2025OB004201","2025NS018015","2025-09-11","2025-09-11",63426
41576,"2025-09-09","2025OP002807",405,5,"OB Enviada à instituição bancária para pagamento","2025-09-09","2025-09-09","2025OB002807","2025NS014975","2025-09-09","2025-09-09",61034
41229,"2025-09-09","2025OP002460",405,5,"OB Enviada à instituição bancária para pagamento","2025-09-09","2025-09-09","2025OB002460","2025NS014628","2025-09-09","2025-09-09",61035
41246,"2025-09-09","2025OP002477",405,5,"OB Enviada à instituição bancária para pagamento","2025-09-09","2025-09-09","2025OB002477","2025NS014645","2025-09-09","2025-09-09",61038
41178,"2025-09-09","2025OP002409",405,5,"OB Enviada à instituição bancária para pagamento","2025-09-09","2025-09-09","2025OB002409","2025NS014577","2025-09-09","2025-09-09",61042
41551,"2025-09-09","2025OP002782",405,5,"OB Enviada à instituição bancária para pagamento","2025-09-09","2025-09-09","2025OB002782","2025NS014950","2025-09-09","2025-09-09",61027
40236,"2025-09-09","2025OP001467",405,5,"OB Enviada à instituição bancária para pagamento","2025-09-09","2025-09-09","2025OB001467","2025NS013635","2025-09-09","2025-09-09",63183
41887,"2025-09-11","2025OP003118",405,5,"OB Enviada à instituição bancária para pagamento","2025-09-12","2025-09-12","2025OB003128","2025NS016927","2025-09-11","2025-09-11",63613
41725,"2025-09-11","2025OP002956",405,5,"OB Enviada à instituição bancária para pagamento","2025-09-12","2025-09-12","2025OB002954","2025NS016765","2025-09-11","2025-09-11",63278
41778,"2025-09-11","2025OP003009",405,5,"OB Enviada à instituição bancária para pagamento","2025-09-12","2025-09-12","2025OB002992","2025NS016818","2025-09-11","2025-09-11",64160
43376,"2025-09-29","2025OP004616",405,3,"Aguardando assinaturas do ordenador de despesas e/ou gestor financeiro","2025-09-29",,,"2025NS019831",,,65005
43624,"2025-09-29","2025OP004864",405,3,"Aguardando assinaturas do ordenador de despesas e/ou gestor financeiro","2025-09-29",,,"2025NS020079",,,65295
39261,"2025-09-09","2025OP000492",405,5,"OB Enviada à instituição bancária para pagamento","2025-09-09","2025-09-09","2025OB000492","2025NS012660","2025-09-09","2025-09-09",61227
39661,"2025-09-09","2025OP000892",405,5,"OB Enviada à instituição bancária para pagamento","2025-09-09","2025-09-09","2025OB000892","2025NS013060","2025-09-09","2025-09-09",61569
41443,"2025-09-09","2025OP002674",405,5,"OB Enviada à instituição bancária para pagamento","2025-09-09","2025-09-09","2025OB002674","2025NS014842","2025-09-09","2025-09-09",61743
41370,"2025-09-09","2025OP002601",405,5,"OB Enviada à instituição bancária para pagamento","2025-09-09","2025-09-09","2025OB002601","2025NS014769","2025-09-09","2025-09-09",62105
43167,"2025-09-11","2025OP004398",405,5,"OB Enviada à instituição bancária para pagamento","2025-09-12","2025-09-12","2025OB004407","2025NS018207","2025-09-11","2025-09-11",63375
42430,"2025-09-11","2025OP003661",405,5,"OB Enviada à instituição bancária para pagamento","2025-09-12","2025-09-12","2025OB003666","2025NS017470","2025-09-11","2025-09-11",63406
40995,"2025-09-09","2025OP002226",405,5,"OB Enviada à instituição bancária para pagamento","2025-09-09","2025-09-09","2025OB002221","2025NS014394","2025-09-09","2025-09-09",62908
43174,"2025-09-11","2025OP004405",405,5,"OB Enviada à instituição bancária para pagamento","2025-09-12","2025-09-12","2025OB004404","2025NS018214","2025-09-11","2025-09-11",63557
42433,"2025-09-11","2025OP003664",405,5,"OB Enviada à instituição bancária para pagamento","2025-09-12","2025-09-12","2025OB003657","2025NS017473","2025-09-11","2025-09-11",63843
43878,"2025-09-29","2025OP005118",405,3,"Aguardando assinaturas do ordenador de despesas e/ou gestor financeiro","2025-09-29",,,"2025NS020333",,,64935
40819,"2025-09-09","2025OP002050",405,5,"OB Enviada à instituição bancária para pagamento","2025-09-09","2025-09-09","2025OB002050","2025NS014218","2025-09-09","2025-09-09",61017
41559,"2025-09-09","2025OP002790",405,5,"OB Enviada à instituição bancária para pagamento","2025-09-09","2025-09-09","2025OB002790","2025NS014958","2025-09-09","2025-09-09",61020
41215,"2025-09-09","2025OP002446",405,5,"OB Enviada à instituição bancária para pagamento","2025-09-09","2025-09-09","2025OB002446","2025NS014614","2025-09-09","2025-09-09",61029
41520,"2025-09-09","2025OP002751",405,5,"OB Enviada à instituição bancária para pagamento","2025-09-09","2025-09-09","2025OB002751","2025NS014919","2025-09-09","2025-09-09",61036
41184,"2025-09-09","2025OP002415",405,5,"OB Enviada à instituição bancária para pagamento","2025-09-09","2025-09-09","2025OB002415","2025NS014583","2025-09-09","2025-09-09",61043
39970,"2025-09-09","2025OP001201",405,5,"OB Enviada à instituição bancária para pagamento","2025-09-09","2025-09-09","2025OB001201","2025NS013369","2025-09-09","2025-09-09",61047
39203,"2025-09-09","2025OP000434",405,5,"OB Enviada à instituição bancária para pagamento","2025-09-09","2025-09-09","2025OB000432","2025NS012602","2025-09-09","2025-09-09",62186
41683,"2025-09-11","2025OP002914",405,5,"OB Enviada à instituição bancária para pagamento","2025-09-12","2025-09-12","2025OB002904","2025NS016723","2025-09-11","2025-09-11",64843
42899,"2025-09-11","2025OP004130",405,5,"OB Enviada à instituição bancária para pagamento","2025-09-12","2025-09-12","2025OB004123","2025NS017939","2025-09-11","2025-09-11",64903
43433,"2025-09-29","2025OP004673",405,3,"Aguardando assinaturas do ordenador de despesas e/ou gestor financeiro","2025-09-29",,,"2025NS019888",,,65009
43615,"2025-09-29","2025OP004855",405,3,"Aguardando assinaturas do ordenador de despesas e/ou gestor financeiro","2025-09-29",,,"2025NS020070",,,65477
43324,"2025-09-29","2025OP004564",405,3,"Aguardando assinaturas do ordenador de despesas e/ou gestor financeiro","2025-09-29",,,"2025NS019779",,,64940
39611,"2025-09-09","2025OP000842",405,5,"OB Enviada à instituição bancária para pagamento","2025-09-09","2025-09-09","2025OB000842","2025NS013010","2025-09-09","2025-09-09",60581
39801,"2025-09-09","2025OP001032",405,5,"OB Enviada à instituição bancária para pagamento","2025-09-09","2025-09-09","2025OB001032","2025NS013200","2025-09-09","2025-09-09",61037
40041,"2025-09-09","2025OP001272",405,5,"OB Enviada à instituição bancária para pagamento","2025-09-09","2025-09-09","2025OB001272","2025NS013440","2025-09-09","2025-09-09",61044
41294,"2025-09-09","2025OP002525",405,5,"OB Enviada à instituição bancária para pagamento","2025-09-09","2025-09-09","2025OB002515","2025NS014693","2025-09-09","2025-09-09",61045
41541,"2025-09-09","2025OP002772",405,5,"OB Enviada à instituição bancária para pagamento","2025-09-09","2025-09-09","2025OB002772","2025NS014940","2025-09-09","2025-09-09",61048
40380,"2025-09-09","2025OP001611",405,5,"OB Enviada à instituição bancária para pagamento","2025-09-09","2025-09-09","2025OB001632","2025NS013779","2025-09-09","2025-09-09",61049
40678,"2025-09-09","2025OP001909",405,5,"OB Enviada à instituição bancária para pagamento","2025-09-09","2025-09-09","2025OB001909","2025NS014077","2025-09-09","2025-09-09",61053
38886,"2025-09-09","2025OP000117",405,5,"OB Enviada à instituição bancária para pagamento","2025-09-09","2025-09-09","2025OB000117","2025NS012285","2025-09-09","2025-09-09",61072
39757,"2025-09-09","2025OP000988",405,5,"OB Enviada à instituição bancária para pagamento","2025-09-09","2025-09-09","2025OB000988","2025NS013156","2025-09-09","2025-09-09",61299
40739,"2025-09-09","2025OP001970",405,5,"OB Enviada à instituição bancária para pagamento","2025-09-09","2025-09-09","2025OB001970","2025NS014138","2025-09-09","2025-09-09",62090
40849,"2025-09-09","2025OP002080",405,5,"OB Enviada à instituição bancária para pagamento","2025-09-09","2025-09-09","2025OB002080","2025NS014248","2025-09-09","2025-09-09",62273
40188,"2025-09-09","2025OP001419",405,5,"OB Enviada à instituição bancária para pagamento","2025-09-09","2025-09-09","2025OB001419","2025NS013587","2025-09-09","2025-09-09",62296
39480,"2025-09-09","2025OP000711",405,5,"OB Enviada à instituição bancária para pagamento","2025-09-09","2025-09-09","2025OB000711","2025NS012879","2025-09-09","2025-09-09",63010
42947,"2025-09-11","2025OP004178",405,5,"OB Enviada à instituição bancária para pagamento","2025-09-12","2025-09-12","2025OB004199","2025NS017987","2025-09-11","2025-09-11",64059
42361,"2025-09-11","2025OP003592",405,5,"OB Enviada à instituição bancária para pagamento","2025-09-12","2025-09-12","2025OB003594","2025NS017401","2025-09-11","2025-09-11",64138
41241,"2025-09-09","2025OP002472",405,5,"OB Enviada à instituição bancária para pagamento","2025-09-09","2025-09-09","2025OB002472","2025NS014640","2025-09-09","2025-09-09",61040
39706,"2025-09-09","2025OP000937",405,5,"OB Enviada à instituição bancária para pagamento","2025-09-09","2025-09-09","2025OB000937","2025NS013105","2025-09-09","2025-09-09",60602
41396,"2025-09-09","2025OP002627",405,5,"OB Enviada à instituição bancária para pagamento","2025-09-09","2025-09-09","2025OB002627","2025NS014795","2025-09-09","2025-09-09",61046
40179,"2025-09-09","2025OP001410",405,5,"OB Enviada à instituição bancária para pagamento","2025-09-09","2025-09-09","2025OB001410","2025NS013578","2025-09-09","2025-09-09",61055
41251,"2025-09-09","2025OP002482",405,5,"OB Enviada à instituição bancária para pagamento","2025-09-09","2025-09-09","2025OB002482","2025NS014650","2025-09-09","2025-09-09",62464
39845,"2025-09-09","2025OP001076",405,5,"OB Enviada à instituição bancária para pagamento","2025-09-09","2025-09-09","2025OB001076","2025NS013244","2025-09-09","2025-09-09",63197
40067,"2025-09-09","2025OP001298",405,5,"OB Enviada à instituição bancária para pagamento","2025-09-09","2025-09-09","2025OB001298","2025NS013466","2025-09-09","2025-09-09",63247
42741,"2025-09-11","2025OP003972",405,5,"OB Enviada à instituição bancária para pagamento","2025-09-12","2025-09-12","2025OB003988","2025NS017781","2025-09-11","2025-09-11",63569
40489,"2025-09-09","2025OP001720",405,5,"OB Enviada à instituição bancária para pagamento","2025-09-09","2025-09-09","2025OB001705","2025NS013888","2025-09-09","2025-09-09",63191
41762,"2025-09-11","2025OP002993",405,5,"OB Enviada à instituição bancária para pagamento","2025-09-12","2025-09-12","2025OB002999","2025NS016802","2025-09-11","2025-09-11",64198
43321,"2025-09-29","2025OP004561",405,3,"Aguardando assinaturas do ordenador de despesas e/ou gestor financeiro","2025-09-29",,,"2025NS019776",,,64999
39795,"2025-09-09","2025OP001026",405,5,"OB Enviada à instituição bancária para pagamento","2025-09-09","2025-09-09","2025OB001026","2025NS013194","2025-09-09","2025-09-09",61041
39772,"2025-09-09","2025OP001003",405,5,"OB Enviada à instituição bancária para pagamento","2025-09-09","2025-09-09","2025OB001003","2025NS013171","2025-09-09","2025-09-09",61073
40796,"2025-09-09","2025OP002027",405,5,"OB Enviada à instituição bancária para pagamento","2025-09-09","2025-09-09","2025OB002023","2025NS014195","2025-09-09","2025-09-09",61106
40474,"2025-09-09","2025OP001705",405,5,"OB Enviada à instituição bancária para pagamento","2025-09-09","2025-09-09","2025OB001710","2025NS013873","2025-09-09","2025-09-09",62618
43168,"2025-09-11","2025OP004399",405,5,"OB Enviada à instituição bancária para pagamento","2025-09-12","2025-09-12","2025OB004408","2025NS018208","2025-09-11","2025-09-11",63425
43641,"2025-09-29","2025OP004881",405,3,"Aguardando assinaturas do ordenador de despesas e/ou gestor financeiro","2025-09-29",,,"2025NS020096",,,65483
43680,"2025-09-29","2025OP004920",405,3,"Aguardando assinaturas do ordenador de despesas e/ou gestor financeiro","2025-09-29",,,"2025NS020135",,,65117
40341,"2025-09-09","2025OP001572",405,5,"OB Enviada à instituição bancária para pagamento","2025-09-09","2025-09-09","2025OB001572","2025NS013740","2025-09-09","2025-09-09",60961
39731,"2025-09-09","2025OP000962",405,5,"OB Enviada à instituição bancária para pagamento","2025-09-09","2025-09-09","2025OB000962","2025NS013130","2025-09-09","2025-09-09",61088
41738,"2025-09-11","2025OP002969",405,5,"OB Enviada à instituição bancária para pagamento","2025-09-12","2025-09-12","2025OB002981","2025NS016778","2025-09-11","2025-09-11",63824
42639,"2025-09-11","2025OP003870",405,5,"OB Enviada à instituição bancária para pagamento","2025-09-12","2025-09-12","2025OB003880","2025NS017679","2025-09-11","2025-09-11",64712
43040,"2025-09-11","2025OP004271",405,5,"OB Enviada à instituição bancária para pagamento","2025-09-12","2025-09-12","2025OB004264","2025NS018080","2025-09-11","2025-09-11",64721
41924,"2025-09-11","2025OP003155",405,5,"OB Enviada à instituição bancária para pagamento","2025-09-12","2025-09-12","2025OB003167","2025NS016964","2025-09-11","2025-09-11",64492
40229,"2025-09-09","2025OP001460",405,5,"OB Enviada à instituição bancária para pagamento","2025-09-09","2025-09-09","2025OB001460","2025NS013628","2025-09-09","2025-09-09",61419
39833,"2025-09-09","2025OP001064",405,5,"OB Enviada à instituição bancária para pagamento","2025-09-09","2025-09-09","2025OB001064","2025NS013232","2025-09-09","2025-09-09",62422
38972,"2025-09-09","2025OP000203",405,5,"OB Enviada à instituição bancária para pagamento","2025-09-09","2025-09-09","2025OB000210","2025NS012371","2025-09-09","2025-09-09",62519
41841,"2025-09-11","2025OP003072",405,5,"OB Enviada à instituição bancária para pagamento","2025-09-12","2025-09-12","2025OB003069","2025NS016881","2025-09-11","2025-09-11",64096
40446,"2025-09-09","2025OP001677",405,5,"OB Enviada à instituição bancária para pagamento","2025-09-09","2025-09-09","2025OB001677","2025NS013845","2025-09-09","2025-09-09",62892
39897,"2025-09-09","2025OP001128",405,5,"OB Enviada à instituição bancária para pagamento","2025-09-09","2025-09-09","2025OB001128","2025NS013296","2025-09-09","2025-09-09",63012
40491,"2025-09-09","2025OP001722",405,5,"OB Enviada à instituição bancária para pagamento","2025-09-09","2025-09-09","2025OB001709","2025NS013890","2025-09-09","2025-09-09",63030
41388,"2025-09-09","2025OP002619",405,5,"OB Enviada à instituição bancária para pagamento","2025-09-09","2025-09-09","2025OB002619","2025NS014787","2025-09-09","2025-09-09",63040
43223,"2025-09-11","2025OP004454",405,5,"OB Enviada à instituição bancária para pagamento","2025-09-12","2025-09-12","2025OB004454","2025NS018263","2025-09-11","2025-09-11",63535
42115,"2025-09-11","2025OP003346",405,5,"OB Enviada à instituição bancária para pagamento","2025-09-12","2025-09-12","2025OB003340","2025NS017155","2025-09-11","2025-09-11",63739
42012,"2025-09-11","2025OP003243",405,5,"OB Enviada à instituição bancária para pagamento","2025-09-12","2025-09-12","2025OB003251","2025NS017052","2025-09-11","2025-09-11",64108
41749,"2025-09-11","2025OP002980",405,5,"OB Enviada à instituição bancária para pagamento","2025-09-12","2025-09-12","2025OB002985","2025NS016789","2025-09-11","2025-09-11",64272
39730,"2025-09-09","2025OP000961",405,5,"OB Enviada à instituição bancária para pagamento","2025-09-09","2025-09-09","2025OB000961","2025NS013129","2025-09-09","2025-09-09",61074
41759,"2025-09-11","2025OP002990",405,5,"OB Enviada à instituição bancária para pagamento","2025-09-12","2025-09-12","2025OB002998","2025NS016799","2025-09-11","2025-09-11",63473
42449,"2025-09-11","2025OP003680",405,5,"OB Enviada à instituição bancária para pagamento","2025-09-12","2025-09-12","2025OB003690","2025NS017489","2025-09-11","2025-09-11",63583
41938,"2025-09-11","2025OP003169",405,5,"OB Enviada à instituição bancária para pagamento","2025-09-12","2025-09-12","2025OB003161","2025NS016978","2025-09-11","2025-09-11",63635
42508,"2025-09-11","2025OP003739",405,5,"OB Enviada à instituição bancária para pagamento","2025-09-12","2025-09-12","2025OB003743","2025NS017548","2025-09-11","2025-09-11",64434
41711,"2025-09-11","2025OP002942",405,5,"OB Enviada à instituição bancária para pagamento","2025-09-12","2025-09-12","2025OB002944","2025NS016751","2025-09-11","2025-09-11",63415
39928,"2025-09-09","2025OP001159",405,5,"OB Enviada à instituição bancária para pagamento","2025-09-09","2025-09-09","2025OB001159","2025NS013327","2025-09-09","2025-09-09",61056
39752,"2025-09-09","2025OP000983",405,5,"OB Enviada à instituição bancária para pagamento","2025-09-09","2025-09-09","2025OB000983","2025NS013151","2025-09-09","2025-09-09",63082
42731,"2025-09-11","2025OP003962",405,5,"OB Enviada à instituição bancária para pagamento","2025-09-12","2025-09-12","2025OB003944","2025NS017771","2025-09-11","2025-09-11",64170
43511,"2025-09-29","2025OP004751",405,3,"Aguardando assinaturas do ordenador de despesas e/ou gestor financeiro","2025-09-29",,,"2025NS019966",,,65442
40445,"2025-09-09","2025OP001676",405,5,"OB Enviada à instituição bancária para pagamento","2025-09-09","2025-09-09","2025OB001676","2025NS013844","2025-09-09","2025-09-09",61075
41138,"2025-09-09","2025OP002369",405,5,"OB Enviada à instituição bancária para pagamento","2025-09-09","2025-09-09","2025OB002369","2025NS014537","2025-09-09","2025-09-09",61711
39765,"2025-09-09","2025OP000996",405,5,"OB Enviada à instituição bancária para pagamento","2025-09-09","2025-09-09","2025OB000996","2025NS013164","2025-09-09","2025-09-09",62061
41500,"2025-09-09","2025OP002731",405,5,"OB Enviada à instituição bancária para pagamento","2025-09-09","2025-09-09","2025OB002731","2025NS014899","2025-09-09","2025-09-09",63064
42416,"2025-09-11","2025OP003647",405,5,"OB Enviada à instituição bancária para pagamento","2025-09-12","2025-09-12","2025OB003639","2025NS017456","2025-09-11","2025-09-11",63845
42617,"2025-09-11","2025OP003848",405,5,"OB Enviada à instituição bancária para pagamento","2025-09-12","2025-09-12","2025OB003851","2025NS017657","2025-09-11","2025-09-11",64500
43560,"2025-09-29","2025OP004800",405,3,"Aguardando assinaturas do ordenador de despesas e/ou gestor financeiro","2025-09-29",,,"2025NS020015",,,64965
41842,"2025-09-11","2025OP003073",405,5,"OB Enviada à instituição bancária para pagamento","2025-09-12","2025-09-12","2025OB003071","2025NS016882","2025-09-11","2025-09-11",64537
40173,"2025-09-09","2025OP001404",405,5,"OB Enviada à instituição bancária para pagamento","2025-09-09","2025-09-09","2025OB001404","2025NS013572","2025-09-09","2025-09-09",61170
40414,"2025-09-09","2025OP001645",405,5,"OB Enviada à instituição bancária para pagamento","2025-09-09","2025-09-09","2025OB001645","2025NS013813","2025-09-09","2025-09-09",62276
39140,"2025-09-09","2025OP000371",405,5,"OB Enviada à instituição bancária para pagamento","2025-09-09","2025-09-09","2025OB000371","2025NS012539","2025-09-09","2025-09-09",62533
40312,"2025-09-09","2025OP001543",405,5,"OB Enviada à instituição bancária para pagamento","2025-09-09","2025-09-09","2025OB001543","2025NS013711","2025-09-09","2025-09-09",63051
42092,"2025-09-11","2025OP003323",405,5,"OB Enviada à instituição bancária para pagamento","2025-09-12","2025-09-12","2025OB003328","2025NS017132","2025-09-11","2025-09-11",63640
42307,"2025-09-11","2025OP003538",405,5,"OB Enviada à instituição bancária para pagamento","2025-09-12","2025-09-12","2025OB003540","2025NS017347","2025-09-11","2025-09-11",63628
42677,"2025-09-11","2025OP003908",405,5,"OB Enviada à instituição bancária para pagamento","2025-09-12","2025-09-12","2025OB003909","2025NS017717","2025-09-11","2025-09-11",63357
42822,"2025-09-11","2025OP004053",405,5,"OB Enviada à instituição bancária para pagamento","2025-09-12","2025-09-12","2025OB004057","2025NS017862","2025-09-11","2025-09-11",64025
41918,"2025-09-11","2025OP003149",405,5,"OB Enviada à instituição bancária para pagamento","2025-09-12","2025-09-12","2025OB003165","2025NS016958","2025-09-11","2025-09-11",64643
43813,"2025-09-29","2025OP005053",405,3,"Aguardando assinaturas do ordenador de despesas e/ou gestor financeiro","2025-09-29",,,"2025NS020268",,,65552
42723,"2025-09-11","2025OP003954",405,5,"OB Enviada à instituição bancária para pagamento","2025-09-12","2025-09-12","2025OB003954","2025NS017763","2025-09-11","2025-09-11",64876
43407,"2025-09-29","2025OP004647",405,3,"Aguardando assinaturas do ordenador de despesas e/ou gestor financeiro","2025-09-29",,,"2025NS019862",,,65414
40262,"2025-09-09","2025OP001493",405,5,"OB Enviada à instituição bancária para pagamento","2025-09-09","2025-09-09","2025OB001493","2025NS013661","2025-09-09","2025-09-09",61795
39989,"2025-09-09","2025OP001220",405,5,"OB Enviada à instituição bancária para pagamento","2025-09-09","2025-09-09","2025OB001206","2025NS013388","2025-09-09","2025-09-09",62438
41804,"2025-09-11","2025OP003035",405,5,"OB Enviada à instituição bancária para pagamento","2025-09-12","2025-09-12","2025OB003043","2025NS016844","2025-09-11","2025-09-11",64119
42768,"2025-09-11","2025OP003999",405,5,"OB Enviada à instituição bancária para pagamento","2025-09-12","2025-09-12","2025OB004009","2025NS017808","2025-09-11","2025-09-11",63315
42985,"2025-09-11","2025OP004216",405,5,"OB Enviada à instituição bancária para pagamento","2025-09-12","2025-09-12","2025OB004211","2025NS018025","2025-09-11","2025-09-11",64020
43049,"2025-09-11","2025OP004280",405,5,"OB Enviada à instituição bancária para pagamento","2025-09-12","2025-09-12","2025OB004268","2025NS018089","2025-09-11","2025-09-11",64623
43581,"2025-09-29","2025OP004821",405,3,"Aguardando assinaturas do ordenador de despesas e/ou gestor financeiro","2025-09-29",,,"2025NS020036",,,64948
43642,"2025-09-29","2025OP004882",405,3,"Aguardando assinaturas do ordenador de despesas e/ou gestor financeiro","2025-09-29",,,"2025NS020097",,,65487
43297,"2025-09-29","2025OP004537",405,3,"Aguardando assinaturas do ordenador de despesas e/ou gestor financeiro","2025-09-29",,,"2025NS019752",,,65049
40938,"2025-09-09","2025OP002169",405,5,"OB Enviada à instituição bancária para pagamento","2025-09-09","2025-09-09","2025OB002169","2025NS014337","2025-09-09","2025-09-09",61076
40709,"2025-09-09","2025OP001940",405,5,"OB Enviada à instituição bancária para pagamento","2025-09-09","2025-09-09","2025OB001940","2025NS014108","2025-09-09","2025-09-09",61760
39777,"2025-09-09","2025OP001008",405,5,"OB Enviada à instituição bancária para pagamento","2025-09-09","2025-09-09","2025OB001008","2025NS013176","2025-09-09","2025-09-09",62839
39732,"2025-09-09","2025OP000963",405,5,"OB Enviada à instituição bancária para pagamento","2025-09-09","2025-09-09","2025OB000963","2025NS013131","2025-09-09","2025-09-09",62939
40761,"2025-09-09","2025OP001992",405,5,"OB Enviada à instituição bancária para pagamento","2025-09-09","2025-09-09","2025OB001992","2025NS014160","2025-09-09","2025-09-09",63205
42737,"2025-09-11","2025OP003968",405,5,"OB Enviada à instituição bancária para pagamento","2025-09-12","2025-09-12","2025OB003984","2025NS017777","2025-09-11","2025-09-11",63593
42035,"2025-09-11","2025OP003266",405,5,"OB Enviada à instituição bancária para pagamento","2025-09-12","2025-09-12","2025OB003255","2025NS017075","2025-09-11","2025-09-11",63439
42649,"2025-09-11","2025OP003880",405,5,"OB Enviada à instituição bancária para pagamento","2025-09-12","2025-09-12","2025OB003876","2025NS017689","2025-09-11","2025-09-11",63705
42654,"2025-09-11","2025OP003885",405,5,"OB Enviada à instituição bancária para pagamento","2025-09-12","2025-09-12","2025OB003900","2025NS017694","2025-09-11","2025-09-11",64286
39705,"2025-09-09","2025OP000936",405,5,"OB Enviada à instituição bancária para pagamento","2025-09-09","2025-09-09","2025OB000936","2025NS013104","2025-09-09","2025-09-09",60585
40743,"2025-09-09","2025OP001974",405,5,"OB Enviada à instituição bancária para pagamento","2025-09-09","2025-09-09","2025OB001974","2025NS014142","2025-09-09","2025-09-09",61058
40734,"2025-09-09","2025OP001965",405,5,"OB Enviada à instituição bancária para pagamento","2025-09-09","2025-09-09","2025OB001965","2025NS014133","2025-09-09","2025-09-09",61077
40894,"2025-09-09","2025OP002125",405,5,"OB Enviada à instituição bancária para pagamento","2025-09-09","2025-09-09","2025OB002125","2025NS014293","2025-09-09","2025-09-09",62778
40868,"2025-09-09","2025OP002099",405,5,"OB Enviada à instituição bancária para pagamento","2025-09-09","2025-09-09","2025OB002099","2025NS014267","2025-09-09","2025-09-09",62901
42529,"2025-09-11","2025OP003760",405,5,"OB Enviada à instituição bancária para pagamento","2025-09-12","2025-09-12","2025OB003774","2025NS017569","2025-09-11","2025-09-11",63538
43098,"2025-09-11","2025OP004329",405,5,"OB Enviada à instituição bancária para pagamento","2025-09-12","2025-09-12","2025OB004323","2025NS018138","2025-09-11","2025-09-11",63600
42493,"2025-09-11","2025OP003724",405,5,"OB Enviada à instituição bancária para pagamento","2025-09-12","2025-09-12","2025OB003731","2025NS017533","2025-09-11","2025-09-11",64091
43145,"2025-09-11","2025OP004376",405,5,"OB Enviada à instituição bancária para pagamento","2025-09-12","2025-09-12","2025OB004377","2025NS018185","2025-09-11","2025-09-11",64245
40622,"2025-09-09","2025OP001853",405,5,"OB Enviada à instituição bancária para pagamento","2025-09-09","2025-09-09","2025OB001853","2025NS014021","2025-09-09","2025-09-09",60875
41149,"2025-09-09","2025OP002380",405,5,"OB Enviada à instituição bancária para pagamento","2025-09-09","2025-09-09","2025OB002380","2025NS014548","2025-09-09","2025-09-09",61061
39021,"2025-09-09","2025OP000252",405,5,"OB Enviada à instituição bancária para pagamento","2025-09-09","2025-09-09","2025OB000252","2025NS012420","2025-09-09","2025-09-09",61111
40762,"2025-09-09","2025OP001993",405,5,"OB Enviada à instituição bancária para pagamento","2025-09-09","2025-09-09","2025OB001993","2025NS014161","2025-09-09","2025-09-09",61131
39339,"2025-09-09","2025OP000570",405,5,"OB Enviada à instituição bancária para pagamento","2025-09-09","2025-09-09","2025OB000570","2025NS012738","2025-09-09","2025-09-09",61148
40752,"2025-09-09","2025OP001983",405,5,"OB Enviada à instituição bancária para pagamento","2025-09-09","2025-09-09","2025OB001983","2025NS014151","2025-09-09","2025-09-09",61162
39790,"2025-09-09","2025OP001021",405,5,"OB Enviada à instituição bancária para pagamento","2025-09-09","2025-09-09","2025OB001021","2025NS013189","2025-09-09","2025-09-09",61203
39031,"2025-09-09","2025OP000262",405,5,"OB Enviada à instituição bancária para pagamento","2025-09-09","2025-09-09","2025OB000262","2025NS012430","2025-09-09","2025-09-09",61208
41574,"2025-09-09","2025OP002805",405,5,"OB Enviada à instituição bancária para pagamento","2025-09-09","2025-09-09","2025OB002805","2025NS014973","2025-09-09","2025-09-09",61217
39699,"2025-09-09","2025OP000930",405,5,"OB Enviada à instituição bancária para pagamento","2025-09-09","2025-09-09","2025OB000929","2025NS013098","2025-09-09","2025-09-09",61272
39421,"2025-09-09","2025OP000652",405,5,"OB Enviada à instituição bancária para pagamento","2025-09-09","2025-09-09","2025OB000652","2025NS012820","2025-09-09","2025-09-09",61908
40370,"2025-09-09","2025OP001601",405,5,"OB Enviada à instituição bancária para pagamento","2025-09-09","2025-09-09","2025OB001611","2025NS013769","2025-09-09","2025-09-09",62192
42936,"2025-09-11","2025OP004167",405,5,"OB Enviada à instituição bancária para pagamento","2025-09-12","2025-09-12","2025OB004167","2025NS017976","2025-09-11","2025-09-11",63849
42821,"2025-09-11","2025OP004052",405,5,"OB Enviada à instituição bancária para pagamento","2025-09-12","2025-09-12","2025OB004049","2025NS017861","2025-09-11","2025-09-11",63863
42215,"2025-09-11","2025OP003446",405,5,"OB Enviada à instituição bancária para pagamento","2025-09-12","2025-09-12","2025OB003438","2025NS017255","2025-09-11","2025-09-11",64399
42034,"2025-09-11","2025OP003265",405,5,"OB Enviada à instituição bancária para pagamento","2025-09-12","2025-09-12","2025OB003260","2025NS017074","2025-09-11","2025-09-11",64801
43647,"2025-09-29","2025OP004887",405,3,"Aguardando assinaturas do ordenador de despesas e/ou gestor financeiro","2025-09-29",,,"2025NS020102",,,65061
39245,"2025-09-09","2025OP000476",405,5,"OB Enviada à instituição bancária para pagamento","2025-09-09","2025-09-09","2025OB000476","2025NS012644","2025-09-09","2025-09-09",61938
39959,"2025-09-09","2025OP001190",405,5,"OB Enviada à instituição bancária para pagamento","2025-09-09","2025-09-09","2025OB001190","2025NS013358","2025-09-09","2025-09-09",62064
40428,"2025-09-09","2025OP001659",405,5,"OB Enviada à instituição bancária para pagamento","2025-09-09","2025-09-09","2025OB001659","2025NS013827","2025-09-09","2025-09-09",62846
40890,"2025-09-09","2025OP002121",405,5,"OB Enviada à instituição bancária para pagamento","2025-09-09","2025-09-09","2025OB002121","2025NS014289","2025-09-09","2025-09-09",63219
39700,"2025-09-09","2025OP000931",405,5,"OB Enviada à instituição bancária para pagamento","2025-09-09","2025-09-09","2025OB000931","2025NS013099","2025-09-09","2025-09-09",63240
43154,"2025-09-11","2025OP004385",405,5,"OB Enviada à instituição bancária para pagamento","2025-09-12","2025-09-12","2025OB004385","2025NS018194","2025-09-11","2025-09-11",63338
41633,"2025-09-11","2025OP002864",405,5,"OB Enviada à instituição bancária para pagamento","2025-09-12","2025-09-12","2025OB002854","2025NS016673","2025-09-11","2025-09-11",64121
42598,"2025-09-11","2025OP003829",405,5,"OB Enviada à instituição bancária para pagamento","2025-09-12","2025-09-12","2025OB003823","2025NS017638","2025-09-11","2025-09-11",64288
41780,"2025-09-11","2025OP003011",405,5,"OB Enviada à instituição bancária para pagamento","2025-09-12","2025-09-12","2025OB002994","2025NS016820","2025-09-11","2025-09-11",64420
41793,"2025-09-11","2025OP003024",405,5,"OB Enviada à instituição bancária para pagamento","2025-09-12","2025-09-12","2025OB003017","2025NS016833","2025-09-11","2025-09-11",64536
43689,"2025-09-29","2025OP004929",405,3,"Aguardando assinaturas do ordenador de despesas e/ou gestor financeiro","2025-09-29",,,"2025NS020144",,,65503
43255,"2025-09-29","2025OP004495",405,3,"Aguardando assinaturas do ordenador de despesas e/ou gestor financeiro","2025-09-29",,,"2025NS019710",,,65228
39927,"2025-09-09","2025OP001158",405,5,"OB Enviada à instituição bancária para pagamento","2025-09-09","2025-09-09","2025OB001158","2025NS013326","2025-09-09","2025-09-09",61078
40876,"2025-09-09","2025OP002107",405,5,"OB Enviada à instituição bancária para pagamento","2025-09-09","2025-09-09","2025OB002107","2025NS014275","2025-09-09","2025-09-09",61164
40362,"2025-09-09","2025OP001593",405,5,"OB Enviada à instituição bancária para pagamento","2025-09-09","2025-09-09","2025OB001595","2025NS013761","2025-09-09","2025-09-09",61750
39791,"2025-09-09","2025OP001022",405,5,"OB Enviada à instituição bancária para pagamento","2025-09-09","2025-09-09","2025OB001022","2025NS013190","2025-09-09","2025-09-09",61974
38995,"2025-09-09","2025OP000226",405,5,"OB Enviada à instituição bancária para pagamento","2025-09-09","2025-09-09","2025OB000213","2025NS012394","2025-09-09","2025-09-09",62017
42564,"2025-09-11","2025OP003795",405,5,"OB Enviada à instituição bancária para pagamento","2025-09-12","2025-09-12","2025OB003782","2025NS017604","2025-09-11","2025-09-11",63389
39945,"2025-09-09","2025OP001176",405,5,"OB Enviada à instituição bancária para pagamento","2025-09-09","2025-09-09","2025OB001176","2025NS013344","2025-09-09","2025-09-09",62809
40340,"2025-09-09","2025OP001571",405,5,"OB Enviada à instituição bancária para pagamento","2025-09-09","2025-09-09","2025OB001571","2025NS013739","2025-09-09","2025-09-09",63201
42845,"2025-09-11","2025OP004076",405,5,"OB Enviada à instituição bancária para pagamento","2025-09-12","2025-09-12","2025OB004084","2025NS017885","2025-09-11","2025-09-11",63675
42349,"2025-09-11","2025OP003580",405,5,"OB Enviada à instituição bancária para pagamento","2025-09-12","2025-09-12","2025OB003572","2025NS017389","2025-09-11","2025-09-11",64147
43678,"2025-09-29","2025OP004918",405,3,"Aguardando assinaturas do ordenador de despesas e/ou gestor financeiro","2025-09-29",,,"2025NS020133",,,65103
43655,"2025-09-29","2025OP004895",405,3,"Aguardando assinaturas do ordenador de despesas e/ou gestor financeiro","2025-09-29",,,"2025NS020110",,,65326
43436,"2025-09-29","2025OP004676",405,3,"Aguardando assinaturas do ordenador de despesas e/ou gestor financeiro","2025-09-29",,,"2025NS019891",,,64929
41021,"2025-09-09","2025OP002252",405,5,"OB Enviada à instituição bancária para pagamento","2025-09-09","2025-09-09","2025OB002252","2025NS014420","2025-09-09","2025-09-09",60742
41258,"2025-09-09","2025OP002489",405,5,"OB Enviada à instituição bancária para pagamento","2025-09-09","2025-09-09","2025OB002489","2025NS014657","2025-09-09","2025-09-09",60916
40447,"2025-09-09","2025OP001678",405,5,"OB Enviada à instituição bancária para pagamento","2025-09-09","2025-09-09","2025OB001678","2025NS013846","2025-09-09","2025-09-09",61079
41497,"2025-09-09","2025OP002728",405,5,"OB Enviada à instituição bancária para pagamento","2025-09-09","2025-09-09","2025OB002726","2025NS014896","2025-09-09","2025-09-09",61064
40753,"2025-09-09","2025OP001984",405,5,"OB Enviada à instituição bancária para pagamento","2025-09-09","2025-09-09","2025OB001984","2025NS014152","2025-09-09","2025-09-09",61132
39653,"2025-09-09","2025OP000884",405,5,"OB Enviada à instituição bancária para pagamento","2025-09-09","2025-09-09","2025OB000884","2025NS013052","2025-09-09","2025-09-09",61181
40345,"2025-09-09","2025OP001576",405,5,"OB Enviada à instituição bancária para pagamento","2025-09-09","2025-09-09","2025OB001576","2025NS013744","2025-09-09","2025-09-09",61218
41546,"2025-09-09","2025OP002777",405,5,"OB Enviada à instituição bancária para pagamento","2025-09-09","2025-09-09","2025OB002777","2025NS014945","2025-09-09","2025-09-09",61364
39247,"2025-09-09","2025OP000478",405,5,"OB Enviada à instituição bancária para pagamento","2025-09-09","2025-09-09","2025OB000478","2025NS012646","2025-09-09","2025-09-09",61684
41437,"2025-09-09","2025OP002668",405,5,"OB Enviada à instituição bancária para pagamento","2025-09-09","2025-09-09","2025OB002668","2025NS014836","2025-09-09","2025-09-09",62116
41176,"2025-09-09","2025OP002407",405,5,"OB Enviada à instituição bancária para pagamento","2025-09-09","2025-09-09","2025OB002407","2025NS014575","2025-09-09","2025-09-09",62705
40232,"2025-09-09","2025OP001463",405,5,"OB Enviada à instituição bancária para pagamento","2025-09-09","2025-09-09","2025OB001463","2025NS013631","2025-09-09","2025-09-09",62994
43224,"2025-09-11","2025OP004455",405,5,"OB Enviada à instituição bancária para pagamento","2025-09-12","2025-09-12","2025OB004452","2025NS018264","2025-09-11","2025-09-11",64159
41765,"2025-09-11","2025OP002996",405,5,"OB Enviada à instituição bancária para pagamento","2025-09-12","2025-09-12","2025OB003011","2025NS016805","2025-09-11","2025-09-11",64844
43838,"2025-09-29","2025OP005078",405,3,"Aguardando assinaturas do ordenador de despesas e/ou gestor financeiro","2025-09-29",,,"2025NS020293",,,65008
43286,"2025-09-29","2025OP004526",405,3,"Aguardando assinaturas do ordenador de despesas e/ou gestor financeiro","2025-09-29",,,"2025NS019741",,,65084
39716,"2025-09-09","2025OP000947",405,5,"OB Enviada à instituição bancária para pagamento","2025-09-09","2025-09-09","2025OB000947","2025NS013115","2025-09-09","2025-09-09",61062
40885,"2025-09-09","2025OP002116",405,5,"OB Enviada à instituição bancária para pagamento","2025-09-09","2025-09-09","2025OB002116","2025NS014284","2025-09-09","2025-09-09",61140
41468,"2025-09-09","2025OP002699",405,5,"OB Enviada à instituição bancária para pagamento","2025-09-09","2025-09-09","2025OB002699","2025NS014867","2025-09-09","2025-09-09",61154
41357,"2025-09-09","2025OP002588",405,5,"OB Enviada à instituição bancária para pagamento","2025-09-09","2025-09-09","2025OB002588","2025NS014756","2025-09-09","2025-09-09",61184
40764,"2025-09-09","2025OP001995",405,5,"OB Enviada à instituição bancária para pagamento","2025-09-09","2025-09-09","2025OB001995","2025NS014163","2025-09-09","2025-09-09",61177
41417,"2025-09-09","2025OP002648",405,5,"OB Enviada à instituição bancária para pagamento","2025-09-09","2025-09-09","2025OB002648","2025NS014816","2025-09-09","2025-09-09",61225
39803,"2025-09-09","2025OP001034",405,5,"OB Enviada à instituição bancária para pagamento","2025-09-09","2025-09-09","2025OB001034","2025NS013202","2025-09-09","2025-09-09",61506
42555,"2025-09-11","2025OP003786",405,5,"OB Enviada à instituição bancária para pagamento","2025-09-12","2025-09-12","2025OB003798","2025NS017595","2025-09-11","2025-09-11",63458
42033,"2025-09-11","2025OP003264",405,5,"OB Enviada à instituição bancária para pagamento","2025-09-12","2025-09-12","2025OB003256","2025NS017073","2025-09-11","2025-09-11",63592
43260,"2025-09-29","2025OP004500",405,3,"Aguardando assinaturas do ordenador de despesas e/ou gestor financeiro","2025-09-29",,,"2025NS019715",,,65270
42440,"2025-09-11","2025OP003671",405,5,"OB Enviada à instituição bancária para pagamento","2025-09-12","2025-09-12","2025OB003662","2025NS017480","2025-09-11","2025-09-11",64776
40271,"2025-09-09","2025OP001502",405,5,"OB Enviada à instituição bancária para pagamento","2025-09-09","2025-09-09","2025OB001502","2025NS013670","2025-09-09","2025-09-09",61100
39717,"2025-09-09","2025OP000948",405,5,"OB Enviada à instituição bancária para pagamento","2025-09-09","2025-09-09","2025OB000948","2025NS013116","2025-09-09","2025-09-09",61233
39965,"2025-09-09","2025OP001196",405,5,"OB Enviada à instituição bancária para pagamento","2025-09-09","2025-09-09","2025OB001196","2025NS013364","2025-09-09","2025-09-09",61250
39820,"2025-09-09","2025OP001051",405,5,"OB Enviada à instituição bancária para pagamento","2025-09-09","2025-09-09","2025OB001051","2025NS013219","2025-09-09","2025-09-09",62550
39360,"2025-09-09","2025OP000591",405,5,"OB Enviada à instituição bancária para pagamento","2025-09-09","2025-09-09","2025OB000591","2025NS012759","2025-09-09","2025-09-09",62644
39507,"2025-09-09","2025OP000738",405,5,"OB Enviada à instituição bancária para pagamento","2025-09-09","2025-09-09","2025OB000738","2025NS012906","2025-09-09","2025-09-09",63158
42450,"2025-09-11","2025OP003681",405,5,"OB Enviada à instituição bancária para pagamento","2025-09-12","2025-09-12","2025OB003683","2025NS017490","2025-09-11","2025-09-11",63580
41630,"2025-09-11","2025OP002861",405,5,"OB Enviada à instituição bancária para pagamento","2025-09-12","2025-09-12","2025OB002864","2025NS016670","2025-09-11","2025-09-11",64081
42200,"2025-09-11","2025OP003431",405,5,"OB Enviada à instituição bancária para pagamento","2025-09-12","2025-09-12","2025OB003421","2025NS017240","2025-09-11","2025-09-11",63875
43699,"2025-09-29","2025OP004939",405,3,"Aguardando assinaturas do ordenador de despesas e/ou gestor financeiro","2025-09-29",,,"2025NS020154",,,65505
43384,"2025-09-29","2025OP004624",405,3,"Aguardando assinaturas do ordenador de despesas e/ou gestor financeiro","2025-09-29",,,"2025NS019839",,,65406
39063,"2025-09-09","2025OP000294",405,5,"OB Enviada à instituição bancária para pagamento","2025-09-09","2025-09-09","2025OB000294","2025NS012462","2025-09-09","2025-09-09",61247
40973,"2025-09-09","2025OP002204",405,5,"OB Enviada à instituição bancária para pagamento","2025-09-09","2025-09-09","2025OB002204","2025NS014372","2025-09-09","2025-09-09",60653
39295,"2025-09-09","2025OP000526",405,5,"OB Enviada à instituição bancária para pagamento","2025-09-09","2025-09-09","2025OB000512","2025NS012694","2025-09-09","2025-09-09",61123
41707,"2025-09-11","2025OP002938",405,5,"OB Enviada à instituição bancária para pagamento","2025-09-12","2025-09-12","2025OB002961","2025NS016747","2025-09-11","2025-09-11",63856
42968,"2025-09-11","2025OP004199",405,5,"OB Enviada à instituição bancária para pagamento","2025-09-12","2025-09-12","2025OB004177","2025NS018008","2025-09-11","2025-09-11",64369
43121,"2025-09-11","2025OP004352",405,5,"OB Enviada à instituição bancária para pagamento","2025-09-12","2025-09-12","2025OB004357","2025NS018161","2025-09-11","2025-09-11",64452
43214,"2025-09-11","2025OP004445",405,5,"OB Enviada à instituição bancária para pagamento","2025-09-12","2025-09-12","2025OB004428","2025NS018254","2025-09-11","2025-09-11",64459
42113,"2025-09-11","2025OP003344",405,5,"OB Enviada à instituição bancária para pagamento","2025-09-12","2025-09-12","2025OB003339","2025NS017153","2025-09-11","2025-09-11",64785
43471,"2025-09-29","2025OP004711",405,3,"Aguardando assinaturas do ordenador de despesas e/ou gestor financeiro","2025-09-29",,,"2025NS019926",,,64939
39710,"2025-09-09","2025OP000941",405,5,"OB Enviada à instituição bancária para pagamento","2025-09-09","2025-09-09","2025OB000941","2025NS013109","2025-09-09","2025-09-09",61063
39349,"2025-09-09","2025OP000580",405,5,"OB Enviada à instituição bancária para pagamento","2025-09-09","2025-09-09","2025OB000580","2025NS012748","2025-09-09","2025-09-09",61186
39546,"2025-09-09","2025OP000777",405,5,"OB Enviada à instituição bancária para pagamento","2025-09-09","2025-09-09","2025OB000777","2025NS012945","2025-09-09","2025-09-09",61230
39056,"2025-09-09","2025OP000287",405,5,"OB Enviada à instituição bancária para pagamento","2025-09-09","2025-09-09","2025OB000287","2025NS012455","2025-09-09","2025-09-09",61239
40926,"2025-09-09","2025OP002157",405,5,"OB Enviada à instituição bancária para pagamento","2025-09-09","2025-09-09","2025OB002157","2025NS014325","2025-09-09","2025-09-09",61240
40075,"2025-09-09","2025OP001306",405,5,"OB Enviada à instituição bancária para pagamento","2025-09-09","2025-09-09","2025OB001314","2025NS013474","2025-09-09","2025-09-09",61246
40732,"2025-09-09","2025OP001963",405,5,"OB Enviada à instituição bancária para pagamento","2025-09-09","2025-09-09","2025OB001963","2025NS014131","2025-09-09","2025-09-09",61261
41120,"2025-09-09","2025OP002351",405,5,"OB Enviada à instituição bancária para pagamento","2025-09-09","2025-09-09","2025OB002351","2025NS014519","2025-09-09","2025-09-09",61262
39802,"2025-09-09","2025OP001033",405,5,"OB Enviada à instituição bancária para pagamento","2025-09-09","2025-09-09","2025OB001033","2025NS013201","2025-09-09","2025-09-09",61293
39634,"2025-09-09","2025OP000865",405,5,"OB Enviada à instituição bancária para pagamento","2025-09-09","2025-09-09","2025OB000865","2025NS013033","2025-09-09","2025-09-09",61376
41256,"2025-09-09","2025OP002487",405,5,"OB Enviada à instituição bancária para pagamento","2025-09-09","2025-09-09","2025OB002487","2025NS014655","2025-09-09","2025-09-09",61255
39163,"2025-09-09","2025OP000394",405,5,"OB Enviada à instituição bancária para pagamento","2025-09-09","2025-09-09","2025OB000394","2025NS012562","2025-09-09","2025-09-09",62545
41649,"2025-09-11","2025OP002880",405,5,"OB Enviada à instituição bancária para pagamento","2025-09-12","2025-09-12","2025OB002875","2025NS016689","2025-09-11","2025-09-11",63293
40404,"2025-09-09","2025OP001635",405,5,"OB Enviada à instituição bancária para pagamento","2025-09-09","2025-09-09","2025OB001626","2025NS013803","2025-09-09","2025-09-09",62767
40892,"2025-09-09","2025OP002123",405,5,"OB Enviada à instituição bancária para pagamento","2025-09-09","2025-09-09","2025OB002123","2025NS014291","2025-09-09","2025-09-09",60712
39619,"2025-09-09","2025OP000850",405,5,"OB Enviada à instituição bancária para pagamento","2025-09-09","2025-09-09","2025OB000850","2025NS013018","2025-09-09","2025-09-09",61139
40422,"2025-09-09","2025OP001653",405,5,"OB Enviada à instituição bancária para pagamento","2025-09-09","2025-09-09","2025OB001653","2025NS013821","2025-09-09","2025-09-09",63170
41609,"2025-09-11","2025OP002840",405,5,"OB Enviada à instituição bancária para pagamento","2025-09-12","2025-09-12","2025OB002831","2025NS016649","2025-09-11","2025-09-11",63498
41903,"2025-09-11","2025OP003134",405,5,"OB Enviada à instituição bancária para pagamento","2025-09-12","2025-09-12","2025OB003130","2025NS016943","2025-09-11","2025-09-11",63320
42640,"2025-09-11","2025OP003871",405,5,"OB Enviada à instituição bancária para pagamento","2025-09-12","2025-09-12","2025OB003866","2025NS017680","2025-09-11","2025-09-11",64056
42811,"2025-09-11","2025OP004042",405,5,"OB Enviada à instituição bancária para pagamento","2025-09-12","2025-09-12","2025OB004059","2025NS017851","2025-09-11","2025-09-11",64579
41802,"2025-09-11","2025OP003033",405,5,"OB Enviada à instituição bancária para pagamento","2025-09-12","2025-09-12","2025OB003028","2025NS016842","2025-09-11","2025-09-11",64447
42562,"2025-09-11","2025OP003793",405,5,"OB Enviada à instituição bancária para pagamento","2025-09-12","2025-09-12","2025OB003793","2025NS017602","2025-09-11","2025-09-11",64515
41195,"2025-09-09","2025OP002426",405,5,"OB Enviada à instituição bancária para pagamento","2025-09-09","2025-09-09","2025OB002426","2025NS014594","2025-09-09","2025-09-09",61080
41389,"2025-09-09","2025OP002620",405,5,"OB Enviada à instituição bancária para pagamento","2025-09-09","2025-09-09","2025OB002620","2025NS014788","2025-09-09","2025-09-09",61066
41104,"2025-09-09","2025OP002335",405,5,"OB Enviada à instituição bancária para pagamento","2025-09-09","2025-09-09","2025OB002335","2025NS014503","2025-09-09","2025-09-09",61310
39742,"2025-09-09","2025OP000973",405,5,"OB Enviada à instituição bancária para pagamento","2025-09-09","2025-09-09","2025OB000973","2025NS013141","2025-09-09","2025-09-09",61386
40712,"2025-09-09","2025OP001943",405,5,"OB Enviada à instituição bancária para pagamento","2025-09-09","2025-09-09","2025OB001943","2025NS014111","2025-09-09","2025-09-09",61397
40685,"2025-09-09","2025OP001916",405,5,"OB Enviada à instituição bancária para pagamento","2025-09-09","2025-09-09","2025OB001916","2025NS014084","2025-09-09","2025-09-09",61406
42913,"2025-09-11","2025OP004144",405,5,"OB Enviada à instituição bancária para pagamento","2025-09-12","2025-09-12","2025OB004144","2025NS017953","2025-09-11","2025-09-11",63401
41447,"2025-09-09","2025OP002678",405,5,"OB Enviada à instituição bancária para pagamento","2025-09-09","2025-09-09","2025OB002678","2025NS014846","2025-09-09","2025-09-09",61421
40026,"2025-09-09","2025OP001257",405,5,"OB Enviada à instituição bancária para pagamento","2025-09-09","2025-09-09","2025OB001257","2025NS013425","2025-09-09","2025-09-09",61424
40546,"2025-09-09","2025OP001777",405,5,"OB Enviada à instituição bancária para pagamento","2025-09-09","2025-09-09","2025OB001777","2025NS013945","2025-09-09","2025-09-09",61426
40384,"2025-09-09","2025OP001615",405,5,"OB Enviada à instituição bancária para pagamento","2025-09-09","2025-09-09","2025OB001640","2025NS013783","2025-09-09","2025-09-09",61427
39915,"2025-09-09","2025OP001146",405,5,"OB Enviada à instituição bancária para pagamento","2025-09-09","2025-09-09","2025OB001146","2025NS013314","2025-09-09","2025-09-09",61432
39826,"2025-09-09","2025OP001057",405,5,"OB Enviada à instituição bancária para pagamento","2025-09-09","2025-09-09","2025OB001057","2025NS013225","2025-09-09","2025-09-09",61796
39719,"2025-09-09","2025OP000950",405,5,"OB Enviada à instituição bancária para pagamento","2025-09-09","2025-09-09","2025OB000950","2025NS013118","2025-09-09","2025-09-09",63029
39963,"2025-09-09","2025OP001194",405,5,"OB Enviada à instituição bancária para pagamento","2025-09-09","2025-09-09","2025OB001194","2025NS013362","2025-09-09","2025-09-09",63208
43157,"2025-09-11","2025OP004388",405,5,"OB Enviada à instituição bancária para pagamento","2025-09-12","2025-09-12","2025OB004395","2025NS018197","2025-09-11","2025-09-11",64027
42561,"2025-09-11","2025OP003792",405,5,"OB Enviada à instituição bancária para pagamento","2025-09-12","2025-09-12","2025OB003778","2025NS017601","2025-09-11","2025-09-11",64624
42571,"2025-09-11","2025OP003802",405,5,"OB Enviada à instituição bancária para pagamento","2025-09-12","2025-09-12","2025OB003804","2025NS017611","2025-09-11","2025-09-11",64230
42068,"2025-09-11","2025OP003299",405,5,"OB Enviada à instituição bancária para pagamento","2025-09-12","2025-09-12","2025OB003289","2025NS017108","2025-09-11","2025-09-11",64250
41646,"2025-09-11","2025OP002877",405,5,"OB Enviada à instituição bancária para pagamento","2025-09-12","2025-09-12","2025OB002899","2025NS016686","2025-09-11","2025-09-11",64763
43504,"2025-09-29","2025OP004744",405,3,"Aguardando assinaturas do ordenador de despesas e/ou gestor financeiro","2025-09-29",,,"2025NS019959",,,65219
40717,"2025-09-09","2025OP001948",405,5,"OB Enviada à instituição bancária para pagamento","2025-09-09","2025-09-09","2025OB001948","2025NS014116","2025-09-09","2025-09-09",61081
39921,"2025-09-09","2025OP001152",405,5,"OB Enviada à instituição bancária para pagamento","2025-09-09","2025-09-09","2025OB001152","2025NS013320","2025-09-09","2025-09-09",61067
40569,"2025-09-09","2025OP001800",405,5,"OB Enviada à instituição bancária para pagamento","2025-09-09","2025-09-09","2025OB001800","2025NS013968","2025-09-09","2025-09-09",61313
40154,"2025-09-09","2025OP001385",405,5,"OB Enviada à instituição bancária para pagamento","2025-09-09","2025-09-09","2025OB001385","2025NS013553","2025-09-09","2025-09-09",61388
39855,"2025-09-09","2025OP001086",405,5,"OB Enviada à instituição bancária para pagamento","2025-09-09","2025-09-09","2025OB001086","2025NS013254","2025-09-09","2025-09-09",61398
40570,"2025-09-09","2025OP001801",405,5,"OB Enviada à instituição bancária para pagamento","2025-09-09","2025-09-09","2025OB001801","2025NS013969","2025-09-09","2025-09-09",61425
39916,"2025-09-09","2025OP001147",405,5,"OB Enviada à instituição bancária para pagamento","2025-09-09","2025-09-09","2025OB001147","2025NS013315","2025-09-09","2025-09-09",61433
40631,"2025-09-09","2025OP001862",405,5,"OB Enviada à instituição bancária para pagamento","2025-09-09","2025-09-09","2025OB001862","2025NS014030","2025-09-09","2025-09-09",61455
40635,"2025-09-09","2025OP001866",405,5,"OB Enviada à instituição bancária para pagamento","2025-09-09","2025-09-09","2025OB001866","2025NS014034","2025-09-09","2025-09-09",62877
42984,"2025-09-11","2025OP004215",405,5,"OB Enviada à instituição bancária para pagamento","2025-09-12","2025-09-12","2025OB004235","2025NS018024","2025-09-11","2025-09-11",63344
41694,"2025-09-11","2025OP002925",405,5,"OB Enviada à instituição bancária para pagamento","2025-09-12","2025-09-12","2025OB002936","2025NS016734","2025-09-11","2025-09-11",64116
41643,"2025-09-11","2025OP002874",405,5,"OB Enviada à instituição bancária para pagamento","2025-09-12","2025-09-12","2025OB002890","2025NS016683","2025-09-11","2025-09-11",63903
41742,"2025-09-11","2025OP002973",405,5,"OB Enviada à instituição bancária para pagamento","2025-09-12","2025-09-12","2025OB002974","2025NS016782","2025-09-11","2025-09-11",64296
42486,"2025-09-11","2025OP003717",405,5,"OB Enviada à instituição bancária para pagamento","2025-09-12","2025-09-12","2025OB003721","2025NS017526","2025-09-11","2025-09-11",64300
42080,"2025-09-11","2025OP003311",405,5,"OB Enviada à instituição bancária para pagamento","2025-09-12","2025-09-12","2025OB003312","2025NS017120","2025-09-11","2025-09-11",64853
39955,"2025-09-09","2025OP001186",405,5,"OB Enviada à instituição bancária para pagamento","2025-09-09","2025-09-09","2025OB001186","2025NS013354","2025-09-09","2025-09-09",61068
40363,"2025-09-09","2025OP001594",405,5,"OB Enviada à instituição bancária para pagamento","2025-09-09","2025-09-09","2025OB001597","2025NS013762","2025-09-09","2025-09-09",61314
39771,"2025-09-09","2025OP001002",405,5,"OB Enviada à instituição bancária para pagamento","2025-09-09","2025-09-09","2025OB001002","2025NS013170","2025-09-09","2025-09-09",61434
38920,"2025-09-09","2025OP000151",405,5,"OB Enviada à instituição bancária para pagamento","2025-09-09","2025-09-09","2025OB000151","2025NS012319","2025-09-09","2025-09-09",61439
39457,"2025-09-09","2025OP000688",405,5,"OB Enviada à instituição bancária para pagamento","2025-09-09","2025-09-09","2025OB000688","2025NS012856","2025-09-09","2025-09-09",61443
40891,"2025-09-09","2025OP002122",405,5,"OB Enviada à instituição bancária para pagamento","2025-09-09","2025-09-09","2025OB002122","2025NS014290","2025-09-09","2025-09-09",61445
41123,"2025-09-09","2025OP002354",405,5,"OB Enviada à instituição bancária para pagamento","2025-09-09","2025-09-09","2025OB002354","2025NS014522","2025-09-09","2025-09-09",61447
40879,"2025-09-09","2025OP002110",405,5,"OB Enviada à instituição bancária para pagamento","2025-09-09","2025-09-09","2025OB002110","2025NS014278","2025-09-09","2025-09-09",61448
42911,"2025-09-11","2025OP004142",405,5,"OB Enviada à instituição bancária para pagamento","2025-09-12","2025-09-12","2025OB004121","2025NS017951","2025-09-11","2025-09-11",63396
42657,"2025-09-11","2025OP003888",405,5,"OB Enviada à instituição bancária para pagamento","2025-09-12","2025-09-12","2025OB003898","2025NS017697","2025-09-11","2025-09-11",63397
40688,"2025-09-09","2025OP001919",405,5,"OB Enviada à instituição bancária para pagamento","2025-09-09","2025-09-09","2025OB001919","2025NS014087","2025-09-09","2025-09-09",61469
39383,"2025-09-09","2025OP000614",405,5,"OB Enviada à instituição bancária para pagamento","2025-09-09","2025-09-09","2025OB000614","2025NS012782","2025-09-09","2025-09-09",61488
41580,"2025-09-09","2025OP002811",405,5,"OB Enviada à instituição bancária para pagamento","2025-09-09","2025-09-09","2025OB002811","2025NS014979","2025-09-09","2025-09-09",61492
40572,"2025-09-09","2025OP001803",405,5,"OB Enviada à instituição bancária para pagamento","2025-09-09","2025-09-09","2025OB001803","2025NS013971","2025-09-09","2025-09-09",61517
40085,"2025-09-09","2025OP001316",405,5,"OB Enviada à instituição bancária para pagamento","2025-09-09","2025-09-09","2025OB001335","2025NS013484","2025-09-09","2025-09-09",61598
39390,"2025-09-09","2025OP000621",405,5,"OB Enviada à instituição bancária para pagamento","2025-09-09","2025-09-09","2025OB000621","2025NS012789","2025-09-09","2025-09-09",61642
41760,"2025-09-11","2025OP002991",405,5,"OB Enviada à instituição bancária para pagamento","2025-09-12","2025-09-12","2025OB003000","2025NS016800","2025-09-11","2025-09-11",63365
39426,"2025-09-09","2025OP000657",405,5,"OB Enviada à instituição bancária para pagamento","2025-09-09","2025-09-09","2025OB000657","2025NS012825","2025-09-09","2025-09-09",61655
42105,"2025-09-11","2025OP003336",405,5,"OB Enviada à instituição bancária para pagamento","2025-09-12","2025-09-12","2025OB003343","2025NS017145","2025-09-11","2025-09-11",63623
42126,"2025-09-11","2025OP003357",405,5,"OB Enviada à instituição bancária para pagamento","2025-09-12","2025-09-12","2025OB003358","2025NS017166","2025-09-11","2025-09-11",63641
42403,"2025-09-11","2025OP003634",405,5,"OB Enviada à instituição bancária para pagamento","2025-09-12","2025-09-12","2025OB003642","2025NS017443","2025-09-11","2025-09-11",64320
42962,"2025-09-11","2025OP004193",405,5,"OB Enviada à instituição bancária para pagamento","2025-09-12","2025-09-12","2025OB004189","2025NS018002","2025-09-11","2025-09-11",64373
43648,"2025-09-29","2025OP004888",405,3,"Aguardando assinaturas do ordenador de despesas e/ou gestor financeiro","2025-09-29",,,"2025NS020103",,,65488
41062,"2025-09-09","2025OP002293",405,5,"OB Enviada à instituição bancária para pagamento","2025-09-09","2025-09-09","2025OB002293","2025NS014461","2025-09-09","2025-09-09",61054
40064,"2025-09-09","2025OP001295",405,5,"OB Enviada à instituição bancária para pagamento","2025-09-09","2025-09-09","2025OB001295","2025NS013463","2025-09-09","2025-09-09",61069
39868,"2025-09-09","2025OP001099",405,5,"OB Enviada à instituição bancária para pagamento","2025-09-09","2025-09-09","2025OB001099","2025NS013267","2025-09-09","2025-09-09",61323
39523,"2025-09-09","2025OP000754",405,5,"OB Enviada à instituição bancária para pagamento","2025-09-09","2025-09-09","2025OB000754","2025NS012922","2025-09-09","2025-09-09",61441
40171,"2025-09-09","2025OP001402",405,5,"OB Enviada à instituição bancária para pagamento","2025-09-09","2025-09-09","2025OB001402","2025NS013570","2025-09-09","2025-09-09",61475
40495,"2025-09-09","2025OP001726",405,5,"OB Enviada à instituição bancária para pagamento","2025-09-09","2025-09-09","2025OB001717","2025NS013894","2025-09-09","2025-09-09",61524
40616,"2025-09-09","2025OP001847",405,5,"OB Enviada à instituição bancária para pagamento","2025-09-09","2025-09-09","2025OB001847","2025NS014015","2025-09-09","2025-09-09",61612
39124,"2025-09-09","2025OP000355",405,5,"OB Enviada à instituição bancária para pagamento","2025-09-09","2025-09-09","2025OB000355","2025NS012523","2025-09-09","2025-09-09",61663
41686,"2025-09-11","2025OP002917",405,5,"OB Enviada à instituição bancária para pagamento","2025-09-12","2025-09-12","2025OB002925","2025NS016726","2025-09-11","2025-09-11",63568
43595,"2025-09-29","2025OP004835",405,3,"Aguardando assinaturas do ordenador de despesas e/ou gestor financeiro","2025-09-29",,,"2025NS020050",,,64981
43839,"2025-09-29","2025OP005079",405,3,"Aguardando assinaturas do ordenador de despesas e/ou gestor financeiro","2025-09-29",,,"2025NS020294",,,65106
39660,"2025-09-09","2025OP000891",405,5,"OB Enviada à instituição bancária para pagamento","2025-09-09","2025-09-09","2025OB000891","2025NS013059","2025-09-09","2025-09-09",61071
39084,"2025-09-09","2025OP000315",405,5,"OB Enviada à instituição bancária para pagamento","2025-09-09","2025-09-09","2025OB000332","2025NS012483","2025-09-09","2025-09-09",61339
40493,"2025-09-09","2025OP001724",405,5,"OB Enviada à instituição bancária para pagamento","2025-09-09","2025-09-09","2025OB001713","2025NS013892","2025-09-09","2025-09-09",61525
39216,"2025-09-09","2025OP000447",405,5,"OB Enviada à instituição bancária para pagamento","2025-09-09","2025-09-09","2025OB000447","2025NS012615","2025-09-09","2025-09-09",61677
41681,"2025-09-11","2025OP002912",405,5,"OB Enviada à instituição bancária para pagamento","2025-09-12","2025-09-12","2025OB002905","2025NS016721","2025-09-11","2025-09-11",63366
40750,"2025-09-09","2025OP001981",405,5,"OB Enviada à instituição bancária para pagamento","2025-09-09","2025-09-09","2025OB001981","2025NS014149","2025-09-09","2025-09-09",61736
39617,"2025-09-09","2025OP000848",405,5,"OB Enviada à instituição bancária para pagamento","2025-09-09","2025-09-09","2025OB000848","2025NS013016","2025-09-09","2025-09-09",61765
39350,"2025-09-09","2025OP000581",405,5,"OB Enviada à instituição bancária para pagamento","2025-09-09","2025-09-09","2025OB000581","2025NS012749","2025-09-09","2025-09-09",61775
39926,"2025-09-09","2025OP001157",405,5,"OB Enviada à instituição bancária para pagamento","2025-09-09","2025-09-09","2025OB001157","2025NS013325","2025-09-09","2025-09-09",61815
39715,"2025-09-09","2025OP000946",405,5,"OB Enviada à instituição bancária para pagamento","2025-09-09","2025-09-09","2025OB000946","2025NS013114","2025-09-09","2025-09-09",61859
40231,"2025-09-09","2025OP001462",405,5,"OB Enviada à instituição bancária para pagamento","2025-09-09","2025-09-09","2025OB001462","2025NS013630","2025-09-09","2025-09-09",61861
39842,"2025-09-09","2025OP001073",405,5,"OB Enviada à instituição bancária para pagamento","2025-09-09","2025-09-09","2025OB001073","2025NS013241","2025-09-09","2025-09-09",61873
39870,"2025-09-09","2025OP001101",405,5,"OB Enviada à instituição bancária para pagamento","2025-09-09","2025-09-09","2025OB001101","2025NS013269","2025-09-09","2025-09-09",61890
42952,"2025-09-11","2025OP004183",405,5,"OB Enviada à instituição bancária para pagamento","2025-09-12","2025-09-12","2025OB004188","2025NS017992","2025-09-11","2025-09-11",63414
40125,"2025-09-09","2025OP001356",405,5,"OB Enviada à instituição bancária para pagamento","2025-09-09","2025-09-09","2025OB001356","2025NS013524","2025-09-09","2025-09-09",62043
38892,"2025-09-09","2025OP000123",405,5,"OB Enviada à instituição bancária para pagamento","2025-09-09","2025-09-09","2025OB000123","2025NS012291","2025-09-09","2025-09-09",62097
38928,"2025-09-09","2025OP000159",405,5,"OB Enviada à instituição bancária para pagamento","2025-09-09","2025-09-09","2025OB000159","2025NS012327","2025-09-09","2025-09-09",62112
39405,"2025-09-09","2025OP000636",405,5,"OB Enviada à instituição bancária para pagamento","2025-09-09","2025-09-09","2025OB000636","2025NS012804","2025-09-09","2025-09-09",62130
42516,"2025-09-11","2025OP003747",405,5,"OB Enviada à instituição bancária para pagamento","2025-09-12","2025-09-12","2025OB003749","2025NS017556","2025-09-11","2025-09-11",63430
40114,"2025-09-09","2025OP001345",405,5,"OB Enviada à instituição bancária para pagamento","2025-09-09","2025-09-09","2025OB001345","2025NS013513","2025-09-09","2025-09-09",62949
41769,"2025-09-11","2025OP003000",405,5,"OB Enviada à instituição bancária para pagamento","2025-09-12","2025-09-12","2025OB003012","2025NS016809","2025-09-11","2025-09-11",63896
41907,"2025-09-11","2025OP003138",405,5,"OB Enviada à instituição bancária para pagamento","2025-09-12","2025-09-12","2025OB003143","2025NS016947","2025-09-11","2025-09-11",64412
42480,"2025-09-11","2025OP003711",405,5,"OB Enviada à instituição bancária para pagamento","2025-09-12","2025-09-12","2025OB003711","2025NS017520","2025-09-11","2025-09-11",64534
40291,"2025-09-09","2025OP001522",405,5,"OB Enviada à instituição bancária para pagamento","2025-09-09","2025-09-09","2025OB001522","2025NS013690","2025-09-09","2025-09-09",61082
40549,"2025-09-09","2025OP001780",405,5,"OB Enviada à instituição bancária para pagamento","2025-09-09","2025-09-09","2025OB001780","2025NS013948","2025-09-09","2025-09-09",61340
41487,"2025-09-09","2025OP002718",405,5,"OB Enviada à instituição bancária para pagamento","2025-09-09","2025-09-09","2025OB002706","2025NS014886","2025-09-09","2025-09-09",61696
41202,"2025-09-09","2025OP002433",405,5,"OB Enviada à instituição bancária para pagamento","2025-09-09","2025-09-09","2025OB002433","2025NS014601","2025-09-09","2025-09-09",61748
39007,"2025-09-09","2025OP000238",405,5,"OB Enviada à instituição bancária para pagamento","2025-09-09","2025-09-09","2025OB000237","2025NS012406","2025-09-09","2025-09-09",61891
40415,"2025-09-09","2025OP001646",405,5,"OB Enviada à instituição bancária para pagamento","2025-09-09","2025-09-09","2025OB001646","2025NS013814","2025-09-09","2025-09-09",61984
39786,"2025-09-09","2025OP001017",405,5,"OB Enviada à instituição bancária para pagamento","2025-09-09","2025-09-09","2025OB001020","2025NS013185","2025-09-09","2025-09-09",62009
39211,"2025-09-09","2025OP000442",405,5,"OB Enviada à instituição bancária para pagamento","2025-09-09","2025-09-09","2025OB000442","2025NS012610","2025-09-09","2025-09-09",62187
42149,"2025-09-11","2025OP003380",405,5,"OB Enviada à instituição bancária para pagamento","2025-09-12","2025-09-12","2025OB003362","2025NS017189","2025-09-11","2025-09-11",64050
41981,"2025-09-11","2025OP003212",405,5,"OB Enviada à instituição bancária para pagamento","2025-09-12","2025-09-12","2025OB003209","2025NS017021","2025-09-11","2025-09-11",64685
42457,"2025-09-11","2025OP003688",405,5,"OB Enviada à instituição bancária para pagamento","2025-09-12","2025-09-12","2025OB003696","2025NS017497","2025-09-11","2025-09-11",64443
40266,"2025-09-09","2025OP001497",405,5,"OB Enviada à instituição bancária para pagamento","2025-09-09","2025-09-09","2025OB001497","2025NS013665","2025-09-09","2025-09-09",61083
39626,"2025-09-09","2025OP000857",405,5,"OB Enviada à instituição bancária para pagamento","2025-09-09","2025-09-09","2025OB000857","2025NS013025","2025-09-09","2025-09-09",61341
40348,"2025-09-09","2025OP001579",405,5,"OB Enviada à instituição bancária para pagamento","2025-09-09","2025-09-09","2025OB001579","2025NS013747","2025-09-09","2025-09-09",61993
39550,"2025-09-09","2025OP000781",405,5,"OB Enviada à instituição bancária para pagamento","2025-09-09","2025-09-09","2025OB000781","2025NS012949","2025-09-09","2025-09-09",62278
39366,"2025-09-09","2025OP000597",405,5,"OB Enviada à instituição bancária para pagamento","2025-09-09","2025-09-09","2025OB000597","2025NS012765","2025-09-09","2025-09-09",62281
41351,"2025-09-09","2025OP002582",405,5,"OB Enviada à instituição bancária para pagamento","2025-09-09","2025-09-09","2025OB002582","2025NS014750","2025-09-09","2025-09-09",62335
40310,"2025-09-09","2025OP001541",405,5,"OB Enviada à instituição bancária para pagamento","2025-09-09","2025-09-09","2025OB001541","2025NS013709","2025-09-09","2025-09-09",62387
40908,"2025-09-09","2025OP002139",405,5,"OB Enviada à instituição bancária para pagamento","2025-09-09","2025-09-09","2025OB002139","2025NS014307","2025-09-09","2025-09-09",62413
39701,"2025-09-09","2025OP000932",405,5,"OB Enviada à instituição bancária para pagamento","2025-09-09","2025-09-09","2025OB000932","2025NS013100","2025-09-09","2025-09-09",62488
40411,"2025-09-09","2025OP001642",405,5,"OB Enviada à instituição bancária para pagamento","2025-09-09","2025-09-09","2025OB001639","2025NS013810","2025-09-09","2025-09-09",62535
39213,"2025-09-09","2025OP000444",405,5,"OB Enviada à instituição bancária para pagamento","2025-09-09","2025-09-09","2025OB000444","2025NS012612","2025-09-09","2025-09-09",62546
40736,"2025-09-09","2025OP001967",405,5,"OB Enviada à instituição bancária para pagamento","2025-09-09","2025-09-09","2025OB001967","2025NS014135","2025-09-09","2025-09-09",62596
43179,"2025-09-11","2025OP004410",405,5,"OB Enviada à instituição bancária para pagamento","2025-09-12","2025-09-12","2025OB004414","2025NS018219","2025-09-11","2025-09-11",64302
43331,"2025-09-29","2025OP004571",405,3,"Aguardando assinaturas do ordenador de despesas e/ou gestor financeiro","2025-09-29",,,"2025NS019786",,,65113
40119,"2025-09-09","2025OP001350",405,5,"OB Enviada à instituição bancária para pagamento","2025-09-09","2025-09-09","2025OB001350","2025NS013518","2025-09-09","2025-09-09",61084
40098,"2025-09-09","2025OP001329",405,5,"OB Enviada à instituição bancária para pagamento","2025-09-09","2025-09-09","2025OB001321","2025NS013497","2025-09-09","2025-09-09",61085
41461,"2025-09-09","2025OP002692",405,5,"OB Enviada à instituição bancária para pagamento","2025-09-09","2025-09-09","2025OB002692","2025NS014860","2025-09-09","2025-09-09",61366
41518,"2025-09-09","2025OP002749",405,5,"OB Enviada à instituição bancária para pagamento","2025-09-09","2025-09-09","2025OB002749","2025NS014917","2025-09-09","2025-09-09",62522
42434,"2025-09-11","2025OP003665",405,5,"OB Enviada à instituição bancária para pagamento","2025-09-12","2025-09-12","2025OB003668","2025NS017474","2025-09-11","2025-09-11",63403
40504,"2025-09-09","2025OP001735",405,5,"OB Enviada à instituição bancária para pagamento","2025-09-09","2025-09-09","2025OB001734","2025NS013903","2025-09-09","2025-09-09",62532
39456,"2025-09-09","2025OP000687",405,5,"OB Enviada à instituição bancária para pagamento","2025-09-09","2025-09-09","2025OB000687","2025NS012855","2025-09-09","2025-09-09",62548
42638,"2025-09-11","2025OP003869",405,5,"OB Enviada à instituição bancária para pagamento","2025-09-12","2025-09-12","2025OB003879","2025NS017678","2025-09-11","2025-09-11",63456
39708,"2025-09-09","2025OP000939",405,5,"OB Enviada à instituição bancária para pagamento","2025-09-09","2025-09-09","2025OB000939","2025NS013107","2025-09-09","2025-09-09",62680
40763,"2025-09-09","2025OP001994",405,5,"OB Enviada à instituição bancária para pagamento","2025-09-09","2025-09-09","2025OB001994","2025NS014162","2025-09-09","2025-09-09",63069
39529,"2025-09-09","2025OP000760",405,5,"OB Enviada à instituição bancária para pagamento","2025-09-09","2025-09-09","2025OB000760","2025NS012928","2025-09-09","2025-09-09",63198
43507,"2025-09-29","2025OP004747",405,3,"Aguardando assinaturas do ordenador de despesas e/ou gestor financeiro","2025-09-29",,,"2025NS019962",,,65318
39614,"2025-09-09","2025OP000845",405,5,"OB Enviada à instituição bancária para pagamento","2025-09-09","2025-09-09","2025OB000845","2025NS013013","2025-09-09","2025-09-09",61766
39698,"2025-09-09","2025OP000929",405,5,"OB Enviada à instituição bancária para pagamento","2025-09-09","2025-09-09","2025OB000927","2025NS013097","2025-09-09","2025-09-09",61788
40740,"2025-09-09","2025OP001971",405,5,"OB Enviada à instituição bancária para pagamento","2025-09-09","2025-09-09","2025OB001971","2025NS014139","2025-09-09","2025-09-09",61813
41519,"2025-09-09","2025OP002750",405,5,"OB Enviada à instituição bancária para pagamento","2025-09-09","2025-09-09","2025OB002750","2025NS014918","2025-09-09","2025-09-09",62536
41304,"2025-09-09","2025OP002535",405,5,"OB Enviada à instituição bancária para pagamento","2025-09-09","2025-09-09","2025OB002533","2025NS014703","2025-09-09","2025-09-09",62896
42168,"2025-09-11","2025OP003399",405,5,"OB Enviada à instituição bancária para pagamento","2025-09-12","2025-09-12","2025OB003406","2025NS017208","2025-09-11","2025-09-11",63809
42258,"2025-09-11","2025OP003489",405,5,"OB Enviada à instituição bancária para pagamento","2025-09-12","2025-09-12","2025OB003507","2025NS017298","2025-09-11","2025-09-11",64135
42961,"2025-09-11","2025OP004192",405,5,"OB Enviada à instituição bancária para pagamento","2025-09-12","2025-09-12","2025OB004192","2025NS018001","2025-09-11","2025-09-11",64521
41045,"2025-09-09","2025OP002276",405,5,"OB Enviada à instituição bancária para pagamento","2025-09-09","2025-09-09","2025OB002276","2025NS014444","2025-09-09","2025-09-09",61710
39545,"2025-09-09","2025OP000776",405,5,"OB Enviada à instituição bancária para pagamento","2025-09-09","2025-09-09","2025OB000776","2025NS012944","2025-09-09","2025-09-09",61734
40371,"2025-09-09","2025OP001602",405,5,"OB Enviada à instituição bancária para pagamento","2025-09-09","2025-09-09","2025OB001613","2025NS013770","2025-09-09","2025-09-09",61996
39141,"2025-09-09","2025OP000372",405,5,"OB Enviada à instituição bancária para pagamento","2025-09-09","2025-09-09","2025OB000372","2025NS012540","2025-09-09","2025-09-09",62398
41788,"2025-09-11","2025OP003019",405,5,"OB Enviada à instituição bancária para pagamento","2025-09-12","2025-09-12","2025OB003026","2025NS016828","2025-09-11","2025-09-11",63560
42169,"2025-09-11","2025OP003400",405,5,"OB Enviada à instituição bancária para pagamento","2025-09-12","2025-09-12","2025OB003402","2025NS017209","2025-09-11","2025-09-11",63769
42560,"2025-09-11","2025OP003791",405,5,"OB Enviada à instituição bancária para pagamento","2025-09-12","2025-09-12","2025OB003799","2025NS017600","2025-09-11","2025-09-11",63797
42253,"2025-09-11","2025OP003484",405,5,"OB Enviada à instituição bancária para pagamento","2025-09-12","2025-09-12","2025OB003482","2025NS017293","2025-09-11","2025-09-11",64310
43656,"2025-09-29","2025OP004896",405,3,"Aguardando assinaturas do ordenador de despesas e/ou gestor financeiro","2025-09-29",,,"2025NS020111",,,65322
43602,"2025-09-29","2025OP004842",405,3,"Aguardando assinaturas do ordenador de despesas e/ou gestor financeiro","2025-09-29",,,"2025NS020057",,,65104
40368,"2025-09-09","2025OP001599",405,5,"OB Enviada à instituição bancária para pagamento","2025-09-09","2025-09-09","2025OB001607","2025NS013767","2025-09-09","2025-09-09",61086
40486,"2025-09-09","2025OP001717",405,5,"OB Enviada à instituição bancária para pagamento","2025-09-09","2025-09-09","2025OB001735","2025NS013885","2025-09-09","2025-09-09",61089
41581,"2025-09-09","2025OP002812",405,5,"OB Enviada à instituição bancária para pagamento","2025-09-09","2025-09-09","2025OB002812","2025NS014980","2025-09-09","2025-09-09",61754
40334,"2025-09-09","2025OP001565",405,5,"OB Enviada à instituição bancária para pagamento","2025-09-09","2025-09-09","2025OB001565","2025NS013733","2025-09-09","2025-09-09",61979
40742,"2025-09-09","2025OP001973",405,5,"OB Enviada à instituição bancária para pagamento","2025-09-09","2025-09-09","2025OB001973","2025NS014141","2025-09-09","2025-09-09",62662
40458,"2025-09-09","2025OP001689",405,5,"OB Enviada à instituição bancária para pagamento","2025-09-09","2025-09-09","2025OB001689","2025NS013857","2025-09-09","2025-09-09",62726
41449,"2025-09-09","2025OP002680",405,5,"OB Enviada à instituição bancária para pagamento","2025-09-09","2025-09-09","2025OB002680","2025NS014848","2025-09-09","2025-09-09",62772
39001,"2025-09-09","2025OP000232",405,5,"OB Enviada à instituição bancária para pagamento","2025-09-09","2025-09-09","2025OB000225","2025NS012400","2025-09-09","2025-09-09",62825
43037,"2025-09-11","2025OP004268",405,5,"OB Enviada à instituição bancária para pagamento","2025-09-12","2025-09-12","2025OB004279","2025NS018077","2025-09-11","2025-09-11",63888
42566,"2025-09-11","2025OP003797",405,5,"OB Enviada à instituição bancária para pagamento","2025-09-12","2025-09-12","2025OB003794","2025NS017606","2025-09-11","2025-09-11",63463
42036,"2025-09-11","2025OP003267",405,5,"OB Enviada à instituição bancária para pagamento","2025-09-12","2025-09-12","2025OB003274","2025NS017076","2025-09-11","2025-09-11",63465
40356,"2025-09-09","2025OP001587",405,5,"OB Enviada à instituição bancária para pagamento","2025-09-09","2025-09-09","2025OB001587","2025NS013755","2025-09-09","2025-09-09",62914
41977,"2025-09-11","2025OP003208",405,5,"OB Enviada à instituição bancária para pagamento","2025-09-12","2025-09-12","2025OB003213","2025NS017017","2025-09-11","2025-09-11",64566
41927,"2025-09-11","2025OP003158",405,5,"OB Enviada à instituição bancária para pagamento","2025-09-12","2025-09-12","2025OB003149","2025NS016967","2025-09-11","2025-09-11",64640
41985,"2025-09-11","2025OP003216",405,5,"OB Enviada à instituição bancária para pagamento","2025-09-12","2025-09-12","2025OB003211","2025NS017025","2025-09-11","2025-09-11",64693
43500,"2025-09-29","2025OP004740",405,3,"Aguardando assinaturas do ordenador de despesas e/ou gestor financeiro","2025-09-29",,,"2025NS019955",,,65226
43175,"2025-09-11","2025OP004406",405,5,"OB Enviada à instituição bancária para pagamento","2025-09-12","2025-09-12","2025OB004392","2025NS018215","2025-09-11","2025-09-11",63442
43851,"2025-09-29","2025OP005091",405,3,"Aguardando assinaturas do ordenador de despesas e/ou gestor financeiro","2025-09-29",,,"2025NS020306",,,65080
40585,"2025-09-09","2025OP001816",405,5,"OB Enviada à instituição bancária para pagamento","2025-09-09","2025-09-09","2025OB001816","2025NS013984","2025-09-09","2025-09-09",61087
39154,"2025-09-09","2025OP000385",405,5,"OB Enviada à instituição bancária para pagamento","2025-09-09","2025-09-09","2025OB000385","2025NS012553","2025-09-09","2025-09-09",62921
41878,"2025-09-11","2025OP003109",405,5,"OB Enviada à instituição bancária para pagamento","2025-09-12","2025-09-12","2025OB003107","2025NS016918","2025-09-11","2025-09-11",63570
41926,"2025-09-11","2025OP003157",405,5,"OB Enviada à instituição bancária para pagamento","2025-09-12","2025-09-12","2025OB003151","2025NS016966","2025-09-11","2025-09-11",63694
43014,"2025-09-11","2025OP004245",405,5,"OB Enviada à instituição bancária para pagamento","2025-09-12","2025-09-12","2025OB004244","2025NS018054","2025-09-11","2025-09-11",63933
43205,"2025-09-11","2025OP004436",405,5,"OB Enviada à instituição bancária para pagamento","2025-09-12","2025-09-12","2025OB004424","2025NS018245","2025-09-11","2025-09-11",64309
40337,"2025-09-09","2025OP001568",405,5,"OB Enviada à instituição bancária para pagamento","2025-09-09","2025-09-09","2025OB001568","2025NS013736","2025-09-09","2025-09-09",60768
40295,"2025-09-09","2025OP001526",405,5,"OB Enviada à instituição bancária para pagamento","2025-09-09","2025-09-09","2025OB001526","2025NS013694","2025-09-09","2025-09-09",60902
40765,"2025-09-09","2025OP001996",405,5,"OB Enviada à instituição bancária para pagamento","2025-09-09","2025-09-09","2025OB001996","2025NS014164","2025-09-09","2025-09-09",61705
41299,"2025-09-09","2025OP002530",405,5,"OB Enviada à instituição bancária para pagamento","2025-09-09","2025-09-09","2025OB002525","2025NS014698","2025-09-09","2025-09-09",61853
41186,"2025-09-09","2025OP002417",405,5,"OB Enviada à instituição bancária para pagamento","2025-09-09","2025-09-09","2025OB002417","2025NS014585","2025-09-09","2025-09-09",62947
42662,"2025-09-11","2025OP003893",405,5,"OB Enviada à instituição bancária para pagamento","2025-09-12","2025-09-12","2025OB003885","2025NS017702","2025-09-11","2025-09-11",63481
39539,"2025-09-09","2025OP000770",405,5,"OB Enviada à instituição bancária para pagamento","2025-09-09","2025-09-09","2025OB000770","2025NS012938","2025-09-09","2025-09-09",63045
40388,"2025-09-09","2025OP001619",405,5,"OB Enviada à instituição bancária para pagamento","2025-09-09","2025-09-09","2025OB001594","2025NS013787","2025-09-09","2025-09-09",62957
40124,"2025-09-09","2025OP001355",405,5,"OB Enviada à instituição bancária para pagamento","2025-09-09","2025-09-09","2025OB001355","2025NS013523","2025-09-09","2025-09-09",63025
41152,"2025-09-09","2025OP002383",405,5,"OB Enviada à instituição bancária para pagamento","2025-09-09","2025-09-09","2025OB002383","2025NS014551","2025-09-09","2025-09-09",62960
39852,"2025-09-09","2025OP001083",405,5,"OB Enviada à instituição bancária para pagamento","2025-09-09","2025-09-09","2025OB001083","2025NS013251","2025-09-09","2025-09-09",63049
39608,"2025-09-09","2025OP000839",405,5,"OB Enviada à instituição bancária para pagamento","2025-09-09","2025-09-09","2025OB000839","2025NS013007","2025-09-09","2025-09-09",63074
41454,"2025-09-09","2025OP002685",405,5,"OB Enviada à instituição bancária para pagamento","2025-09-09","2025-09-09","2025OB002685","2025NS014853","2025-09-09","2025-09-09",63094
39197,"2025-09-09","2025OP000428",405,5,"OB Enviada à instituição bancária para pagamento","2025-09-09","2025-09-09","2025OB000420","2025NS012596","2025-09-09","2025-09-09",63111
42491,"2025-09-11","2025OP003722",405,5,"OB Enviada à instituição bancária para pagamento","2025-09-12","2025-09-12","2025OB003718","2025NS017531","2025-09-11","2025-09-11",63517
42049,"2025-09-11","2025OP003280",405,5,"OB Enviada à instituição bancária para pagamento","2025-09-12","2025-09-12","2025OB003266","2025NS017089","2025-09-11","2025-09-11",63472
41334,"2025-09-09","2025OP002565",405,5,"OB Enviada à instituição bancária para pagamento","2025-09-09","2025-09-09","2025OB002565","2025NS014733","2025-09-09","2025-09-09",63221
42209,"2025-09-11","2025OP003440",405,5,"OB Enviada à instituição bancária para pagamento","2025-09-12","2025-09-12","2025OB003452","2025NS017249","2025-09-11","2025-09-11",64625
40759,"2025-09-09","2025OP001990",405,5,"OB Enviada à instituição bancária para pagamento","2025-09-09","2025-09-09","2025OB001990","2025NS014158","2025-09-09","2025-09-09",61153
39217,"2025-09-09","2025OP000448",405,5,"OB Enviada à instituição bancária para pagamento","2025-09-09","2025-09-09","2025OB000448","2025NS012616","2025-09-09","2025-09-09",61393
39388,"2025-09-09","2025OP000619",405,5,"OB Enviada à instituição bancária para pagamento","2025-09-09","2025-09-09","2025OB000618","2025NS012787","2025-09-09","2025-09-09",62226
40778,"2025-09-09","2025OP002009",405,5,"OB Enviada à instituição bancária para pagamento","2025-09-09","2025-09-09","2025OB002014","2025NS014177","2025-09-09","2025-09-09",62952
42441,"2025-09-11","2025OP003672",405,5,"OB Enviada à instituição bancária para pagamento","2025-09-12","2025-09-12","2025OB003669","2025NS017481","2025-09-11","2025-09-11",63475
43116,"2025-09-11","2025OP004347",405,5,"OB Enviada à instituição bancária para pagamento","2025-09-12","2025-09-12","2025OB004347","2025NS018156","2025-09-11","2025-09-11",64908
42698,"2025-09-11","2025OP003929",405,5,"OB Enviada à instituição bancária para pagamento","2025-09-12","2025-09-12","2025OB003931","2025NS017738","2025-09-11","2025-09-11",64821
40728,"2025-09-09","2025OP001959",405,5,"OB Enviada à instituição bancária para pagamento","2025-09-09","2025-09-09","2025OB001959","2025NS014127","2025-09-09","2025-09-09",61057
40462,"2025-09-09","2025OP001693",405,5,"OB Enviada à instituição bancária para pagamento","2025-09-09","2025-09-09","2025OB001693","2025NS013861","2025-09-09","2025-09-09",61917
40689,"2025-09-09","2025OP001920",405,5,"OB Enviada à instituição bancária para pagamento","2025-09-09","2025-09-09","2025OB001920","2025NS014088","2025-09-09","2025-09-09",61971
40369,"2025-09-09","2025OP001600",405,5,"OB Enviada à instituição bancária para pagamento","2025-09-09","2025-09-09","2025OB001609","2025NS013768","2025-09-09","2025-09-09",62785
40791,"2025-09-09","2025OP002022",405,5,"OB Enviada à instituição bancária para pagamento","2025-09-09","2025-09-09","2025OB002013","2025NS014190","2025-09-09","2025-09-09",63265
42431,"2025-09-11","2025OP003662",405,5,"OB Enviada à instituição bancária para pagamento","2025-09-12","2025-09-12","2025OB003677","2025NS017471","2025-09-11","2025-09-11",63408
39005,"2025-09-09","2025OP000236",405,5,"OB Enviada à instituição bancária para pagamento","2025-09-09","2025-09-09","2025OB000233","2025NS012404","2025-09-09","2025-09-09",63275
43128,"2025-09-11","2025OP004359",405,5,"OB Enviada à instituição bancária para pagamento","2025-09-12","2025-09-12","2025OB004383","2025NS018168","2025-09-11","2025-09-11",63537
42924,"2025-09-11","2025OP004155",405,5,"OB Enviada à instituição bancária para pagamento","2025-09-12","2025-09-12","2025OB004148","2025NS017964","2025-09-11","2025-09-11",63526
42498,"2025-09-11","2025OP003729",405,5,"OB Enviada à instituição bancária para pagamento","2025-09-12","2025-09-12","2025OB003735","2025NS017538","2025-09-11","2025-09-11",63670
42481,"2025-09-11","2025OP003712",405,5,"OB Enviada à instituição bancária para pagamento","2025-09-12","2025-09-12","2025OB003712","2025NS017521","2025-09-11","2025-09-11",63282
42038,"2025-09-11","2025OP003269",405,5,"OB Enviada à instituição bancária para pagamento","2025-09-12","2025-09-12","2025OB003262","2025NS017078","2025-09-11","2025-09-11",63285
43093,"2025-09-11","2025OP004324",405,5,"OB Enviada à instituição bancária para pagamento","2025-09-12","2025-09-12","2025OB004328","2025NS018133","2025-09-11","2025-09-11",63738
41717,"2025-09-11","2025OP002948",405,5,"OB Enviada à instituição bancária para pagamento","2025-09-12","2025-09-12","2025OB002939","2025NS016757","2025-09-11","2025-09-11",63720
41713,"2025-09-11","2025OP002944",405,5,"OB Enviada à instituição bancária para pagamento","2025-09-12","2025-09-12","2025OB002947","2025NS016753","2025-09-11","2025-09-11",63721
41714,"2025-09-11","2025OP002945",405,5,"OB Enviada à instituição bancária para pagamento","2025-09-12","2025-09-12","2025OB002953","2025NS016754","2025-09-11","2025-09-11",63313
42948,"2025-09-11","2025OP004179",405,5,"OB Enviada à instituição bancária para pagamento","2025-09-12","2025-09-12","2025OB004193","2025NS017988","2025-09-11","2025-09-11",63765
41587,"2025-09-11","2025OP002818",405,5,"OB Enviada à instituição bancária para pagamento","2025-09-12","2025-09-12","2025OB002818","2025NS016627","2025-09-11","2025-09-11",63970
43199,"2025-09-11","2025OP004430",405,5,"OB Enviada à instituição bancária para pagamento","2025-09-12","2025-09-12","2025OB004437","2025NS018239","2025-09-11","2025-09-11",63802
42326,"2025-09-11","2025OP003557",405,5,"OB Enviada à instituição bancária para pagamento","2025-09-12","2025-09-12","2025OB003568","2025NS017366","2025-09-11","2025-09-11",64073
43164,"2025-09-11","2025OP004395",405,5,"OB Enviada à instituição bancária para pagamento","2025-09-12","2025-09-12","2025OB004397","2025NS018204","2025-09-11","2025-09-11",63807
43198,"2025-09-11","2025OP004429",405,5,"OB Enviada à instituição bancária para pagamento","2025-09-12","2025-09-12","2025OB004441","2025NS018238","2025-09-11","2025-09-11",63819
42354,"2025-09-11","2025OP003585",405,5,"OB Enviada à instituição bancária para pagamento","2025-09-12","2025-09-12","2025OB003574","2025NS017394","2025-09-11","2025-09-11",64216
43221,"2025-09-11","2025OP004452",405,5,"OB Enviada à instituição bancária para pagamento","2025-09-12","2025-09-12","2025OB004448","2025NS018261","2025-09-11","2025-09-11",64078
40328,"2025-09-09","2025OP001559",405,5,"OB Enviada à instituição bancária para pagamento","2025-09-09","2025-09-09","2025OB001559","2025NS013727","2025-09-09","2025-09-09",60774
40859,"2025-09-09","2025OP002090",405,5,"OB Enviada à instituição bancária para pagamento","2025-09-09","2025-09-09","2025OB002090","2025NS014258","2025-09-09","2025-09-09",61566
39799,"2025-09-09","2025OP001030",405,5,"OB Enviada à instituição bancária para pagamento","2025-09-09","2025-09-09","2025OB001030","2025NS013198","2025-09-09","2025-09-09",61913
43013,"2025-09-11","2025OP004244",405,5,"OB Enviada à instituição bancária para pagamento","2025-09-12","2025-09-12","2025OB004257","2025NS018053","2025-09-11","2025-09-11",64295
41102,"2025-09-09","2025OP002333",405,5,"OB Enviada à instituição bancária para pagamento","2025-09-09","2025-09-09","2025OB002333","2025NS014501","2025-09-09","2025-09-09",62289
42809,"2025-09-11","2025OP004040",405,5,"OB Enviada à instituição bancária para pagamento","2025-09-12","2025-09-12","2025OB004050","2025NS017849","2025-09-11","2025-09-11",63731
41647,"2025-09-11","2025OP002878",405,5,"OB Enviada à instituição bancária para pagamento","2025-09-12","2025-09-12","2025OB002881","2025NS016687","2025-09-11","2025-09-11",63343
42590,"2025-09-11","2025OP003821",405,5,"OB Enviada à instituição bancária para pagamento","2025-09-12","2025-09-12","2025OB003821","2025NS017630","2025-09-11","2025-09-11",64041
41751,"2025-09-11","2025OP002982",405,5,"OB Enviada à instituição bancária para pagamento","2025-09-12","2025-09-12","2025OB002980","2025NS016791","2025-09-11","2025-09-11",64315
43717,"2025-09-29","2025OP004957",405,3,"Aguardando assinaturas do ordenador de despesas e/ou gestor financeiro","2025-09-29",,,"2025NS020172",,,65329
43269,"2025-09-29","2025OP004509",405,3,"Aguardando assinaturas do ordenador de despesas e/ou gestor financeiro","2025-09-29",,,"2025NS019724",,,65065
39594,"2025-09-09","2025OP000825",405,5,"OB Enviada à instituição bancária para pagamento","2025-09-09","2025-09-09","2025OB000820","2025NS012993","2025-09-09","2025-09-09",63269
42920,"2025-09-11","2025OP004151",405,5,"OB Enviada à instituição bancária para pagamento","2025-09-12","2025-09-12","2025OB004158","2025NS017960","2025-09-11","2025-09-11",63556
42680,"2025-09-11","2025OP003911",405,5,"OB Enviada à instituição bancária para pagamento","2025-09-12","2025-09-12","2025OB003908","2025NS017720","2025-09-11","2025-09-11",63715
43143,"2025-09-11","2025OP004374",405,5,"OB Enviada à instituição bancária para pagamento","2025-09-12","2025-09-12","2025OB004363","2025NS018183","2025-09-11","2025-09-11",63743
43189,"2025-09-11","2025OP004420",405,5,"OB Enviada à instituição bancária para pagamento","2025-09-12","2025-09-12","2025OB004440","2025NS018229","2025-09-11","2025-09-11",63306
42877,"2025-09-11","2025OP004108",405,5,"OB Enviada à instituição bancária para pagamento","2025-09-12","2025-09-12","2025OB004094","2025NS017917","2025-09-11","2025-09-11",63740
42739,"2025-09-11","2025OP003970",405,5,"OB Enviada à instituição bancária para pagamento","2025-09-12","2025-09-12","2025OB003989","2025NS017779","2025-09-11","2025-09-11",63335
42252,"2025-09-11","2025OP003483",405,5,"OB Enviada à instituição bancária para pagamento","2025-09-12","2025-09-12","2025OB003485","2025NS017292","2025-09-11","2025-09-11",63983
43209,"2025-09-11","2025OP004440",405,5,"OB Enviada à instituição bancária para pagamento","2025-09-12","2025-09-12","2025OB004435","2025NS018249","2025-09-11","2025-09-11",64053
41589,"2025-09-11","2025OP002820",405,5,"OB Enviada à instituição bancária para pagamento","2025-09-12","2025-09-12","2025OB002832","2025NS016629","2025-09-11","2025-09-11",63814
42556,"2025-09-11","2025OP003787",405,5,"OB Enviada à instituição bancária para pagamento","2025-09-12","2025-09-12","2025OB003792","2025NS017596","2025-09-11","2025-09-11",63501
43058,"2025-09-11","2025OP004289",405,5,"OB Enviada à instituição bancária para pagamento","2025-09-12","2025-09-12","2025OB004305","2025NS018098","2025-09-11","2025-09-11",64011
43757,"2025-09-29","2025OP004997",405,3,"Aguardando assinaturas do ordenador de despesas e/ou gestor financeiro","2025-09-29",,,"2025NS020212",,,65012
39960,"2025-09-09","2025OP001191",405,5,"OB Enviada à instituição bancária para pagamento","2025-09-09","2025-09-09","2025OB001191","2025NS013359","2025-09-09","2025-09-09",61691
39148,"2025-09-09","2025OP000379",405,5,"OB Enviada à instituição bancária para pagamento","2025-09-09","2025-09-09","2025OB000379","2025NS012547","2025-09-09","2025-09-09",62574
42861,"2025-09-11","2025OP004092",405,5,"OB Enviada à instituição bancária para pagamento","2025-09-12","2025-09-12","2025OB004107","2025NS017901","2025-09-11","2025-09-11",63542
42634,"2025-09-11","2025OP003865",405,5,"OB Enviada à instituição bancária para pagamento","2025-09-12","2025-09-12","2025OB003874","2025NS017674","2025-09-11","2025-09-11",63579
43082,"2025-09-11","2025OP004313",405,5,"OB Enviada à instituição bancária para pagamento","2025-09-12","2025-09-12","2025OB004327","2025NS018122","2025-09-11","2025-09-11",63595
42061,"2025-09-11","2025OP003292",405,5,"OB Enviada à instituição bancária para pagamento","2025-09-12","2025-09-12","2025OB003284","2025NS017101","2025-09-11","2025-09-11",63303
42485,"2025-09-11","2025OP003716",405,5,"OB Enviada à instituição bancária para pagamento","2025-09-12","2025-09-12","2025OB003707","2025NS017525","2025-09-11","2025-09-11",63488
42969,"2025-09-11","2025OP004200",405,5,"OB Enviada à instituição bancária para pagamento","2025-09-12","2025-09-12","2025OB004191","2025NS018009","2025-09-11","2025-09-11",63754
42064,"2025-09-11","2025OP003295",405,5,"OB Enviada à instituição bancária para pagamento","2025-09-12","2025-09-12","2025OB003301","2025NS017104","2025-09-11","2025-09-11",63337
42129,"2025-09-11","2025OP003360",405,5,"OB Enviada à instituição bancária para pagamento","2025-09-12","2025-09-12","2025OB003369","2025NS017169","2025-09-11","2025-09-11",64039
43187,"2025-09-11","2025OP004418",405,5,"OB Enviada à instituição bancária para pagamento","2025-09-12","2025-09-12","2025OB004411","2025NS018227","2025-09-11","2025-09-11",63816
43086,"2025-09-11","2025OP004317",405,5,"OB Enviada à instituição bancária para pagamento","2025-09-12","2025-09-12","2025OB004313","2025NS018126","2025-09-11","2025-09-11",63830
41930,"2025-09-11","2025OP003161",405,5,"OB Enviada à instituição bancária para pagamento","2025-09-12","2025-09-12","2025OB003164","2025NS016970","2025-09-11","2025-09-11",64665
42509,"2025-09-11","2025OP003740",405,5,"OB Enviada à instituição bancária para pagamento","2025-09-12","2025-09-12","2025OB003725","2025NS017549","2025-09-11","2025-09-11",63418
42917,"2025-09-11","2025OP004148",405,5,"OB Enviada à instituição bancária para pagamento","2025-09-12","2025-09-12","2025OB004152","2025NS017957","2025-09-11","2025-09-11",63525
42428,"2025-09-11","2025OP003659",405,5,"OB Enviada à instituição bancária para pagamento","2025-09-12","2025-09-12","2025OB003678","2025NS017468","2025-09-11","2025-09-11",63581
41750,"2025-09-11","2025OP002981",405,5,"OB Enviada à instituição bancária para pagamento","2025-09-12","2025-09-12","2025OB002973","2025NS016790","2025-09-11","2025-09-11",63438
42512,"2025-09-11","2025OP003743",405,5,"OB Enviada à instituição bancária para pagamento","2025-09-12","2025-09-12","2025OB003747","2025NS017552","2025-09-11","2025-09-11",63726
42340,"2025-09-11","2025OP003571",405,5,"OB Enviada à instituição bancária para pagamento","2025-09-12","2025-09-12","2025OB003579","2025NS017380","2025-09-11","2025-09-11",63353
42251,"2025-09-11","2025OP003482",405,5,"OB Enviada à instituição bancária para pagamento","2025-09-12","2025-09-12","2025OB003466","2025NS017291","2025-09-11","2025-09-11",64914
42230,"2025-09-11","2025OP003461",405,5,"OB Enviada à instituição bancária para pagamento","2025-09-12","2025-09-12","2025OB003461","2025NS017270","2025-09-11","2025-09-11",64033
41586,"2025-09-11","2025OP002817",405,5,"OB Enviada à instituição bancária para pagamento","2025-09-12","2025-09-12","2025OB002817","2025NS016626","2025-09-11","2025-09-11",63817
41608,"2025-09-11","2025OP002839",405,5,"OB Enviada à instituição bancária para pagamento","2025-09-12","2025-09-12","2025OB002821","2025NS016648","2025-09-11","2025-09-11",63833
41913,"2025-09-11","2025OP003144",405,5,"OB Enviada à instituição bancária para pagamento","2025-09-12","2025-09-12","2025OB003145","2025NS016953","2025-09-11","2025-09-11",64526
40895,"2025-09-09","2025OP002126",405,5,"OB Enviada à instituição bancária para pagamento","2025-09-09","2025-09-09","2025OB002126","2025NS014294","2025-09-09","2025-09-09",61515
42746,"2025-09-11","2025OP003977",405,5,"OB Enviada à instituição bancária para pagamento","2025-09-12","2025-09-12","2025OB003974","2025NS017786","2025-09-11","2025-09-11",63469
43162,"2025-09-11","2025OP004393",405,5,"OB Enviada à instituição bancária para pagamento","2025-09-12","2025-09-12","2025OB004400","2025NS018202","2025-09-11","2025-09-11",63571
41853,"2025-09-11","2025OP003084",405,5,"OB Enviada à instituição bancária para pagamento","2025-09-12","2025-09-12","2025OB003060","2025NS016893","2025-09-11","2025-09-11",63727
42579,"2025-09-11","2025OP003810",405,5,"OB Enviada à instituição bancária para pagamento","2025-09-12","2025-09-12","2025OB003816","2025NS017619","2025-09-11","2025-09-11",64040
42882,"2025-09-11","2025OP004113",405,5,"OB Enviada à instituição bancária para pagamento","2025-09-12","2025-09-12","2025OB004103","2025NS017922","2025-09-11","2025-09-11",63462
42482,"2025-09-11","2025OP003713",405,5,"OB Enviada à instituição bancária para pagamento","2025-09-12","2025-09-12","2025OB003715","2025NS017522","2025-09-11","2025-09-11",63850
41931,"2025-09-11","2025OP003162",405,5,"OB Enviada à instituição bancária para pagamento","2025-09-12","2025-09-12","2025OB003154","2025NS016971","2025-09-11","2025-09-11",63855
41864,"2025-09-11","2025OP003095",405,5,"OB Enviada à instituição bancária para pagamento","2025-09-12","2025-09-12","2025OB003110","2025NS016904","2025-09-11","2025-09-11",63862
43021,"2025-09-11","2025OP004252",405,5,"OB Enviada à instituição bancária para pagamento","2025-09-12","2025-09-12","2025OB004248","2025NS018061","2025-09-11","2025-09-11",63869
42161,"2025-09-11","2025OP003392",405,5,"OB Enviada à instituição bancária para pagamento","2025-09-12","2025-09-12","2025OB003388","2025NS017201","2025-09-11","2025-09-11",63935
42875,"2025-09-11","2025OP004106",405,5,"OB Enviada à instituição bancária para pagamento","2025-09-12","2025-09-12","2025OB004105","2025NS017915","2025-09-11","2025-09-11",64555
42844,"2025-09-11","2025OP004075",405,5,"OB Enviada à instituição bancária para pagamento","2025-09-12","2025-09-12","2025OB004074","2025NS017884","2025-09-11","2025-09-11",64636
42398,"2025-09-11","2025OP003629",405,5,"OB Enviada à instituição bancária para pagamento","2025-09-12","2025-09-12","2025OB003648","2025NS017438","2025-09-11","2025-09-11",64622
42474,"2025-09-11","2025OP003705",405,5,"OB Enviada à instituição bancária para pagamento","2025-09-12","2025-09-12","2025OB003682","2025NS017514","2025-09-11","2025-09-11",64678
42787,"2025-09-11","2025OP004018",405,5,"OB Enviada à instituição bancária para pagamento","2025-09-12","2025-09-12","2025OB004023","2025NS017827","2025-09-11","2025-09-11",64351
42933,"2025-09-11","2025OP004164",405,5,"OB Enviada à instituição bancária para pagamento","2025-09-12","2025-09-12","2025OB004168","2025NS017973","2025-09-11","2025-09-11",64353
41776,"2025-09-11","2025OP003007",405,5,"OB Enviada à instituição bancária para pagamento","2025-09-12","2025-09-12","2025OB003002","2025NS016816","2025-09-11","2025-09-11",64692
41689,"2025-09-11","2025OP002920",405,5,"OB Enviada à instituição bancária para pagamento","2025-09-12","2025-09-12","2025OB002929","2025NS016729","2025-09-11","2025-09-11",64167
39703,"2025-09-09","2025OP000934",405,5,"OB Enviada à instituição bancária para pagamento","2025-09-09","2025-09-09","2025OB000934","2025NS013102","2025-09-09","2025-09-09",60584
39991,"2025-09-09","2025OP001222",405,5,"OB Enviada à instituição bancária para pagamento","2025-09-09","2025-09-09","2025OB001211","2025NS013390","2025-09-09","2025-09-09",61265
40687,"2025-09-09","2025OP001918",405,5,"OB Enviada à instituição bancária para pagamento","2025-09-09","2025-09-09","2025OB001918","2025NS014086","2025-09-09","2025-09-09",62312
41616,"2025-09-11","2025OP002847",405,5,"OB Enviada à instituição bancária para pagamento","2025-09-12","2025-09-12","2025OB002859","2025NS016656","2025-09-11","2025-09-11",63601
43018,"2025-09-11","2025OP004249",405,5,"OB Enviada à instituição bancária para pagamento","2025-09-12","2025-09-12","2025OB004240","2025NS018058","2025-09-11","2025-09-11",63327
42577,"2025-09-11","2025OP003808",405,5,"OB Enviada à instituição bancária para pagamento","2025-09-12","2025-09-12","2025OB003813","2025NS017617","2025-09-11","2025-09-11",64028
42745,"2025-09-11","2025OP003976",405,5,"OB Enviada à instituição bancária para pagamento","2025-09-12","2025-09-12","2025OB003969","2025NS017785","2025-09-11","2025-09-11",63842
41846,"2025-09-11","2025OP003077",405,5,"OB Enviada à instituição bancária para pagamento","2025-09-12","2025-09-12","2025OB003072","2025NS016886","2025-09-11","2025-09-11",64085
41935,"2025-09-11","2025OP003166",405,5,"OB Enviada à instituição bancária para pagamento","2025-09-12","2025-09-12","2025OB003174","2025NS016975","2025-09-11","2025-09-11",63873
41767,"2025-09-11","2025OP002998",405,5,"OB Enviada à instituição bancária para pagamento","2025-09-12","2025-09-12","2025OB003005","2025NS016807","2025-09-11","2025-09-11",64444
43857,"2025-09-29","2025OP005097",405,3,"Aguardando assinaturas do ordenador de despesas e/ou gestor financeiro","2025-09-29",,,"2025NS020312",,,65351
43567,"2025-09-29","2025OP004807",405,3,"Aguardando assinaturas do ordenador de despesas e/ou gestor financeiro","2025-09-29",,,"2025NS020022",,,65382
39563,"2025-09-09","2025OP000794",405,5,"OB Enviada à instituição bancária para pagamento","2025-09-09","2025-09-09","2025OB000794","2025NS012962","2025-09-09","2025-09-09",61603
41572,"2025-09-09","2025OP002803",405,5,"OB Enviada à instituição bancária para pagamento","2025-09-09","2025-09-09","2025OB002803","2025NS014971","2025-09-09","2025-09-09",61907
40318,"2025-09-09","2025OP001549",405,5,"OB Enviada à instituição bancária para pagamento","2025-09-09","2025-09-09","2025OB001549","2025NS013717","2025-09-09","2025-09-09",62406
40842,"2025-09-09","2025OP002073",405,5,"OB Enviada à instituição bancária para pagamento","2025-09-09","2025-09-09","2025OB002073","2025NS014241","2025-09-09","2025-09-09",62615
42846,"2025-09-11","2025OP004077",405,5,"OB Enviada à instituição bancária para pagamento","2025-09-12","2025-09-12","2025OB004086","2025NS017886","2025-09-11","2025-09-11",63756
42520,"2025-09-11","2025OP003751",405,5,"OB Enviada à instituição bancária para pagamento","2025-09-12","2025-09-12","2025OB003765","2025NS017560","2025-09-11","2025-09-11",64029
43081,"2025-09-11","2025OP004312",405,5,"OB Enviada à instituição bancária para pagamento","2025-09-12","2025-09-12","2025OB004320","2025NS018121","2025-09-11","2025-09-11",64090
42016,"2025-09-11","2025OP003247",405,5,"OB Enviada à instituição bancária para pagamento","2025-09-12","2025-09-12","2025OB003226","2025NS017056","2025-09-11","2025-09-11",63864
42196,"2025-09-11","2025OP003427",405,5,"OB Enviada à instituição bancária para pagamento","2025-09-12","2025-09-12","2025OB003417","2025NS017236","2025-09-11","2025-09-11",63874
43573,"2025-09-29","2025OP004813",405,3,"Aguardando assinaturas do ordenador de despesas e/ou gestor financeiro","2025-09-29",,,"2025NS020028",,,64991
42507,"2025-09-11","2025OP003738",405,5,"OB Enviada à instituição bancária para pagamento","2025-09-12","2025-09-12","2025OB003726","2025NS017547","2025-09-11","2025-09-11",64200
43151,"2025-09-11","2025OP004382",405,5,"OB Enviada à instituição bancária para pagamento","2025-09-12","2025-09-12","2025OB004366","2025NS018191","2025-09-11","2025-09-11",63859
43248,"2025-09-29","2025OP004488",405,3,"Aguardando assinaturas do ordenador de despesas e/ou gestor financeiro","2025-09-29",,,"2025NS019703",,,65386
43569,"2025-09-29","2025OP004809",405,3,"Aguardando assinaturas do ordenador de despesas e/ou gestor financeiro","2025-09-29",,,"2025NS020024",,,64966
43571,"2025-09-29","2025OP004811",405,3,"Aguardando assinaturas do ordenador de despesas e/ou gestor financeiro","2025-09-29",,,"2025NS020026",,,64967
43575,"2025-09-29","2025OP004815",405,3,"Aguardando assinaturas do ordenador de despesas e/ou gestor financeiro","2025-09-29",,,"2025NS020030",,,64992
43822,"2025-09-29","2025OP005062",405,3,"Aguardando assinaturas do ordenador de despesas e/ou gestor financeiro","2025-09-29",,,"2025NS020277",,,65126
43463,"2025-09-29","2025OP004703",405,3,"Aguardando assinaturas do ordenador de despesas e/ou gestor financeiro","2025-09-29",,,"2025NS019918",,,65108
43499,"2025-09-29","2025OP004739",405,3,"Aguardando assinaturas do ordenador de despesas e/ou gestor financeiro","2025-09-29",,,"2025NS019954",,,65259
43590,"2025-09-29","2025OP004830",405,3,"Aguardando assinaturas do ordenador de despesas e/ou gestor financeiro","2025-09-29",,,"2025NS020045",,,65072
43455,"2025-09-29","2025OP004695",405,3,"Aguardando assinaturas do ordenador de despesas e/ou gestor financeiro","2025-09-29",,,"2025NS019910",,,65190
43526,"2025-09-29","2025OP004766",405,3,"Aguardando assinaturas do ordenador de despesas e/ou gestor financeiro","2025-09-29",,,"2025NS019981",,,65452
42051,"2025-09-11","2025OP003282",405,5,"OB Enviada à instituição bancária para pagamento","2025-09-12","2025-09-12","2025OB003296","2025NS017091","2025-09-11","2025-09-11",63372
43166,"2025-09-11","2025OP004397",405,5,"OB Enviada à instituição bancária para pagamento","2025-09-12","2025-09-12","2025OB004405","2025NS018206","2025-09-11","2025-09-11",63531
42869,"2025-09-11","2025OP004100",405,5,"OB Enviada à instituição bancária para pagamento","2025-09-12","2025-09-12","2025OB004096","2025NS017909","2025-09-11","2025-09-11",63987
42415,"2025-09-11","2025OP003646",405,5,"OB Enviada à instituição bancária para pagamento","2025-09-12","2025-09-12","2025OB003623","2025NS017455","2025-09-11","2025-09-11",63847
41933,"2025-09-11","2025OP003164",405,5,"OB Enviada à instituição bancária para pagamento","2025-09-12","2025-09-12","2025OB003152","2025NS016973","2025-09-11","2025-09-11",63359
41840,"2025-09-11","2025OP003071",405,5,"OB Enviada à instituição bancária para pagamento","2025-09-12","2025-09-12","2025OB003075","2025NS016880","2025-09-11","2025-09-11",63861
42249,"2025-09-11","2025OP003480",405,5,"OB Enviada à instituição bancária para pagamento","2025-09-12","2025-09-12","2025OB003476","2025NS017289","2025-09-11","2025-09-11",63882
42261,"2025-09-11","2025OP003492",405,5,"OB Enviada à instituição bancária para pagamento","2025-09-12","2025-09-12","2025OB003497","2025NS017301","2025-09-11","2025-09-11",64911
42929,"2025-09-11","2025OP004160",405,5,"OB Enviada à instituição bancária para pagamento","2025-09-12","2025-09-12","2025OB004164","2025NS017969","2025-09-11","2025-09-11",64604
42671,"2025-09-11","2025OP003902",405,5,"OB Enviada à instituição bancária para pagamento","2025-09-12","2025-09-12","2025OB003895","2025NS017711","2025-09-11","2025-09-11",64378
43158,"2025-09-11","2025OP004389",405,5,"OB Enviada à instituição bancária para pagamento","2025-09-12","2025-09-12","2025OB004399","2025NS018198","2025-09-11","2025-09-11",64181
42769,"2025-09-11","2025OP004000",405,5,"OB Enviada à instituição bancária para pagamento","2025-09-12","2025-09-12","2025OB003996","2025NS017809","2025-09-11","2025-09-11",64531
42922,"2025-09-11","2025OP004153",405,5,"OB Enviada à instituição bancária para pagamento","2025-09-12","2025-09-12","2025OB004160","2025NS017962","2025-09-11","2025-09-11",64847
41859,"2025-09-11","2025OP003090",405,5,"OB Enviada à instituição bancária para pagamento","2025-09-12","2025-09-12","2025OB003108","2025NS016899","2025-09-11","2025-09-11",64730
43771,"2025-09-29","2025OP005011",405,3,"Aguardando assinaturas do ordenador de despesas e/ou gestor financeiro","2025-09-29",,,"2025NS020226",,,65532
43538,"2025-09-29","2025OP004778",405,3,"Aguardando assinaturas do ordenador de despesas e/ou gestor financeiro","2025-09-29",,,"2025NS019993",,,65461
39974,"2025-09-09","2025OP001205",405,5,"OB Enviada à instituição bancária para pagamento","2025-09-09","2025-09-09","2025OB001209","2025NS013373","2025-09-09","2025-09-09",61290
39585,"2025-09-09","2025OP000816",405,5,"OB Enviada à instituição bancária para pagamento","2025-09-09","2025-09-09","2025OB000827","2025NS012984","2025-09-09","2025-09-09",61943
41490,"2025-09-09","2025OP002721",405,5,"OB Enviada à instituição bancária para pagamento","2025-09-09","2025-09-09","2025OB002712","2025NS014889","2025-09-09","2025-09-09",62031
40922,"2025-09-09","2025OP002153",405,5,"OB Enviada à instituição bancária para pagamento","2025-09-09","2025-09-09","2025OB002153","2025NS014321","2025-09-09","2025-09-09",62322
41397,"2025-09-09","2025OP002628",405,5,"OB Enviada à instituição bancária para pagamento","2025-09-09","2025-09-09","2025OB002628","2025NS014796","2025-09-09","2025-09-09",62473
40937,"2025-09-09","2025OP002168",405,5,"OB Enviada à instituição bancária para pagamento","2025-09-09","2025-09-09","2025OB002168","2025NS014336","2025-09-09","2025-09-09",62761
39910,"2025-09-09","2025OP001141",405,5,"OB Enviada à instituição bancária para pagamento","2025-09-09","2025-09-09","2025OB001141","2025NS013309","2025-09-09","2025-09-09",62964
42201,"2025-09-11","2025OP003432",405,5,"OB Enviada à instituição bancária para pagamento","2025-09-12","2025-09-12","2025OB003429","2025NS017241","2025-09-11","2025-09-11",63768
41600,"2025-09-11","2025OP002831",405,5,"OB Enviada à instituição bancária para pagamento","2025-09-12","2025-09-12","2025OB002841","2025NS016640","2025-09-11","2025-09-11",64023
42397,"2025-09-11","2025OP003628",405,5,"OB Enviada à instituição bancária para pagamento","2025-09-12","2025-09-12","2025OB003628","2025NS017437","2025-09-11","2025-09-11",64389
42042,"2025-09-11","2025OP003273",405,5,"OB Enviada à instituição bancária para pagamento","2025-09-12","2025-09-12","2025OB003267","2025NS017082","2025-09-11","2025-09-11",64503
42432,"2025-09-11","2025OP003663",405,5,"OB Enviada à instituição bancária para pagamento","2025-09-12","2025-09-12","2025OB003654","2025NS017472","2025-09-11","2025-09-11",64727
43598,"2025-09-29","2025OP004838",405,3,"Aguardando assinaturas do ordenador de despesas e/ou gestor financeiro","2025-09-29",,,"2025NS020053",,,65013
43877,"2025-09-29","2025OP005117",405,3,"Aguardando assinaturas do ordenador de despesas e/ou gestor financeiro","2025-09-29",,,"2025NS020332",,,64934
43784,"2025-09-29","2025OP005024",405,3,"Aguardando assinaturas do ordenador de despesas e/ou gestor financeiro","2025-09-29",,,"2025NS020239",,,65539
39117,"2025-09-09","2025OP000348",405,5,"OB Enviada à instituição bancária para pagamento","2025-09-09","2025-09-09","2025OB000348","2025NS012516","2025-09-09","2025-09-09",62254
39543,"2025-09-09","2025OP000774",405,5,"OB Enviada à instituição bancária para pagamento","2025-09-09","2025-09-09","2025OB000774","2025NS012942","2025-09-09","2025-09-09",63233
39871,"2025-09-09","2025OP001102",405,5,"OB Enviada à instituição bancária para pagamento","2025-09-09","2025-09-09","2025OB001102","2025NS013270","2025-09-09","2025-09-09",63249
42644,"2025-09-11","2025OP003875",405,5,"OB Enviada à instituição bancária para pagamento","2025-09-12","2025-09-12","2025OB003869","2025NS017684","2025-09-11","2025-09-11",63658
42871,"2025-09-11","2025OP004102",405,5,"OB Enviada à instituição bancária para pagamento","2025-09-12","2025-09-12","2025OB004109","2025NS017911","2025-09-11","2025-09-11",63988
42240,"2025-09-11","2025OP003471",405,5,"OB Enviada à instituição bancária para pagamento","2025-09-12","2025-09-12","2025OB003478","2025NS017280","2025-09-11","2025-09-11",63783
42009,"2025-09-11","2025OP003240",405,5,"OB Enviada à instituição bancária para pagamento","2025-09-12","2025-09-12","2025OB003241","2025NS017049","2025-09-11","2025-09-11",64024
42101,"2025-09-11","2025OP003332",405,5,"OB Enviada à instituição bancária para pagamento","2025-09-12","2025-09-12","2025OB003319","2025NS017141","2025-09-11","2025-09-11",63929
42513,"2025-09-11","2025OP003744",405,5,"OB Enviada à instituição bancária para pagamento","2025-09-12","2025-09-12","2025OB003746","2025NS017553","2025-09-11","2025-09-11",64209
43287,"2025-09-29","2025OP004527",405,3,"Aguardando assinaturas do ordenador de despesas e/ou gestor financeiro","2025-09-29",,,"2025NS019742",,,65393
43831,"2025-09-29","2025OP005071",405,3,"Aguardando assinaturas do ordenador de despesas e/ou gestor financeiro","2025-09-29",,,"2025NS020286",,,65157
43625,"2025-09-29","2025OP004865",405,3,"Aguardando assinaturas do ordenador de despesas e/ou gestor financeiro","2025-09-29",,,"2025NS020080",,,65021
43862,"2025-09-29","2025OP005102",405,3,"Aguardando assinaturas do ordenador de despesas e/ou gestor financeiro","2025-09-29",,,"2025NS020317",,,65564
43818,"2025-09-29","2025OP005058",405,3,"Aguardando assinaturas do ordenador de despesas e/ou gestor financeiro","2025-09-29",,,"2025NS020273",,,65038
40611,"2025-09-09","2025OP001842",405,5,"OB Enviada à instituição bancária para pagamento","2025-09-09","2025-09-09","2025OB001842","2025NS014010","2025-09-09","2025-09-09",60670
41313,"2025-09-09","2025OP002544",405,5,"OB Enviada à instituição bancária para pagamento","2025-09-09","2025-09-09","2025OB002544","2025NS014712","2025-09-09","2025-09-09",61092
42337,"2025-09-11","2025OP003568",405,5,"OB Enviada à instituição bancária para pagamento","2025-09-12","2025-09-12","2025OB003545","2025NS017377","2025-09-11","2025-09-11",63351
43008,"2025-09-11","2025OP004239",405,5,"OB Enviada à instituição bancária para pagamento","2025-09-12","2025-09-12","2025OB004236","2025NS018048","2025-09-11","2025-09-11",64045
42743,"2025-09-11","2025OP003974",405,5,"OB Enviada à instituição bancária para pagamento","2025-09-12","2025-09-12","2025OB003986","2025NS017783","2025-09-11","2025-09-11",63790
42823,"2025-09-11","2025OP004054",405,5,"OB Enviada à instituição bancária para pagamento","2025-09-12","2025-09-12","2025OB004044","2025NS017863","2025-09-11","2025-09-11",64100
41752,"2025-09-11","2025OP002983",405,5,"OB Enviada à instituição bancária para pagamento","2025-09-12","2025-09-12","2025OB002971","2025NS016792","2025-09-11","2025-09-11",64067
42287,"2025-09-11","2025OP003518",405,5,"OB Enviada à instituição bancária para pagamento","2025-09-12","2025-09-12","2025OB003537","2025NS017327","2025-09-11","2025-09-11",64213
43421,"2025-09-29","2025OP004661",405,3,"Aguardando assinaturas do ordenador de despesas e/ou gestor financeiro","2025-09-29",,,"2025NS019876",,,65345
43294,"2025-09-29","2025OP004534",405,3,"Aguardando assinaturas do ordenador de despesas e/ou gestor financeiro","2025-09-29",,,"2025NS019749",,,65052
43291,"2025-09-29","2025OP004531",405,3,"Aguardando assinaturas do ordenador de despesas e/ou gestor financeiro","2025-09-29",,,"2025NS019746",,,64930
43363,"2025-09-29","2025OP004603",405,3,"Aguardando assinaturas do ordenador de despesas e/ou gestor financeiro","2025-09-29",,,"2025NS019818",,,65339
43724,"2025-09-29","2025OP004964",405,3,"Aguardando assinaturas do ordenador de despesas e/ou gestor financeiro","2025-09-29",,,"2025NS020179",,,65512
43721,"2025-09-29","2025OP004961",405,3,"Aguardando assinaturas do ordenador de despesas e/ou gestor financeiro","2025-09-29",,,"2025NS020176",,,65053
43485,"2025-09-29","2025OP004725",405,3,"Aguardando assinaturas do ordenador de despesas e/ou gestor financeiro","2025-09-29",,,"2025NS019940",,,65397
43311,"2025-09-29","2025OP004551",405,3,"Aguardando assinaturas do ordenador de despesas e/ou gestor financeiro","2025-09-29",,,"2025NS019766",,,64945
41494,"2025-09-09","2025OP002725",405,5,"OB Enviada à instituição bancária para pagamento","2025-09-09","2025-09-09","2025OB002720","2025NS014893","2025-09-09","2025-09-09",61444
39455,"2025-09-09","2025OP000686",405,5,"OB Enviada à instituição bancária para pagamento","2025-09-09","2025-09-09","2025OB000686","2025NS012854","2025-09-09","2025-09-09",61491
43173,"2025-09-11","2025OP004404",405,5,"OB Enviada à instituição bancária para pagamento","2025-09-12","2025-09-12","2025OB004396","2025NS018213","2025-09-11","2025-09-11",63400
39696,"2025-09-09","2025OP000927",405,5,"OB Enviada à instituição bancária para pagamento","2025-09-09","2025-09-09","2025OB000923","2025NS013095","2025-09-09","2025-09-09",63244
42670,"2025-09-11","2025OP003901",405,5,"OB Enviada à instituição bancária para pagamento","2025-09-12","2025-09-12","2025OB003902","2025NS017710","2025-09-11","2025-09-11",63659
42777,"2025-09-11","2025OP004008",405,5,"OB Enviada à instituição bancária para pagamento","2025-09-12","2025-09-12","2025OB003997","2025NS017817","2025-09-11","2025-09-11",63332
43247,"2025-09-29","2025OP004487",405,3,"Aguardando assinaturas do ordenador de despesas e/ou gestor financeiro","2025-09-29",,,"2025NS019702",,,65134
43449,"2025-09-29","2025OP004689",405,3,"Aguardando assinaturas do ordenador de despesas e/ou gestor financeiro","2025-09-29",,,"2025NS019904",,,65138
41347,"2025-09-09","2025OP002578",405,5,"OB Enviada à instituição bancária para pagamento","2025-09-09","2025-09-09","2025OB002578","2025NS014746","2025-09-09","2025-09-09",61124
39076,"2025-09-09","2025OP000307",405,5,"OB Enviada à instituição bancária para pagamento","2025-09-09","2025-09-09","2025OB000315","2025NS012475","2025-09-09","2025-09-09",63262
42134,"2025-09-11","2025OP003365",405,5,"OB Enviada à instituição bancária para pagamento","2025-09-12","2025-09-12","2025OB003373","2025NS017174","2025-09-11","2025-09-11",63573
43140,"2025-09-11","2025OP004371",405,5,"OB Enviada à instituição bancária para pagamento","2025-09-12","2025-09-12","2025OB004370","2025NS018180","2025-09-11","2025-09-11",63696
43053,"2025-09-11","2025OP004284",405,5,"OB Enviada à instituição bancária para pagamento","2025-09-12","2025-09-12","2025OB004286","2025NS018093","2025-09-11","2025-09-11",63774
42764,"2025-09-11","2025OP003995",405,5,"OB Enviada à instituição bancária para pagamento","2025-09-12","2025-09-12","2025OB003999","2025NS017804","2025-09-11","2025-09-11",63942
41705,"2025-09-11","2025OP002936",405,5,"OB Enviada à instituição bancária para pagamento","2025-09-12","2025-09-12","2025OB002926","2025NS016745","2025-09-11","2025-09-11",64474
42718,"2025-09-11","2025OP003949",405,5,"OB Enviada à instituição bancária para pagamento","2025-09-12","2025-09-12","2025OB003958","2025NS017758","2025-09-11","2025-09-11",64778
41308,"2025-09-09","2025OP002539",405,5,"OB Enviada à instituição bancária para pagamento","2025-09-09","2025-09-09","2025OB002539","2025NS014707","2025-09-09","2025-09-09",60620
42897,"2025-09-11","2025OP004128",405,5,"OB Enviada à instituição bancária para pagamento","2025-09-12","2025-09-12","2025OB004138","2025NS017937","2025-09-11","2025-09-11",63776
42501,"2025-09-11","2025OP003732",405,5,"OB Enviada à instituição bancária para pagamento","2025-09-12","2025-09-12","2025OB003729","2025NS017541","2025-09-11","2025-09-11",64524
42402,"2025-09-11","2025OP003633",405,5,"OB Enviada à instituição bancária para pagamento","2025-09-12","2025-09-12","2025OB003644","2025NS017442","2025-09-11","2025-09-11",64764
42353,"2025-09-11","2025OP003584",405,5,"OB Enviada à instituição bancária para pagamento","2025-09-12","2025-09-12","2025OB003573","2025NS017393","2025-09-11","2025-09-11",64051
42551,"2025-09-11","2025OP003782",405,5,"OB Enviada à instituição bancária para pagamento","2025-09-12","2025-09-12","2025OB003800","2025NS017591","2025-09-11","2025-09-11",63786
43191,"2025-09-11","2025OP004422",405,5,"OB Enviada à instituição bancária para pagamento","2025-09-12","2025-09-12","2025OB004431","2025NS018231","2025-09-11","2025-09-11",64754
38927,"2025-09-09","2025OP000158",405,5,"OB Enviada à instituição bancária para pagamento","2025-09-09","2025-09-09","2025OB000158","2025NS012326","2025-09-09","2025-09-09",61860
42972,"2025-09-11","2025OP004203",405,5,"OB Enviada à instituição bancária para pagamento","2025-09-12","2025-09-12","2025OB004204","2025NS018012","2025-09-11","2025-09-11",63772
42086,"2025-09-11","2025OP003317",405,5,"OB Enviada à instituição bancária para pagamento","2025-09-12","2025-09-12","2025OB003330","2025NS017126","2025-09-11","2025-09-11",63781
42653,"2025-09-11","2025OP003884",405,5,"OB Enviada à instituição bancária para pagamento","2025-09-12","2025-09-12","2025OB003889","2025NS017693","2025-09-11","2025-09-11",64786
41407,"2025-09-09","2025OP002638",405,5,"OB Enviada à instituição bancária para pagamento","2025-09-09","2025-09-09","2025OB002638","2025NS014806","2025-09-09","2025-09-09",62268
39171,"2025-09-09","2025OP000402",405,5,"OB Enviada à instituição bancária para pagamento","2025-09-09","2025-09-09","2025OB000405","2025NS012570","2025-09-09","2025-09-09",62421
40197,"2025-09-09","2025OP001428",405,5,"OB Enviada à instituição bancária para pagamento","2025-09-09","2025-09-09","2025OB001428","2025NS013596","2025-09-09","2025-09-09",62592
42744,"2025-09-11","2025OP003975",405,5,"OB Enviada à instituição bancária para pagamento","2025-09-12","2025-09-12","2025OB003967","2025NS017784","2025-09-11","2025-09-11",63791
41894,"2025-09-11","2025OP003125",405,5,"OB Enviada à instituição bancária para pagamento","2025-09-12","2025-09-12","2025OB003135","2025NS016934","2025-09-11","2025-09-11",64184
42399,"2025-09-11","2025OP003630",405,5,"OB Enviada à instituição bancária para pagamento","2025-09-12","2025-09-12","2025OB003624","2025NS017439","2025-09-11","2025-09-11",64782
40797,"2025-09-09","2025OP002028",405,5,"OB Enviada à instituição bancária para pagamento","2025-09-09","2025-09-09","2025OB002025","2025NS014196","2025-09-09","2025-09-09",61101
41072,"2025-09-09","2025OP002303",405,5,"OB Enviada à instituição bancária para pagamento","2025-09-09","2025-09-09","2025OB002303","2025NS014471","2025-09-09","2025-09-09",61823
42720,"2025-09-11","2025OP003951",405,5,"OB Enviada à instituição bancária para pagamento","2025-09-12","2025-09-12","2025OB003942","2025NS017760","2025-09-11","2025-09-11",63792
42740,"2025-09-11","2025OP003971",405,5,"OB Enviada à instituição bancária para pagamento","2025-09-12","2025-09-12","2025OB003972","2025NS017780","2025-09-11","2025-09-11",63793
41911,"2025-09-11","2025OP003142",405,5,"OB Enviada à instituição bancária para pagamento","2025-09-12","2025-09-12","2025OB003118","2025NS016951","2025-09-11","2025-09-11",63984
41865,"2025-09-11","2025OP003096",405,5,"OB Enviada à instituição bancária para pagamento","2025-09-12","2025-09-12","2025OB003105","2025NS016905","2025-09-11","2025-09-11",63918
43372,"2025-09-29","2025OP004612",405,3,"Aguardando assinaturas do ordenador de despesas e/ou gestor financeiro","2025-09-29",,,"2025NS019827",,,64946
42700,"2025-09-11","2025OP003931",405,5,"OB Enviada à instituição bancária para pagamento","2025-09-12","2025-09-12","2025OB003919","2025NS017740","2025-09-11","2025-09-11",63643
42131,"2025-09-11","2025OP003362",405,5,"OB Enviada à instituição bancária para pagamento","2025-09-12","2025-09-12","2025OB003366","2025NS017171","2025-09-11","2025-09-11",63310
42091,"2025-09-11","2025OP003322",405,5,"OB Enviada à instituição bancária para pagamento","2025-09-12","2025-09-12","2025OB003329","2025NS017131","2025-09-11","2025-09-11",64850
41121,"2025-09-09","2025OP002352",405,5,"OB Enviada à instituição bancária para pagamento","2025-09-09","2025-09-09","2025OB002352","2025NS014520","2025-09-09","2025-09-09",61263
39082,"2025-09-09","2025OP000313",405,5,"OB Enviada à instituição bancária para pagamento","2025-09-09","2025-09-09","2025OB000327","2025NS012481","2025-09-09","2025-09-09",61526
39448,"2025-09-09","2025OP000679",405,5,"OB Enviada à instituição bancária para pagamento","2025-09-09","2025-09-09","2025OB000679","2025NS012847","2025-09-09","2025-09-09",61635
39832,"2025-09-09","2025OP001063",405,5,"OB Enviada à instituição bancária para pagamento","2025-09-09","2025-09-09","2025OB001063","2025NS013231","2025-09-09","2025-09-09",61935
42490,"2025-09-11","2025OP003721",405,5,"OB Enviada à instituição bancária para pagamento","2025-09-12","2025-09-12","2025OB003717","2025NS017530","2025-09-11","2025-09-11",63433
41584,"2025-09-09","2025OP002815",405,5,"OB Enviada à instituição bancária para pagamento","2025-09-09","2025-09-09","2025OB002815","2025NS014983","2025-09-09","2025-09-09",62757
39644,"2025-09-09","2025OP000875",405,5,"OB Enviada à instituição bancária para pagamento","2025-09-09","2025-09-09","2025OB000875","2025NS013043","2025-09-09","2025-09-09",63180
42858,"2025-09-11","2025OP004089",405,5,"OB Enviada à instituição bancária para pagamento","2025-09-12","2025-09-12","2025OB004069","2025NS017898","2025-09-11","2025-09-11",64118
42387,"2025-09-11","2025OP003618",405,5,"OB Enviada à instituição bancária para pagamento","2025-09-12","2025-09-12","2025OB003620","2025NS017427","2025-09-11","2025-09-11",64429
41364,"2025-09-09","2025OP002595",405,5,"OB Enviada à instituição bancária para pagamento","2025-09-09","2025-09-09","2025OB002595","2025NS014763","2025-09-09","2025-09-09",63085
42909,"2025-09-11","2025OP004140",405,5,"OB Enviada à instituição bancária para pagamento","2025-09-12","2025-09-12","2025OB004126","2025NS017949","2025-09-11","2025-09-11",64334
41944,"2025-09-11","2025OP003175",405,5,"OB Enviada à instituição bancária para pagamento","2025-09-12","2025-09-12","2025OB003202","2025NS016984","2025-09-11","2025-09-11",63798
42322,"2025-09-11","2025OP003553",405,5,"OB Enviada à instituição bancária para pagamento","2025-09-12","2025-09-12","2025OB003556","2025NS017362","2025-09-11","2025-09-11",64149
42659,"2025-09-11","2025OP003890",405,5,"OB Enviada à instituição bancária para pagamento","2025-09-12","2025-09-12","2025OB003896","2025NS017699","2025-09-11","2025-09-11",64858
40793,"2025-09-09","2025OP002024",405,5,"OB Enviada à instituição bancária para pagamento","2025-09-09","2025-09-09","2025OB002017","2025NS014192","2025-09-09","2025-09-09",61771
41595,"2025-09-11","2025OP002826",405,5,"OB Enviada à instituição bancária para pagamento","2025-09-12","2025-09-12","2025OB002820","2025NS016635","2025-09-11","2025-09-11",64281
41770,"2025-09-11","2025OP003001",405,5,"OB Enviada à instituição bancária para pagamento","2025-09-12","2025-09-12","2025OB002988","2025NS016810","2025-09-11","2025-09-11",64871
43592,"2025-09-29","2025OP004832",405,3,"Aguardando assinaturas do ordenador de despesas e/ou gestor financeiro","2025-09-29",,,"2025NS020047",,,65092
39003,"2025-09-09","2025OP000234",405,5,"OB Enviada à instituição bancária para pagamento","2025-09-09","2025-09-09","2025OB000229","2025NS012402","2025-09-09","2025-09-09",62016
41874,"2025-09-11","2025OP003105",405,5,"OB Enviada à instituição bancária para pagamento","2025-09-12","2025-09-12","2025OB003094","2025NS016914","2025-09-11","2025-09-11",64879
41925,"2025-09-11","2025OP003156",405,5,"OB Enviada à instituição bancária para pagamento","2025-09-12","2025-09-12","2025OB003147","2025NS016965","2025-09-11","2025-09-11",64889
43709,"2025-09-29","2025OP004949",405,3,"Aguardando assinaturas do ordenador de despesas e/ou gestor financeiro","2025-09-29",,,"2025NS020164",,,64933
40746,"2025-09-09","2025OP001977",405,5,"OB Enviada à instituição bancária para pagamento","2025-09-09","2025-09-09","2025OB001977","2025NS014145","2025-09-09","2025-09-09",61638
41622,"2025-09-11","2025OP002853",405,5,"OB Enviada à instituição bancária para pagamento","2025-09-12","2025-09-12","2025OB002867","2025NS016662","2025-09-11","2025-09-11",63319
42848,"2025-09-11","2025OP004079",405,5,"OB Enviada à instituição bancária para pagamento","2025-09-12","2025-09-12","2025OB004090","2025NS017888","2025-09-11","2025-09-11",63840
43350,"2025-09-29","2025OP004590",405,3,"Aguardando assinaturas do ordenador de despesas e/ou gestor financeiro","2025-09-29",,,"2025NS019805",,,65083
39787,"2025-09-09","2025OP001018",405,5,"OB Enviada à instituição bancária para pagamento","2025-09-09","2025-09-09","2025OB001015","2025NS013186","2025-09-09","2025-09-09",62228
39577,"2025-09-09","2025OP000808",405,5,"OB Enviada à instituição bancária para pagamento","2025-09-09","2025-09-09","2025OB000811","2025NS012976","2025-09-09","2025-09-09",62828
39380,"2025-09-09","2025OP000611",405,5,"OB Enviada à instituição bancária para pagamento","2025-09-09","2025-09-09","2025OB000611","2025NS012779","2025-09-09","2025-09-09",63274
41886,"2025-09-11","2025OP003117",405,5,"OB Enviada à instituição bancária para pagamento","2025-09-12","2025-09-12","2025OB003117","2025NS016926","2025-09-11","2025-09-11",63975
41657,"2025-09-11","2025OP002888",405,5,"OB Enviada à instituição bancária para pagamento","2025-09-12","2025-09-12","2025OB002893","2025NS016697","2025-09-11","2025-09-11",64430
41721,"2025-09-11","2025OP002952",405,5,"OB Enviada à instituição bancária para pagamento","2025-09-12","2025-09-12","2025OB002955","2025NS016761","2025-09-11","2025-09-11",64527
41914,"2025-09-11","2025OP003145",405,5,"OB Enviada à instituição bancária para pagamento","2025-09-12","2025-09-12","2025OB003129","2025NS016954","2025-09-11","2025-09-11",64267
43833,"2025-09-29","2025OP005073",405,3,"Aguardando assinaturas do ordenador de despesas e/ou gestor financeiro","2025-09-29",,,"2025NS020288",,,65374
41266,"2025-09-09","2025OP002497",405,5,"OB Enviada à instituição bancária para pagamento","2025-09-09","2025-09-09","2025OB002497","2025NS014665","2025-09-09","2025-09-09",61604
40553,"2025-09-09","2025OP001784",405,5,"OB Enviada à instituição bancária para pagamento","2025-09-09","2025-09-09","2025OB001784","2025NS013952","2025-09-09","2025-09-09",62660
42026,"2025-09-11","2025OP003257",405,5,"OB Enviada à instituição bancária para pagamento","2025-09-12","2025-09-12","2025OB003276","2025NS017066","2025-09-11","2025-09-11",63722
42506,"2025-09-11","2025OP003737",405,5,"OB Enviada à instituição bancária para pagamento","2025-09-12","2025-09-12","2025OB003728","2025NS017546","2025-09-11","2025-09-11",63358
39854,"2025-09-09","2025OP001085",405,5,"OB Enviada à instituição bancária para pagamento","2025-09-09","2025-09-09","2025OB001085","2025NS013253","2025-09-09","2025-09-09",60873
41870,"2025-09-11","2025OP003101",405,5,"OB Enviada à instituição bancária para pagamento","2025-09-12","2025-09-12","2025OB003093","2025NS016910","2025-09-11","2025-09-11",63978
40911,"2025-09-09","2025OP002142",405,5,"OB Enviada à instituição bancária para pagamento","2025-09-09","2025-09-09","2025OB002142","2025NS014310","2025-09-09","2025-09-09",62305
40860,"2025-09-09","2025OP002091",405,5,"OB Enviada à instituição bancária para pagamento","2025-09-09","2025-09-09","2025OB002091","2025NS014259","2025-09-09","2025-09-09",62379
39116,"2025-09-09","2025OP000347",405,5,"OB Enviada à instituição bancária para pagamento","2025-09-09","2025-09-09","2025OB000347","2025NS012515","2025-09-09","2025-09-09",62529
39311,"2025-09-09","2025OP000542",405,5,"OB Enviada à instituição bancária para pagamento","2025-09-09","2025-09-09","2025OB000542","2025NS012710","2025-09-09","2025-09-09",63076
40666,"2025-09-09","2025OP001897",405,5,"OB Enviada à instituição bancária para pagamento","2025-09-09","2025-09-09","2025OB001897","2025NS014065","2025-09-09","2025-09-09",63136
42279,"2025-09-11","2025OP003510",405,5,"OB Enviada à instituição bancária para pagamento","2025-09-12","2025-09-12","2025OB003490","2025NS017319","2025-09-11","2025-09-11",63945
43539,"2025-09-29","2025OP004779",405,3,"Aguardando assinaturas do ordenador de despesas e/ou gestor financeiro","2025-09-29",,,"2025NS019994",,,65460
39025,"2025-09-09","2025OP000256",405,5,"OB Enviada à instituição bancária para pagamento","2025-09-09","2025-09-09","2025OB000256","2025NS012424","2025-09-09","2025-09-09",61451
40490,"2025-09-09","2025OP001721",405,5,"OB Enviada à instituição bancária para pagamento","2025-09-09","2025-09-09","2025OB001707","2025NS013889","2025-09-09","2025-09-09",61518
39088,"2025-09-09","2025OP000319",405,5,"OB Enviada à instituição bancária para pagamento","2025-09-09","2025-09-09","2025OB000302","2025NS012487","2025-09-09","2025-09-09",61905
40143,"2025-09-09","2025OP001374",405,5,"OB Enviada à instituição bancária para pagamento","2025-09-09","2025-09-09","2025OB001374","2025NS013542","2025-09-09","2025-09-09",62154
40910,"2025-09-09","2025OP002141",405,5,"OB Enviada à instituição bancária para pagamento","2025-09-09","2025-09-09","2025OB002141","2025NS014309","2025-09-09","2025-09-09",62759
39709,"2025-09-09","2025OP000940",405,5,"OB Enviada à instituição bancária para pagamento","2025-09-09","2025-09-09","2025OB000940","2025NS013108","2025-09-09","2025-09-09",63041
41451,"2025-09-09","2025OP002682",405,5,"OB Enviada à instituição bancária para pagamento","2025-09-09","2025-09-09","2025OB002682","2025NS014850","2025-09-09","2025-09-09",63097
42464,"2025-09-11","2025OP003695",405,5,"OB Enviada à instituição bancária para pagamento","2025-09-12","2025-09-12","2025OB003703","2025NS017504","2025-09-11","2025-09-11",63681
42569,"2025-09-11","2025OP003800",405,5,"OB Enviada à instituição bancária para pagamento","2025-09-12","2025-09-12","2025OB003801","2025NS017609","2025-09-11","2025-09-11",63664
42661,"2025-09-11","2025OP003892",405,5,"OB Enviada à instituição bancária para pagamento","2025-09-12","2025-09-12","2025OB003893","2025NS017701","2025-09-11","2025-09-11",64752
42435,"2025-09-11","2025OP003666",405,5,"OB Enviada à instituição bancária para pagamento","2025-09-12","2025-09-12","2025OB003670","2025NS017475","2025-09-11","2025-09-11",64772
39865,"2025-09-09","2025OP001096",405,5,"OB Enviada à instituição bancária para pagamento","2025-09-09","2025-09-09","2025OB001096","2025NS013264","2025-09-09","2025-09-09",62134
42117,"2025-09-11","2025OP003348",405,5,"OB Enviada à instituição bancária para pagamento","2025-09-12","2025-09-12","2025OB003342","2025NS017157","2025-09-11","2025-09-11",63424
41761,"2025-09-11","2025OP002992",405,5,"OB Enviada à instituição bancária para pagamento","2025-09-12","2025-09-12","2025OB003008","2025NS016801","2025-09-11","2025-09-11",63429
42174,"2025-09-11","2025OP003405",405,5,"OB Enviada à instituição bancária para pagamento","2025-09-12","2025-09-12","2025OB003391","2025NS017214","2025-09-11","2025-09-11",63563
42724,"2025-09-11","2025OP003955",405,5,"OB Enviada à instituição bancária para pagamento","2025-09-12","2025-09-12","2025OB003959","2025NS017764","2025-09-11","2025-09-11",64629
42046,"2025-09-11","2025OP003277",405,5,"OB Enviada à instituição bancária para pagamento","2025-09-12","2025-09-12","2025OB003261","2025NS017086","2025-09-11","2025-09-11",64587
42293,"2025-09-11","2025OP003524",405,5,"OB Enviada à instituição bancária para pagamento","2025-09-12","2025-09-12","2025OB003519","2025NS017333","2025-09-11","2025-09-11",64336
43843,"2025-09-29","2025OP005083",405,3,"Aguardando assinaturas do ordenador de despesas e/ou gestor financeiro","2025-09-29",,,"2025NS020298",,,65558
43316,"2025-09-29","2025OP004556",405,3,"Aguardando assinaturas do ordenador de despesas e/ou gestor financeiro","2025-09-29",,,"2025NS019771",,,65229
