"id_executor","cd_area_politica_publica_tipo_pt","area_politica_publica_tipo_pt","cd_area_politica_publica_pt","area_politica_publica_pt"
38161,15,"Urbanismo",451,"Infraestrutura Urbana "
38161,20,"Agricultura",608,"Promoção da Produção Agropecuária"
38161,26,"Transporte",782,"Transporte Rodoviário"
39470,15,"Urbanismo",451,"Infraestrutura Urbana "
42980,15,"Urbanismo",451,"Infraestrutura Urbana "
37095,15,"Urbanismo",451,"Infraestrutura Urbana "
37588,15,"Urbanismo",451,"Infraestrutura Urbana "
38782,15,"Urbanismo",451,"Infraestrutura Urbana "
38657,15,"Urbanismo",452,"Serviços Urbanos"
44023,15,"Urbanismo",451,"Infraestrutura Urbana "
42908,15,"Urbanismo",451,"Infraestrutura Urbana "
37936,8,"Assistência Social",245,"Serviços Socioassistenciais"
46397,10,"Saúde",301,"Atenção Básica"
40793,15,"Urbanismo",451,"Infraestrutura Urbana "
42545,15,"Urbanismo",451,"Infraestrutura Urbana "
37249,15,"Urbanismo",451,"Infraestrutura Urbana "
44765,10,"Saúde",301,"Atenção Básica"
43268,15,"Urbanismo",451,"Infraestrutura Urbana "
44395,15,"Urbanismo",451,"Infraestrutura Urbana "
37436,15,"Urbanismo",451,"Infraestrutura Urbana "
43821,10,"Saúde",301,"Atenção Básica"
39379,15,"Urbanismo",451,"Infraestrutura Urbana "
43329,15,"Urbanismo",451,"Infraestrutura Urbana "
40441,15,"Urbanismo",451,"Infraestrutura Urbana "
45823,15,"Urbanismo",451,"Infraestrutura Urbana "
45464,18,"Gestão Ambiental",544,"Recursos Hídricos"
39059,15,"Urbanismo",452,"Serviços Urbanos"
45517,15,"Urbanismo",451,"Infraestrutura Urbana "
39976,10,"Saúde",301,"Atenção Básica"
40810,20,"Agricultura",608,"Promoção da Produção Agropecuária"
45655,20,"Agricultura",608,"Promoção da Produção Agropecuária"
42175,26,"Transporte",782,"Transporte Rodoviário"
42175,20,"Agricultura",606,"Extensão Rural"
42175,20,"Agricultura",608,"Promoção da Produção Agropecuária"
42251,17,"Saneamento",512,"Saneamento Básico Urbano"
41356,15,"Urbanismo",451,"Infraestrutura Urbana "
41405,15,"Urbanismo",451,"Infraestrutura Urbana "
40973,20,"Agricultura",608,"Promoção da Produção Agropecuária"
42960,8,"Assistência Social",245,"Serviços Socioassistenciais"
45677,8,"Assistência Social",245,"Serviços Socioassistenciais"
44157,15,"Urbanismo",451,"Infraestrutura Urbana "
43296,15,"Urbanismo",451,"Infraestrutura Urbana "
38449,15,"Urbanismo",451,"Infraestrutura Urbana "
38769,15,"Urbanismo",451,"Infraestrutura Urbana "
37238,15,"Urbanismo",451,"Infraestrutura Urbana "
42318,17,"Saneamento",512,"Saneamento Básico Urbano"
37843,10,"Saúde",301,"Atenção Básica"
40945,15,"Urbanismo",451,"Infraestrutura Urbana "
42911,20,"Agricultura",608,"Promoção da Produção Agropecuária"
40937,15,"Urbanismo",451,"Infraestrutura Urbana "
42157,26,"Transporte",782,"Transporte Rodoviário"
39890,10,"Saúde",302,"Assistência Hospitalar e Ambulatorial"
42792,15,"Urbanismo",451,"Infraestrutura Urbana "
40556,15,"Urbanismo",451,"Infraestrutura Urbana "
40627,15,"Urbanismo",451,"Infraestrutura Urbana "
41806,10,"Saúde",301,"Atenção Básica"
40767,10,"Saúde",302,"Assistência Hospitalar e Ambulatorial"
43604,8,"Assistência Social",245,"Serviços Socioassistenciais"
41042,11,"Trabalho",333,"Empregabilidade"
40837,16,"Habitação",482,"Habitação Urbana"
41102,20,"Agricultura",608,"Promoção da Produção Agropecuária"
40211,15,"Urbanismo",452,"Serviços Urbanos"
46867,6,"Segurança Pública",181,"Policiamento"
41475,15,"Urbanismo",451,"Infraestrutura Urbana "
44924,10,"Saúde",301,"Atenção Básica"
45905,8,"Assistência Social",245,"Serviços Socioassistenciais"
41513,15,"Urbanismo",451,"Infraestrutura Urbana "
44860,27,"Desporto e Lazer",812,"Desporto Comunitário"
44860,27,"Desporto e Lazer",813,"Lazer"
44904,18,"Gestão Ambiental",544,"Recursos Hídricos"
42032,17,"Saneamento",511,"Saneamento Básico Rural"
45423,27,"Desporto e Lazer",812,"Desporto Comunitário"
41580,15,"Urbanismo",451,"Infraestrutura Urbana "
38556,15,"Urbanismo",451,"Infraestrutura Urbana "
38851,15,"Urbanismo",451,"Infraestrutura Urbana "
39778,15,"Urbanismo",451,"Infraestrutura Urbana "
44804,15,"Urbanismo",451,"Infraestrutura Urbana "
46676,10,"Saúde",301,"Atenção Básica"
46676,10,"Saúde",303,"Suporte Profilático e Terapêutico"
41797,8,"Assistência Social",244,"Assistência Comunitária"
42751,15,"Urbanismo",451,"Infraestrutura Urbana "
38732,15,"Urbanismo",451,"Infraestrutura Urbana "
43021,8,"Assistência Social",245,"Serviços Socioassistenciais"
45631,10,"Saúde",301,"Atenção Básica"
39417,15,"Urbanismo",451,"Infraestrutura Urbana "
37414,15,"Urbanismo",451,"Infraestrutura Urbana "
46803,12,"Educação",365,"Educação Infantil"
37161,15,"Urbanismo",451,"Infraestrutura Urbana "
41217,27,"Desporto e Lazer",812,"Desporto Comunitário"
47167,8,"Assistência Social",243,"Assistência à Criança e ao Adolescente"
46288,27,"Desporto e Lazer",813,"Lazer"
38031,15,"Urbanismo",451,"Infraestrutura Urbana "
42411,20,"Agricultura",608,"Promoção da Produção Agropecuária"
46102,10,"Saúde",301,"Atenção Básica"
45431,8,"Assistência Social",242,"Assistência ao Portador de Deficiência"
37734,15,"Urbanismo",451,"Infraestrutura Urbana "
42490,15,"Urbanismo",451,"Infraestrutura Urbana "
44808,10,"Saúde",302,"Assistência Hospitalar e Ambulatorial"
44207,10,"Saúde",301,"Atenção Básica"
43852,20,"Agricultura",608,"Promoção da Produção Agropecuária"
41578,20,"Agricultura",608,"Promoção da Produção Agropecuária"
42809,10,"Saúde",301,"Atenção Básica"
40432,15,"Urbanismo",451,"Infraestrutura Urbana "
45438,18,"Gestão Ambiental",541,"Preservação e Conservação Ambiental"
42827,10,"Saúde",301,"Atenção Básica"
44255,15,"Urbanismo",451,"Infraestrutura Urbana "
41509,15,"Urbanismo",451,"Infraestrutura Urbana "
38508,15,"Urbanismo",451,"Infraestrutura Urbana "
46509,8,"Assistência Social",244,"Assistência Comunitária"
41306,10,"Saúde",301,"Atenção Básica"
45721,15,"Urbanismo",451,"Infraestrutura Urbana "
39973,15,"Urbanismo",451,"Infraestrutura Urbana "
45999,8,"Assistência Social",245,"Serviços Socioassistenciais"
44559,8,"Assistência Social",244,"Assistência Comunitária"
43594,8,"Assistência Social",245,"Serviços Socioassistenciais"
38084,15,"Urbanismo",451,"Infraestrutura Urbana "
44063,15,"Urbanismo",451,"Infraestrutura Urbana "
39339,15,"Urbanismo",451,"Infraestrutura Urbana "
37731,15,"Urbanismo",451,"Infraestrutura Urbana "
39692,10,"Saúde",301,"Atenção Básica"
39028,15,"Urbanismo",451,"Infraestrutura Urbana "
44229,15,"Urbanismo",451,"Infraestrutura Urbana "
37216,15,"Urbanismo",451,"Infraestrutura Urbana "
38778,10,"Saúde",301,"Atenção Básica"
46679,20,"Agricultura",606,"Extensão Rural"
42516,15,"Urbanismo",451,"Infraestrutura Urbana "
39844,15,"Urbanismo",451,"Infraestrutura Urbana "
42014,17,"Saneamento",512,"Saneamento Básico Urbano"
40208,15,"Urbanismo",451,"Infraestrutura Urbana "
42034,17,"Saneamento",512,"Saneamento Básico Urbano"
46673,12,"Educação",368,"Educação Básica"
41734,20,"Agricultura",608,"Promoção da Produção Agropecuária"
43502,15,"Urbanismo",451,"Infraestrutura Urbana "
39336,15,"Urbanismo",451,"Infraestrutura Urbana "
41050,20,"Agricultura",608,"Promoção da Produção Agropecuária"
45274,20,"Agricultura",608,"Promoção da Produção Agropecuária"
46433,15,"Urbanismo",451,"Infraestrutura Urbana "
43743,8,"Assistência Social",244,"Assistência Comunitária"
38319,15,"Urbanismo",451,"Infraestrutura Urbana "
43792,15,"Urbanismo",451,"Infraestrutura Urbana "
41298,11,"Trabalho",333,"Empregabilidade"
46766,15,"Urbanismo",451,"Infraestrutura Urbana "
43876,10,"Saúde",302,"Assistência Hospitalar e Ambulatorial"
43530,13,"Cultura",392,"Difusão Cultural"
43855,10,"Saúde",302,"Assistência Hospitalar e Ambulatorial"
39096,15,"Urbanismo",451,"Infraestrutura Urbana "
37998,15,"Urbanismo",451,"Infraestrutura Urbana "
46887,8,"Assistência Social",245,"Serviços Socioassistenciais"
44052,8,"Assistência Social",245,"Serviços Socioassistenciais"
39342,15,"Urbanismo",451,"Infraestrutura Urbana "
39448,18,"Gestão Ambiental",544,"Recursos Hídricos"
43865,12,"Educação",361,"Ensino Fundamental"
40127,12,"Educação",361,"Ensino Fundamental"
43598,23,"Comércio e Serviços",695,"Turismo"
46382,15,"Urbanismo",451,"Infraestrutura Urbana "
46893,10,"Saúde",301,"Atenção Básica"
45207,15,"Urbanismo",451,"Infraestrutura Urbana "
40071,10,"Saúde",302,"Assistência Hospitalar e Ambulatorial"
40071,10,"Saúde",303,"Suporte Profilático e Terapêutico"
46917,15,"Urbanismo",451,"Infraestrutura Urbana "
40178,18,"Gestão Ambiental",544,"Recursos Hídricos"
41193,8,"Assistência Social",245,"Serviços Socioassistenciais"
44006,23,"Comércio e Serviços",695,"Turismo"
47087,15,"Urbanismo",451,"Infraestrutura Urbana "
37149,15,"Urbanismo",451,"Infraestrutura Urbana "
39409,20,"Agricultura",608,"Promoção da Produção Agropecuária"
44556,10,"Saúde",301,"Atenção Básica"
37566,15,"Urbanismo",451,"Infraestrutura Urbana "
45588,20,"Agricultura",605,"Abastecimento"
45588,20,"Agricultura",608,"Promoção da Produção Agropecuária"
46963,15,"Urbanismo",451,"Infraestrutura Urbana "
46369,8,"Assistência Social",244,"Assistência Comunitária"
46369,8,"Assistência Social",245,"Serviços Socioassistenciais"
37252,15,"Urbanismo",451,"Infraestrutura Urbana "
37232,15,"Urbanismo",451,"Infraestrutura Urbana "
38116,15,"Urbanismo",451,"Infraestrutura Urbana "
38868,15,"Urbanismo",451,"Infraestrutura Urbana "
39388,15,"Urbanismo",451,"Infraestrutura Urbana "
37852,15,"Urbanismo",451,"Infraestrutura Urbana "
37271,15,"Urbanismo",451,"Infraestrutura Urbana "
37197,15,"Urbanismo",451,"Infraestrutura Urbana "
39134,15,"Urbanismo",451,"Infraestrutura Urbana "
36966,15,"Urbanismo",451,"Infraestrutura Urbana "
37981,15,"Urbanismo",451,"Infraestrutura Urbana "
40199,15,"Urbanismo",451,"Infraestrutura Urbana "
40563,15,"Urbanismo",451,"Infraestrutura Urbana "
45388,15,"Urbanismo",451,"Infraestrutura Urbana "
41934,15,"Urbanismo",453,"Transportes Coletivos Urbanos"
39313,15,"Urbanismo",451,"Infraestrutura Urbana "
41754,15,"Urbanismo",451,"Infraestrutura Urbana "
41553,15,"Urbanismo",451,"Infraestrutura Urbana "
40113,15,"Urbanismo",451,"Infraestrutura Urbana "
37432,15,"Urbanismo",451,"Infraestrutura Urbana "
41097,15,"Urbanismo",451,"Infraestrutura Urbana "
40171,15,"Urbanismo",451,"Infraestrutura Urbana "
39035,15,"Urbanismo",451,"Infraestrutura Urbana "
41312,13,"Cultura",392,"Difusão Cultural"
40704,8,"Assistência Social",243,"Assistência à Criança e ao Adolescente"
38490,6,"Segurança Pública",181,"Policiamento"
39436,6,"Segurança Pública",181,"Policiamento"
42087,13,"Cultura",392,"Difusão Cultural"
38452,15,"Urbanismo",451,"Infraestrutura Urbana "
40839,15,"Urbanismo",451,"Infraestrutura Urbana "
40523,15,"Urbanismo",451,"Infraestrutura Urbana "
42084,6,"Segurança Pública",181,"Policiamento"
40611,15,"Urbanismo",451,"Infraestrutura Urbana "
41723,20,"Agricultura",608,"Promoção da Produção Agropecuária"
43302,15,"Urbanismo",451,"Infraestrutura Urbana "
45370,6,"Segurança Pública",181,"Policiamento"
41210,15,"Urbanismo",451,"Infraestrutura Urbana "
39752,15,"Urbanismo",451,"Infraestrutura Urbana "
37431,15,"Urbanismo",451,"Infraestrutura Urbana "
43150,8,"Assistência Social",245,"Serviços Socioassistenciais"
42921,6,"Segurança Pública",181,"Policiamento"
40104,15,"Urbanismo",451,"Infraestrutura Urbana "
41153,15,"Urbanismo",451,"Infraestrutura Urbana "
39653,15,"Urbanismo",451,"Infraestrutura Urbana "
42314,23,"Comércio e Serviços",695,"Turismo"
45610,6,"Segurança Pública",181,"Policiamento"
45809,18,"Gestão Ambiental",544,"Recursos Hídricos"
42645,23,"Comércio e Serviços",695,"Turismo"
41609,18,"Gestão Ambiental",544,"Recursos Hídricos"
37677,15,"Urbanismo",451,"Infraestrutura Urbana "
46473,10,"Saúde",301,"Atenção Básica"
38107,15,"Urbanismo",451,"Infraestrutura Urbana "
40602,13,"Cultura",392,"Difusão Cultural"
41757,15,"Urbanismo",451,"Infraestrutura Urbana "
46424,15,"Urbanismo",451,"Infraestrutura Urbana "
46535,20,"Agricultura",608,"Promoção da Produção Agropecuária"
38352,8,"Assistência Social",244,"Assistência Comunitária"
46229,15,"Urbanismo",451,"Infraestrutura Urbana "
46138,15,"Urbanismo",451,"Infraestrutura Urbana "
39076,15,"Urbanismo",451,"Infraestrutura Urbana "
46293,18,"Gestão Ambiental",544,"Recursos Hídricos"
40269,13,"Cultura",392,"Difusão Cultural"
37560,15,"Urbanismo",451,"Infraestrutura Urbana "
37694,15,"Urbanismo",451,"Infraestrutura Urbana "
41646,27,"Desporto e Lazer",813,"Lazer"
37695,15,"Urbanismo",451,"Infraestrutura Urbana "
44891,8,"Assistência Social",244,"Assistência Comunitária"
42442,10,"Saúde",301,"Atenção Básica"
42442,12,"Educação",368,"Educação Básica"
42442,15,"Urbanismo",452,"Serviços Urbanos"
38757,15,"Urbanismo",451,"Infraestrutura Urbana "
46576,8,"Assistência Social",245,"Serviços Socioassistenciais"
42638,26,"Transporte",782,"Transporte Rodoviário"
44389,16,"Habitação",481,"Habitação Rural"
44389,16,"Habitação",482,"Habitação Urbana"
43860,27,"Desporto e Lazer",812,"Desporto Comunitário"
41374,15,"Urbanismo",451,"Infraestrutura Urbana "
37057,15,"Urbanismo",451,"Infraestrutura Urbana "
42308,27,"Desporto e Lazer",812,"Desporto Comunitário"
44495,23,"Comércio e Serviços",695,"Turismo"
46220,23,"Comércio e Serviços",695,"Turismo"
38687,10,"Saúde",302,"Assistência Hospitalar e Ambulatorial"
37046,20,"Agricultura",608,"Promoção da Produção Agropecuária"
37334,15,"Urbanismo",451,"Infraestrutura Urbana "
43691,15,"Urbanismo",451,"Infraestrutura Urbana "
40428,20,"Agricultura",608,"Promoção da Produção Agropecuária"
36967,20,"Agricultura",608,"Promoção da Produção Agropecuária"
46430,15,"Urbanismo",451,"Infraestrutura Urbana "
41310,10,"Saúde",301,"Atenção Básica"
43123,15,"Urbanismo",451,"Infraestrutura Urbana "
38240,15,"Urbanismo",451,"Infraestrutura Urbana "
38130,20,"Agricultura",606,"Extensão Rural"
39377,15,"Urbanismo",451,"Infraestrutura Urbana "
45340,6,"Segurança Pública",182,"Defesa Civil"
40518,15,"Urbanismo",451,"Infraestrutura Urbana "
39938,15,"Urbanismo",451,"Infraestrutura Urbana "
38644,20,"Agricultura",608,"Promoção da Produção Agropecuária"
39709,10,"Saúde",302,"Assistência Hospitalar e Ambulatorial"
43371,10,"Saúde",302,"Assistência Hospitalar e Ambulatorial"
38550,15,"Urbanismo",451,"Infraestrutura Urbana "
38260,20,"Agricultura",608,"Promoção da Produção Agropecuária"
42002,27,"Desporto e Lazer",813,"Lazer"
38305,20,"Agricultura",608,"Promoção da Produção Agropecuária"
38241,15,"Urbanismo",451,"Infraestrutura Urbana "
43844,17,"Saneamento",512,"Saneamento Básico Urbano"
37443,15,"Urbanismo",451,"Infraestrutura Urbana "
40273,15,"Urbanismo",451,"Infraestrutura Urbana "
37769,15,"Urbanismo",451,"Infraestrutura Urbana "
41699,15,"Urbanismo",451,"Infraestrutura Urbana "
43999,27,"Desporto e Lazer",813,"Lazer"
37797,15,"Urbanismo",451,"Infraestrutura Urbana "
42554,8,"Assistência Social",243,"Assistência à Criança e ao Adolescente"
38557,27,"Desporto e Lazer",813,"Lazer"
40268,15,"Urbanismo",451,"Infraestrutura Urbana "
45641,20,"Agricultura",608,"Promoção da Produção Agropecuária"
37963,15,"Urbanismo",451,"Infraestrutura Urbana "
37963,20,"Agricultura",608,"Promoção da Produção Agropecuária"
47142,12,"Educação",365,"Educação Infantil"
38794,15,"Urbanismo",451,"Infraestrutura Urbana "
38296,15,"Urbanismo",451,"Infraestrutura Urbana "
45539,18,"Gestão Ambiental",542,"Controle Ambiental"
37155,6,"Segurança Pública",181,"Policiamento"
40737,15,"Urbanismo",451,"Infraestrutura Urbana "
37148,27,"Desporto e Lazer",813,"Lazer"
39945,16,"Habitação",482,"Habitação Urbana"
37621,15,"Urbanismo",451,"Infraestrutura Urbana "
44024,20,"Agricultura",606,"Extensão Rural"
38172,10,"Saúde",302,"Assistência Hospitalar e Ambulatorial"
37108,6,"Segurança Pública",181,"Policiamento"
40122,15,"Urbanismo",451,"Infraestrutura Urbana "
38359,15,"Urbanismo",451,"Infraestrutura Urbana "
39533,15,"Urbanismo",451,"Infraestrutura Urbana "
38255,20,"Agricultura",608,"Promoção da Produção Agropecuária"
39829,10,"Saúde",301,"Atenção Básica"
38013,15,"Urbanismo",451,"Infraestrutura Urbana "
38257,15,"Urbanismo",451,"Infraestrutura Urbana "
40860,15,"Urbanismo",451,"Infraestrutura Urbana "
44027,15,"Urbanismo",451,"Infraestrutura Urbana "
46959,20,"Agricultura",608,"Promoção da Produção Agropecuária"
37651,15,"Urbanismo",451,"Infraestrutura Urbana "
45258,15,"Urbanismo",451,"Infraestrutura Urbana "
45467,15,"Urbanismo",451,"Infraestrutura Urbana "
39188,15,"Urbanismo",451,"Infraestrutura Urbana "
38266,15,"Urbanismo",451,"Infraestrutura Urbana "
45311,20,"Agricultura",608,"Promoção da Produção Agropecuária"
38280,15,"Urbanismo",451,"Infraestrutura Urbana "
43788,20,"Agricultura",608,"Promoção da Produção Agropecuária"
44398,15,"Urbanismo",451,"Infraestrutura Urbana "
39381,13,"Cultura",392,"Difusão Cultural"
42205,27,"Desporto e Lazer",813,"Lazer"
44923,27,"Desporto e Lazer",813,"Lazer"
42487,15,"Urbanismo",452,"Serviços Urbanos"
44481,10,"Saúde",301,"Atenção Básica"
39895,15,"Urbanismo",451,"Infraestrutura Urbana "
46734,15,"Urbanismo",451,"Infraestrutura Urbana "
46938,8,"Assistência Social",243,"Assistência à Criança e ao Adolescente"
45855,20,"Agricultura",606,"Extensão Rural"
41198,15,"Urbanismo",451,"Infraestrutura Urbana "
44566,15,"Urbanismo",451,"Infraestrutura Urbana "
38967,15,"Urbanismo",451,"Infraestrutura Urbana "
37626,15,"Urbanismo",451,"Infraestrutura Urbana "
45824,6,"Segurança Pública",182,"Defesa Civil"
42915,20,"Agricultura",605,"Abastecimento"
43241,6,"Segurança Pública",183,"Informação e Inteligência"
43798,27,"Desporto e Lazer",813,"Lazer"
39987,21,"Organização Agrária",631,"Reforma Agrária"
44358,27,"Desporto e Lazer",812,"Desporto Comunitário"
39075,12,"Educação",362,"Ensino Médio"
41688,15,"Urbanismo",451,"Infraestrutura Urbana "
38697,17,"Saneamento",511,"Saneamento Básico Rural"
40144,15,"Urbanismo",451,"Infraestrutura Urbana "
39027,20,"Agricultura",608,"Promoção da Produção Agropecuária"
41259,15,"Urbanismo",451,"Infraestrutura Urbana "
38663,17,"Saneamento",511,"Saneamento Básico Rural"
37746,15,"Urbanismo",451,"Infraestrutura Urbana "
37720,20,"Agricultura",606,"Extensão Rural"
38679,17,"Saneamento",511,"Saneamento Básico Rural"
38712,17,"Saneamento",511,"Saneamento Básico Rural"
37919,15,"Urbanismo",451,"Infraestrutura Urbana "
41238,15,"Urbanismo",451,"Infraestrutura Urbana "
45168,10,"Saúde",302,"Assistência Hospitalar e Ambulatorial"
43138,20,"Agricultura",608,"Promoção da Produção Agropecuária"
43138,20,"Agricultura",606,"Extensão Rural"
38733,20,"Agricultura",608,"Promoção da Produção Agropecuária"
38181,20,"Agricultura",606,"Extensão Rural"
38428,12,"Educação",361,"Ensino Fundamental"
44364,20,"Agricultura",605,"Abastecimento"
44364,20,"Agricultura",606,"Extensão Rural"
44364,20,"Agricultura",608,"Promoção da Produção Agropecuária"
40475,15,"Urbanismo",451,"Infraestrutura Urbana "
44994,15,"Urbanismo",451,"Infraestrutura Urbana "
37407,15,"Urbanismo",451,"Infraestrutura Urbana "
46620,13,"Cultura",392,"Difusão Cultural"
41242,15,"Urbanismo",451,"Infraestrutura Urbana "
38294,15,"Urbanismo",451,"Infraestrutura Urbana "
47105,8,"Assistência Social",245,"Serviços Socioassistenciais"
41263,15,"Urbanismo",451,"Infraestrutura Urbana "
41289,8,"Assistência Social",245,"Serviços Socioassistenciais"
42395,8,"Assistência Social",245,"Serviços Socioassistenciais"
41138,15,"Urbanismo",451,"Infraestrutura Urbana "
41597,15,"Urbanismo",451,"Infraestrutura Urbana "
37313,15,"Urbanismo",451,"Infraestrutura Urbana "
38656,17,"Saneamento",511,"Saneamento Básico Rural"
44381,10,"Saúde",302,"Assistência Hospitalar e Ambulatorial"
46609,23,"Comércio e Serviços",695,"Turismo"
43431,15,"Urbanismo",451,"Infraestrutura Urbana "
37084,17,"Saneamento",512,"Saneamento Básico Urbano"
44235,6,"Segurança Pública",181,"Policiamento"
38336,15,"Urbanismo",451,"Infraestrutura Urbana "
40169,15,"Urbanismo",451,"Infraestrutura Urbana "
41107,15,"Urbanismo",451,"Infraestrutura Urbana "
43920,27,"Desporto e Lazer",813,"Lazer"
41226,15,"Urbanismo",451,"Infraestrutura Urbana "
40825,10,"Saúde",301,"Atenção Básica"
40555,10,"Saúde",301,"Atenção Básica"
41575,15,"Urbanismo",451,"Infraestrutura Urbana "
39781,27,"Desporto e Lazer",812,"Desporto Comunitário"
40554,10,"Saúde",301,"Atenção Básica"
44148,10,"Saúde",301,"Atenção Básica"
39179,15,"Urbanismo",451,"Infraestrutura Urbana "
45384,15,"Urbanismo",451,"Infraestrutura Urbana "
39291,20,"Agricultura",608,"Promoção da Produção Agropecuária"
41549,20,"Agricultura",608,"Promoção da Produção Agropecuária"
43549,15,"Urbanismo",451,"Infraestrutura Urbana "
41830,15,"Urbanismo",451,"Infraestrutura Urbana "
45796,13,"Cultura",392,"Difusão Cultural"
43935,23,"Comércio e Serviços",695,"Turismo"
43102,15,"Urbanismo",451,"Infraestrutura Urbana "
45569,8,"Assistência Social",245,"Serviços Socioassistenciais"
45297,15,"Urbanismo",451,"Infraestrutura Urbana "
45126,15,"Urbanismo",451,"Infraestrutura Urbana "
39382,15,"Urbanismo",451,"Infraestrutura Urbana "
44041,15,"Urbanismo",451,"Infraestrutura Urbana "
43450,15,"Urbanismo",451,"Infraestrutura Urbana "
41140,15,"Urbanismo",452,"Serviços Urbanos"
44501,15,"Urbanismo",451,"Infraestrutura Urbana "
41692,8,"Assistência Social",245,"Serviços Socioassistenciais"
38126,13,"Cultura",392,"Difusão Cultural"
41661,20,"Agricultura",608,"Promoção da Produção Agropecuária"
45940,10,"Saúde",301,"Atenção Básica"
44083,15,"Urbanismo",451,"Infraestrutura Urbana "
45310,15,"Urbanismo",451,"Infraestrutura Urbana "
44008,20,"Agricultura",608,"Promoção da Produção Agropecuária"
40784,15,"Urbanismo",451,"Infraestrutura Urbana "
38234,15,"Urbanismo",451,"Infraestrutura Urbana "
46311,27,"Desporto e Lazer",812,"Desporto Comunitário"
37462,20,"Agricultura",608,"Promoção da Produção Agropecuária"
41697,15,"Urbanismo",451,"Infraestrutura Urbana "
38207,23,"Comércio e Serviços",695,"Turismo"
38220,27,"Desporto e Lazer",812,"Desporto Comunitário"
40438,15,"Urbanismo",451,"Infraestrutura Urbana "
45208,8,"Assistência Social",245,"Serviços Socioassistenciais"
40231,27,"Desporto e Lazer",812,"Desporto Comunitário"
45791,15,"Urbanismo",451,"Infraestrutura Urbana "
46675,15,"Urbanismo",451,"Infraestrutura Urbana "
44379,15,"Urbanismo",451,"Infraestrutura Urbana "
44900,27,"Desporto e Lazer",812,"Desporto Comunitário"
45900,15,"Urbanismo",451,"Infraestrutura Urbana "
45601,8,"Assistência Social",245,"Serviços Socioassistenciais"
40809,10,"Saúde",301,"Atenção Básica"
45293,18,"Gestão Ambiental",544,"Recursos Hídricos"
45650,8,"Assistência Social",245,"Serviços Socioassistenciais"
38454,10,"Saúde",301,"Atenção Básica"
44432,10,"Saúde",301,"Atenção Básica"
44687,15,"Urbanismo",451,"Infraestrutura Urbana "
46335,12,"Educação",365,"Educação Infantil"
46278,8,"Assistência Social",244,"Assistência Comunitária"
46267,10,"Saúde",302,"Assistência Hospitalar e Ambulatorial"
43420,15,"Urbanismo",451,"Infraestrutura Urbana "
45764,15,"Urbanismo",451,"Infraestrutura Urbana "
39917,10,"Saúde",302,"Assistência Hospitalar e Ambulatorial"
38797,10,"Saúde",302,"Assistência Hospitalar e Ambulatorial"
38614,15,"Urbanismo",451,"Infraestrutura Urbana "
43220,13,"Cultura",392,"Difusão Cultural"
46237,13,"Cultura",392,"Difusão Cultural"
44990,15,"Urbanismo",451,"Infraestrutura Urbana "
40515,13,"Cultura",392,"Difusão Cultural"
43683,15,"Urbanismo",451,"Infraestrutura Urbana "
45250,10,"Saúde",301,"Atenção Básica"
41873,13,"Cultura",392,"Difusão Cultural"
42448,23,"Comércio e Serviços",695,"Turismo"
42555,15,"Urbanismo",451,"Infraestrutura Urbana "
40173,12,"Educação",364,"Ensino Superior"
42479,15,"Urbanismo",451,"Infraestrutura Urbana "
38345,10,"Saúde",301,"Atenção Básica"
43930,10,"Saúde",302,"Assistência Hospitalar e Ambulatorial"
46077,10,"Saúde",302,"Assistência Hospitalar e Ambulatorial"
41340,20,"Agricultura",608,"Promoção da Produção Agropecuária"
42733,16,"Habitação",482,"Habitação Urbana"
37610,15,"Urbanismo",451,"Infraestrutura Urbana "
43276,15,"Urbanismo",451,"Infraestrutura Urbana "
45685,15,"Urbanismo",451,"Infraestrutura Urbana "
46964,27,"Desporto e Lazer",812,"Desporto Comunitário"
46757,27,"Desporto e Lazer",812,"Desporto Comunitário"
40424,15,"Urbanismo",451,"Infraestrutura Urbana "
43711,8,"Assistência Social",245,"Serviços Socioassistenciais"
42224,15,"Urbanismo",451,"Infraestrutura Urbana "
42597,8,"Assistência Social",244,"Assistência Comunitária"
44289,10,"Saúde",302,"Assistência Hospitalar e Ambulatorial"
46514,12,"Educação",362,"Ensino Médio"
43328,12,"Educação",361,"Ensino Fundamental"
42992,15,"Urbanismo",451,"Infraestrutura Urbana "
42418,10,"Saúde",302,"Assistência Hospitalar e Ambulatorial"
47134,20,"Agricultura",608,"Promoção da Produção Agropecuária"
45018,8,"Assistência Social",245,"Serviços Socioassistenciais"
45709,10,"Saúde",302,"Assistência Hospitalar e Ambulatorial"
46183,15,"Urbanismo",453,"Transportes Coletivos Urbanos"
42627,23,"Comércio e Serviços",695,"Turismo"
39404,15,"Urbanismo",451,"Infraestrutura Urbana "
43024,27,"Desporto e Lazer",812,"Desporto Comunitário"
43103,20,"Agricultura",608,"Promoção da Produção Agropecuária"
42232,27,"Desporto e Lazer",812,"Desporto Comunitário"
39260,13,"Cultura",392,"Difusão Cultural"
38365,23,"Comércio e Serviços",695,"Turismo"
43067,20,"Agricultura",608,"Promoção da Produção Agropecuária"
39944,15,"Urbanismo",451,"Infraestrutura Urbana "
44257,10,"Saúde",302,"Assistência Hospitalar e Ambulatorial"
38866,15,"Urbanismo",451,"Infraestrutura Urbana "
40646,20,"Agricultura",606,"Extensão Rural"
42920,27,"Desporto e Lazer",812,"Desporto Comunitário"
38364,13,"Cultura",392,"Difusão Cultural"
39412,17,"Saneamento",511,"Saneamento Básico Rural"
46577,20,"Agricultura",608,"Promoção da Produção Agropecuária"
42839,15,"Urbanismo",451,"Infraestrutura Urbana "
44001,20,"Agricultura",606,"Extensão Rural"
46807,12,"Educação",368,"Educação Básica"
43912,15,"Urbanismo",451,"Infraestrutura Urbana "
40514,15,"Urbanismo",452,"Serviços Urbanos"
44996,20,"Agricultura",605,"Abastecimento"
42123,15,"Urbanismo",451,"Infraestrutura Urbana "
43846,20,"Agricultura",608,"Promoção da Produção Agropecuária"
43720,15,"Urbanismo",451,"Infraestrutura Urbana "
42441,15,"Urbanismo",451,"Infraestrutura Urbana "
39566,15,"Urbanismo",451,"Infraestrutura Urbana "
37562,15,"Urbanismo",451,"Infraestrutura Urbana "
45074,27,"Desporto e Lazer",812,"Desporto Comunitário"
39757,15,"Urbanismo",451,"Infraestrutura Urbana "
37598,23,"Comércio e Serviços",695,"Turismo"
41662,26,"Transporte",782,"Transporte Rodoviário"
40671,10,"Saúde",302,"Assistência Hospitalar e Ambulatorial"
40477,15,"Urbanismo",452,"Serviços Urbanos"
39551,20,"Agricultura",608,"Promoção da Produção Agropecuária"
43269,15,"Urbanismo",451,"Infraestrutura Urbana "
37544,13,"Cultura",392,"Difusão Cultural"
42654,8,"Assistência Social",244,"Assistência Comunitária"
45086,15,"Urbanismo",451,"Infraestrutura Urbana "
39681,22,"Indústria",661,"Promoção Industrial"
42656,8,"Assistência Social",244,"Assistência Comunitária"
38937,10,"Saúde",301,"Atenção Básica"
43254,10,"Saúde",301,"Atenção Básica"
41085,20,"Agricultura",608,"Promoção da Produção Agropecuária"
43722,23,"Comércio e Serviços",695,"Turismo"
39889,10,"Saúde",302,"Assistência Hospitalar e Ambulatorial"
43982,27,"Desporto e Lazer",813,"Lazer"
44209,8,"Assistência Social",244,"Assistência Comunitária"
40785,27,"Desporto e Lazer",812,"Desporto Comunitário"
40639,15,"Urbanismo",451,"Infraestrutura Urbana "
40650,15,"Urbanismo",451,"Infraestrutura Urbana "
38904,22,"Indústria",662,"Produção Industrial"
38222,15,"Urbanismo",451,"Infraestrutura Urbana "
44753,15,"Urbanismo",451,"Infraestrutura Urbana "
38182,15,"Urbanismo",451,"Infraestrutura Urbana "
42401,8,"Assistência Social",244,"Assistência Comunitária"
37787,8,"Assistência Social",244,"Assistência Comunitária"
39350,15,"Urbanismo",451,"Infraestrutura Urbana "
42109,15,"Urbanismo",451,"Infraestrutura Urbana "
37201,15,"Urbanismo",451,"Infraestrutura Urbana "
38372,15,"Urbanismo",451,"Infraestrutura Urbana "
37199,15,"Urbanismo",451,"Infraestrutura Urbana "
43899,15,"Urbanismo",451,"Infraestrutura Urbana "
43252,15,"Urbanismo",451,"Infraestrutura Urbana "
37237,15,"Urbanismo",451,"Infraestrutura Urbana "
41485,8,"Assistência Social",245,"Serviços Socioassistenciais"
39307,10,"Saúde",301,"Atenção Básica"
47204,10,"Saúde",301,"Atenção Básica"
45016,10,"Saúde",301,"Atenção Básica"
46662,15,"Urbanismo",451,"Infraestrutura Urbana "
43675,15,"Urbanismo",451,"Infraestrutura Urbana "
41564,15,"Urbanismo",451,"Infraestrutura Urbana "
46912,15,"Urbanismo",451,"Infraestrutura Urbana "
44312,15,"Urbanismo",451,"Infraestrutura Urbana "
39194,15,"Urbanismo",451,"Infraestrutura Urbana "
38462,15,"Urbanismo",451,"Infraestrutura Urbana "
41038,15,"Urbanismo",451,"Infraestrutura Urbana "
37642,8,"Assistência Social",244,"Assistência Comunitária"
40958,13,"Cultura",392,"Difusão Cultural"
43132,15,"Urbanismo",451,"Infraestrutura Urbana "
40459,15,"Urbanismo",451,"Infraestrutura Urbana "
42263,8,"Assistência Social",245,"Serviços Socioassistenciais"
39857,27,"Desporto e Lazer",812,"Desporto Comunitário"
39857,27,"Desporto e Lazer",813,"Lazer"
40926,15,"Urbanismo",451,"Infraestrutura Urbana "
41398,15,"Urbanismo",451,"Infraestrutura Urbana "
41178,20,"Agricultura",608,"Promoção da Produção Agropecuária"
41178,20,"Agricultura",606,"Extensão Rural"
41103,20,"Agricultura",608,"Promoção da Produção Agropecuária"
41103,20,"Agricultura",606,"Extensão Rural"
37737,20,"Agricultura",608,"Promoção da Produção Agropecuária"
37153,10,"Saúde",301,"Atenção Básica"
37469,20,"Agricultura",608,"Promoção da Produção Agropecuária"
42381,20,"Agricultura",608,"Promoção da Produção Agropecuária"
41380,20,"Agricultura",608,"Promoção da Produção Agropecuária"
37887,20,"Agricultura",608,"Promoção da Produção Agropecuária"
37886,20,"Agricultura",608,"Promoção da Produção Agropecuária"
39783,15,"Urbanismo",451,"Infraestrutura Urbana "
39526,15,"Urbanismo",451,"Infraestrutura Urbana "
44140,10,"Saúde",301,"Atenção Básica"
37554,15,"Urbanismo",451,"Infraestrutura Urbana "
37554,15,"Urbanismo",452,"Serviços Urbanos"
40889,15,"Urbanismo",451,"Infraestrutura Urbana "
43224,15,"Urbanismo",451,"Infraestrutura Urbana "
45852,12,"Educação",361,"Ensino Fundamental"
41895,20,"Agricultura",608,"Promoção da Produção Agropecuária"
45681,20,"Agricultura",605,"Abastecimento"
37451,27,"Desporto e Lazer",813,"Lazer"
45048,15,"Urbanismo",451,"Infraestrutura Urbana "
40241,15,"Urbanismo",451,"Infraestrutura Urbana "
45177,15,"Urbanismo",451,"Infraestrutura Urbana "
40596,15,"Urbanismo",451,"Infraestrutura Urbana "
40032,17,"Saneamento",512,"Saneamento Básico Urbano"
37287,15,"Urbanismo",451,"Infraestrutura Urbana "
45848,15,"Urbanismo",451,"Infraestrutura Urbana "
41881,20,"Agricultura",608,"Promoção da Produção Agropecuária"
46166,20,"Agricultura",608,"Promoção da Produção Agropecuária"
44248,17,"Saneamento",512,"Saneamento Básico Urbano"
43555,17,"Saneamento",512,"Saneamento Básico Urbano"
45113,15,"Urbanismo",451,"Infraestrutura Urbana "
38043,18,"Gestão Ambiental",541,"Preservação e Conservação Ambiental"
38133,15,"Urbanismo",451,"Infraestrutura Urbana "
38208,17,"Saneamento",512,"Saneamento Básico Urbano"
44181,10,"Saúde",302,"Assistência Hospitalar e Ambulatorial"
37657,15,"Urbanismo",451,"Infraestrutura Urbana "
40657,15,"Urbanismo",451,"Infraestrutura Urbana "
39596,18,"Gestão Ambiental",541,"Preservação e Conservação Ambiental"
43356,13,"Cultura",391,"Patrimônio Histórico, Artístico e Arqueológico"
41712,15,"Urbanismo",451,"Infraestrutura Urbana "
42099,23,"Comércio e Serviços",695,"Turismo"
46223,23,"Comércio e Serviços",695,"Turismo"
37522,23,"Comércio e Serviços",695,"Turismo"
46189,23,"Comércio e Serviços",695,"Turismo"
37094,23,"Comércio e Serviços",695,"Turismo"
39203,13,"Cultura",392,"Difusão Cultural"
38316,23,"Comércio e Serviços",695,"Turismo"
44728,23,"Comércio e Serviços",695,"Turismo"
41455,15,"Urbanismo",451,"Infraestrutura Urbana "
37176,15,"Urbanismo",451,"Infraestrutura Urbana "
46819,15,"Urbanismo",451,"Infraestrutura Urbana "
41091,23,"Comércio e Serviços",695,"Turismo"
45154,23,"Comércio e Serviços",695,"Turismo"
38788,17,"Saneamento",512,"Saneamento Básico Urbano"
44256,20,"Agricultura",608,"Promoção da Produção Agropecuária"
37567,13,"Cultura",392,"Difusão Cultural"
45813,13,"Cultura",392,"Difusão Cultural"
41675,13,"Cultura",392,"Difusão Cultural"
41958,15,"Urbanismo",451,"Infraestrutura Urbana "
38830,8,"Assistência Social",241,"Assistência ao Idoso"
38830,8,"Assistência Social",242,"Assistência ao Portador de Deficiência"
38830,8,"Assistência Social",243,"Assistência à Criança e ao Adolescente"
38830,8,"Assistência Social",245,"Serviços Socioassistenciais"
38830,8,"Assistência Social",244,"Assistência Comunitária"
43232,15,"Urbanismo",451,"Infraestrutura Urbana "
43733,15,"Urbanismo",451,"Infraestrutura Urbana "
43455,10,"Saúde",301,"Atenção Básica"
45411,13,"Cultura",392,"Difusão Cultural"
47256,10,"Saúde",301,"Atenção Básica"
46179,20,"Agricultura",608,"Promoção da Produção Agropecuária"
41863,15,"Urbanismo",451,"Infraestrutura Urbana "
38058,15,"Urbanismo",451,"Infraestrutura Urbana "
42961,15,"Urbanismo",451,"Infraestrutura Urbana "
45092,27,"Desporto e Lazer",813,"Lazer"
44995,10,"Saúde",302,"Assistência Hospitalar e Ambulatorial"
43495,20,"Agricultura",608,"Promoção da Produção Agropecuária"
38371,27,"Desporto e Lazer",813,"Lazer"
38648,27,"Desporto e Lazer",813,"Lazer"
43880,12,"Educação",361,"Ensino Fundamental"
44932,15,"Urbanismo",451,"Infraestrutura Urbana "
41460,15,"Urbanismo",451,"Infraestrutura Urbana "
41698,18,"Gestão Ambiental",541,"Preservação e Conservação Ambiental"
39263,15,"Urbanismo",451,"Infraestrutura Urbana "
42813,15,"Urbanismo",451,"Infraestrutura Urbana "
45321,27,"Desporto e Lazer",812,"Desporto Comunitário"
44527,12,"Educação",368,"Educação Básica"
46918,15,"Urbanismo",451,"Infraestrutura Urbana "
44046,15,"Urbanismo",451,"Infraestrutura Urbana "
37909,20,"Agricultura",608,"Promoção da Produção Agropecuária"
46008,20,"Agricultura",608,"Promoção da Produção Agropecuária"
46222,20,"Agricultura",608,"Promoção da Produção Agropecuária"
38291,15,"Urbanismo",451,"Infraestrutura Urbana "
38376,23,"Comércio e Serviços",695,"Turismo"
44973,18,"Gestão Ambiental",544,"Recursos Hídricos"
45986,15,"Urbanismo",451,"Infraestrutura Urbana "
39924,15,"Urbanismo",451,"Infraestrutura Urbana "
43535,6,"Segurança Pública",181,"Policiamento"
39762,22,"Indústria",661,"Promoção Industrial"
39988,20,"Agricultura",608,"Promoção da Produção Agropecuária"
38555,20,"Agricultura",608,"Promoção da Produção Agropecuária"
40766,20,"Agricultura",608,"Promoção da Produção Agropecuária"
40493,20,"Agricultura",608,"Promoção da Produção Agropecuária"
42713,15,"Urbanismo",451,"Infraestrutura Urbana "
38699,26,"Transporte",782,"Transporte Rodoviário"
37934,15,"Urbanismo",451,"Infraestrutura Urbana "
45030,15,"Urbanismo",451,"Infraestrutura Urbana "
46209,8,"Assistência Social",244,"Assistência Comunitária"
39689,23,"Comércio e Serviços",695,"Turismo"
44126,6,"Segurança Pública",181,"Policiamento"
44674,20,"Agricultura",608,"Promoção da Produção Agropecuária"
43499,20,"Agricultura",608,"Promoção da Produção Agropecuária"
43814,19,"Ciência e Tecnologia",573,"Difusão do Conhecimento Científico e Tecnológico"
47067,20,"Agricultura",608,"Promoção da Produção Agropecuária"
41445,20,"Agricultura",608,"Promoção da Produção Agropecuária"
42254,23,"Comércio e Serviços",695,"Turismo"
46641,20,"Agricultura",608,"Promoção da Produção Agropecuária"
42670,27,"Desporto e Lazer",813,"Lazer"
39953,6,"Segurança Pública",181,"Policiamento"
44796,20,"Agricultura",608,"Promoção da Produção Agropecuária"
45612,13,"Cultura",391,"Patrimônio Histórico, Artístico e Arqueológico"
37315,20,"Agricultura",608,"Promoção da Produção Agropecuária"
40607,15,"Urbanismo",451,"Infraestrutura Urbana "
37259,15,"Urbanismo",451,"Infraestrutura Urbana "
38348,15,"Urbanismo",451,"Infraestrutura Urbana "
41028,15,"Urbanismo",451,"Infraestrutura Urbana "
39856,15,"Urbanismo",451,"Infraestrutura Urbana "
41586,15,"Urbanismo",451,"Infraestrutura Urbana "
46483,26,"Transporte",782,"Transporte Rodoviário"
38501,15,"Urbanismo",451,"Infraestrutura Urbana "
42884,15,"Urbanismo",451,"Infraestrutura Urbana "
40702,15,"Urbanismo",451,"Infraestrutura Urbana "
42778,17,"Saneamento",512,"Saneamento Básico Urbano"
45362,26,"Transporte",782,"Transporte Rodoviário"
43267,15,"Urbanismo",451,"Infraestrutura Urbana "
46160,15,"Urbanismo",451,"Infraestrutura Urbana "
38099,15,"Urbanismo",451,"Infraestrutura Urbana "
46338,20,"Agricultura",608,"Promoção da Produção Agropecuária"
45171,15,"Urbanismo",451,"Infraestrutura Urbana "
37292,15,"Urbanismo",451,"Infraestrutura Urbana "
37827,8,"Assistência Social",245,"Serviços Socioassistenciais"
46297,23,"Comércio e Serviços",695,"Turismo"
44002,26,"Transporte",782,"Transporte Rodoviário"
39465,15,"Urbanismo",451,"Infraestrutura Urbana "
37992,15,"Urbanismo",451,"Infraestrutura Urbana "
44974,15,"Urbanismo",451,"Infraestrutura Urbana "
45965,27,"Desporto e Lazer",813,"Lazer"
37212,15,"Urbanismo",451,"Infraestrutura Urbana "
40247,15,"Urbanismo",451,"Infraestrutura Urbana "
37582,15,"Urbanismo",451,"Infraestrutura Urbana "
42582,16,"Habitação",482,"Habitação Urbana"
46148,15,"Urbanismo",451,"Infraestrutura Urbana "
38141,23,"Comércio e Serviços",695,"Turismo"
42524,13,"Cultura",392,"Difusão Cultural"
42423,15,"Urbanismo",451,"Infraestrutura Urbana "
43513,23,"Comércio e Serviços",695,"Turismo"
43794,10,"Saúde",301,"Atenção Básica"
39132,23,"Comércio e Serviços",695,"Turismo"
39728,10,"Saúde",301,"Atenção Básica"
46929,23,"Comércio e Serviços",695,"Turismo"
40399,10,"Saúde",301,"Atenção Básica"
41184,23,"Comércio e Serviços",695,"Turismo"
41026,20,"Agricultura",608,"Promoção da Produção Agropecuária"
39665,23,"Comércio e Serviços",695,"Turismo"
44036,8,"Assistência Social",243,"Assistência à Criança e ao Adolescente"
41585,27,"Desporto e Lazer",813,"Lazer"
38022,15,"Urbanismo",451,"Infraestrutura Urbana "
37163,15,"Urbanismo",451,"Infraestrutura Urbana "
42807,15,"Urbanismo",451,"Infraestrutura Urbana "
41539,26,"Transporte",782,"Transporte Rodoviário"
38814,15,"Urbanismo",451,"Infraestrutura Urbana "
47171,13,"Cultura",392,"Difusão Cultural"
40787,15,"Urbanismo",452,"Serviços Urbanos"
38865,15,"Urbanismo",451,"Infraestrutura Urbana "
43524,15,"Urbanismo",451,"Infraestrutura Urbana "
46564,20,"Agricultura",608,"Promoção da Produção Agropecuária"
42100,6,"Segurança Pública",181,"Policiamento"
42622,15,"Urbanismo",451,"Infraestrutura Urbana "
45180,15,"Urbanismo",451,"Infraestrutura Urbana "
42868,15,"Urbanismo",451,"Infraestrutura Urbana "
43090,27,"Desporto e Lazer",813,"Lazer"
45204,15,"Urbanismo",451,"Infraestrutura Urbana "
43389,20,"Agricultura",608,"Promoção da Produção Agropecuária"
38382,23,"Comércio e Serviços",695,"Turismo"
42351,15,"Urbanismo",451,"Infraestrutura Urbana "
42322,20,"Agricultura",608,"Promoção da Produção Agropecuária"
41533,20,"Agricultura",608,"Promoção da Produção Agropecuária"
40248,20,"Agricultura",608,"Promoção da Produção Agropecuária"
47244,15,"Urbanismo",452,"Serviços Urbanos"
45980,15,"Urbanismo",451,"Infraestrutura Urbana "
41778,15,"Urbanismo",451,"Infraestrutura Urbana "
39433,15,"Urbanismo",451,"Infraestrutura Urbana "
37082,15,"Urbanismo",451,"Infraestrutura Urbana "
45377,15,"Urbanismo",451,"Infraestrutura Urbana "
45724,15,"Urbanismo",451,"Infraestrutura Urbana "
45724,15,"Urbanismo",452,"Serviços Urbanos"
40437,23,"Comércio e Serviços",695,"Turismo"
42805,23,"Comércio e Serviços",695,"Turismo"
42402,15,"Urbanismo",451,"Infraestrutura Urbana "
40868,15,"Urbanismo",451,"Infraestrutura Urbana "
43149,27,"Desporto e Lazer",813,"Lazer"
37611,27,"Desporto e Lazer",811,"Desporto de Rendimento"
47111,8,"Assistência Social",245,"Serviços Socioassistenciais"
39715,20,"Agricultura",608,"Promoção da Produção Agropecuária"
37458,23,"Comércio e Serviços",695,"Turismo"
37918,8,"Assistência Social",245,"Serviços Socioassistenciais"
38849,27,"Desporto e Lazer",812,"Desporto Comunitário"
38849,27,"Desporto e Lazer",813,"Lazer"
40394,15,"Urbanismo",451,"Infraestrutura Urbana "
42223,15,"Urbanismo",451,"Infraestrutura Urbana "
40451,8,"Assistência Social",245,"Serviços Socioassistenciais"
45406,20,"Agricultura",608,"Promoção da Produção Agropecuária"
39590,10,"Saúde",301,"Atenção Básica"
45686,10,"Saúde",302,"Assistência Hospitalar e Ambulatorial"
46444,20,"Agricultura",608,"Promoção da Produção Agropecuária"
43334,15,"Urbanismo",451,"Infraestrutura Urbana "
39006,20,"Agricultura",608,"Promoção da Produção Agropecuária"
38169,23,"Comércio e Serviços",695,"Turismo"
39746,10,"Saúde",302,"Assistência Hospitalar e Ambulatorial"
38621,10,"Saúde",301,"Atenção Básica"
42007,15,"Urbanismo",451,"Infraestrutura Urbana "
42007,27,"Desporto e Lazer",813,"Lazer"
41168,8,"Assistência Social",245,"Serviços Socioassistenciais"
42165,12,"Educação",364,"Ensino Superior"
42204,12,"Educação",364,"Ensino Superior"
46861,20,"Agricultura",605,"Abastecimento"
39139,15,"Urbanismo",451,"Infraestrutura Urbana "
40412,15,"Urbanismo",451,"Infraestrutura Urbana "
44640,15,"Urbanismo",451,"Infraestrutura Urbana "
43442,15,"Urbanismo",451,"Infraestrutura Urbana "
42525,20,"Agricultura",608,"Promoção da Produção Agropecuária"
44101,20,"Agricultura",608,"Promoção da Produção Agropecuária"
42626,15,"Urbanismo",451,"Infraestrutura Urbana "
47000,8,"Assistência Social",245,"Serviços Socioassistenciais"
38312,27,"Desporto e Lazer",812,"Desporto Comunitário"
45676,12,"Educação",368,"Educação Básica"
39774,10,"Saúde",302,"Assistência Hospitalar e Ambulatorial"
37209,10,"Saúde",302,"Assistência Hospitalar e Ambulatorial"
43955,15,"Urbanismo",451,"Infraestrutura Urbana "
38562,13,"Cultura",392,"Difusão Cultural"
40079,10,"Saúde",301,"Atenção Básica"
41842,10,"Saúde",301,"Atenção Básica"
43936,20,"Agricultura",608,"Promoção da Produção Agropecuária"
46121,13,"Cultura",392,"Difusão Cultural"
45007,17,"Saneamento",511,"Saneamento Básico Rural"
44057,8,"Assistência Social",245,"Serviços Socioassistenciais"
44631,8,"Assistência Social",243,"Assistência à Criança e ao Adolescente"
46400,15,"Urbanismo",451,"Infraestrutura Urbana "
46876,15,"Urbanismo",451,"Infraestrutura Urbana "
38322,20,"Agricultura",608,"Promoção da Produção Agropecuária"
44053,27,"Desporto e Lazer",812,"Desporto Comunitário"
44115,8,"Assistência Social",245,"Serviços Socioassistenciais"
44139,8,"Assistência Social",244,"Assistência Comunitária"
39411,8,"Assistência Social",245,"Serviços Socioassistenciais"
44009,8,"Assistência Social",245,"Serviços Socioassistenciais"
44592,10,"Saúde",301,"Atenção Básica"
41075,20,"Agricultura",608,"Promoção da Produção Agropecuária"
41762,20,"Agricultura",608,"Promoção da Produção Agropecuária"
41368,21,"Organização Agrária",631,"Reforma Agrária"
46296,8,"Assistência Social",244,"Assistência Comunitária"
37546,15,"Urbanismo",451,"Infraestrutura Urbana "
40820,6,"Segurança Pública",181,"Policiamento"
43071,15,"Urbanismo",451,"Infraestrutura Urbana "
43133,15,"Urbanismo",451,"Infraestrutura Urbana "
38748,20,"Agricultura",606,"Extensão Rural"
38368,15,"Urbanismo",451,"Infraestrutura Urbana "
41876,6,"Segurança Pública",181,"Policiamento"
40300,20,"Agricultura",608,"Promoção da Produção Agropecuária"
40222,20,"Agricultura",608,"Promoção da Produção Agropecuária"
44493,17,"Saneamento",511,"Saneamento Básico Rural"
42586,10,"Saúde",301,"Atenção Básica"
41083,20,"Agricultura",608,"Promoção da Produção Agropecuária"
41732,27,"Desporto e Lazer",812,"Desporto Comunitário"
44598,10,"Saúde",302,"Assistência Hospitalar e Ambulatorial"
44918,8,"Assistência Social",245,"Serviços Socioassistenciais"
40891,15,"Urbanismo",451,"Infraestrutura Urbana "
42702,27,"Desporto e Lazer",812,"Desporto Comunitário"
42702,27,"Desporto e Lazer",813,"Lazer"
42702,15,"Urbanismo",451,"Infraestrutura Urbana "
46122,8,"Assistência Social",242,"Assistência ao Portador de Deficiência"
40865,6,"Segurança Pública",181,"Policiamento"
42770,15,"Urbanismo",451,"Infraestrutura Urbana "
41758,20,"Agricultura",608,"Promoção da Produção Agropecuária"
39190,27,"Desporto e Lazer",813,"Lazer"
47115,8,"Assistência Social",245,"Serviços Socioassistenciais"
37428,12,"Educação",361,"Ensino Fundamental"
39015,15,"Urbanismo",451,"Infraestrutura Urbana "
37938,15,"Urbanismo",451,"Infraestrutura Urbana "
37895,15,"Urbanismo",451,"Infraestrutura Urbana "
44221,15,"Urbanismo",451,"Infraestrutura Urbana "
44935,15,"Urbanismo",451,"Infraestrutura Urbana "
42425,15,"Urbanismo",451,"Infraestrutura Urbana "
37393,20,"Agricultura",608,"Promoção da Produção Agropecuária"
41912,15,"Urbanismo",451,"Infraestrutura Urbana "
43795,23,"Comércio e Serviços",695,"Turismo"
40381,20,"Agricultura",608,"Promoção da Produção Agropecuária"
39449,20,"Agricultura",608,"Promoção da Produção Agropecuária"
37141,27,"Desporto e Lazer",813,"Lazer"
40165,20,"Agricultura",608,"Promoção da Produção Agropecuária"
37622,20,"Agricultura",608,"Promoção da Produção Agropecuária"
39721,12,"Educação",368,"Educação Básica"
45816,10,"Saúde",302,"Assistência Hospitalar e Ambulatorial"
37277,15,"Urbanismo",451,"Infraestrutura Urbana "
42092,15,"Urbanismo",451,"Infraestrutura Urbana "
41919,15,"Urbanismo",451,"Infraestrutura Urbana "
40005,8,"Assistência Social",245,"Serviços Socioassistenciais"
39193,12,"Educação",365,"Educação Infantil"
39193,12,"Educação",361,"Ensino Fundamental"
41118,13,"Cultura",392,"Difusão Cultural"
38209,23,"Comércio e Serviços",695,"Turismo"
47138,8,"Assistência Social",245,"Serviços Socioassistenciais"
44484,20,"Agricultura",608,"Promoção da Produção Agropecuária"
39929,15,"Urbanismo",451,"Infraestrutura Urbana "
40047,15,"Urbanismo",451,"Infraestrutura Urbana "
40595,10,"Saúde",301,"Atenção Básica"
47442,8,"Assistência Social",245,"Serviços Socioassistenciais"
38378,8,"Assistência Social",244,"Assistência Comunitária"
43081,20,"Agricultura",608,"Promoção da Produção Agropecuária"
46991,23,"Comércio e Serviços",695,"Turismo"
45661,27,"Desporto e Lazer",812,"Desporto Comunitário"
45661,27,"Desporto e Lazer",813,"Lazer"
37140,15,"Urbanismo",451,"Infraestrutura Urbana "
45739,15,"Urbanismo",451,"Infraestrutura Urbana "
41158,15,"Urbanismo",451,"Infraestrutura Urbana "
40963,15,"Urbanismo",451,"Infraestrutura Urbana "
38391,27,"Desporto e Lazer",812,"Desporto Comunitário"
38385,23,"Comércio e Serviços",695,"Turismo"
40548,23,"Comércio e Serviços",695,"Turismo"
39860,10,"Saúde",302,"Assistência Hospitalar e Ambulatorial"
40338,16,"Habitação",482,"Habitação Urbana"
37612,27,"Desporto e Lazer",813,"Lazer"
40912,13,"Cultura",392,"Difusão Cultural"
39210,15,"Urbanismo",451,"Infraestrutura Urbana "
37864,15,"Urbanismo",451,"Infraestrutura Urbana "
44641,15,"Urbanismo",451,"Infraestrutura Urbana "
41151,15,"Urbanismo",451,"Infraestrutura Urbana "
42439,12,"Educação",361,"Ensino Fundamental"
41020,15,"Urbanismo",451,"Infraestrutura Urbana "
38964,15,"Urbanismo",451,"Infraestrutura Urbana "
42005,15,"Urbanismo",451,"Infraestrutura Urbana "
38049,10,"Saúde",302,"Assistência Hospitalar e Ambulatorial"
43271,6,"Segurança Pública",181,"Policiamento"
37849,12,"Educação",365,"Educação Infantil"
44597,15,"Urbanismo",451,"Infraestrutura Urbana "
47214,10,"Saúde",302,"Assistência Hospitalar e Ambulatorial"
45296,13,"Cultura",392,"Difusão Cultural"
39586,13,"Cultura",392,"Difusão Cultural"
39604,13,"Cultura",392,"Difusão Cultural"
43976,8,"Assistência Social",245,"Serviços Socioassistenciais"
39876,15,"Urbanismo",451,"Infraestrutura Urbana "
40690,15,"Urbanismo",451,"Infraestrutura Urbana "
39837,6,"Segurança Pública",181,"Policiamento"
44217,15,"Urbanismo",451,"Infraestrutura Urbana "
37646,15,"Urbanismo",451,"Infraestrutura Urbana "
43543,27,"Desporto e Lazer",813,"Lazer"
40480,15,"Urbanismo",451,"Infraestrutura Urbana "
43878,12,"Educação",361,"Ensino Fundamental"
45833,10,"Saúde",302,"Assistência Hospitalar e Ambulatorial"
43986,15,"Urbanismo",451,"Infraestrutura Urbana "
46054,17,"Saneamento",512,"Saneamento Básico Urbano"
39686,20,"Agricultura",605,"Abastecimento"
38396,10,"Saúde",301,"Atenção Básica"
44224,27,"Desporto e Lazer",813,"Lazer"
44682,8,"Assistência Social",244,"Assistência Comunitária"
41169,8,"Assistência Social",244,"Assistência Comunitária"
40866,13,"Cultura",391,"Patrimônio Histórico, Artístico e Arqueológico"
39036,20,"Agricultura",608,"Promoção da Produção Agropecuária"
37218,15,"Urbanismo",451,"Infraestrutura Urbana "
36964,15,"Urbanismo",451,"Infraestrutura Urbana "
40586,20,"Agricultura",608,"Promoção da Produção Agropecuária"
43562,15,"Urbanismo",451,"Infraestrutura Urbana "
38026,15,"Urbanismo",451,"Infraestrutura Urbana "
39399,15,"Urbanismo",451,"Infraestrutura Urbana "
42681,15,"Urbanismo",451,"Infraestrutura Urbana "
37648,15,"Urbanismo",451,"Infraestrutura Urbana "
45627,20,"Agricultura",608,"Promoção da Produção Agropecuária"
38286,20,"Agricultura",608,"Promoção da Produção Agropecuária"
40447,27,"Desporto e Lazer",812,"Desporto Comunitário"
47129,8,"Assistência Social",245,"Serviços Socioassistenciais"
41545,20,"Agricultura",608,"Promoção da Produção Agropecuária"
43938,12,"Educação",365,"Educação Infantil"
43162,23,"Comércio e Serviços",695,"Turismo"
43300,12,"Educação",368,"Educação Básica"
43156,13,"Cultura",392,"Difusão Cultural"
41546,12,"Educação",361,"Ensino Fundamental"
39459,23,"Comércio e Serviços",695,"Turismo"
37844,15,"Urbanismo",451,"Infraestrutura Urbana "
37912,8,"Assistência Social",245,"Serviços Socioassistenciais"
41385,15,"Urbanismo",452,"Serviços Urbanos"
44529,20,"Agricultura",608,"Promoção da Produção Agropecuária"
37207,15,"Urbanismo",453,"Transportes Coletivos Urbanos"
37894,15,"Urbanismo",451,"Infraestrutura Urbana "
45866,11,"Trabalho",334,"Fomento ao Trabalho"
40974,20,"Agricultura",608,"Promoção da Produção Agropecuária"
37768,15,"Urbanismo",451,"Infraestrutura Urbana "
45794,15,"Urbanismo",451,"Infraestrutura Urbana "
44659,15,"Urbanismo",451,"Infraestrutura Urbana "
38456,8,"Assistência Social",244,"Assistência Comunitária"
43141,8,"Assistência Social",245,"Serviços Socioassistenciais"
41791,27,"Desporto e Lazer",813,"Lazer"
44456,15,"Urbanismo",451,"Infraestrutura Urbana "
42639,12,"Educação",367,"Educação Especial"
42639,13,"Cultura",392,"Difusão Cultural"
45111,27,"Desporto e Lazer",813,"Lazer"
41213,15,"Urbanismo",451,"Infraestrutura Urbana "
44472,10,"Saúde",302,"Assistência Hospitalar e Ambulatorial"
40484,27,"Desporto e Lazer",812,"Desporto Comunitário"
40316,20,"Agricultura",608,"Promoção da Produção Agropecuária"
42647,18,"Gestão Ambiental",541,"Preservação e Conservação Ambiental"
38590,27,"Desporto e Lazer",813,"Lazer"
39750,8,"Assistência Social",245,"Serviços Socioassistenciais"
47103,8,"Assistência Social",245,"Serviços Socioassistenciais"
40589,8,"Assistência Social",245,"Serviços Socioassistenciais"
39236,15,"Urbanismo",451,"Infraestrutura Urbana "
37807,15,"Urbanismo",451,"Infraestrutura Urbana "
39901,15,"Urbanismo",451,"Infraestrutura Urbana "
44855,27,"Desporto e Lazer",812,"Desporto Comunitário"
39030,6,"Segurança Pública",181,"Policiamento"
41272,23,"Comércio e Serviços",695,"Turismo"
40065,10,"Saúde",306,"Alimentação e Nutrição"
40832,27,"Desporto e Lazer",812,"Desporto Comunitário"
46126,13,"Cultura",392,"Difusão Cultural"
38422,20,"Agricultura",608,"Promoção da Produção Agropecuária"
46748,27,"Desporto e Lazer",812,"Desporto Comunitário"
41275,8,"Assistência Social",245,"Serviços Socioassistenciais"
45129,8,"Assistência Social",245,"Serviços Socioassistenciais"
39231,27,"Desporto e Lazer",813,"Lazer"
39659,15,"Urbanismo",451,"Infraestrutura Urbana "
37652,15,"Urbanismo",451,"Infraestrutura Urbana "
46868,27,"Desporto e Lazer",812,"Desporto Comunitário"
46868,27,"Desporto e Lazer",813,"Lazer"
40822,27,"Desporto e Lazer",812,"Desporto Comunitário"
40822,27,"Desporto e Lazer",813,"Lazer"
45062,23,"Comércio e Serviços",695,"Turismo"
38349,10,"Saúde",302,"Assistência Hospitalar e Ambulatorial"
39000,10,"Saúde",302,"Assistência Hospitalar e Ambulatorial"
46967,8,"Assistência Social",245,"Serviços Socioassistenciais"
41544,10,"Saúde",301,"Atenção Básica"
42614,12,"Educação",361,"Ensino Fundamental"
45903,10,"Saúde",301,"Atenção Básica"
46740,15,"Urbanismo",451,"Infraestrutura Urbana "
42010,8,"Assistência Social",241,"Assistência ao Idoso"
45175,10,"Saúde",301,"Atenção Básica"
42028,20,"Agricultura",608,"Promoção da Produção Agropecuária"
41629,15,"Urbanismo",451,"Infraestrutura Urbana "
47260,8,"Assistência Social",245,"Serviços Socioassistenciais"
38545,23,"Comércio e Serviços",695,"Turismo"
46953,10,"Saúde",301,"Atenção Básica"
39228,8,"Assistência Social",244,"Assistência Comunitária"
41707,13,"Cultura",392,"Difusão Cultural"
44953,8,"Assistência Social",245,"Serviços Socioassistenciais"
40066,8,"Assistência Social",245,"Serviços Socioassistenciais"
45674,20,"Agricultura",608,"Promoção da Produção Agropecuária"
38848,20,"Agricultura",608,"Promoção da Produção Agropecuária"
46466,18,"Gestão Ambiental",541,"Preservação e Conservação Ambiental"
45301,13,"Cultura",392,"Difusão Cultural"
44767,20,"Agricultura",608,"Promoção da Produção Agropecuária"
46952,10,"Saúde",302,"Assistência Hospitalar e Ambulatorial"
44260,13,"Cultura",392,"Difusão Cultural"
45468,10,"Saúde",302,"Assistência Hospitalar e Ambulatorial"
40655,16,"Habitação",482,"Habitação Urbana"
44228,10,"Saúde",301,"Atenção Básica"
46440,8,"Assistência Social",245,"Serviços Socioassistenciais"
42692,23,"Comércio e Serviços",695,"Turismo"
44243,15,"Urbanismo",452,"Serviços Urbanos"
40004,15,"Urbanismo",451,"Infraestrutura Urbana "
40743,27,"Desporto e Lazer",812,"Desporto Comunitário"
45767,15,"Urbanismo",451,"Infraestrutura Urbana "
43282,15,"Urbanismo",451,"Infraestrutura Urbana "
41088,27,"Desporto e Lazer",812,"Desporto Comunitário"
38671,20,"Agricultura",608,"Promoção da Produção Agropecuária"
40654,20,"Agricultura",608,"Promoção da Produção Agropecuária"
40134,15,"Urbanismo",451,"Infraestrutura Urbana "
39280,20,"Agricultura",606,"Extensão Rural"
39280,20,"Agricultura",608,"Promoção da Produção Agropecuária"
43390,27,"Desporto e Lazer",812,"Desporto Comunitário"
37310,15,"Urbanismo",451,"Infraestrutura Urbana "
39984,15,"Urbanismo",451,"Infraestrutura Urbana "
43654,23,"Comércio e Serviços",695,"Turismo"
45687,20,"Agricultura",608,"Promoção da Produção Agropecuária"
46844,20,"Agricultura",608,"Promoção da Produção Agropecuária"
45320,20,"Agricultura",608,"Promoção da Produção Agropecuária"
37242,20,"Agricultura",608,"Promoção da Produção Agropecuária"
40033,20,"Agricultura",606,"Extensão Rural"
39539,13,"Cultura",392,"Difusão Cultural"
44032,13,"Cultura",392,"Difusão Cultural"
44319,23,"Comércio e Serviços",695,"Turismo"
44012,23,"Comércio e Serviços",695,"Turismo"
40679,23,"Comércio e Serviços",695,"Turismo"
45776,27,"Desporto e Lazer",812,"Desporto Comunitário"
37723,20,"Agricultura",608,"Promoção da Produção Agropecuária"
45509,13,"Cultura",392,"Difusão Cultural"
37674,8,"Assistência Social",245,"Serviços Socioassistenciais"
45874,8,"Assistência Social",245,"Serviços Socioassistenciais"
41961,15,"Urbanismo",451,"Infraestrutura Urbana "
45103,10,"Saúde",301,"Atenção Básica"
40883,10,"Saúde",301,"Atenção Básica"
39119,10,"Saúde",302,"Assistência Hospitalar e Ambulatorial"
46089,23,"Comércio e Serviços",695,"Turismo"
38036,23,"Comércio e Serviços",695,"Turismo"
43692,12,"Educação",361,"Ensino Fundamental"
39219,16,"Habitação",482,"Habitação Urbana"
43231,15,"Urbanismo",451,"Infraestrutura Urbana "
43297,15,"Urbanismo",451,"Infraestrutura Urbana "
42339,15,"Urbanismo",451,"Infraestrutura Urbana "
47291,8,"Assistência Social",245,"Serviços Socioassistenciais"
38159,15,"Urbanismo",451,"Infraestrutura Urbana "
42644,15,"Urbanismo",451,"Infraestrutura Urbana "
46295,15,"Urbanismo",451,"Infraestrutura Urbana "
39453,15,"Urbanismo",451,"Infraestrutura Urbana "
38264,20,"Agricultura",608,"Promoção da Produção Agropecuária"
43419,27,"Desporto e Lazer",812,"Desporto Comunitário"
44954,15,"Urbanismo",451,"Infraestrutura Urbana "
38935,12,"Educação",368,"Educação Básica"
45291,15,"Urbanismo",451,"Infraestrutura Urbana "
40791,15,"Urbanismo",451,"Infraestrutura Urbana "
41841,15,"Urbanismo",451,"Infraestrutura Urbana "
37397,15,"Urbanismo",451,"Infraestrutura Urbana "
38332,15,"Urbanismo",451,"Infraestrutura Urbana "
46157,15,"Urbanismo",451,"Infraestrutura Urbana "
37989,27,"Desporto e Lazer",813,"Lazer"
40616,27,"Desporto e Lazer",813,"Lazer"
40660,15,"Urbanismo",451,"Infraestrutura Urbana "
44253,15,"Urbanismo",451,"Infraestrutura Urbana "
39019,20,"Agricultura",608,"Promoção da Produção Agropecuária"
41949,15,"Urbanismo",451,"Infraestrutura Urbana "
39197,15,"Urbanismo",451,"Infraestrutura Urbana "
45997,27,"Desporto e Lazer",813,"Lazer"
38965,27,"Desporto e Lazer",812,"Desporto Comunitário"
40400,27,"Desporto e Lazer",813,"Lazer"
42814,15,"Urbanismo",452,"Serviços Urbanos"
37891,15,"Urbanismo",451,"Infraestrutura Urbana "
42209,15,"Urbanismo",451,"Infraestrutura Urbana "
44742,15,"Urbanismo",451,"Infraestrutura Urbana "
38676,6,"Segurança Pública",181,"Policiamento"
46063,15,"Urbanismo",451,"Infraestrutura Urbana "
43540,15,"Urbanismo",451,"Infraestrutura Urbana "
39462,15,"Urbanismo",451,"Infraestrutura Urbana "
42982,15,"Urbanismo",451,"Infraestrutura Urbana "
39149,27,"Desporto e Lazer",813,"Lazer"
43234,15,"Urbanismo",451,"Infraestrutura Urbana "
38437,15,"Urbanismo",451,"Infraestrutura Urbana "
38494,15,"Urbanismo",451,"Infraestrutura Urbana "
39440,27,"Desporto e Lazer",813,"Lazer"
44829,15,"Urbanismo",451,"Infraestrutura Urbana "
41284,20,"Agricultura",608,"Promoção da Produção Agropecuária"
39567,17,"Saneamento",512,"Saneamento Básico Urbano"
40843,20,"Agricultura",608,"Promoção da Produção Agropecuária"
41552,10,"Saúde",301,"Atenção Básica"
40798,27,"Desporto e Lazer",813,"Lazer"
43386,27,"Desporto e Lazer",812,"Desporto Comunitário"
41403,20,"Agricultura",608,"Promoção da Produção Agropecuária"
44125,15,"Urbanismo",451,"Infraestrutura Urbana "
39233,10,"Saúde",302,"Assistência Hospitalar e Ambulatorial"
41214,8,"Assistência Social",245,"Serviços Socioassistenciais"
40123,27,"Desporto e Lazer",812,"Desporto Comunitário"
37758,13,"Cultura",392,"Difusão Cultural"
45489,15,"Urbanismo",451,"Infraestrutura Urbana "
46637,20,"Agricultura",608,"Promoção da Produção Agropecuária"
40455,8,"Assistência Social",245,"Serviços Socioassistenciais"
45891,27,"Desporto e Lazer",813,"Lazer"
45921,20,"Agricultura",608,"Promoção da Produção Agropecuária"
39527,15,"Urbanismo",451,"Infraestrutura Urbana "
45448,8,"Assistência Social",243,"Assistência à Criança e ao Adolescente"
45448,8,"Assistência Social",244,"Assistência Comunitária"
43446,15,"Urbanismo",451,"Infraestrutura Urbana "
42426,15,"Urbanismo",451,"Infraestrutura Urbana "
44307,15,"Urbanismo",451,"Infraestrutura Urbana "
42672,8,"Assistência Social",245,"Serviços Socioassistenciais"
41400,8,"Assistência Social",245,"Serviços Socioassistenciais"
42343,8,"Assistência Social",245,"Serviços Socioassistenciais"
39982,13,"Cultura",392,"Difusão Cultural"
42287,8,"Assistência Social",245,"Serviços Socioassistenciais"
40894,8,"Assistência Social",244,"Assistência Comunitária"
38439,23,"Comércio e Serviços",695,"Turismo"
43163,15,"Urbanismo",451,"Infraestrutura Urbana "
47254,8,"Assistência Social",245,"Serviços Socioassistenciais"
38012,15,"Urbanismo",451,"Infraestrutura Urbana "
44405,12,"Educação",361,"Ensino Fundamental"
41957,12,"Educação",362,"Ensino Médio"
41404,15,"Urbanismo",451,"Infraestrutura Urbana "
39198,15,"Urbanismo",451,"Infraestrutura Urbana "
42283,15,"Urbanismo",451,"Infraestrutura Urbana "
39833,15,"Urbanismo",451,"Infraestrutura Urbana "
40644,8,"Assistência Social",245,"Serviços Socioassistenciais"
37645,15,"Urbanismo",451,"Infraestrutura Urbana "
40751,8,"Assistência Social",241,"Assistência ao Idoso"
41060,15,"Urbanismo",451,"Infraestrutura Urbana "
45012,15,"Urbanismo",451,"Infraestrutura Urbana "
46830,15,"Urbanismo",451,"Infraestrutura Urbana "
42925,15,"Urbanismo",451,"Infraestrutura Urbana "
39112,15,"Urbanismo",451,"Infraestrutura Urbana "
39736,20,"Agricultura",608,"Promoção da Produção Agropecuária"
38740,20,"Agricultura",608,"Promoção da Produção Agropecuária"
39797,27,"Desporto e Lazer",812,"Desporto Comunitário"
40062,20,"Agricultura",608,"Promoção da Produção Agropecuária"
39737,20,"Agricultura",608,"Promoção da Produção Agropecuária"
39737,20,"Agricultura",606,"Extensão Rural"
42890,20,"Agricultura",608,"Promoção da Produção Agropecuária"
47110,8,"Assistência Social",245,"Serviços Socioassistenciais"
42111,15,"Urbanismo",451,"Infraestrutura Urbana "
40332,15,"Urbanismo",451,"Infraestrutura Urbana "
45267,15,"Urbanismo",451,"Infraestrutura Urbana "
38497,8,"Assistência Social",244,"Assistência Comunitária"
43022,15,"Urbanismo",451,"Infraestrutura Urbana "
37808,20,"Agricultura",608,"Promoção da Produção Agropecuária"
39865,10,"Saúde",301,"Atenção Básica"
41838,15,"Urbanismo",451,"Infraestrutura Urbana "
42379,10,"Saúde",301,"Atenção Básica"
45599,13,"Cultura",392,"Difusão Cultural"
41466,15,"Urbanismo",451,"Infraestrutura Urbana "
45146,10,"Saúde",303,"Suporte Profilático e Terapêutico"
41432,13,"Cultura",391,"Patrimônio Histórico, Artístico e Arqueológico"
41561,13,"Cultura",391,"Patrimônio Histórico, Artístico e Arqueológico"
45181,8,"Assistência Social",244,"Assistência Comunitária"
40952,10,"Saúde",302,"Assistência Hospitalar e Ambulatorial"
37940,20,"Agricultura",608,"Promoção da Produção Agropecuária"
40283,12,"Educação",361,"Ensino Fundamental"
44604,10,"Saúde",301,"Atenção Básica"
40531,20,"Agricultura",608,"Promoção da Produção Agropecuária"
46871,10,"Saúde",301,"Atenção Básica"
39269,15,"Urbanismo",451,"Infraestrutura Urbana "
42188,23,"Comércio e Serviços",695,"Turismo"
42973,17,"Saneamento",512,"Saneamento Básico Urbano"
46522,15,"Urbanismo",451,"Infraestrutura Urbana "
41726,15,"Urbanismo",451,"Infraestrutura Urbana "
39739,15,"Urbanismo",451,"Infraestrutura Urbana "
42195,20,"Agricultura",608,"Promoção da Produção Agropecuária"
41337,20,"Agricultura",608,"Promoção da Produção Agropecuária"
45703,20,"Agricultura",608,"Promoção da Produção Agropecuária"
37944,12,"Educação",365,"Educação Infantil"
46975,8,"Assistência Social",244,"Assistência Comunitária"
41145,20,"Agricultura",608,"Promoção da Produção Agropecuária"
37973,10,"Saúde",302,"Assistência Hospitalar e Ambulatorial"
37356,15,"Urbanismo",452,"Serviços Urbanos"
39174,15,"Urbanismo",451,"Infraestrutura Urbana "
38288,15,"Urbanismo",451,"Infraestrutura Urbana "
41480,6,"Segurança Pública",182,"Defesa Civil"
41551,13,"Cultura",392,"Difusão Cultural"
46310,20,"Agricultura",608,"Promoção da Produção Agropecuária"
40835,10,"Saúde",301,"Atenção Básica"
40835,10,"Saúde",303,"Suporte Profilático e Terapêutico"
39570,15,"Urbanismo",451,"Infraestrutura Urbana "
38444,27,"Desporto e Lazer",813,"Lazer"
39069,27,"Desporto e Lazer",812,"Desporto Comunitário"
42003,20,"Agricultura",608,"Promoção da Produção Agropecuária"
45109,27,"Desporto e Lazer",812,"Desporto Comunitário"
44837,15,"Urbanismo",451,"Infraestrutura Urbana "
44672,15,"Urbanismo",451,"Infraestrutura Urbana "
42633,15,"Urbanismo",451,"Infraestrutura Urbana "
41831,15,"Urbanismo",451,"Infraestrutura Urbana "
42691,23,"Comércio e Serviços",695,"Turismo"
46201,15,"Urbanismo",451,"Infraestrutura Urbana "
41687,20,"Agricultura",608,"Promoção da Produção Agropecuária"
38559,20,"Agricultura",608,"Promoção da Produção Agropecuária"
44331,15,"Urbanismo",451,"Infraestrutura Urbana "
45575,15,"Urbanismo",451,"Infraestrutura Urbana "
46842,12,"Educação",361,"Ensino Fundamental"
46842,12,"Educação",365,"Educação Infantil"
38920,20,"Agricultura",608,"Promoção da Produção Agropecuária"
46480,15,"Urbanismo",451,"Infraestrutura Urbana "
43918,23,"Comércio e Serviços",695,"Turismo"
41773,13,"Cultura",392,"Difusão Cultural"
46955,15,"Urbanismo",451,"Infraestrutura Urbana "
40461,27,"Desporto e Lazer",812,"Desporto Comunitário"
47368,8,"Assistência Social",243,"Assistência à Criança e ao Adolescente"
47368,8,"Assistência Social",244,"Assistência Comunitária"
40547,26,"Transporte",782,"Transporte Rodoviário"
45533,27,"Desporto e Lazer",812,"Desporto Comunitário"
40665,13,"Cultura",392,"Difusão Cultural"
42926,13,"Cultura",392,"Difusão Cultural"
42169,15,"Urbanismo",451,"Infraestrutura Urbana "
37528,20,"Agricultura",608,"Promoção da Produção Agropecuária"
37450,27,"Desporto e Lazer",812,"Desporto Comunitário"
37991,15,"Urbanismo",451,"Infraestrutura Urbana "
37658,13,"Cultura",392,"Difusão Cultural"
40205,8,"Assistência Social",245,"Serviços Socioassistenciais"
45095,13,"Cultura",392,"Difusão Cultural"
38583,13,"Cultura",392,"Difusão Cultural"
42060,20,"Agricultura",608,"Promoção da Produção Agropecuária"
42467,23,"Comércio e Serviços",695,"Turismo"
40867,20,"Agricultura",608,"Promoção da Produção Agropecuária"
44625,20,"Agricultura",608,"Promoção da Produção Agropecuária"
45890,10,"Saúde",302,"Assistência Hospitalar e Ambulatorial"
42221,15,"Urbanismo",451,"Infraestrutura Urbana "
41538,23,"Comércio e Serviços",695,"Turismo"
37543,15,"Urbanismo",451,"Infraestrutura Urbana "
38620,8,"Assistência Social",245,"Serviços Socioassistenciais"
42612,15,"Urbanismo",451,"Infraestrutura Urbana "
46555,20,"Agricultura",605,"Abastecimento"
37523,15,"Urbanismo",451,"Infraestrutura Urbana "
37986,13,"Cultura",392,"Difusão Cultural"
42636,8,"Assistência Social",245,"Serviços Socioassistenciais"
41536,8,"Assistência Social",244,"Assistência Comunitária"
37033,8,"Assistência Social",245,"Serviços Socioassistenciais"
40341,13,"Cultura",392,"Difusão Cultural"
45652,15,"Urbanismo",127,"Ordenamento Territorial"
46113,23,"Comércio e Serviços",695,"Turismo"
41117,23,"Comércio e Serviços",695,"Turismo"
39460,8,"Assistência Social",245,"Serviços Socioassistenciais"
39753,23,"Comércio e Serviços",695,"Turismo"
44342,15,"Urbanismo",451,"Infraestrutura Urbana "
46499,15,"Urbanismo",451,"Infraestrutura Urbana "
42710,15,"Urbanismo",452,"Serviços Urbanos"
44677,15,"Urbanismo",451,"Infraestrutura Urbana "
38484,8,"Assistência Social",244,"Assistência Comunitária"
41256,15,"Urbanismo",451,"Infraestrutura Urbana "
39875,15,"Urbanismo",452,"Serviços Urbanos"
42811,15,"Urbanismo",451,"Infraestrutura Urbana "
44718,15,"Urbanismo",451,"Infraestrutura Urbana "
39004,16,"Habitação",482,"Habitação Urbana"
43910,15,"Urbanismo",451,"Infraestrutura Urbana "
43616,23,"Comércio e Serviços",695,"Turismo"
38767,8,"Assistência Social",244,"Assistência Comunitária"
39574,8,"Assistência Social",244,"Assistência Comunitária"
45737,15,"Urbanismo",451,"Infraestrutura Urbana "
46240,15,"Urbanismo",451,"Infraestrutura Urbana "
44704,23,"Comércio e Serviços",695,"Turismo"
45679,15,"Urbanismo",451,"Infraestrutura Urbana "
46701,16,"Habitação",482,"Habitação Urbana"
40529,15,"Urbanismo",451,"Infraestrutura Urbana "
41939,15,"Urbanismo",451,"Infraestrutura Urbana "
41501,15,"Urbanismo",451,"Infraestrutura Urbana "
44741,16,"Habitação",482,"Habitação Urbana"
46970,10,"Saúde",128,"Formação de Recursos Humanos"
44926,23,"Comércio e Serviços",695,"Turismo"
39283,13,"Cultura",392,"Difusão Cultural"
41914,27,"Desporto e Lazer",812,"Desporto Comunitário"
42987,15,"Urbanismo",451,"Infraestrutura Urbana "
43835,15,"Urbanismo",451,"Infraestrutura Urbana "
40516,15,"Urbanismo",451,"Infraestrutura Urbana "
46597,8,"Assistência Social",245,"Serviços Socioassistenciais"
38469,13,"Cultura",392,"Difusão Cultural"
39573,27,"Desporto e Lazer",812,"Desporto Comunitário"
44999,8,"Assistência Social",245,"Serviços Socioassistenciais"
41647,20,"Agricultura",608,"Promoção da Produção Agropecuária"
44903,13,"Cultura",392,"Difusão Cultural"
42024,15,"Urbanismo",451,"Infraestrutura Urbana "
38971,15,"Urbanismo",451,"Infraestrutura Urbana "
47389,8,"Assistência Social",245,"Serviços Socioassistenciais"
42775,15,"Urbanismo",452,"Serviços Urbanos"
41260,15,"Urbanismo",451,"Infraestrutura Urbana "
46854,6,"Segurança Pública",181,"Policiamento"
43843,20,"Agricultura",608,"Promoção da Produção Agropecuária"
37564,15,"Urbanismo",451,"Infraestrutura Urbana "
43925,8,"Assistência Social",245,"Serviços Socioassistenciais"
39820,27,"Desporto e Lazer",813,"Lazer"
43315,13,"Cultura",392,"Difusão Cultural"
44607,20,"Agricultura",608,"Promoção da Produção Agropecuária"
43496,15,"Urbanismo",451,"Infraestrutura Urbana "
44387,8,"Assistência Social",245,"Serviços Socioassistenciais"
38093,15,"Urbanismo",451,"Infraestrutura Urbana "
47298,8,"Assistência Social",245,"Serviços Socioassistenciais"
44834,15,"Urbanismo",451,"Infraestrutura Urbana "
39595,13,"Cultura",392,"Difusão Cultural"
44437,8,"Assistência Social",245,"Serviços Socioassistenciais"
42513,15,"Urbanismo",451,"Infraestrutura Urbana "
40790,15,"Urbanismo",451,"Infraestrutura Urbana "
42444,13,"Cultura",392,"Difusão Cultural"
46733,26,"Transporte",782,"Transporte Rodoviário"
39045,15,"Urbanismo",451,"Infraestrutura Urbana "
39045,15,"Urbanismo",452,"Serviços Urbanos"
37425,15,"Urbanismo",451,"Infraestrutura Urbana "
39048,15,"Urbanismo",451,"Infraestrutura Urbana "
43966,15,"Urbanismo",451,"Infraestrutura Urbana "
39918,10,"Saúde",301,"Atenção Básica"
39891,10,"Saúde",301,"Atenção Básica"
39970,10,"Saúde",126,"Tecnologia da Informação"
40166,8,"Assistência Social",244,"Assistência Comunitária"
46987,6,"Segurança Pública",181,"Policiamento"
46983,6,"Segurança Pública",181,"Policiamento"
45665,15,"Urbanismo",451,"Infraestrutura Urbana "
42519,27,"Desporto e Lazer",813,"Lazer"
38720,15,"Urbanismo",451,"Infraestrutura Urbana "
43664,8,"Assistência Social",245,"Serviços Socioassistenciais"
39278,15,"Urbanismo",451,"Infraestrutura Urbana "
45715,15,"Urbanismo",451,"Infraestrutura Urbana "
45241,13,"Cultura",392,"Difusão Cultural"
46763,8,"Assistência Social",245,"Serviços Socioassistenciais"
45299,15,"Urbanismo",451,"Infraestrutura Urbana "
45821,15,"Urbanismo",451,"Infraestrutura Urbana "
37052,15,"Urbanismo",451,"Infraestrutura Urbana "
44603,10,"Saúde",301,"Atenção Básica"
44689,10,"Saúde",301,"Atenção Básica"
46570,8,"Assistência Social",245,"Serviços Socioassistenciais"
45698,15,"Urbanismo",451,"Infraestrutura Urbana "
42276,15,"Urbanismo",451,"Infraestrutura Urbana "
40070,15,"Urbanismo",451,"Infraestrutura Urbana "
41733,15,"Urbanismo",451,"Infraestrutura Urbana "
43263,15,"Urbanismo",451,"Infraestrutura Urbana "
43197,13,"Cultura",392,"Difusão Cultural"
46552,10,"Saúde",302,"Assistência Hospitalar e Ambulatorial"
37924,10,"Saúde",301,"Atenção Básica"
43099,10,"Saúde",301,"Atenção Básica"
40538,15,"Urbanismo",451,"Infraestrutura Urbana "
37322,15,"Urbanismo",451,"Infraestrutura Urbana "
42139,12,"Educação",368,"Educação Básica"
45343,15,"Urbanismo",451,"Infraestrutura Urbana "
38478,15,"Urbanismo",451,"Infraestrutura Urbana "
41062,27,"Desporto e Lazer",812,"Desporto Comunitário"
40847,15,"Urbanismo",451,"Infraestrutura Urbana "
42515,6,"Segurança Pública",181,"Policiamento"
39244,15,"Urbanismo",451,"Infraestrutura Urbana "
45649,20,"Agricultura",608,"Promoção da Produção Agropecuária"
37087,20,"Agricultura",608,"Promoção da Produção Agropecuária"
46715,20,"Agricultura",605,"Abastecimento"
43008,15,"Urbanismo",451,"Infraestrutura Urbana "
41902,20,"Agricultura",608,"Promoção da Produção Agropecuária"
37871,12,"Educação",361,"Ensino Fundamental"
40436,20,"Agricultura",608,"Promoção da Produção Agropecuária"
44673,15,"Urbanismo",451,"Infraestrutura Urbana "
39809,20,"Agricultura",608,"Promoção da Produção Agropecuária"
46388,10,"Saúde",302,"Assistência Hospitalar e Ambulatorial"
41216,6,"Segurança Pública",181,"Policiamento"
40483,20,"Agricultura",608,"Promoção da Produção Agropecuária"
40689,16,"Habitação",482,"Habitação Urbana"
46165,8,"Assistência Social",245,"Serviços Socioassistenciais"
44508,20,"Agricultura",608,"Promoção da Produção Agropecuária"
44348,8,"Assistência Social",245,"Serviços Socioassistenciais"
39578,23,"Comércio e Serviços",695,"Turismo"
46152,13,"Cultura",392,"Difusão Cultural"
44095,8,"Assistência Social",245,"Serviços Socioassistenciais"
43038,23,"Comércio e Serviços",695,"Turismo"
43619,20,"Agricultura",608,"Promoção da Produção Agropecuária"
40322,8,"Assistência Social",245,"Serviços Socioassistenciais"
38001,15,"Urbanismo",451,"Infraestrutura Urbana "
41059,10,"Saúde",302,"Assistência Hospitalar e Ambulatorial"
47479,12,"Educação",368,"Educação Básica"
46060,10,"Saúde",301,"Atenção Básica"
42225,10,"Saúde",301,"Atenção Básica"
44137,10,"Saúde",301,"Atenção Básica"
45494,10,"Saúde",302,"Assistência Hospitalar e Ambulatorial"
44283,15,"Urbanismo",451,"Infraestrutura Urbana "
41281,15,"Urbanismo",451,"Infraestrutura Urbana "
37351,15,"Urbanismo",451,"Infraestrutura Urbana "
44347,15,"Urbanismo",451,"Infraestrutura Urbana "
39525,15,"Urbanismo",451,"Infraestrutura Urbana "
40469,27,"Desporto e Lazer",812,"Desporto Comunitário"
44589,15,"Urbanismo",451,"Infraestrutura Urbana "
38245,15,"Urbanismo",451,"Infraestrutura Urbana "
42128,15,"Urbanismo",451,"Infraestrutura Urbana "
41008,15,"Urbanismo",451,"Infraestrutura Urbana "
37587,23,"Comércio e Serviços",695,"Turismo"
39980,6,"Segurança Pública",181,"Policiamento"
45160,20,"Agricultura",605,"Abastecimento"
45160,20,"Agricultura",608,"Promoção da Produção Agropecuária"
44233,15,"Urbanismo",451,"Infraestrutura Urbana "
38152,20,"Agricultura",608,"Promoção da Produção Agropecuária"
38320,15,"Urbanismo",451,"Infraestrutura Urbana "
40152,12,"Educação",361,"Ensino Fundamental"
40152,12,"Educação",365,"Educação Infantil"
41729,12,"Educação",368,"Educação Básica"
42561,15,"Urbanismo",451,"Infraestrutura Urbana "
41212,12,"Educação",368,"Educação Básica"
41411,12,"Educação",361,"Ensino Fundamental"
41893,12,"Educação",361,"Ensino Fundamental"
41893,12,"Educação",365,"Educação Infantil"
41285,8,"Assistência Social",245,"Serviços Socioassistenciais"
39968,8,"Assistência Social",245,"Serviços Socioassistenciais"
44544,27,"Desporto e Lazer",812,"Desporto Comunitário"
40853,23,"Comércio e Serviços",695,"Turismo"
43551,18,"Gestão Ambiental",544,"Recursos Hídricos"
43264,26,"Transporte",782,"Transporte Rodoviário"
40036,23,"Comércio e Serviços",695,"Turismo"
39816,23,"Comércio e Serviços",695,"Turismo"
38510,15,"Urbanismo",451,"Infraestrutura Urbana "
42316,27,"Desporto e Lazer",812,"Desporto Comunitário"
47234,13,"Cultura",392,"Difusão Cultural"
45523,20,"Agricultura",606,"Extensão Rural"
37579,23,"Comércio e Serviços",695,"Turismo"
39445,15,"Urbanismo",451,"Infraestrutura Urbana "
39306,23,"Comércio e Serviços",695,"Turismo"
38670,15,"Urbanismo",451,"Infraestrutura Urbana "
38492,15,"Urbanismo",451,"Infraestrutura Urbana "
38393,20,"Agricultura",608,"Promoção da Produção Agropecuária"
38388,23,"Comércio e Serviços",695,"Turismo"
38383,15,"Urbanismo",451,"Infraestrutura Urbana "
37647,27,"Desporto e Lazer",812,"Desporto Comunitário"
40392,20,"Agricultura",608,"Promoção da Produção Agropecuária"
44301,15,"Urbanismo",451,"Infraestrutura Urbana "
46735,6,"Segurança Pública",181,"Policiamento"
40920,10,"Saúde",301,"Atenção Básica"
40403,10,"Saúde",301,"Atenção Básica"
46006,10,"Saúde",302,"Assistência Hospitalar e Ambulatorial"
43361,15,"Urbanismo",451,"Infraestrutura Urbana "
39579,15,"Urbanismo",451,"Infraestrutura Urbana "
39992,15,"Urbanismo",451,"Infraestrutura Urbana "
37102,15,"Urbanismo",451,"Infraestrutura Urbana "
46772,6,"Segurança Pública",181,"Policiamento"
46772,6,"Segurança Pública",183,"Informação e Inteligência"
40561,6,"Segurança Pública",181,"Policiamento"
38032,6,"Segurança Pública",181,"Policiamento"
37489,6,"Segurança Pública",182,"Defesa Civil"
44419,6,"Segurança Pública",182,"Defesa Civil"
40035,10,"Saúde",302,"Assistência Hospitalar e Ambulatorial"
38487,10,"Saúde",301,"Atenção Básica"
46651,8,"Assistência Social",243,"Assistência à Criança e ao Adolescente"
43127,10,"Saúde",301,"Atenção Básica"
37633,15,"Urbanismo",451,"Infraestrutura Urbana "
41341,20,"Agricultura",608,"Promoção da Produção Agropecuária"
39491,10,"Saúde",301,"Atenção Básica"
43013,10,"Saúde",301,"Atenção Básica"
37389,23,"Comércio e Serviços",695,"Turismo"
41921,6,"Segurança Pública",182,"Defesa Civil"
41571,6,"Segurança Pública",182,"Defesa Civil"
47162,27,"Desporto e Lazer",813,"Lazer"
41360,20,"Agricultura",608,"Promoção da Produção Agropecuária"
42142,10,"Saúde",302,"Assistência Hospitalar e Ambulatorial"
46616,10,"Saúde",302,"Assistência Hospitalar e Ambulatorial"
43291,6,"Segurança Pública",183,"Informação e Inteligência"
37574,15,"Urbanismo",451,"Infraestrutura Urbana "
43580,15,"Urbanismo",451,"Infraestrutura Urbana "
38338,8,"Assistência Social",244,"Assistência Comunitária"
39318,15,"Urbanismo",451,"Infraestrutura Urbana "
39402,15,"Urbanismo",451,"Infraestrutura Urbana "
45953,20,"Agricultura",608,"Promoção da Produção Agropecuária"
40570,15,"Urbanismo",451,"Infraestrutura Urbana "
41540,15,"Urbanismo",451,"Infraestrutura Urbana "
44757,8,"Assistência Social",244,"Assistência Comunitária"
38363,15,"Urbanismo",451,"Infraestrutura Urbana "
39166,23,"Comércio e Serviços",695,"Turismo"
44512,23,"Comércio e Serviços",695,"Turismo"
37442,8,"Assistência Social",245,"Serviços Socioassistenciais"
41948,15,"Urbanismo",451,"Infraestrutura Urbana "
43578,20,"Agricultura",608,"Promoção da Produção Agropecuária"
46351,13,"Cultura",392,"Difusão Cultural"
37660,15,"Urbanismo",451,"Infraestrutura Urbana "
40705,15,"Urbanismo",451,"Infraestrutura Urbana "
43405,15,"Urbanismo",451,"Infraestrutura Urbana "
37488,15,"Urbanismo",451,"Infraestrutura Urbana "
46107,15,"Urbanismo",451,"Infraestrutura Urbana "
44155,15,"Urbanismo",451,"Infraestrutura Urbana "
46258,8,"Assistência Social",243,"Assistência à Criança e ao Adolescente"
38298,10,"Saúde",301,"Atenção Básica"
42456,27,"Desporto e Lazer",812,"Desporto Comunitário"
42456,27,"Desporto e Lazer",813,"Lazer"
46513,27,"Desporto e Lazer",813,"Lazer"
42427,10,"Saúde",301,"Atenção Básica"
38980,15,"Urbanismo",451,"Infraestrutura Urbana "
38810,12,"Educação",367,"Educação Especial"
44201,15,"Urbanismo",451,"Infraestrutura Urbana "
41257,8,"Assistência Social",244,"Assistência Comunitária"
38509,20,"Agricultura",608,"Promoção da Produção Agropecuária"
39225,23,"Comércio e Serviços",695,"Turismo"
45520,15,"Urbanismo",451,"Infraestrutura Urbana "
37696,15,"Urbanismo",451,"Infraestrutura Urbana "
46714,15,"Urbanismo",451,"Infraestrutura Urbana "
45353,8,"Assistência Social",245,"Serviços Socioassistenciais"
38898,10,"Saúde",302,"Assistência Hospitalar e Ambulatorial"
44877,12,"Educação",361,"Ensino Fundamental"
45209,15,"Urbanismo",451,"Infraestrutura Urbana "
41424,8,"Assistência Social",245,"Serviços Socioassistenciais"
41442,8,"Assistência Social",245,"Serviços Socioassistenciais"
44652,6,"Segurança Pública",181,"Policiamento"
47008,15,"Urbanismo",453,"Transportes Coletivos Urbanos"
41937,8,"Assistência Social",245,"Serviços Socioassistenciais"
39799,8,"Assistência Social",245,"Serviços Socioassistenciais"
46087,8,"Assistência Social",245,"Serviços Socioassistenciais"
38075,8,"Assistência Social",245,"Serviços Socioassistenciais"
45300,8,"Assistência Social",245,"Serviços Socioassistenciais"
45540,6,"Segurança Pública",181,"Policiamento"
42851,8,"Assistência Social",245,"Serviços Socioassistenciais"
39104,12,"Educação",361,"Ensino Fundamental"
39104,12,"Educação",365,"Educação Infantil"
43980,20,"Agricultura",608,"Promoção da Produção Agropecuária"
43023,12,"Educação",361,"Ensino Fundamental"
45295,8,"Assistência Social",244,"Assistência Comunitária"
44768,15,"Urbanismo",451,"Infraestrutura Urbana "
46025,8,"Assistência Social",244,"Assistência Comunitária"
46042,27,"Desporto e Lazer",812,"Desporto Comunitário"
41468,23,"Comércio e Serviços",695,"Turismo"
40024,23,"Comércio e Serviços",695,"Turismo"
45087,13,"Cultura",392,"Difusão Cultural"
45028,27,"Desporto e Lazer",812,"Desporto Comunitário"
38054,23,"Comércio e Serviços",695,"Turismo"
44901,27,"Desporto e Lazer",812,"Desporto Comunitário"
37707,23,"Comércio e Serviços",691,"Promoção Comercial"
46218,15,"Urbanismo",451,"Infraestrutura Urbana "
42905,10,"Saúde",302,"Assistência Hospitalar e Ambulatorial"
42905,10,"Saúde",303,"Suporte Profilático e Terapêutico"
42905,10,"Saúde",306,"Alimentação e Nutrição"
37791,20,"Agricultura",608,"Promoção da Produção Agropecuária"
37484,20,"Agricultura",608,"Promoção da Produção Agropecuária"
37486,20,"Agricultura",608,"Promoção da Produção Agropecuária"
44826,12,"Educação",361,"Ensino Fundamental"
40643,12,"Educação",368,"Educação Básica"
47323,23,"Comércio e Serviços",695,"Turismo"
46252,8,"Assistência Social",245,"Serviços Socioassistenciais"
44392,23,"Comércio e Serviços",695,"Turismo"
45793,23,"Comércio e Serviços",695,"Turismo"
42297,20,"Agricultura",608,"Promoção da Produção Agropecuária"
42298,13,"Cultura",392,"Difusão Cultural"
43969,15,"Urbanismo",452,"Serviços Urbanos"
43993,15,"Urbanismo",452,"Serviços Urbanos"
41817,15,"Urbanismo",451,"Infraestrutura Urbana "
40278,15,"Urbanismo",451,"Infraestrutura Urbana "
42050,13,"Cultura",392,"Difusão Cultural"
38398,15,"Urbanismo",451,"Infraestrutura Urbana "
43082,15,"Urbanismo",451,"Infraestrutura Urbana "
41796,15,"Urbanismo",451,"Infraestrutura Urbana "
43772,21,"Organização Agrária",631,"Reforma Agrária"
41532,8,"Assistência Social",245,"Serviços Socioassistenciais"
41172,15,"Urbanismo",451,"Infraestrutura Urbana "
45189,15,"Urbanismo",451,"Infraestrutura Urbana "
40224,15,"Urbanismo",451,"Infraestrutura Urbana "
40353,20,"Agricultura",608,"Promoção da Produção Agropecuária"
44356,20,"Agricultura",605,"Abastecimento"
42413,15,"Urbanismo",451,"Infraestrutura Urbana "
42499,6,"Segurança Pública",181,"Policiamento"
38643,20,"Agricultura",605,"Abastecimento"
39420,26,"Transporte",782,"Transporte Rodoviário"
39258,15,"Urbanismo",451,"Infraestrutura Urbana "
42773,8,"Assistência Social",245,"Serviços Socioassistenciais"
44082,15,"Urbanismo",451,"Infraestrutura Urbana "
41535,8,"Assistência Social",245,"Serviços Socioassistenciais"
40210,20,"Agricultura",608,"Promoção da Produção Agropecuária"
45795,15,"Urbanismo",451,"Infraestrutura Urbana "
43434,15,"Urbanismo",451,"Infraestrutura Urbana "
44161,8,"Assistência Social",245,"Serviços Socioassistenciais"
39123,15,"Urbanismo",451,"Infraestrutura Urbana "
38512,15,"Urbanismo",451,"Infraestrutura Urbana "
40851,15,"Urbanismo",451,"Infraestrutura Urbana "
40206,15,"Urbanismo",451,"Infraestrutura Urbana "
42434,15,"Urbanismo",451,"Infraestrutura Urbana "
38197,15,"Urbanismo",451,"Infraestrutura Urbana "
39767,13,"Cultura",392,"Difusão Cultural"
44110,20,"Agricultura",608,"Promoção da Produção Agropecuária"
39081,20,"Agricultura",608,"Promoção da Produção Agropecuária"
38741,20,"Agricultura",608,"Promoção da Produção Agropecuária"
43445,10,"Saúde",301,"Atenção Básica"
41610,6,"Segurança Pública",181,"Policiamento"
41610,6,"Segurança Pública",182,"Defesa Civil"
41610,6,"Segurança Pública",183,"Informação e Inteligência"
47126,23,"Comércio e Serviços",695,"Turismo"
39057,20,"Agricultura",608,"Promoção da Produção Agropecuária"
37540,23,"Comércio e Serviços",695,"Turismo"
45975,15,"Urbanismo",451,"Infraestrutura Urbana "
38993,15,"Urbanismo",451,"Infraestrutura Urbana "
44876,27,"Desporto e Lazer",812,"Desporto Comunitário"
42345,13,"Cultura",392,"Difusão Cultural"
39457,15,"Urbanismo",451,"Infraestrutura Urbana "
45313,15,"Urbanismo",451,"Infraestrutura Urbana "
43937,15,"Urbanismo",451,"Infraestrutura Urbana "
39727,15,"Urbanismo",451,"Infraestrutura Urbana "
46764,13,"Cultura",392,"Difusão Cultural"
41034,20,"Agricultura",608,"Promoção da Produção Agropecuária"
42049,15,"Urbanismo",451,"Infraestrutura Urbana "
42049,15,"Urbanismo",452,"Serviços Urbanos"
43879,27,"Desporto e Lazer",812,"Desporto Comunitário"
44124,27,"Desporto e Lazer",812,"Desporto Comunitário"
47450,21,"Organização Agrária",632,"Colonização"
39740,23,"Comércio e Serviços",695,"Turismo"
44759,20,"Agricultura",606,"Extensão Rural"
37434,15,"Urbanismo",451,"Infraestrutura Urbana "
43306,15,"Urbanismo",451,"Infraestrutura Urbana "
41270,15,"Urbanismo",451,"Infraestrutura Urbana "
42081,15,"Urbanismo",451,"Infraestrutura Urbana "
45361,15,"Urbanismo",451,"Infraestrutura Urbana "
38871,20,"Agricultura",608,"Promoção da Produção Agropecuária"
43684,20,"Agricultura",608,"Promoção da Produção Agropecuária"
37829,20,"Agricultura",608,"Promoção da Produção Agropecuária"
46244,8,"Assistência Social",245,"Serviços Socioassistenciais"
37075,20,"Agricultura",608,"Promoção da Produção Agropecuária"
42887,20,"Agricultura",608,"Promoção da Produção Agropecuária"
40994,13,"Cultura",392,"Difusão Cultural"
41277,15,"Urbanismo",452,"Serviços Urbanos"
37248,15,"Urbanismo",451,"Infraestrutura Urbana "
38520,18,"Gestão Ambiental",541,"Preservação e Conservação Ambiental"
39666,15,"Urbanismo",451,"Infraestrutura Urbana "
38463,15,"Urbanismo",451,"Infraestrutura Urbana "
41704,20,"Agricultura",608,"Promoção da Produção Agropecuária"
41976,15,"Urbanismo",451,"Infraestrutura Urbana "
42452,15,"Urbanismo",451,"Infraestrutura Urbana "
38369,15,"Urbanismo",451,"Infraestrutura Urbana "
46094,15,"Urbanismo",451,"Infraestrutura Urbana "
46375,15,"Urbanismo",451,"Infraestrutura Urbana "
42853,15,"Urbanismo",451,"Infraestrutura Urbana "
43638,15,"Urbanismo",451,"Infraestrutura Urbana "
42574,20,"Agricultura",608,"Promoção da Produção Agropecuária"
39582,15,"Urbanismo",451,"Infraestrutura Urbana "
39077,20,"Agricultura",608,"Promoção da Produção Agropecuária"
38420,20,"Agricultura",608,"Promoção da Produção Agropecuária"
43364,15,"Urbanismo",451,"Infraestrutura Urbana "
41147,10,"Saúde",301,"Atenção Básica"
39624,10,"Saúde",301,"Atenção Básica"
41928,10,"Saúde",301,"Atenção Básica"
44010,10,"Saúde",301,"Atenção Básica"
37753,15,"Urbanismo",451,"Infraestrutura Urbana "
40286,15,"Urbanismo",451,"Infraestrutura Urbana "
44343,15,"Urbanismo",451,"Infraestrutura Urbana "
43098,26,"Transporte",782,"Transporte Rodoviário"
45720,20,"Agricultura",608,"Promoção da Produção Agropecuária"
45112,20,"Agricultura",608,"Promoção da Produção Agropecuária"
39326,15,"Urbanismo",451,"Infraestrutura Urbana "
42630,25,"Energia",752,"Energia Elétrica"
40009,15,"Urbanismo",452,"Serviços Urbanos"
41061,23,"Comércio e Serviços",695,"Turismo"
38313,15,"Urbanismo",451,"Infraestrutura Urbana "
42148,15,"Urbanismo",451,"Infraestrutura Urbana "
46289,15,"Urbanismo",451,"Infraestrutura Urbana "
45174,20,"Agricultura",608,"Promoção da Produção Agropecuária"
37578,10,"Saúde",301,"Atenção Básica"
41492,27,"Desporto e Lazer",812,"Desporto Comunitário"
47190,15,"Urbanismo",452,"Serviços Urbanos"
38891,8,"Assistência Social",243,"Assistência à Criança e ao Adolescente"
38891,8,"Assistência Social",244,"Assistência Comunitária"
39628,10,"Saúde",301,"Atenção Básica"
42292,10,"Saúde",301,"Atenção Básica"
37076,10,"Saúde",301,"Atenção Básica"
45963,8,"Assistência Social",245,"Serviços Socioassistenciais"
37575,12,"Educação",361,"Ensino Fundamental"
43887,20,"Agricultura",608,"Promoção da Produção Agropecuária"
39109,18,"Gestão Ambiental",544,"Recursos Hídricos"
42543,8,"Assistência Social",245,"Serviços Socioassistenciais"
43662,8,"Assistência Social",245,"Serviços Socioassistenciais"
44202,15,"Urbanismo",127,"Ordenamento Territorial"
39186,10,"Saúde",301,"Atenção Básica"
39658,15,"Urbanismo",451,"Infraestrutura Urbana "
46088,15,"Urbanismo",451,"Infraestrutura Urbana "
44492,15,"Urbanismo",451,"Infraestrutura Urbana "
39930,20,"Agricultura",608,"Promoção da Produção Agropecuária"
45073,8,"Assistência Social",244,"Assistência Comunitária"
45666,15,"Urbanismo",451,"Infraestrutura Urbana "
38954,25,"Energia",752,"Energia Elétrica"
43316,15,"Urbanismo",451,"Infraestrutura Urbana "
46409,8,"Assistência Social",245,"Serviços Socioassistenciais"
41458,20,"Agricultura",608,"Promoção da Produção Agropecuária"
41782,15,"Urbanismo",451,"Infraestrutura Urbana "
46791,23,"Comércio e Serviços",695,"Turismo"
40425,13,"Cultura",392,"Difusão Cultural"
42022,15,"Urbanismo",451,"Infraestrutura Urbana "
44715,12,"Educação",361,"Ensino Fundamental"
43773,10,"Saúde",301,"Atenção Básica"
45155,13,"Cultura",391,"Patrimônio Histórico, Artístico e Arqueológico"
44883,17,"Saneamento",512,"Saneamento Básico Urbano"
44883,20,"Agricultura",608,"Promoção da Produção Agropecuária"
45066,27,"Desporto e Lazer",811,"Desporto de Rendimento"
37265,15,"Urbanismo",451,"Infraestrutura Urbana "
39950,15,"Urbanismo",451,"Infraestrutura Urbana "
46537,13,"Cultura",392,"Difusão Cultural"
41345,13,"Cultura",392,"Difusão Cultural"
40217,15,"Urbanismo",451,"Infraestrutura Urbana "
44583,15,"Urbanismo",451,"Infraestrutura Urbana "
44169,15,"Urbanismo",451,"Infraestrutura Urbana "
38715,10,"Saúde",301,"Atenção Básica"
45970,8,"Assistência Social",245,"Serviços Socioassistenciais"
42321,15,"Urbanismo",451,"Infraestrutura Urbana "
46986,15,"Urbanismo",451,"Infraestrutura Urbana "
39419,15,"Urbanismo",451,"Infraestrutura Urbana "
46149,15,"Urbanismo",451,"Infraestrutura Urbana "
41367,27,"Desporto e Lazer",812,"Desporto Comunitário"
41321,20,"Agricultura",608,"Promoção da Produção Agropecuária"
41314,15,"Urbanismo",451,"Infraestrutura Urbana "
44035,15,"Urbanismo",451,"Infraestrutura Urbana "
39695,27,"Desporto e Lazer",812,"Desporto Comunitário"
38802,18,"Gestão Ambiental",541,"Preservação e Conservação Ambiental"
44585,15,"Urbanismo",451,"Infraestrutura Urbana "
42244,12,"Educação",368,"Educação Básica"
43012,27,"Desporto e Lazer",812,"Desporto Comunitário"
41858,10,"Saúde",301,"Atenção Básica"
43142,10,"Saúde",301,"Atenção Básica"
37904,15,"Urbanismo",451,"Infraestrutura Urbana "
38567,15,"Urbanismo",451,"Infraestrutura Urbana "
44077,15,"Urbanismo",451,"Infraestrutura Urbana "
42859,27,"Desporto e Lazer",812,"Desporto Comunitário"
41331,20,"Agricultura",608,"Promoção da Produção Agropecuária"
42226,8,"Assistência Social",245,"Serviços Socioassistenciais"
37858,23,"Comércio e Serviços",695,"Turismo"
39167,13,"Cultura",392,"Difusão Cultural"
44839,27,"Desporto e Lazer",812,"Desporto Comunitário"
44839,27,"Desporto e Lazer",813,"Lazer"
39594,23,"Comércio e Serviços",695,"Turismo"
40708,23,"Comércio e Serviços",695,"Turismo"
38515,8,"Assistência Social",245,"Serviços Socioassistenciais"
45308,23,"Comércio e Serviços",692,"Comercialização"
43326,15,"Urbanismo",451,"Infraestrutura Urbana "
38358,15,"Urbanismo",451,"Infraestrutura Urbana "
45102,27,"Desporto e Lazer",813,"Lazer"
38936,17,"Saneamento",512,"Saneamento Básico Urbano"
37492,20,"Agricultura",608,"Promoção da Produção Agropecuária"
47440,20,"Agricultura",608,"Promoção da Produção Agropecuária"
38042,10,"Saúde",301,"Atenção Básica"
44612,20,"Agricultura",608,"Promoção da Produção Agropecuária"
45554,15,"Urbanismo",451,"Infraestrutura Urbana "
41346,15,"Urbanismo",451,"Infraestrutura Urbana "
38910,8,"Assistência Social",244,"Assistência Comunitária"
39227,15,"Urbanismo",451,"Infraestrutura Urbana "
40147,15,"Urbanismo",451,"Infraestrutura Urbana "
41833,15,"Urbanismo",451,"Infraestrutura Urbana "
37498,15,"Urbanismo",451,"Infraestrutura Urbana "
44645,20,"Agricultura",608,"Promoção da Produção Agropecuária"
40910,20,"Agricultura",608,"Promoção da Produção Agropecuária"
41747,15,"Urbanismo",451,"Infraestrutura Urbana "
41751,15,"Urbanismo",451,"Infraestrutura Urbana "
42334,13,"Cultura",392,"Difusão Cultural"
41334,20,"Agricultura",608,"Promoção da Produção Agropecuária"
46128,15,"Urbanismo",451,"Infraestrutura Urbana "
46914,27,"Desporto e Lazer",812,"Desporto Comunitário"
38922,20,"Agricultura",608,"Promoção da Produção Agropecuária"
45350,23,"Comércio e Serviços",692,"Comercialização"
46327,23,"Comércio e Serviços",695,"Turismo"
39942,15,"Urbanismo",451,"Infraestrutura Urbana "
39848,13,"Cultura",392,"Difusão Cultural"
45063,20,"Agricultura",608,"Promoção da Produção Agropecuária"
41130,18,"Gestão Ambiental",541,"Preservação e Conservação Ambiental"
44632,20,"Agricultura",608,"Promoção da Produção Agropecuária"
38177,20,"Agricultura",608,"Promoção da Produção Agropecuária"
42213,15,"Urbanismo",127,"Ordenamento Territorial"
42213,21,"Organização Agrária",631,"Reforma Agrária"
42213,21,"Organização Agrária",632,"Colonização"
42213,20,"Agricultura",605,"Abastecimento"
42213,20,"Agricultura",606,"Extensão Rural"
42213,20,"Agricultura",607,"Irrigação"
42213,20,"Agricultura",608,"Promoção da Produção Agropecuária"
42213,20,"Agricultura",609,"Defesa Agropecuária"
38698,27,"Desporto e Lazer",812,"Desporto Comunitário"
44605,20,"Agricultura",608,"Promoção da Produção Agropecuária"
38932,27,"Desporto e Lazer",813,"Lazer"
39023,15,"Urbanismo",451,"Infraestrutura Urbana "
37372,27,"Desporto e Lazer",813,"Lazer"
38538,20,"Agricultura",608,"Promoção da Produção Agropecuária"
41348,13,"Cultura",392,"Difusão Cultural"
39354,15,"Urbanismo",451,"Infraestrutura Urbana "
38519,15,"Urbanismo",451,"Infraestrutura Urbana "
44709,15,"Urbanismo",451,"Infraestrutura Urbana "
45884,20,"Agricultura",608,"Promoção da Produção Agropecuária"
39330,27,"Desporto e Lazer",812,"Desporto Comunitário"
43714,8,"Assistência Social",245,"Serviços Socioassistenciais"
38760,20,"Agricultura",608,"Promoção da Produção Agropecuária"
45892,15,"Urbanismo",451,"Infraestrutura Urbana "
47430,10,"Saúde",302,"Assistência Hospitalar e Ambulatorial"
37297,8,"Assistência Social",245,"Serviços Socioassistenciais"
40252,8,"Assistência Social",245,"Serviços Socioassistenciais"
40852,6,"Segurança Pública",181,"Policiamento"
42006,10,"Saúde",301,"Atenção Básica"
43409,15,"Urbanismo",451,"Infraestrutura Urbana "
41113,20,"Agricultura",606,"Extensão Rural"
39729,20,"Agricultura",608,"Promoção da Produção Agropecuária"
43994,20,"Agricultura",608,"Promoção da Produção Agropecuária"
42269,15,"Urbanismo",451,"Infraestrutura Urbana "
41098,15,"Urbanismo",451,"Infraestrutura Urbana "
37158,15,"Urbanismo",451,"Infraestrutura Urbana "
42696,20,"Agricultura",606,"Extensão Rural"
38471,15,"Urbanismo",451,"Infraestrutura Urbana "
44005,20,"Agricultura",608,"Promoção da Produção Agropecuária"
42802,13,"Cultura",392,"Difusão Cultural"
38539,10,"Saúde",302,"Assistência Hospitalar e Ambulatorial"
39722,27,"Desporto e Lazer",812,"Desporto Comunitário"
40069,20,"Agricultura",606,"Extensão Rural"
37279,15,"Urbanismo",451,"Infraestrutura Urbana "
46989,8,"Assistência Social",245,"Serviços Socioassistenciais"
38189,8,"Assistência Social",244,"Assistência Comunitária"
40333,15,"Urbanismo",451,"Infraestrutura Urbana "
42104,10,"Saúde",302,"Assistência Hospitalar e Ambulatorial"
42386,27,"Desporto e Lazer",813,"Lazer"
46505,8,"Assistência Social",243,"Assistência à Criança e ao Adolescente"
46505,8,"Assistência Social",245,"Serviços Socioassistenciais"
43820,23,"Comércio e Serviços",695,"Turismo"
47281,8,"Assistência Social",245,"Serviços Socioassistenciais"
39295,15,"Urbanismo",451,"Infraestrutura Urbana "
44908,15,"Urbanismo",451,"Infraestrutura Urbana "
40546,20,"Agricultura",608,"Promoção da Produção Agropecuária"
38418,15,"Urbanismo",451,"Infraestrutura Urbana "
46495,15,"Urbanismo",451,"Infraestrutura Urbana "
38360,20,"Agricultura",605,"Abastecimento"
43738,15,"Urbanismo",451,"Infraestrutura Urbana "
43515,27,"Desporto e Lazer",812,"Desporto Comunitário"
37861,15,"Urbanismo",451,"Infraestrutura Urbana "
46778,15,"Urbanismo",451,"Infraestrutura Urbana "
46139,14,"Direitos da Cidadania",422,"Direitos Individuais, Coletivos e Difusos"
45719,20,"Agricultura",608,"Promoção da Produção Agropecuária"
38040,15,"Urbanismo",451,"Infraestrutura Urbana "
44486,15,"Urbanismo",451,"Infraestrutura Urbana "
45856,15,"Urbanismo",451,"Infraestrutura Urbana "
45091,20,"Agricultura",608,"Promoção da Produção Agropecuária"
45526,20,"Agricultura",608,"Promoção da Produção Agropecuária"
42163,15,"Urbanismo",451,"Infraestrutura Urbana "
40875,27,"Desporto e Lazer",812,"Desporto Comunitário"
39145,27,"Desporto e Lazer",812,"Desporto Comunitário"
39978,13,"Cultura",392,"Difusão Cultural"
37984,23,"Comércio e Serviços",695,"Turismo"
38582,23,"Comércio e Serviços",695,"Turismo"
41156,23,"Comércio e Serviços",695,"Turismo"
46306,20,"Agricultura",608,"Promoção da Produção Agropecuária"
37608,23,"Comércio e Serviços",695,"Turismo"
41980,23,"Comércio e Serviços",695,"Turismo"
39884,23,"Comércio e Serviços",695,"Turismo"
45870,20,"Agricultura",608,"Promoção da Produção Agropecuária"
39682,20,"Agricultura",608,"Promoção da Produção Agropecuária"
44931,20,"Agricultura",606,"Extensão Rural"
47006,27,"Desporto e Lazer",812,"Desporto Comunitário"
42625,15,"Urbanismo",451,"Infraestrutura Urbana "
38148,20,"Agricultura",608,"Promoção da Produção Agropecuária"
45765,15,"Urbanismo",451,"Infraestrutura Urbana "
42985,15,"Urbanismo",451,"Infraestrutura Urbana "
43737,20,"Agricultura",608,"Promoção da Produção Agropecuária"
46511,15,"Urbanismo",451,"Infraestrutura Urbana "
44410,27,"Desporto e Lazer",812,"Desporto Comunitário"
38115,15,"Urbanismo",451,"Infraestrutura Urbana "
43049,15,"Urbanismo",451,"Infraestrutura Urbana "
45272,27,"Desporto e Lazer",812,"Desporto Comunitário"
37336,15,"Urbanismo",451,"Infraestrutura Urbana "
44983,27,"Desporto e Lazer",812,"Desporto Comunitário"
43129,27,"Desporto e Lazer",812,"Desporto Comunitário"
45683,10,"Saúde",301,"Atenção Básica"
43724,15,"Urbanismo",451,"Infraestrutura Urbana "
43671,15,"Urbanismo",451,"Infraestrutura Urbana "
38504,15,"Urbanismo",451,"Infraestrutura Urbana "
39699,20,"Agricultura",608,"Promoção da Produção Agropecuária"
46516,27,"Desporto e Lazer",812,"Desporto Comunitário"
41763,20,"Agricultura",608,"Promoção da Produção Agropecuária"
41859,15,"Urbanismo",451,"Infraestrutura Urbana "
37955,15,"Urbanismo",451,"Infraestrutura Urbana "
38410,8,"Assistência Social",245,"Serviços Socioassistenciais"
42437,10,"Saúde",301,"Atenção Básica"
41945,10,"Saúde",301,"Atenção Básica"
43716,10,"Saúde",302,"Assistência Hospitalar e Ambulatorial"
45360,14,"Direitos da Cidadania",422,"Direitos Individuais, Coletivos e Difusos"
43917,12,"Educação",361,"Ensino Fundamental"
43917,12,"Educação",362,"Ensino Médio"
42473,20,"Agricultura",608,"Promoção da Produção Agropecuária"
39672,6,"Segurança Pública",181,"Policiamento"
39622,18,"Gestão Ambiental",541,"Preservação e Conservação Ambiental"
39333,15,"Urbanismo",451,"Infraestrutura Urbana "
41027,15,"Urbanismo",451,"Infraestrutura Urbana "
40431,15,"Urbanismo",451,"Infraestrutura Urbana "
45157,26,"Transporte",782,"Transporte Rodoviário"
37786,15,"Urbanismo",451,"Infraestrutura Urbana "
43080,23,"Comércio e Serviços",695,"Turismo"
42828,15,"Urbanismo",451,"Infraestrutura Urbana "
37468,10,"Saúde",302,"Assistência Hospitalar e Ambulatorial"
39214,20,"Agricultura",608,"Promoção da Produção Agropecuária"
39718,21,"Organização Agrária",631,"Reforma Agrária"
43842,12,"Educação",368,"Educação Básica"
45747,20,"Agricultura",608,"Promoção da Produção Agropecuária"
38121,20,"Agricultura",608,"Promoção da Produção Agropecuária"
45868,20,"Agricultura",608,"Promoção da Produção Agropecuária"
42369,22,"Indústria",662,"Produção Industrial"
44482,8,"Assistência Social",244,"Assistência Comunitária"
41843,20,"Agricultura",606,"Extensão Rural"
43407,6,"Segurança Pública",181,"Policiamento"
40537,15,"Urbanismo",451,"Infraestrutura Urbana "
45251,15,"Urbanismo",451,"Infraestrutura Urbana "
38468,15,"Urbanismo",451,"Infraestrutura Urbana "
42433,27,"Desporto e Lazer",812,"Desporto Comunitário"
44043,27,"Desporto e Lazer",813,"Lazer"
37730,12,"Educação",361,"Ensino Fundamental"
40571,27,"Desporto e Lazer",812,"Desporto Comunitário"
47157,6,"Segurança Pública",181,"Policiamento"
40223,15,"Urbanismo",451,"Infraestrutura Urbana "
38838,12,"Educação",361,"Ensino Fundamental"
40763,12,"Educação",361,"Ensino Fundamental"
44004,10,"Saúde",302,"Assistência Hospitalar e Ambulatorial"
42970,10,"Saúde",301,"Atenção Básica"
38008,12,"Educação",365,"Educação Infantil"
43745,12,"Educação",361,"Ensino Fundamental"
39241,12,"Educação",361,"Ensino Fundamental"
43558,12,"Educação",361,"Ensino Fundamental"
43836,20,"Agricultura",608,"Promoção da Produção Agropecuária"
42535,12,"Educação",361,"Ensino Fundamental"
41283,12,"Educação",366,"Educação de Jovens e Adultos"
43561,15,"Urbanismo",451,"Infraestrutura Urbana "
40808,15,"Urbanismo",451,"Infraestrutura Urbana "
46904,15,"Urbanismo",451,"Infraestrutura Urbana "
42278,13,"Cultura",392,"Difusão Cultural"
38329,15,"Urbanismo",452,"Serviços Urbanos"
37537,15,"Urbanismo",451,"Infraestrutura Urbana "
39870,8,"Assistência Social",245,"Serviços Socioassistenciais"
37446,27,"Desporto e Lazer",812,"Desporto Comunitário"
43693,8,"Assistência Social",245,"Serviços Socioassistenciais"
40804,15,"Urbanismo",451,"Infraestrutura Urbana "
45506,27,"Desporto e Lazer",813,"Lazer"
47217,20,"Agricultura",608,"Promoção da Produção Agropecuária"
45811,20,"Agricultura",608,"Promoção da Produção Agropecuária"
40638,15,"Urbanismo",451,"Infraestrutura Urbana "
40673,27,"Desporto e Lazer",812,"Desporto Comunitário"
44563,15,"Urbanismo",451,"Infraestrutura Urbana "
39025,15,"Urbanismo",451,"Infraestrutura Urbana "
41783,23,"Comércio e Serviços",695,"Turismo"
45225,15,"Urbanismo",451,"Infraestrutura Urbana "
45662,15,"Urbanismo",451,"Infraestrutura Urbana "
43110,15,"Urbanismo",452,"Serviços Urbanos"
42577,23,"Comércio e Serviços",695,"Turismo"
38874,15,"Urbanismo",451,"Infraestrutura Urbana "
44842,15,"Urbanismo",451,"Infraestrutura Urbana "
42684,10,"Saúde",302,"Assistência Hospitalar e Ambulatorial"
46233,27,"Desporto e Lazer",812,"Desporto Comunitário"
37772,15,"Urbanismo",451,"Infraestrutura Urbana "
47184,8,"Assistência Social",243,"Assistência à Criança e ao Adolescente"
46046,10,"Saúde",302,"Assistência Hospitalar e Ambulatorial"
38522,8,"Assistência Social",245,"Serviços Socioassistenciais"
45895,27,"Desporto e Lazer",811,"Desporto de Rendimento"
45895,27,"Desporto e Lazer",812,"Desporto Comunitário"
45895,27,"Desporto e Lazer",813,"Lazer"
37132,27,"Desporto e Lazer",813,"Lazer"
38951,23,"Comércio e Serviços",695,"Turismo"
45692,10,"Saúde",302,"Assistência Hospitalar e Ambulatorial"
38277,15,"Urbanismo",451,"Infraestrutura Urbana "
38592,15,"Urbanismo",451,"Infraestrutura Urbana "
40368,15,"Urbanismo",451,"Infraestrutura Urbana "
41903,15,"Urbanismo",451,"Infraestrutura Urbana "
43415,15,"Urbanismo",451,"Infraestrutura Urbana "
38153,15,"Urbanismo",451,"Infraestrutura Urbana "
43352,17,"Saneamento",511,"Saneamento Básico Rural"
44084,15,"Urbanismo",451,"Infraestrutura Urbana "
38317,15,"Urbanismo",451,"Infraestrutura Urbana "
42174,15,"Urbanismo",451,"Infraestrutura Urbana "
41801,20,"Agricultura",606,"Extensão Rural"
41801,20,"Agricultura",608,"Promoção da Produção Agropecuária"
43479,27,"Desporto e Lazer",812,"Desporto Comunitário"
40016,15,"Urbanismo",451,"Infraestrutura Urbana "
37595,15,"Urbanismo",451,"Infraestrutura Urbana "
45675,15,"Urbanismo",451,"Infraestrutura Urbana "
39626,27,"Desporto e Lazer",813,"Lazer"
44179,15,"Urbanismo",451,"Infraestrutura Urbana "
41115,15,"Urbanismo",451,"Infraestrutura Urbana "
42595,13,"Cultura",392,"Difusão Cultural"
41201,15,"Urbanismo",451,"Infraestrutura Urbana "
38271,23,"Comércio e Serviços",695,"Turismo"
36978,17,"Saneamento",512,"Saneamento Básico Urbano"
46536,12,"Educação",361,"Ensino Fundamental"
46797,12,"Educação",361,"Ensino Fundamental"
46797,12,"Educação",365,"Educação Infantil"
46797,12,"Educação",368,"Educação Básica"
40311,20,"Agricultura",608,"Promoção da Produção Agropecuária"
44310,10,"Saúde",302,"Assistência Hospitalar e Ambulatorial"
46219,27,"Desporto e Lazer",812,"Desporto Comunitário"
46219,27,"Desporto e Lazer",813,"Lazer"
40360,15,"Urbanismo",451,"Infraestrutura Urbana "
45355,20,"Agricultura",606,"Extensão Rural"
37806,27,"Desporto e Lazer",812,"Desporto Comunitário"
41139,15,"Urbanismo",451,"Infraestrutura Urbana "
46652,8,"Assistência Social",245,"Serviços Socioassistenciais"
38386,8,"Assistência Social",244,"Assistência Comunitária"
37703,27,"Desporto e Lazer",812,"Desporto Comunitário"
37948,11,"Trabalho",333,"Empregabilidade"
37948,11,"Trabalho",334,"Fomento ao Trabalho"
40234,20,"Agricultura",608,"Promoção da Produção Agropecuária"
45141,13,"Cultura",392,"Difusão Cultural"
46345,27,"Desporto e Lazer",812,"Desporto Comunitário"
37465,27,"Desporto e Lazer",812,"Desporto Comunitário"
37752,15,"Urbanismo",451,"Infraestrutura Urbana "
37893,15,"Urbanismo",451,"Infraestrutura Urbana "
37235,27,"Desporto e Lazer",813,"Lazer"
47137,20,"Agricultura",608,"Promoção da Produção Agropecuária"
37069,12,"Educação",361,"Ensino Fundamental"
37069,12,"Educação",365,"Educação Infantil"
37069,12,"Educação",366,"Educação de Jovens e Adultos"
39615,12,"Educação",368,"Educação Básica"
45434,23,"Comércio e Serviços",695,"Turismo"
40824,12,"Educação",361,"Ensino Fundamental"
45417,20,"Agricultura",608,"Promoção da Produção Agropecuária"
47219,20,"Agricultura",608,"Promoção da Produção Agropecuária"
43500,18,"Gestão Ambiental",541,"Preservação e Conservação Ambiental"
46640,15,"Urbanismo",451,"Infraestrutura Urbana "
37137,15,"Urbanismo",451,"Infraestrutura Urbana "
39292,18,"Gestão Ambiental",542,"Controle Ambiental"
43762,27,"Desporto e Lazer",813,"Lazer"
45136,15,"Urbanismo",451,"Infraestrutura Urbana "
44748,15,"Urbanismo",451,"Infraestrutura Urbana "
40770,27,"Desporto e Lazer",812,"Desporto Comunitário"
40770,27,"Desporto e Lazer",813,"Lazer"
40877,15,"Urbanismo",451,"Infraestrutura Urbana "
41074,12,"Educação",361,"Ensino Fundamental"
41074,12,"Educação",365,"Educação Infantil"
46669,20,"Agricultura",608,"Promoção da Produção Agropecuária"
40949,15,"Urbanismo",451,"Infraestrutura Urbana "
46612,20,"Agricultura",608,"Promoção da Produção Agropecuária"
44274,12,"Educação",368,"Educação Básica"
45368,11,"Trabalho",334,"Fomento ao Trabalho"
45705,20,"Agricultura",608,"Promoção da Produção Agropecuária"
40934,20,"Agricultura",608,"Promoção da Produção Agropecuária"
39784,23,"Comércio e Serviços",695,"Turismo"
38617,27,"Desporto e Lazer",812,"Desporto Comunitário"
38593,15,"Urbanismo",451,"Infraestrutura Urbana "
47009,27,"Desporto e Lazer",812,"Desporto Comunitário"
44098,13,"Cultura",392,"Difusão Cultural"
40504,20,"Agricultura",608,"Promoção da Produção Agropecuária"
38809,15,"Urbanismo",451,"Infraestrutura Urbana "
46659,15,"Urbanismo",451,"Infraestrutura Urbana "
41520,15,"Urbanismo",451,"Infraestrutura Urbana "
37071,23,"Comércio e Serviços",695,"Turismo"
38540,15,"Urbanismo",451,"Infraestrutura Urbana "
41127,23,"Comércio e Serviços",695,"Turismo"
42867,27,"Desporto e Lazer",812,"Desporto Comunitário"
43520,15,"Urbanismo",451,"Infraestrutura Urbana "
46047,27,"Desporto e Lazer",812,"Desporto Comunitário"
37777,23,"Comércio e Serviços",695,"Turismo"
39912,15,"Urbanismo",451,"Infraestrutura Urbana "
40960,20,"Agricultura",608,"Promoção da Produção Agropecuária"
37902,10,"Saúde",301,"Atenção Básica"
46506,23,"Comércio e Serviços",691,"Promoção Comercial"
41090,12,"Educação",361,"Ensino Fundamental"
41090,12,"Educação",365,"Educação Infantil"
41719,27,"Desporto e Lazer",812,"Desporto Comunitário"
38259,23,"Comércio e Serviços",695,"Turismo"
37600,23,"Comércio e Serviços",695,"Turismo"
38511,10,"Saúde",302,"Assistência Hospitalar e Ambulatorial"
37175,15,"Urbanismo",451,"Infraestrutura Urbana "
40573,15,"Urbanismo",451,"Infraestrutura Urbana "
42352,15,"Urbanismo",451,"Infraestrutura Urbana "
42667,15,"Urbanismo",451,"Infraestrutura Urbana "
38339,20,"Agricultura",606,"Extensão Rural"
37662,20,"Agricultura",608,"Promoção da Produção Agropecuária"
47128,15,"Urbanismo",451,"Infraestrutura Urbana "
40294,15,"Urbanismo",451,"Infraestrutura Urbana "
40498,15,"Urbanismo",451,"Infraestrutura Urbana "
43030,15,"Urbanismo",451,"Infraestrutura Urbana "
43030,15,"Urbanismo",452,"Serviços Urbanos"
46543,15,"Urbanismo",451,"Infraestrutura Urbana "
42609,8,"Assistência Social",245,"Serviços Socioassistenciais"
37385,27,"Desporto e Lazer",812,"Desporto Comunitário"
43775,8,"Assistência Social",245,"Serviços Socioassistenciais"
45606,8,"Assistência Social",245,"Serviços Socioassistenciais"
43240,8,"Assistência Social",245,"Serviços Socioassistenciais"
41016,8,"Assistência Social",245,"Serviços Socioassistenciais"
38529,8,"Assistência Social",245,"Serviços Socioassistenciais"
43403,20,"Agricultura",608,"Promoção da Produção Agropecuária"
39259,15,"Urbanismo",451,"Infraestrutura Urbana "
37569,12,"Educação",368,"Educação Básica"
37311,10,"Saúde",301,"Atenção Básica"
38009,15,"Urbanismo",451,"Infraestrutura Urbana "
39648,15,"Urbanismo",451,"Infraestrutura Urbana "
37400,15,"Urbanismo",451,"Infraestrutura Urbana "
41066,15,"Urbanismo",451,"Infraestrutura Urbana "
41007,23,"Comércio e Serviços",695,"Turismo"
41952,15,"Urbanismo",451,"Infraestrutura Urbana "
38600,15,"Urbanismo",451,"Infraestrutura Urbana "
46784,15,"Urbanismo",452,"Serviços Urbanos"
41771,15,"Urbanismo",451,"Infraestrutura Urbana "
43974,15,"Urbanismo",452,"Serviços Urbanos"
39356,8,"Assistência Social",244,"Assistência Comunitária"
39835,15,"Urbanismo",452,"Serviços Urbanos"
39835,15,"Urbanismo",451,"Infraestrutura Urbana "
40636,16,"Habitação",482,"Habitação Urbana"
38048,20,"Agricultura",606,"Extensão Rural"
39501,13,"Cultura",392,"Difusão Cultural"
45493,15,"Urbanismo",451,"Infraestrutura Urbana "
45451,23,"Comércio e Serviços",695,"Turismo"
46945,15,"Urbanismo",451,"Infraestrutura Urbana "
46925,12,"Educação",365,"Educação Infantil"
43679,15,"Urbanismo",452,"Serviços Urbanos"
46243,8,"Assistência Social",245,"Serviços Socioassistenciais"
42734,20,"Agricultura",608,"Promoção da Produção Agropecuária"
45876,12,"Educação",365,"Educação Infantil"
44696,10,"Saúde",301,"Atenção Básica"
38723,15,"Urbanismo",451,"Infraestrutura Urbana "
38738,15,"Urbanismo",451,"Infraestrutura Urbana "
46568,13,"Cultura",392,"Difusão Cultural"
44616,8,"Assistência Social",244,"Assistência Comunitária"
43330,15,"Urbanismo",451,"Infraestrutura Urbana "
43256,15,"Urbanismo",451,"Infraestrutura Urbana "
41543,15,"Urbanismo",451,"Infraestrutura Urbana "
40863,15,"Urbanismo",451,"Infraestrutura Urbana "
45605,15,"Urbanismo",451,"Infraestrutura Urbana "
42389,15,"Urbanismo",451,"Infraestrutura Urbana "
45722,15,"Urbanismo",451,"Infraestrutura Urbana "
46753,15,"Urbanismo",451,"Infraestrutura Urbana "
42897,23,"Comércio e Serviços",691,"Promoção Comercial"
46943,15,"Urbanismo",451,"Infraestrutura Urbana "
41439,6,"Segurança Pública",181,"Policiamento"
37096,15,"Urbanismo",451,"Infraestrutura Urbana "
38916,15,"Urbanismo",451,"Infraestrutura Urbana "
43567,20,"Agricultura",606,"Extensão Rural"
46421,13,"Cultura",392,"Difusão Cultural"
38188,15,"Urbanismo",451,"Infraestrutura Urbana "
40948,15,"Urbanismo",451,"Infraestrutura Urbana "
39461,10,"Saúde",301,"Atenção Básica"
38544,21,"Organização Agrária",631,"Reforma Agrária"
44714,20,"Agricultura",608,"Promoção da Produção Agropecuária"
38496,17,"Saneamento",511,"Saneamento Básico Rural"
37977,20,"Agricultura",608,"Promoção da Produção Agropecuária"
46217,20,"Agricultura",608,"Promoção da Produção Agropecuária"
41848,15,"Urbanismo",451,"Infraestrutura Urbana "
37413,26,"Transporte",782,"Transporte Rodoviário"
45701,15,"Urbanismo",451,"Infraestrutura Urbana "
38124,26,"Transporte",782,"Transporte Rodoviário"
38087,20,"Agricultura",606,"Extensão Rural"
37735,8,"Assistência Social",245,"Serviços Socioassistenciais"
42962,15,"Urbanismo",451,"Infraestrutura Urbana "
41109,15,"Urbanismo",451,"Infraestrutura Urbana "
39882,15,"Urbanismo",451,"Infraestrutura Urbana "
46856,21,"Organização Agrária",631,"Reforma Agrária"
44867,15,"Urbanismo",451,"Infraestrutura Urbana "
46264,20,"Agricultura",608,"Promoção da Produção Agropecuária"
42196,20,"Agricultura",606,"Extensão Rural"
44302,15,"Urbanismo",451,"Infraestrutura Urbana "
42795,15,"Urbanismo",451,"Infraestrutura Urbana "
42686,6,"Segurança Pública",181,"Policiamento"
43635,27,"Desporto e Lazer",812,"Desporto Comunitário"
37782,27,"Desporto e Lazer",813,"Lazer"
45169,20,"Agricultura",608,"Promoção da Produção Agropecuária"
45897,20,"Agricultura",608,"Promoção da Produção Agropecuária"
43160,15,"Urbanismo",451,"Infraestrutura Urbana "
43796,15,"Urbanismo",451,"Infraestrutura Urbana "
38561,15,"Urbanismo",451,"Infraestrutura Urbana "
37503,15,"Urbanismo",451,"Infraestrutura Urbana "
38431,12,"Educação",365,"Educação Infantil"
44185,23,"Comércio e Serviços",695,"Turismo"
44280,15,"Urbanismo",451,"Infraestrutura Urbana "
38688,12,"Educação",361,"Ensino Fundamental"
45667,17,"Saneamento",512,"Saneamento Básico Urbano"
44048,23,"Comércio e Serviços",695,"Turismo"
44003,23,"Comércio e Serviços",695,"Turismo"
37812,15,"Urbanismo",451,"Infraestrutura Urbana "
38969,17,"Saneamento",512,"Saneamento Básico Urbano"
42440,13,"Cultura",392,"Difusão Cultural"
42469,20,"Agricultura",608,"Promoção da Produção Agropecuária"
42738,17,"Saneamento",512,"Saneamento Básico Urbano"
37845,20,"Agricultura",606,"Extensão Rural"
37416,15,"Urbanismo",451,"Infraestrutura Urbana "
39726,13,"Cultura",392,"Difusão Cultural"
37942,15,"Urbanismo",451,"Infraestrutura Urbana "
42959,20,"Agricultura",608,"Promoção da Produção Agropecuária"
40135,15,"Urbanismo",452,"Serviços Urbanos"
46650,20,"Agricultura",608,"Promoção da Produção Agropecuária"
39175,20,"Agricultura",608,"Promoção da Produção Agropecuária"
39656,15,"Urbanismo",451,"Infraestrutura Urbana "
39825,13,"Cultura",392,"Difusão Cultural"
39043,20,"Agricultura",608,"Promoção da Produção Agropecuária"
40114,27,"Desporto e Lazer",813,"Lazer"
39846,13,"Cultura",392,"Difusão Cultural"
41900,10,"Saúde",301,"Atenção Básica"
39431,20,"Agricultura",608,"Promoção da Produção Agropecuária"
46875,20,"Agricultura",608,"Promoção da Produção Agropecuária"
46874,20,"Agricultura",608,"Promoção da Produção Agropecuária"
42971,15,"Urbanismo",452,"Serviços Urbanos"
42971,20,"Agricultura",608,"Promoção da Produção Agropecuária"
41055,15,"Urbanismo",451,"Infraestrutura Urbana "
40640,20,"Agricultura",608,"Promoção da Produção Agropecuária"
42787,20,"Agricultura",608,"Promoção da Produção Agropecuária"
42421,20,"Agricultura",608,"Promoção da Produção Agropecuária"
39761,13,"Cultura",392,"Difusão Cultural"
37125,8,"Assistência Social",244,"Assistência Comunitária"
43040,20,"Agricultura",608,"Promoção da Produção Agropecuária"
40532,20,"Agricultura",608,"Promoção da Produção Agropecuária"
38642,15,"Urbanismo",451,"Infraestrutura Urbana "
45409,15,"Urbanismo",451,"Infraestrutura Urbana "
41024,20,"Agricultura",605,"Abastecimento"
45491,15,"Urbanismo",451,"Infraestrutura Urbana "
45786,15,"Urbanismo",451,"Infraestrutura Urbana "
45561,27,"Desporto e Lazer",813,"Lazer"
46389,20,"Agricultura",606,"Extensão Rural"
41379,20,"Agricultura",608,"Promoção da Produção Agropecuária"
40174,27,"Desporto e Lazer",812,"Desporto Comunitário"
43508,27,"Desporto e Lazer",813,"Lazer"
37368,10,"Saúde",301,"Atenção Básica"
37369,8,"Assistência Social",244,"Assistência Comunitária"
41349,27,"Desporto e Lazer",812,"Desporto Comunitário"
47176,13,"Cultura",392,"Difusão Cultural"
40895,15,"Urbanismo",451,"Infraestrutura Urbana "
39676,20,"Agricultura",608,"Promoção da Produção Agropecuária"
41741,12,"Educação",368,"Educação Básica"
43476,12,"Educação",361,"Ensino Fundamental"
40781,12,"Educação",365,"Educação Infantil"
45844,20,"Agricultura",608,"Promoção da Produção Agropecuária"
42172,17,"Saneamento",512,"Saneamento Básico Urbano"
46658,13,"Cultura",391,"Patrimônio Histórico, Artístico e Arqueológico"
46658,13,"Cultura",392,"Difusão Cultural"
38282,20,"Agricultura",608,"Promoção da Produção Agropecuária"
40088,15,"Urbanismo",451,"Infraestrutura Urbana "
37846,15,"Urbanismo",451,"Infraestrutura Urbana "
43107,15,"Urbanismo",451,"Infraestrutura Urbana "
44291,8,"Assistência Social",245,"Serviços Socioassistenciais"
46011,15,"Urbanismo",452,"Serviços Urbanos"
45019,12,"Educação",362,"Ensino Médio"
38863,8,"Assistência Social",245,"Serviços Socioassistenciais"
41739,20,"Agricultura",606,"Extensão Rural"
39647,6,"Segurança Pública",181,"Policiamento"
43433,13,"Cultura",392,"Difusão Cultural"
43458,13,"Cultura",392,"Difusão Cultural"
41885,6,"Segurança Pública",181,"Policiamento"
42438,10,"Saúde",302,"Assistência Hospitalar e Ambulatorial"
45118,15,"Urbanismo",451,"Infraestrutura Urbana "
43492,10,"Saúde",301,"Atenção Básica"
42382,10,"Saúde",301,"Atenção Básica"
45205,8,"Assistência Social",245,"Serviços Socioassistenciais"
39424,15,"Urbanismo",451,"Infraestrutura Urbana "
38959,15,"Urbanismo",451,"Infraestrutura Urbana "
37376,15,"Urbanismo",451,"Infraestrutura Urbana "
43178,20,"Agricultura",606,"Extensão Rural"
43178,20,"Agricultura",608,"Promoção da Produção Agropecuária"
40013,27,"Desporto e Lazer",813,"Lazer"
39481,15,"Urbanismo",451,"Infraestrutura Urbana "
44578,15,"Urbanismo",451,"Infraestrutura Urbana "
45298,15,"Urbanismo",451,"Infraestrutura Urbana "
41724,13,"Cultura",392,"Difusão Cultural"
40083,15,"Urbanismo",451,"Infraestrutura Urbana "
40542,13,"Cultura",392,"Difusão Cultural"
46974,15,"Urbanismo",451,"Infraestrutura Urbana "
37022,6,"Segurança Pública",181,"Policiamento"
43351,20,"Agricultura",608,"Promoção da Produção Agropecuária"
45071,12,"Educação",361,"Ensino Fundamental"
45233,20,"Agricultura",608,"Promoção da Produção Agropecuária"
37956,13,"Cultura",392,"Difusão Cultural"
42565,13,"Cultura",392,"Difusão Cultural"
43742,8,"Assistência Social",244,"Assistência Comunitária"
46232,12,"Educação",361,"Ensino Fundamental"
46232,12,"Educação",365,"Educação Infantil"
38683,20,"Agricultura",605,"Abastecimento"
44772,20,"Agricultura",608,"Promoção da Produção Agropecuária"
43837,15,"Urbanismo",451,"Infraestrutura Urbana "
43990,18,"Gestão Ambiental",543,"Recuperação de Áreas Degradadas"
39605,10,"Saúde",301,"Atenção Básica"
39633,10,"Saúde",302,"Assistência Hospitalar e Ambulatorial"
41941,17,"Saneamento",511,"Saneamento Básico Rural"
41965,10,"Saúde",301,"Atenção Básica"
45529,27,"Desporto e Lazer",811,"Desporto de Rendimento"
45529,27,"Desporto e Lazer",812,"Desporto Comunitário"
45529,27,"Desporto e Lazer",813,"Lazer"
42027,15,"Urbanismo",451,"Infraestrutura Urbana "
46281,27,"Desporto e Lazer",812,"Desporto Comunitário"
44485,15,"Urbanismo",451,"Infraestrutura Urbana "
39477,15,"Urbanismo",451,"Infraestrutura Urbana "
42190,20,"Agricultura",608,"Promoção da Produção Agropecuária"
46498,20,"Agricultura",608,"Promoção da Produção Agropecuária"
37384,6,"Segurança Pública",183,"Informação e Inteligência"
39616,15,"Urbanismo",127,"Ordenamento Territorial"
47340,8,"Assistência Social",243,"Assistência à Criança e ao Adolescente"
43941,15,"Urbanismo",451,"Infraestrutura Urbana "
46950,15,"Urbanismo",451,"Infraestrutura Urbana "
44334,15,"Urbanismo",451,"Infraestrutura Urbana "
43607,15,"Urbanismo",451,"Infraestrutura Urbana "
39085,13,"Cultura",392,"Difusão Cultural"
46445,27,"Desporto e Lazer",813,"Lazer"
38915,27,"Desporto e Lazer",811,"Desporto de Rendimento"
38915,27,"Desporto e Lazer",813,"Lazer"
38915,27,"Desporto e Lazer",812,"Desporto Comunitário"
39118,13,"Cultura",392,"Difusão Cultural"
45027,10,"Saúde",301,"Atenção Básica"
42749,27,"Desporto e Lazer",811,"Desporto de Rendimento"
37261,6,"Segurança Pública",181,"Policiamento"
44871,15,"Urbanismo",451,"Infraestrutura Urbana "
39589,15,"Urbanismo",451,"Infraestrutura Urbana "
43091,26,"Transporte",782,"Transporte Rodoviário"
41844,15,"Urbanismo",127,"Ordenamento Territorial"
37278,6,"Segurança Pública",181,"Policiamento"
38888,8,"Assistência Social",245,"Serviços Socioassistenciais"
46710,27,"Desporto e Lazer",813,"Lazer"
37091,6,"Segurança Pública",181,"Policiamento"
46879,10,"Saúde",301,"Atenção Básica"
44791,8,"Assistência Social",244,"Assistência Comunitária"
38337,20,"Agricultura",606,"Extensão Rural"
39705,20,"Agricultura",608,"Promoção da Produção Agropecuária"
40713,20,"Agricultura",606,"Extensão Rural"
46833,20,"Agricultura",606,"Extensão Rural"
46833,20,"Agricultura",608,"Promoção da Produção Agropecuária"
45001,12,"Educação",365,"Educação Infantil"
42556,20,"Agricultura",608,"Promoção da Produção Agropecuária"
39302,6,"Segurança Pública",183,"Informação e Inteligência"
39965,20,"Agricultura",608,"Promoção da Produção Agropecuária"
38616,8,"Assistência Social",245,"Serviços Socioassistenciais"
43674,20,"Agricultura",605,"Abastecimento"
43674,20,"Agricultura",608,"Promoção da Produção Agropecuária"
40817,13,"Cultura",392,"Difusão Cultural"
43217,20,"Agricultura",606,"Extensão Rural"
38389,27,"Desporto e Lazer",812,"Desporto Comunitário"
46828,13,"Cultura",392,"Difusão Cultural"
46825,8,"Assistência Social",243,"Assistência à Criança e ao Adolescente"
41301,15,"Urbanismo",451,"Infraestrutura Urbana "
44166,20,"Agricultura",606,"Extensão Rural"
44166,20,"Agricultura",608,"Promoção da Produção Agropecuária"
46956,20,"Agricultura",605,"Abastecimento"
37349,15,"Urbanismo",452,"Serviços Urbanos"
43323,13,"Cultura",392,"Difusão Cultural"
44320,27,"Desporto e Lazer",812,"Desporto Comunitário"
37837,6,"Segurança Pública",181,"Policiamento"
45238,27,"Desporto e Lazer",813,"Lazer"
47159,8,"Assistência Social",245,"Serviços Socioassistenciais"
47118,8,"Assistência Social",244,"Assistência Comunitária"
40389,13,"Cultura",392,"Difusão Cultural"
41487,8,"Assistência Social",245,"Serviços Socioassistenciais"
43456,13,"Cultura",392,"Difusão Cultural"
39082,20,"Agricultura",608,"Promoção da Produção Agropecuária"
45255,12,"Educação",362,"Ensino Médio"
41357,15,"Urbanismo",451,"Infraestrutura Urbana "
39005,27,"Desporto e Lazer",812,"Desporto Comunitário"
39308,27,"Desporto e Lazer",812,"Desporto Comunitário"
40055,27,"Desporto e Lazer",813,"Lazer"
43988,12,"Educação",361,"Ensino Fundamental"
40583,15,"Urbanismo",451,"Infraestrutura Urbana "
40913,6,"Segurança Pública",181,"Policiamento"
40878,6,"Segurança Pública",181,"Policiamento"
40846,6,"Segurança Pública",181,"Policiamento"
45812,18,"Gestão Ambiental",541,"Preservação e Conservação Ambiental"
38451,12,"Educação",361,"Ensino Fundamental"
37606,17,"Saneamento",512,"Saneamento Básico Urbano"
41915,6,"Segurança Pública",181,"Policiamento"
45945,12,"Educação",361,"Ensino Fundamental"
45348,15,"Urbanismo",451,"Infraestrutura Urbana "
40701,12,"Educação",365,"Educação Infantil"
38109,12,"Educação",361,"Ensino Fundamental"
38109,12,"Educação",365,"Educação Infantil"
40101,10,"Saúde",301,"Atenção Básica"
45636,23,"Comércio e Serviços",695,"Turismo"
44897,12,"Educação",361,"Ensino Fundamental"
44897,12,"Educação",365,"Educação Infantil"
42600,12,"Educação",361,"Ensino Fundamental"
46374,6,"Segurança Pública",181,"Policiamento"
41611,27,"Desporto e Lazer",811,"Desporto de Rendimento"
42131,12,"Educação",361,"Ensino Fundamental"
42131,12,"Educação",365,"Educação Infantil"
42446,8,"Assistência Social",245,"Serviços Socioassistenciais"
45901,6,"Segurança Pública",181,"Policiamento"
42747,10,"Saúde",301,"Atenção Básica"
41839,20,"Agricultura",606,"Extensão Rural"
40497,20,"Agricultura",606,"Extensão Rural"
39415,15,"Urbanismo",451,"Infraestrutura Urbana "
46815,23,"Comércio e Serviços",695,"Turismo"
38131,15,"Urbanismo",451,"Infraestrutura Urbana "
41641,20,"Agricultura",606,"Extensão Rural"
39611,15,"Urbanismo",451,"Infraestrutura Urbana "
44304,12,"Educação",361,"Ensino Fundamental"
44304,12,"Educação",365,"Educação Infantil"
41642,15,"Urbanismo",451,"Infraestrutura Urbana "
38183,15,"Urbanismo",451,"Infraestrutura Urbana "
37994,15,"Urbanismo",451,"Infraestrutura Urbana "
43299,15,"Urbanismo",451,"Infraestrutura Urbana "
38073,27,"Desporto e Lazer",813,"Lazer"
45587,12,"Educação",361,"Ensino Fundamental"
37172,20,"Agricultura",608,"Promoção da Produção Agropecuária"
38160,20,"Agricultura",608,"Promoção da Produção Agropecuária"
43519,12,"Educação",361,"Ensino Fundamental"
43519,12,"Educação",365,"Educação Infantil"
43932,10,"Saúde",301,"Atenção Básica"
37716,23,"Comércio e Serviços",695,"Turismo"
39568,15,"Urbanismo",451,"Infraestrutura Urbana "
38872,15,"Urbanismo",451,"Infraestrutura Urbana "
39208,15,"Urbanismo",451,"Infraestrutura Urbana "
37654,15,"Urbanismo",451,"Infraestrutura Urbana "
42397,13,"Cultura",391,"Patrimônio Histórico, Artístico e Arqueológico"
40478,6,"Segurança Pública",181,"Policiamento"
37500,15,"Urbanismo",451,"Infraestrutura Urbana "
43344,20,"Agricultura",608,"Promoção da Produção Agropecuária"
38881,15,"Urbanismo",451,"Infraestrutura Urbana "
45105,8,"Assistência Social",241,"Assistência ao Idoso"
38646,23,"Comércio e Serviços",695,"Turismo"
41375,20,"Agricultura",608,"Promoção da Produção Agropecuária"
45051,15,"Urbanismo",451,"Infraestrutura Urbana "
44824,15,"Urbanismo",451,"Infraestrutura Urbana "
40320,15,"Urbanismo",451,"Infraestrutura Urbana "
40898,26,"Transporte",782,"Transporte Rodoviário"
38500,8,"Assistência Social",244,"Assistência Comunitária"
44104,10,"Saúde",301,"Atenção Básica"
46451,15,"Urbanismo",451,"Infraestrutura Urbana "
46852,11,"Trabalho",334,"Fomento ao Trabalho"
41789,20,"Agricultura",608,"Promoção da Produção Agropecuária"
39148,15,"Urbanismo",451,"Infraestrutura Urbana "
37756,20,"Agricultura",608,"Promoção da Produção Agropecuária"
42505,15,"Urbanismo",451,"Infraestrutura Urbana "
40384,27,"Desporto e Lazer",812,"Desporto Comunitário"
39947,15,"Urbanismo",451,"Infraestrutura Urbana "
38480,23,"Comércio e Serviços",695,"Turismo"
37684,27,"Desporto e Lazer",812,"Desporto Comunitário"
45084,10,"Saúde",302,"Assistência Hospitalar e Ambulatorial"
38351,18,"Gestão Ambiental",544,"Recursos Hídricos"
42277,27,"Desporto e Lazer",813,"Lazer"
38729,15,"Urbanismo",451,"Infraestrutura Urbana "
40697,15,"Urbanismo",451,"Infraestrutura Urbana "
43383,15,"Urbanismo",451,"Infraestrutura Urbana "
42144,15,"Urbanismo",451,"Infraestrutura Urbana "
39698,20,"Agricultura",608,"Promoção da Produção Agropecuária"
40073,15,"Urbanismo",452,"Serviços Urbanos"
44660,15,"Urbanismo",451,"Infraestrutura Urbana "
42247,20,"Agricultura",608,"Promoção da Produção Agropecuária"
45726,15,"Urbanismo",451,"Infraestrutura Urbana "
41223,8,"Assistência Social",243,"Assistência à Criança e ao Adolescente"
41223,8,"Assistência Social",245,"Serviços Socioassistenciais"
39153,20,"Agricultura",606,"Extensão Rural"
42646,15,"Urbanismo",451,"Infraestrutura Urbana "
39714,8,"Assistência Social",244,"Assistência Comunitária"
39700,15,"Urbanismo",451,"Infraestrutura Urbana "
39215,12,"Educação",368,"Educação Básica"
43199,15,"Urbanismo",452,"Serviços Urbanos"
37497,27,"Desporto e Lazer",812,"Desporto Comunitário"
43685,20,"Agricultura",608,"Promoção da Produção Agropecuária"
38541,6,"Segurança Pública",182,"Defesa Civil"
39803,20,"Agricultura",608,"Promoção da Produção Agropecuária"
44042,20,"Agricultura",608,"Promoção da Produção Agropecuária"
37627,16,"Habitação",482,"Habitação Urbana"
39926,15,"Urbanismo",451,"Infraestrutura Urbana "
41495,15,"Urbanismo",451,"Infraestrutura Urbana "
46559,20,"Agricultura",608,"Promoção da Produção Agropecuária"
45418,15,"Urbanismo",451,"Infraestrutura Urbana "
41706,15,"Urbanismo",452,"Serviços Urbanos"
40011,15,"Urbanismo",451,"Infraestrutura Urbana "
47131,20,"Agricultura",608,"Promoção da Produção Agropecuária"
43244,20,"Agricultura",608,"Promoção da Produção Agropecuária"
38082,27,"Desporto e Lazer",813,"Lazer"
40907,23,"Comércio e Serviços",695,"Turismo"
47010,20,"Agricultura",608,"Promoção da Produção Agropecuária"
42132,12,"Educação",365,"Educação Infantil"
39366,10,"Saúde",301,"Atenção Básica"
44390,15,"Urbanismo",451,"Infraestrutura Urbana "
44726,15,"Urbanismo",451,"Infraestrutura Urbana "
40408,15,"Urbanismo",451,"Infraestrutura Urbana "
41695,15,"Urbanismo",451,"Infraestrutura Urbana "
37711,15,"Urbanismo",451,"Infraestrutura Urbana "
45825,15,"Urbanismo",451,"Infraestrutura Urbana "
41491,15,"Urbanismo",451,"Infraestrutura Urbana "
39674,27,"Desporto e Lazer",812,"Desporto Comunitário"
38503,20,"Agricultura",608,"Promoção da Produção Agropecuária"
41866,20,"Agricultura",608,"Promoção da Produção Agropecuária"
43228,27,"Desporto e Lazer",812,"Desporto Comunitário"
43332,23,"Comércio e Serviços",695,"Turismo"
40606,15,"Urbanismo",451,"Infraestrutura Urbana "
47273,12,"Educação",361,"Ensino Fundamental"
47273,12,"Educação",365,"Educação Infantil"
47273,12,"Educação",367,"Educação Especial"
41979,12,"Educação",365,"Educação Infantil"
44893,10,"Saúde",302,"Assistência Hospitalar e Ambulatorial"
43757,10,"Saúde",302,"Assistência Hospitalar e Ambulatorial"
43702,10,"Saúde",301,"Atenção Básica"
44025,15,"Urbanismo",451,"Infraestrutura Urbana "
42739,15,"Urbanismo",451,"Infraestrutura Urbana "
38690,12,"Educação",365,"Educação Infantil"
38690,12,"Educação",368,"Educação Básica"
38690,12,"Educação",362,"Ensino Médio"
38776,15,"Urbanismo",451,"Infraestrutura Urbana "
38704,15,"Urbanismo",451,"Infraestrutura Urbana "
38572,23,"Comércio e Serviços",695,"Turismo"
47136,23,"Comércio e Serviços",691,"Promoção Comercial"
40753,27,"Desporto e Lazer",813,"Lazer"
41188,10,"Saúde",301,"Atenção Básica"
38709,27,"Desporto e Lazer",811,"Desporto de Rendimento"
41813,20,"Agricultura",605,"Abastecimento"
41800,15,"Urbanismo",451,"Infraestrutura Urbana "
37601,10,"Saúde",302,"Assistência Hospitalar e Ambulatorial"
45623,20,"Agricultura",608,"Promoção da Produção Agropecuária"
45186,12,"Educação",361,"Ensino Fundamental"
41967,10,"Saúde",302,"Assistência Hospitalar e Ambulatorial"
40284,10,"Saúde",301,"Atenção Básica"
40862,20,"Agricultura",608,"Promoção da Produção Agropecuária"
44461,15,"Urbanismo",451,"Infraestrutura Urbana "
40466,20,"Agricultura",608,"Promoção da Produção Agropecuária"
37290,15,"Urbanismo",451,"Infraestrutura Urbana "
40028,27,"Desporto e Lazer",812,"Desporto Comunitário"
40933,15,"Urbanismo",451,"Infraestrutura Urbana "
37300,15,"Urbanismo",451,"Infraestrutura Urbana "
44703,8,"Assistência Social",245,"Serviços Socioassistenciais"
40985,8,"Assistência Social",245,"Serviços Socioassistenciais"
42464,15,"Urbanismo",451,"Infraestrutura Urbana "
39669,20,"Agricultura",608,"Promoção da Produção Agropecuária"
46319,15,"Urbanismo",451,"Infraestrutura Urbana "
37794,10,"Saúde",301,"Atenção Básica"
41920,8,"Assistência Social",241,"Assistência ao Idoso"
40470,15,"Urbanismo",451,"Infraestrutura Urbana "
40020,20,"Agricultura",608,"Promoção da Produção Agropecuária"
38599,10,"Saúde",301,"Atenção Básica"
45396,8,"Assistência Social",245,"Serviços Socioassistenciais"
42711,12,"Educação",361,"Ensino Fundamental"
39181,20,"Agricultura",608,"Promoção da Produção Agropecuária"
44981,12,"Educação",361,"Ensino Fundamental"
45302,17,"Saneamento",512,"Saneamento Básico Urbano"
39372,10,"Saúde",301,"Atenção Básica"
41179,15,"Urbanismo",451,"Infraestrutura Urbana "
39852,10,"Saúde",301,"Atenção Básica"
45789,20,"Agricultura",606,"Extensão Rural"
36980,15,"Urbanismo",451,"Infraestrutura Urbana "
46355,15,"Urbanismo",451,"Infraestrutura Urbana "
45929,15,"Urbanismo",451,"Infraestrutura Urbana "
43953,20,"Agricultura",606,"Extensão Rural"
40799,20,"Agricultura",608,"Promoção da Produção Agropecuária"
40137,22,"Indústria",661,"Promoção Industrial"
39053,27,"Desporto e Lazer",812,"Desporto Comunitário"
45555,21,"Organização Agrária",631,"Reforma Agrária"
41342,12,"Educação",361,"Ensino Fundamental"
42474,21,"Organização Agrária",631,"Reforma Agrária"
37402,27,"Desporto e Lazer",812,"Desporto Comunitário"
43018,27,"Desporto e Lazer",813,"Lazer"
37510,15,"Urbanismo",451,"Infraestrutura Urbana "
42134,12,"Educação",368,"Educação Básica"
44942,10,"Saúde",301,"Atenção Básica"
40378,15,"Urbanismo",451,"Infraestrutura Urbana "
43624,20,"Agricultura",605,"Abastecimento"
47359,8,"Assistência Social",245,"Serviços Socioassistenciais"
44050,15,"Urbanismo",451,"Infraestrutura Urbana "
42058,23,"Comércio e Serviços",695,"Turismo"
46940,12,"Educação",368,"Educação Básica"
41302,15,"Urbanismo",451,"Infraestrutura Urbana "
38766,11,"Trabalho",334,"Fomento ao Trabalho"
42576,16,"Habitação",482,"Habitação Urbana"
46305,20,"Agricultura",608,"Promoção da Produção Agropecuária"
44889,20,"Agricultura",608,"Promoção da Produção Agropecuária"
46588,22,"Indústria",662,"Produção Industrial"
39943,16,"Habitação",482,"Habitação Urbana"
44047,10,"Saúde",302,"Assistência Hospitalar e Ambulatorial"
40386,20,"Agricultura",608,"Promoção da Produção Agropecuária"
38328,12,"Educação",361,"Ensino Fundamental"
42338,20,"Agricultura",608,"Promoção da Produção Agropecuária"
45841,15,"Urbanismo",451,"Infraestrutura Urbana "
45107,12,"Educação",363,"Ensino Profissional"
45107,20,"Agricultura",605,"Abastecimento"
45107,20,"Agricultura",608,"Promoção da Produção Agropecuária"
41369,23,"Comércio e Serviços",695,"Turismo"
43584,15,"Urbanismo",451,"Infraestrutura Urbana "
40687,20,"Agricultura",606,"Extensão Rural"
44956,20,"Agricultura",608,"Promoção da Produção Agropecuária"
45754,13,"Cultura",392,"Difusão Cultural"
38453,20,"Agricultura",608,"Promoção da Produção Agropecuária"
46080,15,"Urbanismo",451,"Infraestrutura Urbana "
42759,20,"Agricultura",608,"Promoção da Produção Agropecuária"
41438,20,"Agricultura",608,"Promoção da Produção Agropecuária"
43812,20,"Agricultura",608,"Promoção da Produção Agropecuária"
43812,27,"Desporto e Lazer",813,"Lazer"
42030,20,"Agricultura",608,"Promoção da Produção Agropecuária"
45800,15,"Urbanismo",451,"Infraestrutura Urbana "
42552,20,"Agricultura",608,"Promoção da Produção Agropecuária"
45630,20,"Agricultura",606,"Extensão Rural"
39896,13,"Cultura",392,"Difusão Cultural"
38624,13,"Cultura",392,"Difusão Cultural"
40936,20,"Agricultura",608,"Promoção da Produção Agropecuária"
40856,20,"Agricultura",608,"Promoção da Produção Agropecuária"
45756,20,"Agricultura",608,"Promoção da Produção Agropecuária"
45638,10,"Saúde",302,"Assistência Hospitalar e Ambulatorial"
45872,15,"Urbanismo",451,"Infraestrutura Urbana "
40955,8,"Assistência Social",245,"Serviços Socioassistenciais"
38840,11,"Trabalho",334,"Fomento ao Trabalho"
39002,20,"Agricultura",608,"Promoção da Produção Agropecuária"
43073,15,"Urbanismo",451,"Infraestrutura Urbana "
42203,18,"Gestão Ambiental",541,"Preservação e Conservação Ambiental"
46105,18,"Gestão Ambiental",541,"Preservação e Conservação Ambiental"
44318,15,"Urbanismo",451,"Infraestrutura Urbana "
38571,15,"Urbanismo",451,"Infraestrutura Urbana "
40310,15,"Urbanismo",451,"Infraestrutura Urbana "
46605,15,"Urbanismo",451,"Infraestrutura Urbana "
40044,15,"Urbanismo",451,"Infraestrutura Urbana "
47334,12,"Educação",364,"Ensino Superior"
47423,8,"Assistência Social",245,"Serviços Socioassistenciais"
42491,10,"Saúde",302,"Assistência Hospitalar e Ambulatorial"
45541,8,"Assistência Social",245,"Serviços Socioassistenciais"
38962,6,"Segurança Pública",181,"Policiamento"
43274,20,"Agricultura",608,"Promoção da Produção Agropecuária"
40411,27,"Desporto e Lazer",812,"Desporto Comunitário"
42836,27,"Desporto e Lazer",813,"Lazer"
42888,15,"Urbanismo",451,"Infraestrutura Urbana "
38301,15,"Urbanismo",451,"Infraestrutura Urbana "
41057,6,"Segurança Pública",181,"Policiamento"
46594,15,"Urbanismo",451,"Infraestrutura Urbana "
45053,6,"Segurança Pública",181,"Policiamento"
43672,6,"Segurança Pública",181,"Policiamento"
44985,15,"Urbanismo",451,"Infraestrutura Urbana "
40931,20,"Agricultura",608,"Promoção da Produção Agropecuária"
44777,20,"Agricultura",608,"Promoção da Produção Agropecuária"
45909,20,"Agricultura",608,"Promoção da Produção Agropecuária"
41086,15,"Urbanismo",451,"Infraestrutura Urbana "
44138,27,"Desporto e Lazer",812,"Desporto Comunitário"
37839,27,"Desporto e Lazer",813,"Lazer"
40008,13,"Cultura",392,"Difusão Cultural"
42029,13,"Cultura",392,"Difusão Cultural"
41440,23,"Comércio e Serviços",695,"Turismo"
41899,15,"Urbanismo",451,"Infraestrutura Urbana "
42974,20,"Agricultura",609,"Defesa Agropecuária"
38639,20,"Agricultura",608,"Promoção da Produção Agropecuária"
40725,6,"Segurança Pública",181,"Policiamento"
41463,15,"Urbanismo",451,"Infraestrutura Urbana "
42671,13,"Cultura",392,"Difusão Cultural"
37714,15,"Urbanismo",451,"Infraestrutura Urbana "
38167,15,"Urbanismo",451,"Infraestrutura Urbana "
44894,13,"Cultura",392,"Difusão Cultural"
39206,15,"Urbanismo",451,"Infraestrutura Urbana "
37106,15,"Urbanismo",451,"Infraestrutura Urbana "
45530,27,"Desporto e Lazer",812,"Desporto Comunitário"
38594,23,"Comércio e Serviços",695,"Turismo"
41689,22,"Indústria",661,"Promoção Industrial"
41464,15,"Urbanismo",451,"Infraestrutura Urbana "
44090,15,"Urbanismo",451,"Infraestrutura Urbana "
46001,15,"Urbanismo",451,"Infraestrutura Urbana "
38693,15,"Urbanismo",451,"Infraestrutura Urbana "
47163,27,"Desporto e Lazer",812,"Desporto Comunitário"
38482,27,"Desporto e Lazer",813,"Lazer"
38327,20,"Agricultura",608,"Promoção da Produção Agropecuária"
37381,15,"Urbanismo",451,"Infraestrutura Urbana "
42141,20,"Agricultura",608,"Promoção da Produção Agropecuária"
43552,15,"Urbanismo",451,"Infraestrutura Urbana "
47233,10,"Saúde",302,"Assistência Hospitalar e Ambulatorial"
44490,20,"Agricultura",608,"Promoção da Produção Agropecuária"
38719,20,"Agricultura",606,"Extensão Rural"
38380,15,"Urbanismo",451,"Infraestrutura Urbana "
38380,27,"Desporto e Lazer",812,"Desporto Comunitário"
41808,20,"Agricultura",608,"Promoção da Produção Agropecuária"
37018,15,"Urbanismo",451,"Infraestrutura Urbana "
38947,15,"Urbanismo",451,"Infraestrutura Urbana "
42482,27,"Desporto e Lazer",813,"Lazer"
45906,13,"Cultura",392,"Difusão Cultural"
44285,27,"Desporto e Lazer",812,"Desporto Comunitário"
42830,20,"Agricultura",608,"Promoção da Produção Agropecuária"
45958,8,"Assistência Social",245,"Serviços Socioassistenciais"
42596,12,"Educação",361,"Ensino Fundamental"
42362,15,"Urbanismo",451,"Infraestrutura Urbana "
43926,8,"Assistência Social",244,"Assistência Comunitária"
43608,12,"Educação",365,"Educação Infantil"
39925,23,"Comércio e Serviços",695,"Turismo"
42116,20,"Agricultura",608,"Promoção da Produção Agropecuária"
45749,15,"Urbanismo",451,"Infraestrutura Urbana "
43198,15,"Urbanismo",451,"Infraestrutura Urbana "
40617,27,"Desporto e Lazer",812,"Desporto Comunitário"
42841,20,"Agricultura",605,"Abastecimento"
45808,15,"Urbanismo",451,"Infraestrutura Urbana "
44880,15,"Urbanismo",451,"Infraestrutura Urbana "
40460,15,"Urbanismo",451,"Infraestrutura Urbana "
38426,8,"Assistência Social",244,"Assistência Comunitária"
39651,27,"Desporto e Lazer",812,"Desporto Comunitário"
40742,20,"Agricultura",608,"Promoção da Produção Agropecuária"
39221,27,"Desporto e Lazer",812,"Desporto Comunitário"
45644,20,"Agricultura",608,"Promoção da Produção Agropecuária"
43307,10,"Saúde",301,"Atenção Básica"
38045,15,"Urbanismo",451,"Infraestrutura Urbana "
43800,20,"Agricultura",608,"Promoção da Produção Agropecuária"
42383,20,"Agricultura",608,"Promoção da Produção Agropecuária"
45139,20,"Agricultura",608,"Promoção da Produção Agropecuária"
40111,20,"Agricultura",608,"Promoção da Produção Agropecuária"
38195,20,"Agricultura",608,"Promoção da Produção Agropecuária"
43739,20,"Agricultura",608,"Promoção da Produção Agropecuária"
40427,20,"Agricultura",608,"Promoção da Produção Agropecuária"
45339,8,"Assistência Social",245,"Serviços Socioassistenciais"
40965,20,"Agricultura",608,"Promoção da Produção Agropecuária"
40189,15,"Urbanismo",451,"Infraestrutura Urbana "
45730,16,"Habitação",481,"Habitação Rural"
45718,15,"Urbanismo",453,"Transportes Coletivos Urbanos"
41401,15,"Urbanismo",451,"Infraestrutura Urbana "
39630,27,"Desporto e Lazer",813,"Lazer"
39630,27,"Desporto e Lazer",812,"Desporto Comunitário"
38566,20,"Agricultura",608,"Promoção da Produção Agropecuária"
43462,20,"Agricultura",605,"Abastecimento"
38580,20,"Agricultura",608,"Promoção da Produção Agropecuária"
40271,27,"Desporto e Lazer",813,"Lazer"
38875,27,"Desporto e Lazer",813,"Lazer"
41901,27,"Desporto e Lazer",813,"Lazer"
41767,27,"Desporto e Lazer",813,"Lazer"
39211,15,"Urbanismo",451,"Infraestrutura Urbana "
44843,15,"Urbanismo",451,"Infraestrutura Urbana "
41248,20,"Agricultura",608,"Promoção da Produção Agropecuária"
37340,15,"Urbanismo",451,"Infraestrutura Urbana "
46261,15,"Urbanismo",451,"Infraestrutura Urbana "
39517,10,"Saúde",301,"Atenção Básica"
39629,15,"Urbanismo",451,"Infraestrutura Urbana "
46635,8,"Assistência Social",245,"Serviços Socioassistenciais"
44648,15,"Urbanismo",451,"Infraestrutura Urbana "
43793,15,"Urbanismo",451,"Infraestrutura Urbana "
39066,15,"Urbanismo",451,"Infraestrutura Urbana "
38605,15,"Urbanismo",451,"Infraestrutura Urbana "
37928,15,"Urbanismo",451,"Infraestrutura Urbana "
44065,15,"Urbanismo",451,"Infraestrutura Urbana "
44021,15,"Urbanismo",451,"Infraestrutura Urbana "
46674,15,"Urbanismo",451,"Infraestrutura Urbana "
43172,15,"Urbanismo",451,"Infraestrutura Urbana "
38419,15,"Urbanismo",451,"Infraestrutura Urbana "
40778,15,"Urbanismo",451,"Infraestrutura Urbana "
42042,20,"Agricultura",608,"Promoção da Produção Agropecuária"
40356,20,"Agricultura",608,"Promoção da Produção Agropecuária"
39314,15,"Urbanismo",451,"Infraestrutura Urbana "
37109,15,"Urbanismo",451,"Infraestrutura Urbana "
39165,15,"Urbanismo",451,"Infraestrutura Urbana "
38142,15,"Urbanismo",451,"Infraestrutura Urbana "
46723,15,"Urbanismo",451,"Infraestrutura Urbana "
43544,8,"Assistência Social",245,"Serviços Socioassistenciais"
46365,23,"Comércio e Serviços",695,"Turismo"
45860,15,"Urbanismo",451,"Infraestrutura Urbana "
38218,15,"Urbanismo",451,"Infraestrutura Urbana "
37525,26,"Transporte",782,"Transporte Rodoviário"
39493,27,"Desporto e Lazer",813,"Lazer"
38584,15,"Urbanismo",451,"Infraestrutura Urbana "
39717,10,"Saúde",301,"Atenção Básica"
42849,22,"Indústria",662,"Produção Industrial"
40881,8,"Assistência Social",245,"Serviços Socioassistenciais"
38199,20,"Agricultura",608,"Promoção da Produção Agropecuária"
42056,8,"Assistência Social",245,"Serviços Socioassistenciais"
41124,8,"Assistência Social",245,"Serviços Socioassistenciais"
41051,15,"Urbanismo",451,"Infraestrutura Urbana "
46575,8,"Assistência Social",245,"Serviços Socioassistenciais"
40930,15,"Urbanismo",451,"Infraestrutura Urbana "
45201,15,"Urbanismo",451,"Infraestrutura Urbana "
45911,15,"Urbanismo",451,"Infraestrutura Urbana "
38783,8,"Assistência Social",245,"Serviços Socioassistenciais"
45886,8,"Assistência Social",245,"Serviços Socioassistenciais"
43667,20,"Agricultura",608,"Promoção da Produção Agropecuária"
40443,15,"Urbanismo",451,"Infraestrutura Urbana "
47319,15,"Urbanismo",451,"Infraestrutura Urbana "
42400,20,"Agricultura",608,"Promoção da Produção Agropecuária"
40918,15,"Urbanismo",451,"Infraestrutura Urbana "
41955,15,"Urbanismo",451,"Infraestrutura Urbana "
39795,15,"Urbanismo",451,"Infraestrutura Urbana "
39795,15,"Urbanismo",452,"Serviços Urbanos"
42550,15,"Urbanismo",451,"Infraestrutura Urbana "
42177,15,"Urbanismo",451,"Infraestrutura Urbana "
39121,15,"Urbanismo",451,"Infraestrutura Urbana "
44236,15,"Urbanismo",451,"Infraestrutura Urbana "
45460,15,"Urbanismo",451,"Infraestrutura Urbana "
43131,15,"Urbanismo",451,"Infraestrutura Urbana "
43131,15,"Urbanismo",452,"Serviços Urbanos"
42885,12,"Educação",361,"Ensino Fundamental"
40989,15,"Urbanismo",451,"Infraestrutura Urbana "
37437,15,"Urbanismo",451,"Infraestrutura Urbana "
39502,10,"Saúde",302,"Assistência Hospitalar e Ambulatorial"
37183,10,"Saúde",301,"Atenção Básica"
45669,15,"Urbanismo",451,"Infraestrutura Urbana "
45946,10,"Saúde",302,"Assistência Hospitalar e Ambulatorial"
40315,20,"Agricultura",608,"Promoção da Produção Agropecuária"
44355,20,"Agricultura",608,"Promoção da Produção Agropecuária"
38514,15,"Urbanismo",451,"Infraestrutura Urbana "
39422,15,"Urbanismo",451,"Infraestrutura Urbana "
38655,15,"Urbanismo",451,"Infraestrutura Urbana "
46976,8,"Assistência Social",245,"Serviços Socioassistenciais"
47210,12,"Educação",365,"Educação Infantil"
38443,15,"Urbanismo",451,"Infraestrutura Urbana "
39329,10,"Saúde",302,"Assistência Hospitalar e Ambulatorial"
40347,8,"Assistência Social",245,"Serviços Socioassistenciais"
43868,8,"Assistência Social",245,"Serviços Socioassistenciais"
41874,15,"Urbanismo",451,"Infraestrutura Urbana "
44580,20,"Agricultura",605,"Abastecimento"
41728,15,"Urbanismo",451,"Infraestrutura Urbana "
39617,15,"Urbanismo",451,"Infraestrutura Urbana "
40982,15,"Urbanismo",451,"Infraestrutura Urbana "
44092,15,"Urbanismo",451,"Infraestrutura Urbana "
43211,8,"Assistência Social",244,"Assistência Comunitária"
43211,8,"Assistência Social",245,"Serviços Socioassistenciais"
39842,10,"Saúde",301,"Atenção Básica"
46391,10,"Saúde",301,"Atenção Básica"
43441,15,"Urbanismo",451,"Infraestrutura Urbana "
46163,10,"Saúde",302,"Assistência Hospitalar e Ambulatorial"
42712,10,"Saúde",302,"Assistência Hospitalar e Ambulatorial"
46384,10,"Saúde",301,"Atenção Básica"
46384,10,"Saúde",302,"Assistência Hospitalar e Ambulatorial"
42731,10,"Saúde",301,"Atenção Básica"
46896,20,"Agricultura",605,"Abastecimento"
43646,27,"Desporto e Lazer",812,"Desporto Comunitário"
46704,15,"Urbanismo",451,"Infraestrutura Urbana "
43139,15,"Urbanismo",451,"Infraestrutura Urbana "
43095,15,"Urbanismo",451,"Infraestrutura Urbana "
42113,20,"Agricultura",608,"Promoção da Produção Agropecuária"
41294,27,"Desporto e Lazer",813,"Lazer"
45801,18,"Gestão Ambiental",541,"Preservação e Conservação Ambiental"
46298,20,"Agricultura",608,"Promoção da Produção Agropecuária"
42898,15,"Urbanismo",452,"Serviços Urbanos"
46056,15,"Urbanismo",451,"Infraestrutura Urbana "
41500,15,"Urbanismo",451,"Infraestrutura Urbana "
39716,16,"Habitação",482,"Habitação Urbana"
41241,15,"Urbanismo",451,"Infraestrutura Urbana "
40145,20,"Agricultura",606,"Extensão Rural"
46136,15,"Urbanismo",451,"Infraestrutura Urbana "
37409,20,"Agricultura",606,"Extensão Rural"
45047,15,"Urbanismo",451,"Infraestrutura Urbana "
45217,12,"Educação",368,"Educação Básica"
46946,15,"Urbanismo",451,"Infraestrutura Urbana "
41195,20,"Agricultura",608,"Promoção da Produção Agropecuária"
44664,12,"Educação",361,"Ensino Fundamental"
44664,12,"Educação",365,"Educação Infantil"
38661,10,"Saúde",302,"Assistência Hospitalar e Ambulatorial"
44218,12,"Educação",361,"Ensino Fundamental"
43781,12,"Educação",363,"Ensino Profissional"
44213,8,"Assistência Social",244,"Assistência Comunitária"
44413,8,"Assistência Social",245,"Serviços Socioassistenciais"
41229,15,"Urbanismo",127,"Ordenamento Territorial"
39047,12,"Educação",368,"Educação Básica"
38530,20,"Agricultura",608,"Promoção da Produção Agropecuária"
44819,15,"Urbanismo",451,"Infraestrutura Urbana "
44830,15,"Urbanismo",451,"Infraestrutura Urbana "
45871,12,"Educação",361,"Ensino Fundamental"
39693,27,"Desporto e Lazer",812,"Desporto Comunitário"
37957,8,"Assistência Social",245,"Serviços Socioassistenciais"
37675,13,"Cultura",392,"Difusão Cultural"
39588,17,"Saneamento",512,"Saneamento Básico Urbano"
37114,20,"Agricultura",608,"Promoção da Produção Agropecuária"
40025,20,"Agricultura",608,"Promoção da Produção Agropecuária"
47091,15,"Urbanismo",451,"Infraestrutura Urbana "
42237,15,"Urbanismo",451,"Infraestrutura Urbana "
44545,18,"Gestão Ambiental",544,"Recursos Hídricos"
38930,27,"Desporto e Lazer",813,"Lazer"
41935,20,"Agricultura",608,"Promoção da Produção Agropecuária"
37999,15,"Urbanismo",451,"Infraestrutura Urbana "
39106,15,"Urbanismo",451,"Infraestrutura Urbana "
43182,15,"Urbanismo",451,"Infraestrutura Urbana "
40801,15,"Urbanismo",451,"Infraestrutura Urbana "
42736,20,"Agricultura",608,"Promoção da Produção Agropecuária"
38934,18,"Gestão Ambiental",541,"Preservação e Conservação Ambiental"
40599,12,"Educação",361,"Ensino Fundamental"
46169,10,"Saúde",302,"Assistência Hospitalar e Ambulatorial"
43382,10,"Saúde",305,"Vigilância Epidemiológica"
38860,15,"Urbanismo",451,"Infraestrutura Urbana "
43774,23,"Comércio e Serviços",695,"Turismo"
40897,12,"Educação",368,"Educação Básica"
37159,20,"Agricultura",608,"Promoção da Produção Agropecuária"
43293,15,"Urbanismo",451,"Infraestrutura Urbana "
41237,15,"Urbanismo",451,"Infraestrutura Urbana "
38392,15,"Urbanismo",451,"Infraestrutura Urbana "
44015,15,"Urbanismo",451,"Infraestrutura Urbana "
43839,15,"Urbanismo",451,"Infraestrutura Urbana "
38601,15,"Urbanismo",451,"Infraestrutura Urbana "
46040,15,"Urbanismo",451,"Infraestrutura Urbana "
42688,15,"Urbanismo",451,"Infraestrutura Urbana "
39636,20,"Agricultura",606,"Extensão Rural"
39969,27,"Desporto e Lazer",812,"Desporto Comunitário"
43207,15,"Urbanismo",451,"Infraestrutura Urbana "
37988,23,"Comércio e Serviços",695,"Turismo"
37605,15,"Urbanismo",451,"Infraestrutura Urbana "
41590,15,"Urbanismo",451,"Infraestrutura Urbana "
47213,8,"Assistência Social",243,"Assistência à Criança e ao Adolescente"
41200,23,"Comércio e Serviços",695,"Turismo"
38243,12,"Educação",368,"Educação Básica"
40999,8,"Assistência Social",245,"Serviços Socioassistenciais"
40805,12,"Educação",368,"Educação Básica"
40745,23,"Comércio e Serviços",695,"Turismo"
37943,8,"Assistência Social",244,"Assistência Comunitária"
46546,12,"Educação",364,"Ensino Superior"
38267,15,"Urbanismo",451,"Infraestrutura Urbana "
43031,14,"Direitos da Cidadania",422,"Direitos Individuais, Coletivos e Difusos"
41563,15,"Urbanismo",451,"Infraestrutura Urbana "
45278,27,"Desporto e Lazer",812,"Desporto Comunitário"
37214,15,"Urbanismo",451,"Infraestrutura Urbana "
44193,6,"Segurança Pública",181,"Policiamento"
44281,6,"Segurança Pública",181,"Policiamento"
38992,20,"Agricultura",606,"Extensão Rural"
44208,6,"Segurança Pública",181,"Policiamento"
46015,6,"Segurança Pública",181,"Policiamento"
38595,6,"Segurança Pública",181,"Policiamento"
38595,6,"Segurança Pública",182,"Defesa Civil"
38595,6,"Segurança Pública",183,"Informação e Inteligência"
46431,27,"Desporto e Lazer",812,"Desporto Comunitário"
39562,15,"Urbanismo",451,"Infraestrutura Urbana "
37885,27,"Desporto e Lazer",812,"Desporto Comunitário"
40621,6,"Segurança Pública",181,"Policiamento"
44661,15,"Urbanismo",451,"Infraestrutura Urbana "
46067,6,"Segurança Pública",181,"Policiamento"
42916,15,"Urbanismo",451,"Infraestrutura Urbana "
40087,23,"Comércio e Serviços",695,"Turismo"
44620,12,"Educação",361,"Ensino Fundamental"
41387,21,"Organização Agrária",631,"Reforma Agrária"
39392,6,"Segurança Pública",181,"Policiamento"
38350,6,"Segurança Pública",181,"Policiamento"
42837,6,"Segurança Pública",181,"Policiamento"
42998,6,"Segurança Pública",181,"Policiamento"
46795,6,"Segurança Pública",181,"Policiamento"
37353,15,"Urbanismo",451,"Infraestrutura Urbana "
42593,15,"Urbanismo",451,"Infraestrutura Urbana "
45075,15,"Urbanismo",451,"Infraestrutura Urbana "
43491,6,"Segurança Pública",181,"Policiamento"
44735,6,"Segurança Pública",181,"Policiamento"
43853,6,"Segurança Pública",181,"Policiamento"
45024,20,"Agricultura",605,"Abastecimento"
45024,20,"Agricultura",607,"Irrigação"
45024,20,"Agricultura",608,"Promoção da Produção Agropecuária"
41371,15,"Urbanismo",451,"Infraestrutura Urbana "
44452,15,"Urbanismo",451,"Infraestrutura Urbana "
44948,15,"Urbanismo",451,"Infraestrutura Urbana "
43729,27,"Desporto e Lazer",812,"Desporto Comunitário"
44838,6,"Segurança Pública",181,"Policiamento"
41685,18,"Gestão Ambiental",541,"Preservação e Conservação Ambiental"
38899,13,"Cultura",392,"Difusão Cultural"
40306,20,"Agricultura",608,"Promoção da Produção Agropecuária"
42354,15,"Urbanismo",451,"Infraestrutura Urbana "
44781,16,"Habitação",481,"Habitação Rural"
42364,6,"Segurança Pública",181,"Policiamento"
43239,15,"Urbanismo",451,"Infraestrutura Urbana "
44271,6,"Segurança Pública",181,"Policiamento"
40049,15,"Urbanismo",451,"Infraestrutura Urbana "
38628,15,"Urbanismo",451,"Infraestrutura Urbana "
39062,20,"Agricultura",608,"Promoção da Produção Agropecuária"
44070,15,"Urbanismo",451,"Infraestrutura Urbana "
37985,20,"Agricultura",608,"Promoção da Produção Agropecuária"
43517,27,"Desporto e Lazer",812,"Desporto Comunitário"
37838,13,"Cultura",392,"Difusão Cultural"
44494,6,"Segurança Pública",183,"Informação e Inteligência"
46235,12,"Educação",368,"Educação Básica"
46325,8,"Assistência Social",245,"Serviços Socioassistenciais"
46534,8,"Assistência Social",243,"Assistência à Criança e ao Adolescente"
46534,8,"Assistência Social",244,"Assistência Comunitária"
41502,14,"Direitos da Cidadania",421,"Custódia e Reintegração Social"
41503,14,"Direitos da Cidadania",422,"Direitos Individuais, Coletivos e Difusos"
44429,14,"Direitos da Cidadania",422,"Direitos Individuais, Coletivos e Difusos"
37410,13,"Cultura",392,"Difusão Cultural"
40397,15,"Urbanismo",451,"Infraestrutura Urbana "
46069,20,"Agricultura",608,"Promoção da Produção Agropecuária"
42722,8,"Assistência Social",245,"Serviços Socioassistenciais"
46436,20,"Agricultura",606,"Extensão Rural"
46253,20,"Agricultura",608,"Promoção da Produção Agropecuária"
37810,15,"Urbanismo",453,"Transportes Coletivos Urbanos"
39370,6,"Segurança Pública",181,"Policiamento"
38379,6,"Segurança Pública",181,"Policiamento"
37618,15,"Urbanismo",451,"Infraestrutura Urbana "
42629,15,"Urbanismo",451,"Infraestrutura Urbana "
46776,17,"Saneamento",512,"Saneamento Básico Urbano"
42184,17,"Saneamento",512,"Saneamento Básico Urbano"
37841,27,"Desporto e Lazer",812,"Desporto Comunitário"
37841,27,"Desporto e Lazer",813,"Lazer"
43783,13,"Cultura",391,"Patrimônio Histórico, Artístico e Arqueológico"
43783,13,"Cultura",392,"Difusão Cultural"
41381,15,"Urbanismo",451,"Infraestrutura Urbana "
38295,27,"Desporto e Lazer",812,"Desporto Comunitário"
43541,12,"Educação",368,"Educação Básica"
41288,12,"Educação",361,"Ensino Fundamental"
38773,12,"Educação",368,"Educação Básica"
44133,20,"Agricultura",608,"Promoção da Produção Agropecuária"
40505,12,"Educação",368,"Educação Básica"
39494,10,"Saúde",301,"Atenção Básica"
42086,15,"Urbanismo",127,"Ordenamento Territorial"
45839,20,"Agricultura",608,"Promoção da Produção Agropecuária"
44442,20,"Agricultura",608,"Promoção da Produção Agropecuária"
45447,10,"Saúde",302,"Assistência Hospitalar e Ambulatorial"
39101,8,"Assistência Social",244,"Assistência Comunitária"
40744,27,"Desporto e Lazer",813,"Lazer"
38682,27,"Desporto e Lazer",812,"Desporto Comunitário"
45849,27,"Desporto e Lazer",812,"Desporto Comunitário"
47015,27,"Desporto e Lazer",811,"Desporto de Rendimento"
47015,27,"Desporto e Lazer",812,"Desporto Comunitário"
47015,27,"Desporto e Lazer",813,"Lazer"
42262,15,"Urbanismo",451,"Infraestrutura Urbana "
40783,15,"Urbanismo",451,"Infraestrutura Urbana "
40509,15,"Urbanismo",451,"Infraestrutura Urbana "
40758,27,"Desporto e Lazer",812,"Desporto Comunitário"
44540,12,"Educação",368,"Educação Básica"
45482,10,"Saúde",301,"Atenção Básica"
43997,23,"Comércio e Serviços",695,"Turismo"
46410,10,"Saúde",302,"Assistência Hospitalar e Ambulatorial"
45459,15,"Urbanismo",451,"Infraestrutura Urbana "
42718,27,"Desporto e Lazer",813,"Lazer"
45964,15,"Urbanismo",451,"Infraestrutura Urbana "
41132,15,"Urbanismo",451,"Infraestrutura Urbana "
40212,15,"Urbanismo",451,"Infraestrutura Urbana "
39384,15,"Urbanismo",451,"Infraestrutura Urbana "
42657,27,"Desporto e Lazer",813,"Lazer"
38362,8,"Assistência Social",245,"Serviços Socioassistenciais"
39776,18,"Gestão Ambiental",544,"Recursos Hídricos"
39020,27,"Desporto e Lazer",812,"Desporto Comunitário"
40448,8,"Assistência Social",245,"Serviços Socioassistenciais"
45441,10,"Saúde",302,"Assistência Hospitalar e Ambulatorial"
42158,8,"Assistência Social",245,"Serviços Socioassistenciais"
40935,15,"Urbanismo",451,"Infraestrutura Urbana "
38652,15,"Urbanismo",451,"Infraestrutura Urbana "
46713,15,"Urbanismo",451,"Infraestrutura Urbana "
47207,15,"Urbanismo",451,"Infraestrutura Urbana "
40164,15,"Urbanismo",451,"Infraestrutura Urbana "
45122,15,"Urbanismo",451,"Infraestrutura Urbana "
39273,20,"Agricultura",608,"Promoção da Produção Agropecuária"
41005,27,"Desporto e Lazer",812,"Desporto Comunitário"
39061,15,"Urbanismo",451,"Infraestrutura Urbana "
46401,15,"Urbanismo",451,"Infraestrutura Urbana "
46003,15,"Urbanismo",451,"Infraestrutura Urbana "
38854,20,"Agricultura",608,"Promoção da Produção Agropecuária"
37783,15,"Urbanismo",451,"Infraestrutura Urbana "
39253,8,"Assistência Social",245,"Serviços Socioassistenciais"
43768,15,"Urbanismo",451,"Infraestrutura Urbana "
43384,15,"Urbanismo",451,"Infraestrutura Urbana "
37551,8,"Assistência Social",244,"Assistência Comunitária"
38460,17,"Saneamento",512,"Saneamento Básico Urbano"
39171,10,"Saúde",302,"Assistência Hospitalar e Ambulatorial"
45345,15,"Urbanismo",451,"Infraestrutura Urbana "
43343,8,"Assistência Social",244,"Assistência Comunitária"
44019,6,"Segurança Pública",182,"Defesa Civil"
39827,15,"Urbanismo",451,"Infraestrutura Urbana "
39202,18,"Gestão Ambiental",541,"Preservação e Conservação Ambiental"
45268,8,"Assistência Social",242,"Assistência ao Portador de Deficiência"
45268,8,"Assistência Social",243,"Assistência à Criança e ao Adolescente"
45268,8,"Assistência Social",245,"Serviços Socioassistenciais"
41693,27,"Desporto e Lazer",811,"Desporto de Rendimento"
39780,15,"Urbanismo",451,"Infraestrutura Urbana "
44479,15,"Urbanismo",451,"Infraestrutura Urbana "
44705,15,"Urbanismo",451,"Infraestrutura Urbana "
45474,15,"Urbanismo",451,"Infraestrutura Urbana "
45433,12,"Educação",368,"Educação Básica"
44864,15,"Urbanismo",451,"Infraestrutura Urbana "
40838,15,"Urbanismo",451,"Infraestrutura Urbana "
39237,10,"Saúde",301,"Atenção Básica"
38325,20,"Agricultura",608,"Promoção da Produção Agropecuária"
45148,12,"Educação",368,"Educação Básica"
41894,12,"Educação",368,"Educação Básica"
39643,10,"Saúde",301,"Atenção Básica"
41099,12,"Educação",361,"Ensino Fundamental"
38957,12,"Educação",365,"Educação Infantil"
44113,6,"Segurança Pública",182,"Defesa Civil"
43894,23,"Comércio e Serviços",695,"Turismo"
46853,26,"Transporte",782,"Transporte Rodoviário"
39655,26,"Transporte",782,"Transporte Rodoviário"
40695,15,"Urbanismo",451,"Infraestrutura Urbana "
44764,20,"Agricultura",608,"Promoção da Produção Agropecuária"
42173,27,"Desporto e Lazer",812,"Desporto Comunitário"
44649,27,"Desporto e Lazer",812,"Desporto Comunitário"
44649,27,"Desporto e Lazer",813,"Lazer"
38284,15,"Urbanismo",451,"Infraestrutura Urbana "
38284,15,"Urbanismo",452,"Serviços Urbanos"
41174,15,"Urbanismo",451,"Infraestrutura Urbana "
46225,13,"Cultura",392,"Difusão Cultural"
46822,20,"Agricultura",607,"Irrigação"
43311,8,"Assistência Social",244,"Assistência Comunitária"
43311,8,"Assistência Social",245,"Serviços Socioassistenciais"
43311,10,"Saúde",301,"Atenção Básica"
43311,12,"Educação",368,"Educação Básica"
43311,27,"Desporto e Lazer",813,"Lazer"
40366,27,"Desporto e Lazer",812,"Desporto Comunitário"
45133,6,"Segurança Pública",182,"Defesa Civil"
41076,12,"Educação",361,"Ensino Fundamental"
38387,15,"Urbanismo",451,"Infraestrutura Urbana "
38297,23,"Comércio e Serviços",695,"Turismo"
40390,20,"Agricultura",606,"Extensão Rural"
40390,20,"Agricultura",608,"Promoção da Produção Agropecuária"
45920,15,"Urbanismo",452,"Serviços Urbanos"
38435,12,"Educação",368,"Educação Básica"
38198,8,"Assistência Social",245,"Serviços Socioassistenciais"
38587,27,"Desporto e Lazer",812,"Desporto Comunitário"
45477,20,"Agricultura",606,"Extensão Rural"
44939,26,"Transporte",782,"Transporte Rodoviário"
39093,23,"Comércio e Serviços",695,"Turismo"
46052,15,"Urbanismo",451,"Infraestrutura Urbana "
38216,20,"Agricultura",606,"Extensão Rural"
39627,15,"Urbanismo",451,"Infraestrutura Urbana "
44450,15,"Urbanismo",451,"Infraestrutura Urbana "
44286,15,"Urbanismo",451,"Infraestrutura Urbana "
38464,23,"Comércio e Serviços",695,"Turismo"
42231,20,"Agricultura",608,"Promoção da Produção Agropecuária"
40496,15,"Urbanismo",451,"Infraestrutura Urbana "
45802,15,"Urbanismo",451,"Infraestrutura Urbana "
47337,10,"Saúde",302,"Assistência Hospitalar e Ambulatorial"
37996,12,"Educação",361,"Ensino Fundamental"
40237,20,"Agricultura",608,"Promoção da Produção Agropecuária"
37570,15,"Urbanismo",451,"Infraestrutura Urbana "
42484,14,"Direitos da Cidadania",421,"Custódia e Reintegração Social"
38731,15,"Urbanismo",451,"Infraestrutura Urbana "
40078,15,"Urbanismo",451,"Infraestrutura Urbana "
38837,15,"Urbanismo",451,"Infraestrutura Urbana "
37499,15,"Urbanismo",451,"Infraestrutura Urbana "
42933,15,"Urbanismo",451,"Infraestrutura Urbana "
45309,20,"Agricultura",606,"Extensão Rural"
46521,15,"Urbanismo",451,"Infraestrutura Urbana "
41393,27,"Desporto e Lazer",813,"Lazer"
46147,15,"Urbanismo",451,"Infraestrutura Urbana "
40457,15,"Urbanismo",451,"Infraestrutura Urbana "
40574,15,"Urbanismo",451,"Infraestrutura Urbana "
39711,20,"Agricultura",606,"Extensão Rural"
39711,20,"Agricultura",608,"Promoção da Produção Agropecuária"
46602,15,"Urbanismo",451,"Infraestrutura Urbana "
40291,15,"Urbanismo",451,"Infraestrutura Urbana "
44551,20,"Agricultura",608,"Promoção da Produção Agropecuária"
43764,27,"Desporto e Lazer",811,"Desporto de Rendimento"
43764,27,"Desporto e Lazer",812,"Desporto Comunitário"
43764,27,"Desporto e Lazer",813,"Lazer"
42954,15,"Urbanismo",451,"Infraestrutura Urbana "
40964,15,"Urbanismo",451,"Infraestrutura Urbana "
37289,15,"Urbanismo",451,"Infraestrutura Urbana "
38553,15,"Urbanismo",451,"Infraestrutura Urbana "
40420,6,"Segurança Pública",181,"Policiamento"
39609,15,"Urbanismo",451,"Infraestrutura Urbana "
37406,10,"Saúde",302,"Assistência Hospitalar e Ambulatorial"
39185,15,"Urbanismo",451,"Infraestrutura Urbana "
43284,10,"Saúde",302,"Assistência Hospitalar e Ambulatorial"
40990,27,"Desporto e Lazer",812,"Desporto Comunitário"
39428,16,"Habitação",482,"Habitação Urbana"
39754,6,"Segurança Pública",181,"Policiamento"
46245,15,"Urbanismo",451,"Infraestrutura Urbana "
46911,15,"Urbanismo",451,"Infraestrutura Urbana "
38929,15,"Urbanismo",451,"Infraestrutura Urbana "
40871,15,"Urbanismo",451,"Infraestrutura Urbana "
47013,15,"Urbanismo",451,"Infraestrutura Urbana "
44560,15,"Urbanismo",451,"Infraestrutura Urbana "
41781,15,"Urbanismo",451,"Infraestrutura Urbana "
43398,15,"Urbanismo",451,"Infraestrutura Urbana "
43250,15,"Urbanismo",451,"Infraestrutura Urbana "
38029,15,"Urbanismo",451,"Infraestrutura Urbana "
39662,23,"Comércio e Serviços",695,"Turismo"
41351,8,"Assistência Social",245,"Serviços Socioassistenciais"
44477,15,"Urbanismo",451,"Infraestrutura Urbana "
45950,15,"Urbanismo",451,"Infraestrutura Urbana "
42061,26,"Transporte",782,"Transporte Rodoviário"
43886,8,"Assistência Social",244,"Assistência Comunitária"
39613,20,"Agricultura",606,"Extensão Rural"
46475,27,"Desporto e Lazer",812,"Desporto Comunitário"
44298,23,"Comércio e Serviços",695,"Turismo"
38669,20,"Agricultura",608,"Promoção da Produção Agropecuária"
44805,15,"Urbanismo",451,"Infraestrutura Urbana "
37130,15,"Urbanismo",451,"Infraestrutura Urbana "
44543,15,"Urbanismo",451,"Infraestrutura Urbana "
44532,15,"Urbanismo",451,"Infraestrutura Urbana "
43648,15,"Urbanismo",451,"Infraestrutura Urbana "
38909,12,"Educação",361,"Ensino Fundamental"
41396,15,"Urbanismo",452,"Serviços Urbanos"
41361,20,"Agricultura",608,"Promoção da Produção Agropecuária"
45974,15,"Urbanismo",451,"Infraestrutura Urbana "
44814,15,"Urbanismo",451,"Infraestrutura Urbana "
46379,23,"Comércio e Serviços",695,"Turismo"
44315,27,"Desporto e Lazer",813,"Lazer"
44393,23,"Comércio e Serviços",695,"Turismo"
44788,16,"Habitação",481,"Habitação Rural"
37341,15,"Urbanismo",451,"Infraestrutura Urbana "
47084,15,"Urbanismo",451,"Infraestrutura Urbana "
41354,20,"Agricultura",608,"Promoção da Produção Agropecuária"
39661,10,"Saúde",301,"Atenção Básica"
38252,16,"Habitação",482,"Habitação Urbana"
47208,13,"Cultura",392,"Difusão Cultural"
41981,15,"Urbanismo",451,"Infraestrutura Urbana "
44666,15,"Urbanismo",451,"Infraestrutura Urbana "
43465,15,"Urbanismo",451,"Infraestrutura Urbana "
46481,23,"Comércio e Serviços",695,"Turismo"
44526,23,"Comércio e Serviços",695,"Turismo"
42719,15,"Urbanismo",451,"Infraestrutura Urbana "
43754,10,"Saúde",301,"Atenção Básica"
44884,10,"Saúde",301,"Atenção Básica"
44884,10,"Saúde",302,"Assistência Hospitalar e Ambulatorial"
44721,10,"Saúde",302,"Assistência Hospitalar e Ambulatorial"
43507,10,"Saúde",302,"Assistência Hospitalar e Ambulatorial"
45096,27,"Desporto e Lazer",812,"Desporto Comunitário"
42332,27,"Desporto e Lazer",812,"Desporto Comunitário"
43379,27,"Desporto e Lazer",813,"Lazer"
42199,15,"Urbanismo",451,"Infraestrutura Urbana "
46656,8,"Assistência Social",245,"Serviços Socioassistenciais"
42207,16,"Habitação",482,"Habitação Urbana"
43526,16,"Habitação",482,"Habitação Urbana"
41079,20,"Agricultura",608,"Promoção da Produção Agropecuária"
42610,15,"Urbanismo",451,"Infraestrutura Urbana "
38880,27,"Desporto e Lazer",812,"Desporto Comunitário"
40506,20,"Agricultura",606,"Extensão Rural"
38192,15,"Urbanismo",451,"Infraestrutura Urbana "
45807,15,"Urbanismo",451,"Infraestrutura Urbana "
37624,27,"Desporto e Lazer",812,"Desporto Comunitário"
38374,15,"Urbanismo",451,"Infraestrutura Urbana "
40677,16,"Habitação",482,"Habitação Urbana"
38619,27,"Desporto e Lazer",813,"Lazer"
42931,23,"Comércio e Serviços",695,"Turismo"
46571,27,"Desporto e Lazer",813,"Lazer"
40462,15,"Urbanismo",451,"Infraestrutura Urbana "
42869,15,"Urbanismo",451,"Infraestrutura Urbana "
42164,15,"Urbanismo",451,"Infraestrutura Urbana "
41417,20,"Agricultura",608,"Promoção da Produção Agropecuária"
43501,23,"Comércio e Serviços",695,"Turismo"
45395,15,"Urbanismo",451,"Infraestrutura Urbana "
45344,10,"Saúde",302,"Assistência Hospitalar e Ambulatorial"
42937,10,"Saúde",302,"Assistência Hospitalar e Ambulatorial"
39670,15,"Urbanismo",451,"Infraestrutura Urbana "
43718,15,"Urbanismo",451,"Infraestrutura Urbana "
43154,15,"Urbanismo",452,"Serviços Urbanos"
39818,20,"Agricultura",608,"Promoção da Produção Agropecuária"
37002,15,"Urbanismo",451,"Infraestrutura Urbana "
41452,15,"Urbanismo",451,"Infraestrutura Urbana "
38406,15,"Urbanismo",451,"Infraestrutura Urbana "
37653,10,"Saúde",301,"Atenção Básica"
45578,15,"Urbanismo",452,"Serviços Urbanos"
43888,15,"Urbanismo",451,"Infraestrutura Urbana "
40446,15,"Urbanismo",451,"Infraestrutura Urbana "
40684,23,"Comércio e Serviços",695,"Turismo"
39300,23,"Comércio e Serviços",695,"Turismo"
42349,8,"Assistência Social",244,"Assistência Comunitária"
41992,8,"Assistência Social",244,"Assistência Comunitária"
41427,15,"Urbanismo",451,"Infraestrutura Urbana "
42455,15,"Urbanismo",451,"Infraestrutura Urbana "
44507,20,"Agricultura",608,"Promoção da Produção Agropecuária"
41110,15,"Urbanismo",451,"Infraestrutura Urbana "
41425,27,"Desporto e Lazer",812,"Desporto Comunitário"
41897,23,"Comércio e Serviços",695,"Turismo"
40150,15,"Urbanismo",451,"Infraestrutura Urbana "
38651,15,"Urbanismo",451,"Infraestrutura Urbana "
39801,15,"Urbanismo",451,"Infraestrutura Urbana "
41462,15,"Urbanismo",451,"Infraestrutura Urbana "
44675,23,"Comércio e Serviços",695,"Turismo"
40410,8,"Assistência Social",245,"Serviços Socioassistenciais"
41446,27,"Desporto e Lazer",813,"Lazer"
41329,27,"Desporto e Lazer",812,"Desporto Comunitário"
41100,15,"Urbanismo",451,"Infraestrutura Urbana "
43474,15,"Urbanismo",452,"Serviços Urbanos"
38521,20,"Agricultura",608,"Promoção da Produção Agropecuária"
42929,20,"Agricultura",606,"Extensão Rural"
37518,8,"Assistência Social",244,"Assistência Comunitária"
43787,23,"Comércio e Serviços",695,"Turismo"
43286,8,"Assistência Social",244,"Assistência Comunitária"
42530,20,"Agricultura",605,"Abastecimento"
41318,20,"Agricultura",608,"Promoção da Produção Agropecuária"
45026,15,"Urbanismo",451,"Infraestrutura Urbana "
40046,20,"Agricultura",608,"Promoção da Produção Agropecuária"
38417,15,"Urbanismo",451,"Infraestrutura Urbana "
38186,27,"Desporto e Lazer",813,"Lazer"
41096,20,"Agricultura",608,"Promoção da Produção Agropecuária"
41756,15,"Urbanismo",451,"Infraestrutura Urbana "
41120,20,"Agricultura",606,"Extensão Rural"
45044,27,"Desporto e Lazer",812,"Desporto Comunitário"
41402,27,"Desporto e Lazer",812,"Desporto Comunitário"
39444,27,"Desporto e Lazer",812,"Desporto Comunitário"
44386,20,"Agricultura",608,"Promoção da Produção Agropecuária"
41849,15,"Urbanismo",451,"Infraestrutura Urbana "
42447,10,"Saúde",301,"Atenção Básica"
37765,12,"Educação",361,"Ensino Fundamental"
37545,10,"Saúde",301,"Atenção Básica"
39663,15,"Urbanismo",451,"Infraestrutura Urbana "
41235,27,"Desporto e Lazer",812,"Desporto Comunitário"
43968,27,"Desporto e Lazer",812,"Desporto Comunitário"
46890,23,"Comércio e Serviços",695,"Turismo"
43831,15,"Urbanismo",452,"Serviços Urbanos"
46529,27,"Desporto e Lazer",812,"Desporto Comunitário"
46529,27,"Desporto e Lazer",813,"Lazer"
45711,27,"Desporto e Lazer",812,"Desporto Comunitário"
39086,27,"Desporto e Lazer",812,"Desporto Comunitário"
45828,27,"Desporto e Lazer",812,"Desporto Comunitário"
44211,27,"Desporto e Lazer",811,"Desporto de Rendimento"
43109,27,"Desporto e Lazer",812,"Desporto Comunitário"
43120,20,"Agricultura",608,"Promoção da Produção Agropecuária"
38475,27,"Desporto e Lazer",812,"Desporto Comunitário"
42941,27,"Desporto e Lazer",812,"Desporto Comunitário"
39432,27,"Desporto e Lazer",812,"Desporto Comunitário"
45877,20,"Agricultura",608,"Promoção da Produção Agropecuária"
37964,27,"Desporto e Lazer",813,"Lazer"
41292,15,"Urbanismo",451,"Infraestrutura Urbana "
43406,20,"Agricultura",606,"Extensão Rural"
43435,10,"Saúde",301,"Atenção Básica"
41280,15,"Urbanismo",451,"Infraestrutura Urbana "
46215,15,"Urbanismo",451,"Infraestrutura Urbana "
39972,15,"Urbanismo",451,"Infraestrutura Urbana "
45305,12,"Educação",365,"Educação Infantil"
44861,27,"Desporto e Lazer",812,"Desporto Comunitário"
41815,20,"Agricultura",608,"Promoção da Produção Agropecuária"
44657,20,"Agricultura",608,"Promoção da Produção Agropecuária"
43164,15,"Urbanismo",451,"Infraestrutura Urbana "
37713,15,"Urbanismo",451,"Infraestrutura Urbana "
47144,20,"Agricultura",608,"Promoção da Produção Agropecuária"
38467,18,"Gestão Ambiental",542,"Controle Ambiental"
45930,27,"Desporto e Lazer",812,"Desporto Comunitário"
41251,27,"Desporto e Lazer",813,"Lazer"
40848,15,"Urbanismo",451,"Infraestrutura Urbana "
42156,20,"Agricultura",608,"Promoção da Produção Agropecuária"
38933,15,"Urbanismo",451,"Infraestrutura Urbana "
39994,15,"Urbanismo",452,"Serviços Urbanos"
41925,15,"Urbanismo",451,"Infraestrutura Urbana "
37954,15,"Urbanismo",451,"Infraestrutura Urbana "
38279,15,"Urbanismo",451,"Infraestrutura Urbana "
42250,23,"Comércio e Serviços",695,"Turismo"
37417,23,"Comércio e Serviços",695,"Turismo"
45326,15,"Urbanismo",451,"Infraestrutura Urbana "
44503,20,"Agricultura",608,"Promoção da Produção Agropecuária"
47151,23,"Comércio e Serviços",695,"Turismo"
41420,10,"Saúde",302,"Assistência Hospitalar e Ambulatorial"
46762,20,"Agricultura",608,"Promoção da Produção Agropecuária"
46364,13,"Cultura",392,"Difusão Cultural"
42078,15,"Urbanismo",451,"Infraestrutura Urbana "
43627,26,"Transporte",782,"Transporte Rodoviário"
44646,8,"Assistência Social",243,"Assistência à Criança e ao Adolescente"
41531,15,"Urbanismo",451,"Infraestrutura Urbana "
38585,20,"Agricultura",608,"Promoção da Produção Agropecuária"
41886,15,"Urbanismo",451,"Infraestrutura Urbana "
37483,15,"Urbanismo",451,"Infraestrutura Urbana "
44637,15,"Urbanismo",451,"Infraestrutura Urbana "
38324,15,"Urbanismo",451,"Infraestrutura Urbana "
42118,15,"Urbanismo",451,"Infraestrutura Urbana "
44669,15,"Urbanismo",451,"Infraestrutura Urbana "
38745,27,"Desporto e Lazer",812,"Desporto Comunitário"
41299,15,"Urbanismo",451,"Infraestrutura Urbana "
37670,15,"Urbanismo",451,"Infraestrutura Urbana "
46368,15,"Urbanismo",451,"Infraestrutura Urbana "
37435,15,"Urbanismo",451,"Infraestrutura Urbana "
38375,23,"Comércio e Serviços",695,"Turismo"
43036,20,"Agricultura",608,"Promoção da Produção Agropecuária"
44708,23,"Comércio e Serviços",695,"Turismo"
40969,15,"Urbanismo",451,"Infraestrutura Urbana "
41910,23,"Comércio e Serviços",695,"Turismo"
39150,15,"Urbanismo",451,"Infraestrutura Urbana "
42105,15,"Urbanismo",451,"Infraestrutura Urbana "
38458,15,"Urbanismo",452,"Serviços Urbanos"
43965,20,"Agricultura",608,"Promoção da Produção Agropecuária"
38370,8,"Assistência Social",244,"Assistência Comunitária"
39673,20,"Agricultura",608,"Promoção da Produção Agropecuária"
44476,17,"Saneamento",512,"Saneamento Básico Urbano"
38404,18,"Gestão Ambiental",544,"Recursos Hídricos"
43642,20,"Agricultura",608,"Promoção da Produção Agropecuária"
41063,15,"Urbanismo",451,"Infraestrutura Urbana "
41507,15,"Urbanismo",451,"Infraestrutura Urbana "
44713,13,"Cultura",392,"Difusão Cultural"
39599,6,"Segurança Pública",183,"Informação e Inteligência"
40260,15,"Urbanismo",451,"Infraestrutura Urbana "
37774,20,"Agricultura",606,"Extensão Rural"
43449,15,"Urbanismo",451,"Infraestrutura Urbana "
39256,15,"Urbanismo",451,"Infraestrutura Urbana "
39380,23,"Comércio e Serviços",695,"Turismo"
42967,15,"Urbanismo",451,"Infraestrutura Urbana "
38200,27,"Desporto e Lazer",813,"Lazer"
43175,15,"Urbanismo",451,"Infraestrutura Urbana "
42845,15,"Urbanismo",451,"Infraestrutura Urbana "
45110,15,"Urbanismo",451,"Infraestrutura Urbana "
46134,15,"Urbanismo",451,"Infraestrutura Urbana "
43701,27,"Desporto e Lazer",811,"Desporto de Rendimento"
43701,27,"Desporto e Lazer",812,"Desporto Comunitário"
43701,27,"Desporto e Lazer",813,"Lazer"
37945,15,"Urbanismo",451,"Infraestrutura Urbana "
39986,18,"Gestão Ambiental",541,"Preservação e Conservação Ambiental"
38923,15,"Urbanismo",451,"Infraestrutura Urbana "
41094,23,"Comércio e Serviços",695,"Turismo"
43052,15,"Urbanismo",451,"Infraestrutura Urbana "
39530,23,"Comércio e Serviços",695,"Turismo"
46272,10,"Saúde",301,"Atenção Básica"
45888,27,"Desporto e Lazer",813,"Lazer"
41372,15,"Urbanismo",451,"Infraestrutura Urbana "
37241,15,"Urbanismo",451,"Infraestrutura Urbana "
37733,15,"Urbanismo",451,"Infraestrutura Urbana "
43305,15,"Urbanismo",451,"Infraestrutura Urbana "
43810,15,"Urbanismo",451,"Infraestrutura Urbana "
38144,15,"Urbanismo",451,"Infraestrutura Urbana "
44055,15,"Urbanismo",451,"Infraestrutura Urbana "
40027,15,"Urbanismo",451,"Infraestrutura Urbana "
40700,23,"Comércio e Serviços",695,"Turismo"
41421,15,"Urbanismo",451,"Infraestrutura Urbana "
42707,15,"Urbanismo",451,"Infraestrutura Urbana "
41892,15,"Urbanismo",451,"Infraestrutura Urbana "
41933,15,"Urbanismo",451,"Infraestrutura Urbana "
44957,15,"Urbanismo",451,"Infraestrutura Urbana "
41035,23,"Comércio e Serviços",695,"Turismo"
40836,15,"Urbanismo",451,"Infraestrutura Urbana "
38250,15,"Urbanismo",451,"Infraestrutura Urbana "
45275,27,"Desporto e Lazer",812,"Desporto Comunitário"
46202,27,"Desporto e Lazer",813,"Lazer"
43637,6,"Segurança Pública",182,"Defesa Civil"
43981,27,"Desporto e Lazer",813,"Lazer"
38659,15,"Urbanismo",451,"Infraestrutura Urbana "
42330,13,"Cultura",392,"Difusão Cultural"
40727,15,"Urbanismo",451,"Infraestrutura Urbana "
44170,15,"Urbanismo",451,"Infraestrutura Urbana "
43053,15,"Urbanismo",451,"Infraestrutura Urbana "
37889,20,"Agricultura",608,"Promoção da Produção Agropecuária"
45165,15,"Urbanismo",451,"Infraestrutura Urbana "
40323,15,"Urbanismo",451,"Infraestrutura Urbana "
42181,15,"Urbanismo",451,"Infraestrutura Urbana "
41407,15,"Urbanismo",451,"Infraestrutura Urbana "
46814,15,"Urbanismo",451,"Infraestrutura Urbana "
37348,15,"Urbanismo",451,"Infraestrutura Urbana "
40572,8,"Assistência Social",245,"Serviços Socioassistenciais"
37309,15,"Urbanismo",451,"Infraestrutura Urbana "
40100,20,"Agricultura",608,"Promoção da Produção Agropecuária"
46633,27,"Desporto e Lazer",813,"Lazer"
42953,15,"Urbanismo",451,"Infraestrutura Urbana "
38649,23,"Comércio e Serviços",695,"Turismo"
46966,15,"Urbanismo",451,"Infraestrutura Urbana "
39826,15,"Urbanismo",451,"Infraestrutura Urbana "
45782,8,"Assistência Social",245,"Serviços Socioassistenciais"
38326,15,"Urbanismo",451,"Infraestrutura Urbana "
39712,12,"Educação",362,"Ensino Médio"
39712,12,"Educação",365,"Educação Infantil"
39712,12,"Educação",368,"Educação Básica"
43288,27,"Desporto e Lazer",813,"Lazer"
43668,8,"Assistência Social",244,"Assistência Comunitária"
39802,25,"Energia",752,"Energia Elétrica"
41998,20,"Agricultura",608,"Promoção da Produção Agropecuária"
44278,15,"Urbanismo",451,"Infraestrutura Urbana "
44278,23,"Comércio e Serviços",695,"Turismo"
44122,21,"Organização Agrária",632,"Colonização"
41481,15,"Urbanismo",451,"Infraestrutura Urbana "
39886,15,"Urbanismo",451,"Infraestrutura Urbana "
47124,20,"Agricultura",608,"Promoção da Produção Agropecuária"
47180,20,"Agricultura",608,"Promoção da Produção Agropecuária"
43189,20,"Agricultura",606,"Extensão Rural"
45097,20,"Agricultura",605,"Abastecimento"
45097,20,"Agricultura",608,"Promoção da Produção Agropecuária"
40719,12,"Educação",362,"Ensino Médio"
40719,12,"Educação",365,"Educação Infantil"
40719,12,"Educação",368,"Educação Básica"
39052,12,"Educação",368,"Educação Básica"
40811,8,"Assistência Social",245,"Serviços Socioassistenciais"
43258,15,"Urbanismo",451,"Infraestrutura Urbana "
45854,15,"Urbanismo",452,"Serviços Urbanos"
44827,15,"Urbanismo",451,"Infraestrutura Urbana "
45738,15,"Urbanismo",451,"Infraestrutura Urbana "
42103,15,"Urbanismo",451,"Infraestrutura Urbana "
45837,15,"Urbanismo",451,"Infraestrutura Urbana "
45183,15,"Urbanismo",451,"Infraestrutura Urbana "
46624,15,"Urbanismo",451,"Infraestrutura Urbana "
41185,15,"Urbanismo",451,"Infraestrutura Urbana "
44474,15,"Urbanismo",451,"Infraestrutura Urbana "
38314,20,"Agricultura",608,"Promoção da Produção Agropecuária"
37350,12,"Educação",365,"Educação Infantil"
40957,8,"Assistência Social",245,"Serviços Socioassistenciais"
40395,10,"Saúde",301,"Atenção Básica"
40520,10,"Saúde",301,"Atenção Básica"
44546,15,"Urbanismo",451,"Infraestrutura Urbana "
41431,15,"Urbanismo",451,"Infraestrutura Urbana "
40562,20,"Agricultura",608,"Promoção da Produção Agropecuária"
39685,15,"Urbanismo",451,"Infraestrutura Urbana "
37953,8,"Assistência Social",243,"Assistência à Criança e ao Adolescente"
39341,15,"Urbanismo",451,"Infraestrutura Urbana "
43688,27,"Desporto e Lazer",812,"Desporto Comunitário"
38423,17,"Saneamento",512,"Saneamento Básico Urbano"
44370,26,"Transporte",782,"Transporte Rodoviário"
46705,8,"Assistência Social",245,"Serviços Socioassistenciais"
39593,15,"Urbanismo",451,"Infraestrutura Urbana "
37866,15,"Urbanismo",451,"Infraestrutura Urbana "
39954,20,"Agricultura",608,"Promoção da Produção Agropecuária"
43908,8,"Assistência Social",245,"Serviços Socioassistenciais"
38637,8,"Assistência Social",245,"Serviços Socioassistenciais"
40233,10,"Saúde",302,"Assistência Hospitalar e Ambulatorial"
46741,15,"Urbanismo",451,"Infraestrutura Urbana "
46886,12,"Educação",361,"Ensino Fundamental"
39008,8,"Assistência Social",244,"Assistência Comunitária"
40010,8,"Assistência Social",245,"Serviços Socioassistenciais"
37967,8,"Assistência Social",245,"Serviços Socioassistenciais"
41080,8,"Assistência Social",244,"Assistência Comunitária"
39401,20,"Agricultura",608,"Promoção da Produção Agropecuária"
41058,20,"Agricultura",608,"Promoção da Produção Agropecuária"
38486,15,"Urbanismo",451,"Infraestrutura Urbana "
40116,15,"Urbanismo",451,"Infraestrutura Urbana "
43890,15,"Urbanismo",451,"Infraestrutura Urbana "
46414,15,"Urbanismo",451,"Infraestrutura Urbana "
45281,15,"Urbanismo",451,"Infraestrutura Urbana "
45143,8,"Assistência Social",245,"Serviços Socioassistenciais"
46098,20,"Agricultura",608,"Promoção da Produção Agropecuária"
41116,15,"Urbanismo",451,"Infraestrutura Urbana "
39055,17,"Saneamento",512,"Saneamento Básico Urbano"
37118,17,"Saneamento",511,"Saneamento Básico Rural"
40325,15,"Urbanismo",451,"Infraestrutura Urbana "
43042,15,"Urbanismo",451,"Infraestrutura Urbana "
38615,10,"Saúde",301,"Atenção Básica"
38341,15,"Urbanismo",451,"Infraestrutura Urbana "
38518,10,"Saúde",302,"Assistência Hospitalar e Ambulatorial"
37367,15,"Urbanismo",451,"Infraestrutura Urbana "
44594,15,"Urbanismo",452,"Serviços Urbanos"
42705,15,"Urbanismo",451,"Infraestrutura Urbana "
38233,15,"Urbanismo",451,"Infraestrutura Urbana "
39583,23,"Comércio e Serviços",695,"Turismo"
39396,20,"Agricultura",608,"Promoção da Produção Agropecuária"
45023,15,"Urbanismo",451,"Infraestrutura Urbana "
40417,15,"Urbanismo",452,"Serviços Urbanos"
42570,15,"Urbanismo",451,"Infraestrutura Urbana "
38908,15,"Urbanismo",451,"Infraestrutura Urbana "
47248,8,"Assistência Social",245,"Serviços Socioassistenciais"
40841,15,"Urbanismo",451,"Infraestrutura Urbana "
41148,15,"Urbanismo",451,"Infraestrutura Urbana "
43655,15,"Urbanismo",451,"Infraestrutura Urbana "
38315,15,"Urbanismo",451,"Infraestrutura Urbana "
42193,27,"Desporto e Lazer",812,"Desporto Comunitário"
43404,15,"Urbanismo",451,"Infraestrutura Urbana "
38756,15,"Urbanismo",451,"Infraestrutura Urbana "
39068,15,"Urbanismo",451,"Infraestrutura Urbana "
41143,15,"Urbanismo",452,"Serviços Urbanos"
38157,27,"Desporto e Lazer",812,"Desporto Comunitário"
41909,15,"Urbanismo",451,"Infraestrutura Urbana "
41002,8,"Assistência Social",245,"Serviços Socioassistenciais"
45387,8,"Assistência Social",245,"Serviços Socioassistenciais"
45387,8,"Assistência Social",243,"Assistência à Criança e ao Adolescente"
39455,15,"Urbanismo",451,"Infraestrutura Urbana "
44088,20,"Agricultura",606,"Extensão Rural"
42572,15,"Urbanismo",451,"Infraestrutura Urbana "
46144,8,"Assistência Social",245,"Serviços Socioassistenciais"
45861,23,"Comércio e Serviços",695,"Turismo"
41384,15,"Urbanismo",451,"Infraestrutura Urbana "
44028,15,"Urbanismo",451,"Infraestrutura Urbana "
39993,20,"Agricultura",608,"Promoção da Produção Agropecuária"
42069,15,"Urbanismo",451,"Infraestrutura Urbana "
38623,15,"Urbanismo",451,"Infraestrutura Urbana "
38100,8,"Assistência Social",244,"Assistência Comunitária"
42477,15,"Urbanismo",451,"Infraestrutura Urbana "
38579,15,"Urbanismo",451,"Infraestrutura Urbana "
41236,20,"Agricultura",605,"Abastecimento"
37591,15,"Urbanismo",451,"Infraestrutura Urbana "
41530,20,"Agricultura",606,"Extensão Rural"
41176,26,"Transporte",782,"Transporte Rodoviário"
37056,15,"Urbanismo",451,"Infraestrutura Urbana "
43055,15,"Urbanismo",451,"Infraestrutura Urbana "
42074,23,"Comércio e Serviços",695,"Turismo"
37856,15,"Urbanismo",451,"Infraestrutura Urbana "
40500,20,"Agricultura",608,"Promoção da Produção Agropecuária"
42585,27,"Desporto e Lazer",812,"Desporto Comunitário"
40674,15,"Urbanismo",451,"Infraestrutura Urbana "
43448,15,"Urbanismo",452,"Serviços Urbanos"
37470,15,"Urbanismo",451,"Infraestrutura Urbana "
44184,27,"Desporto e Lazer",812,"Desporto Comunitário"
42683,15,"Urbanismo",451,"Infraestrutura Urbana "
38377,15,"Urbanismo",451,"Infraestrutura Urbana "
43566,15,"Urbanismo",451,"Infraestrutura Urbana "
45846,15,"Urbanismo",451,"Infraestrutura Urbana "
45725,20,"Agricultura",606,"Extensão Rural"
39910,15,"Urbanismo",451,"Infraestrutura Urbana "
40869,15,"Urbanismo",451,"Infraestrutura Urbana "
37760,15,"Urbanismo",451,"Infraestrutura Urbana "
40540,15,"Urbanismo",451,"Infraestrutura Urbana "
39040,15,"Urbanismo",451,"Infraestrutura Urbana "
40754,15,"Urbanismo",451,"Infraestrutura Urbana "
45089,23,"Comércio e Serviços",695,"Turismo"
42281,15,"Urbanismo",451,"Infraestrutura Urbana "
42222,15,"Urbanismo",451,"Infraestrutura Urbana "
38355,27,"Desporto e Lazer",812,"Desporto Comunitário"
45496,15,"Urbanismo",451,"Infraestrutura Urbana "
37990,8,"Assistência Social",244,"Assistência Comunitária"
45758,27,"Desporto e Lazer",813,"Lazer"
43550,27,"Desporto e Lazer",812,"Desporto Comunitário"
45380,15,"Urbanismo",451,"Infraestrutura Urbana "
37164,27,"Desporto e Lazer",813,"Lazer"
42947,27,"Desporto e Lazer",813,"Lazer"
38002,15,"Urbanismo",451,"Infraestrutura Urbana "
41612,27,"Desporto e Lazer",812,"Desporto Comunitário"
44165,20,"Agricultura",608,"Promoção da Produção Agropecuária"
41970,15,"Urbanismo",451,"Infraestrutura Urbana "
44172,20,"Agricultura",606,"Extensão Rural"
44933,20,"Agricultura",608,"Promoção da Produção Agropecuária"
42274,15,"Urbanismo",127,"Ordenamento Territorial"
38046,15,"Urbanismo",451,"Infraestrutura Urbana "
39607,15,"Urbanismo",451,"Infraestrutura Urbana "
47437,15,"Urbanismo",451,"Infraestrutura Urbana "
39360,15,"Urbanismo",451,"Infraestrutura Urbana "
42462,15,"Urbanismo",451,"Infraestrutura Urbana "
46429,15,"Urbanismo",451,"Infraestrutura Urbana "
39238,20,"Agricultura",608,"Promoção da Produção Agropecuária"
38945,20,"Agricultura",608,"Promoção da Produção Agropecuária"
38654,15,"Urbanismo",452,"Serviços Urbanos"
38060,27,"Desporto e Lazer",812,"Desporto Comunitário"
37327,8,"Assistência Social",244,"Assistência Comunitária"
38549,15,"Urbanismo",451,"Infraestrutura Urbana "
41818,15,"Urbanismo",451,"Infraestrutura Urbana "
39304,20,"Agricultura",608,"Promoção da Produção Agropecuária"
39284,27,"Desporto e Lazer",812,"Desporto Comunitário"
40653,27,"Desporto e Lazer",812,"Desporto Comunitário"
40108,15,"Urbanismo",451,"Infraestrutura Urbana "
39251,8,"Assistência Social",244,"Assistência Comunitária"
39013,20,"Agricultura",608,"Promoção da Produção Agropecuária"
44700,27,"Desporto e Lazer",812,"Desporto Comunitário"
37491,15,"Urbanismo",451,"Infraestrutura Urbana "
38038,15,"Urbanismo",451,"Infraestrutura Urbana "
37641,15,"Urbanismo",451,"Infraestrutura Urbana "
37411,15,"Urbanismo",451,"Infraestrutura Urbana "
39252,20,"Agricultura",608,"Promoção da Produção Agropecuária"
39553,20,"Agricultura",608,"Promoção da Produção Agropecuária"
42721,20,"Agricultura",608,"Promoção da Produção Agropecuária"
44859,20,"Agricultura",608,"Promoção da Produção Agropecuária"
44120,20,"Agricultura",608,"Promoção da Produção Agropecuária"
41600,20,"Agricultura",608,"Promoção da Produção Agropecuária"
38948,8,"Assistência Social",244,"Assistência Comunitária"
46172,17,"Saneamento",511,"Saneamento Básico Rural"
42392,27,"Desporto e Lazer",813,"Lazer"
41534,20,"Agricultura",608,"Promoção da Produção Agropecuária"
38911,20,"Agricultura",608,"Promoção da Produção Agropecuária"
43599,20,"Agricultura",608,"Promoção da Produção Agropecuária"
41950,15,"Urbanismo",451,"Infraestrutura Urbana "
41233,20,"Agricultura",608,"Promoção da Produção Agropecuária"
43511,15,"Urbanismo",451,"Infraestrutura Urbana "
39634,20,"Agricultura",608,"Promoção da Produção Agropecuária"
39137,8,"Assistência Social",244,"Assistência Comunitária"
38154,23,"Comércio e Serviços",695,"Turismo"
37659,15,"Urbanismo",451,"Infraestrutura Urbana "
43606,15,"Urbanismo",451,"Infraestrutura Urbana "
39371,15,"Urbanismo",451,"Infraestrutura Urbana "
39394,23,"Comércio e Serviços",695,"Turismo"
38542,15,"Urbanismo",451,"Infraestrutura Urbana "
38939,15,"Urbanismo",451,"Infraestrutura Urbana "
41512,20,"Agricultura",608,"Promoção da Produção Agropecuária"
44054,20,"Agricultura",608,"Promoção da Produção Agropecuária"
39513,10,"Saúde",301,"Atenção Básica"
41391,20,"Agricultura",608,"Promoção da Produção Agropecuária"
40760,15,"Urbanismo",451,"Infraestrutura Urbana "
39730,15,"Urbanismo",451,"Infraestrutura Urbana "
44112,20,"Agricultura",608,"Promoção da Produção Agropecuária"
46902,15,"Urbanismo",451,"Infraestrutura Urbana "
45899,15,"Urbanismo",451,"Infraestrutura Urbana "
38247,15,"Urbanismo",451,"Infraestrutura Urbana "
46926,15,"Urbanismo",451,"Infraestrutura Urbana "
46897,23,"Comércio e Serviços",695,"Turismo"
42342,6,"Segurança Pública",181,"Policiamento"
37020,27,"Desporto e Lazer",813,"Lazer"
43466,8,"Assistência Social",245,"Serviços Socioassistenciais"
44097,15,"Urbanismo",451,"Infraestrutura Urbana "
37542,18,"Gestão Ambiental",544,"Recursos Hídricos"
42307,6,"Segurança Pública",181,"Policiamento"
42265,6,"Segurança Pública",181,"Policiamento"
43044,20,"Agricultura",608,"Promoção da Produção Agropecuária"
39427,27,"Desporto e Lazer",812,"Desporto Comunitário"
45560,15,"Urbanismo",452,"Serviços Urbanos"
46507,15,"Urbanismo",451,"Infraestrutura Urbana "
38672,27,"Desporto e Lazer",812,"Desporto Comunitário"
45941,15,"Urbanismo",451,"Infraestrutura Urbana "
43452,15,"Urbanismo",451,"Infraestrutura Urbana "
45513,8,"Assistência Social",245,"Serviços Socioassistenciais"
46862,12,"Educação",365,"Educação Infantil"
46017,10,"Saúde",302,"Assistência Hospitalar e Ambulatorial"
37702,23,"Comércio e Serviços",695,"Turismo"
37439,15,"Urbanismo",451,"Infraestrutura Urbana "
43481,15,"Urbanismo",451,"Infraestrutura Urbana "
43238,15,"Urbanismo",451,"Infraestrutura Urbana "
43260,15,"Urbanismo",451,"Infraestrutura Urbana "
42384,6,"Segurança Pública",181,"Policiamento"
40463,15,"Urbanismo",451,"Infraestrutura Urbana "
38695,15,"Urbanismo",451,"Infraestrutura Urbana "
38415,15,"Urbanismo",451,"Infraestrutura Urbana "
42568,8,"Assistência Social",244,"Assistência Comunitária"
44105,15,"Urbanismo",451,"Infraestrutura Urbana "
44913,27,"Desporto e Lazer",812,"Desporto Comunitário"
43092,20,"Agricultura",605,"Abastecimento"
41959,27,"Desporto e Lazer",813,"Lazer"
39463,10,"Saúde",302,"Assistência Hospitalar e Ambulatorial"
40666,15,"Urbanismo",451,"Infraestrutura Urbana "
40458,20,"Agricultura",608,"Promoção da Produção Agropecuária"
44806,15,"Urbanismo",451,"Infraestrutura Urbana "
38438,23,"Comércio e Serviços",695,"Turismo"
47395,18,"Gestão Ambiental",541,"Preservação e Conservação Ambiental"
37065,23,"Comércio e Serviços",695,"Turismo"
37267,27,"Desporto e Lazer",812,"Desporto Comunitário"
46062,27,"Desporto e Lazer",812,"Desporto Comunitário"
44809,10,"Saúde",301,"Atenção Básica"
43416,22,"Indústria",661,"Promoção Industrial"
44710,20,"Agricultura",608,"Promoção da Produção Agropecuária"
43365,23,"Comércio e Serviços",695,"Turismo"
40578,12,"Educação",365,"Educação Infantil"
37363,8,"Assistência Social",244,"Assistência Comunitária"
42138,27,"Desporto e Lazer",813,"Lazer"
47160,27,"Desporto e Lazer",813,"Lazer"
37089,22,"Indústria",661,"Promoção Industrial"
41295,15,"Urbanismo",451,"Infraestrutura Urbana "
44841,8,"Assistência Social",242,"Assistência ao Portador de Deficiência"
45818,12,"Educação",361,"Ensino Fundamental"
45818,12,"Educação",365,"Educação Infantil"
39143,15,"Urbanismo",451,"Infraestrutura Urbana "
37306,20,"Agricultura",608,"Promoção da Produção Agropecuária"
41230,20,"Agricultura",608,"Promoção da Produção Agropecuária"
41845,20,"Agricultura",608,"Promoção da Produção Agropecuária"
40928,15,"Urbanismo",451,"Infraestrutura Urbana "
45697,20,"Agricultura",608,"Promoção da Produção Agropecuária"
42855,15,"Urbanismo",127,"Ordenamento Territorial"
42965,20,"Agricultura",608,"Promoção da Produção Agropecuária"
45882,20,"Agricultura",606,"Extensão Rural"
38395,20,"Agricultura",608,"Promoção da Produção Agropecuária"
41994,20,"Agricultura",608,"Promoção da Produção Agropecuária"
44521,20,"Agricultura",608,"Promoção da Produção Agropecuária"
45318,20,"Agricultura",608,"Promoção da Produção Agropecuária"
37780,23,"Comércio e Serviços",695,"Turismo"
42927,26,"Transporte",782,"Transporte Rodoviário"
47169,20,"Agricultura",608,"Promoção da Produção Agropecuária"
46239,27,"Desporto e Lazer",813,"Lazer"
39906,20,"Agricultura",608,"Promoção da Produção Agropecuária"
42606,15,"Urbanismo",451,"Infraestrutura Urbana "
46022,15,"Urbanismo",451,"Infraestrutura Urbana "
41731,15,"Urbanismo",451,"Infraestrutura Urbana "
43756,20,"Agricultura",605,"Abastecimento"
43399,8,"Assistência Social",244,"Assistência Comunitária"
44216,27,"Desporto e Lazer",813,"Lazer"
44761,27,"Desporto e Lazer",813,"Lazer"
40940,20,"Agricultura",608,"Promoção da Produção Agropecuária"
46329,15,"Urbanismo",451,"Infraestrutura Urbana "
39332,15,"Urbanismo",451,"Infraestrutura Urbana "
41606,20,"Agricultura",608,"Promoção da Produção Agropecuária"
43870,20,"Agricultura",605,"Abastecimento"
45580,20,"Agricultura",608,"Promoção da Produção Agropecuária"
45055,20,"Agricultura",608,"Promoção da Produção Agropecuária"
45156,20,"Agricultura",608,"Promoção da Produção Agropecuária"
40019,20,"Agricultura",608,"Promoção da Produção Agropecuária"
40564,27,"Desporto e Lazer",812,"Desporto Comunitário"
44388,20,"Agricultura",608,"Promoção da Produção Agropecuária"
38913,23,"Comércio e Serviços",695,"Turismo"
39792,15,"Urbanismo",451,"Infraestrutura Urbana "
42018,15,"Urbanismo",451,"Infraestrutura Urbana "
42051,20,"Agricultura",608,"Promoção da Produção Agropecuária"
47102,15,"Urbanismo",451,"Infraestrutura Urbana "
43117,20,"Agricultura",605,"Abastecimento"
37444,8,"Assistência Social",244,"Assistência Comunitária"
46599,20,"Agricultura",608,"Promoção da Produção Agropecuária"
43246,20,"Agricultura",608,"Promoção da Produção Agropecuária"
37771,15,"Urbanismo",451,"Infraestrutura Urbana "
45992,27,"Desporto e Lazer",812,"Desporto Comunitário"
38477,15,"Urbanismo",451,"Infraestrutura Urbana "
40946,12,"Educação",361,"Ensino Fundamental"
37818,15,"Urbanismo",451,"Infraestrutura Urbana "
45885,20,"Agricultura",608,"Promoção da Produção Agropecuária"
43229,20,"Agricultura",608,"Promoção da Produção Agropecuária"
43779,15,"Urbanismo",451,"Infraestrutura Urbana "
45490,15,"Urbanismo",451,"Infraestrutura Urbana "
40253,26,"Transporte",782,"Transporte Rodoviário"
41254,27,"Desporto e Lazer",813,"Lazer"
46671,27,"Desporto e Lazer",813,"Lazer"
40442,20,"Agricultura",608,"Promoção da Produção Agropecuária"
42135,23,"Comércio e Serviços",695,"Turismo"
41823,20,"Agricultura",608,"Promoção da Produção Agropecuária"
41273,10,"Saúde",302,"Assistência Hospitalar e Ambulatorial"
44258,20,"Agricultura",608,"Promoção da Produção Agropecuária"
40121,23,"Comércio e Serviços",695,"Turismo"
38056,12,"Educação",365,"Educação Infantil"
42288,20,"Agricultura",608,"Promoção da Produção Agropecuária"
42990,10,"Saúde",301,"Atenção Básica"
38416,15,"Urbanismo",451,"Infraestrutura Urbana "
37373,15,"Urbanismo",451,"Infraestrutura Urbana "
41700,27,"Desporto e Lazer",812,"Desporto Comunitário"
40703,8,"Assistência Social",245,"Serviços Socioassistenciais"
41964,8,"Assistência Social",245,"Serviços Socioassistenciais"
38473,20,"Agricultura",608,"Promoção da Produção Agropecuária"
43011,20,"Agricultura",608,"Promoção da Produção Agropecuária"
44905,27,"Desporto e Lazer",812,"Desporto Comunitário"
40736,15,"Urbanismo",451,"Infraestrutura Urbana "
38753,10,"Saúde",301,"Atenção Básica"
44898,15,"Urbanismo",451,"Infraestrutura Urbana "
38722,20,"Agricultura",608,"Promoção da Produção Agropecuária"
41389,20,"Agricultura",608,"Promoção da Produção Agropecuária"
39279,20,"Agricultura",608,"Promoção da Produção Agropecuária"
39696,10,"Saúde",301,"Atenção Básica"
43816,20,"Agricultura",608,"Promoção da Produção Agropecuária"
42663,20,"Agricultura",608,"Promoção da Produção Agropecuária"
44778,15,"Urbanismo",451,"Infraestrutura Urbana "
40888,6,"Segurança Pública",181,"Policiamento"
42584,27,"Desporto e Lazer",813,"Lazer"
40407,10,"Saúde",301,"Atenção Básica"
42095,23,"Comércio e Serviços",695,"Turismo"
46265,20,"Agricultura",608,"Promoção da Produção Agropecuária"
38629,15,"Urbanismo",451,"Infraestrutura Urbana "
43413,6,"Segurança Pública",181,"Policiamento"
37337,15,"Urbanismo",451,"Infraestrutura Urbana "
42850,15,"Urbanismo",127,"Ordenamento Territorial"
45046,20,"Agricultura",605,"Abastecimento"
41631,15,"Urbanismo",451,"Infraestrutura Urbana "
41353,15,"Urbanismo",451,"Infraestrutura Urbana "
43336,12,"Educação",361,"Ensino Fundamental"
38576,12,"Educação",361,"Ensino Fundamental"
43626,13,"Cultura",392,"Difusão Cultural"
43280,23,"Comércio e Serviços",695,"Turismo"
39591,15,"Urbanismo",451,"Infraestrutura Urbana "
43065,10,"Saúde",301,"Atenção Básica"
46628,15,"Urbanismo",451,"Infraestrutura Urbana "
43470,10,"Saúde",302,"Assistência Hospitalar e Ambulatorial"
39998,15,"Urbanismo",451,"Infraestrutura Urbana "
46621,15,"Urbanismo",451,"Infraestrutura Urbana "
43083,27,"Desporto e Lazer",812,"Desporto Comunitário"
45365,12,"Educação",361,"Ensino Fundamental"
39226,6,"Segurança Pública",181,"Policiamento"
39741,15,"Urbanismo",451,"Infraestrutura Urbana "
44979,15,"Urbanismo",451,"Infraestrutura Urbana "
44785,15,"Urbanismo",451,"Infraestrutura Urbana "
43534,15,"Urbanismo",451,"Infraestrutura Urbana "
39812,15,"Urbanismo",451,"Infraestrutura Urbana "
39240,15,"Urbanismo",451,"Infraestrutura Urbana "
46268,12,"Educação",368,"Educação Básica"
46268,15,"Urbanismo",452,"Serviços Urbanos"
46646,15,"Urbanismo",451,"Infraestrutura Urbana "
38673,12,"Educação",368,"Educação Básica"
39771,23,"Comércio e Serviços",695,"Turismo"
41671,15,"Urbanismo",451,"Infraestrutura Urbana "
44441,15,"Urbanismo",451,"Infraestrutura Urbana "
40792,15,"Urbanismo",451,"Infraestrutura Urbana "
43564,27,"Desporto e Lazer",812,"Desporto Comunitário"
46151,15,"Urbanismo",451,"Infraestrutura Urbana "
39791,15,"Urbanismo",451,"Infraestrutura Urbana "
43152,15,"Urbanismo",451,"Infraestrutura Urbana "
46508,27,"Desporto e Lazer",812,"Desporto Comunitário"
43375,15,"Urbanismo",451,"Infraestrutura Urbana "
39572,27,"Desporto e Lazer",812,"Desporto Comunitário"
44411,23,"Comércio e Serviços",695,"Turismo"
40903,15,"Urbanismo",451,"Infraestrutura Urbana "
41111,10,"Saúde",302,"Assistência Hospitalar e Ambulatorial"
45731,15,"Urbanismo",451,"Infraestrutura Urbana "
37224,15,"Urbanismo",451,"Infraestrutura Urbana "
39155,15,"Urbanismo",451,"Infraestrutura Urbana "
42932,15,"Urbanismo",451,"Infraestrutura Urbana "
38807,15,"Urbanismo",451,"Infraestrutura Urbana "
42514,15,"Urbanismo",451,"Infraestrutura Urbana "
37332,20,"Agricultura",605,"Abastecimento"
44962,15,"Urbanismo",451,"Infraestrutura Urbana "
38290,8,"Assistência Social",244,"Assistência Comunitária"
38251,8,"Assistência Social",244,"Assistência Comunitária"
38269,20,"Agricultura",608,"Promoção da Produção Agropecuária"
45374,15,"Urbanismo",451,"Infraestrutura Urbana "
40953,27,"Desporto e Lazer",812,"Desporto Comunitário"
43950,20,"Agricultura",608,"Promoção da Produção Agropecuária"
43763,15,"Urbanismo",451,"Infraestrutura Urbana "
46228,15,"Urbanismo",451,"Infraestrutura Urbana "
43790,27,"Desporto e Lazer",812,"Desporto Comunitário"
43633,15,"Urbanismo",451,"Infraestrutura Urbana "
43179,15,"Urbanismo",451,"Infraestrutura Urbana "
39822,20,"Agricultura",608,"Promoção da Produção Agropecuária"
38077,27,"Desporto e Lazer",813,"Lazer"
40376,16,"Habitação",482,"Habitação Urbana"
41204,15,"Urbanismo",451,"Infraestrutura Urbana "
44114,15,"Urbanismo",451,"Infraestrutura Urbana "
39282,15,"Urbanismo",451,"Infraestrutura Urbana "
45045,15,"Urbanismo",451,"Infraestrutura Urbana "
43893,15,"Urbanismo",451,"Infraestrutura Urbana "
44555,21,"Organização Agrária",631,"Reforma Agrária"
38726,15,"Urbanismo",451,"Infraestrutura Urbana "
39641,15,"Urbanismo",451,"Infraestrutura Urbana "
40844,20,"Agricultura",608,"Promoção da Produção Agropecuária"
43108,15,"Urbanismo",451,"Infraestrutura Urbana "
39932,27,"Desporto e Lazer",812,"Desporto Comunitário"
37304,6,"Segurança Pública",181,"Policiamento"
40819,8,"Assistência Social",245,"Serviços Socioassistenciais"
40669,15,"Urbanismo",451,"Infraestrutura Urbana "
43200,15,"Urbanismo",451,"Infraestrutura Urbana "
47289,8,"Assistência Social",245,"Serviços Socioassistenciais"
45346,15,"Urbanismo",451,"Infraestrutura Urbana "
43253,15,"Urbanismo",451,"Infraestrutura Urbana "
37755,20,"Agricultura",608,"Promoção da Produção Agropecuária"
42743,20,"Agricultura",608,"Promoção da Produção Agropecuária"
37804,20,"Agricultura",606,"Extensão Rural"
39922,15,"Urbanismo",127,"Ordenamento Territorial"
42378,15,"Urbanismo",451,"Infraestrutura Urbana "
40637,15,"Urbanismo",451,"Infraestrutura Urbana "
46655,27,"Desporto e Lazer",812,"Desporto Comunitário"
44716,23,"Comércio e Serviços",695,"Turismo"
40752,15,"Urbanismo",451,"Infraestrutura Urbana "
40329,27,"Desporto e Lazer",812,"Desporto Comunitário"
40729,20,"Agricultura",608,"Promoção da Produção Agropecuária"
42436,15,"Urbanismo",451,"Infraestrutura Urbana "
37667,15,"Urbanismo",451,"Infraestrutura Urbana "
37377,8,"Assistência Social",241,"Assistência ao Idoso"
46790,26,"Transporte",782,"Transporte Rodoviário"
39764,20,"Agricultura",606,"Extensão Rural"
44782,20,"Agricultura",606,"Extensão Rural"
42075,12,"Educação",361,"Ensino Fundamental"
40186,8,"Assistência Social",245,"Serviços Socioassistenciais"
45781,15,"Urbanismo",451,"Infraestrutura Urbana "
44197,15,"Urbanismo",451,"Infraestrutura Urbana "
44333,15,"Urbanismo",451,"Infraestrutura Urbana "
39056,15,"Urbanismo",451,"Infraestrutura Urbana "
44460,15,"Urbanismo",451,"Infraestrutura Urbana "
44463,15,"Urbanismo",451,"Infraestrutura Urbana "
44745,15,"Urbanismo",451,"Infraestrutura Urbana "
38730,8,"Assistência Social",244,"Assistência Comunitária"
41931,23,"Comércio e Serviços",695,"Turismo"
38448,15,"Urbanismo",451,"Infraestrutura Urbana "
43394,15,"Urbanismo",451,"Infraestrutura Urbana "
43206,23,"Comércio e Serviços",695,"Turismo"
38721,15,"Urbanismo",451,"Infraestrutura Urbana "
44154,20,"Agricultura",605,"Abastecimento"
44416,15,"Urbanismo",451,"Infraestrutura Urbana "
43573,15,"Urbanismo",451,"Infraestrutura Urbana "
42788,27,"Desporto e Lazer",813,"Lazer"
41989,27,"Desporto e Lazer",813,"Lazer"
44384,20,"Agricultura",608,"Promoção da Produção Agropecuária"
44034,15,"Urbanismo",451,"Infraestrutura Urbana "
44264,12,"Educação",361,"Ensino Fundamental"
47114,23,"Comércio e Serviços",695,"Turismo"
39195,20,"Agricultura",608,"Promoção da Produção Agropecuária"
44183,15,"Urbanismo",451,"Infraestrutura Urbana "
43902,23,"Comércio e Serviços",695,"Turismo"
42350,12,"Educação",361,"Ensino Fundamental"
39638,15,"Urbanismo",451,"Infraestrutura Urbana "
42860,15,"Urbanismo",451,"Infraestrutura Urbana "
40369,15,"Urbanismo",451,"Infraestrutura Urbana "
46793,15,"Urbanismo",451,"Infraestrutura Urbana "
39157,27,"Desporto e Lazer",813,"Lazer"
43048,15,"Urbanismo",451,"Infraestrutura Urbana "
41727,15,"Urbanismo",451,"Infraestrutura Urbana "
43639,15,"Urbanismo",451,"Infraestrutura Urbana "
41956,15,"Urbanismo",451,"Infraestrutura Urbana "
44259,15,"Urbanismo",451,"Infraestrutura Urbana "
42077,15,"Urbanismo",451,"Infraestrutura Urbana "
45551,20,"Agricultura",608,"Promoção da Produção Agropecuária"
43034,20,"Agricultura",608,"Promoção da Produção Agropecuária"
45137,8,"Assistência Social",245,"Serviços Socioassistenciais"
42780,15,"Urbanismo",451,"Infraestrutura Urbana "
42818,20,"Agricultura",608,"Promoção da Produção Agropecuária"
42799,15,"Urbanismo",451,"Infraestrutura Urbana "
44335,20,"Agricultura",608,"Promoção da Produção Agropecuária"
41207,23,"Comércio e Serviços",695,"Turismo"
42673,15,"Urbanismo",451,"Infraestrutura Urbana "
39940,20,"Agricultura",608,"Promoção da Produção Agropecuária"
41703,20,"Agricultura",608,"Promoção da Produção Agropecuária"
43761,27,"Desporto e Lazer",811,"Desporto de Rendimento"
37080,15,"Urbanismo",452,"Serviços Urbanos"
38675,15,"Urbanismo",451,"Infraestrutura Urbana "
46848,15,"Urbanismo",451,"Infraestrutura Urbana "
46019,23,"Comércio e Serviços",695,"Turismo"
42801,20,"Agricultura",608,"Promoção da Produção Agropecuária"
46164,15,"Urbanismo",451,"Infraestrutura Urbana "
43101,20,"Agricultura",608,"Promoção da Produção Agropecuária"
40072,15,"Urbanismo",451,"Infraestrutura Urbana "
46984,23,"Comércio e Serviços",695,"Turismo"
46238,20,"Agricultura",608,"Promoção da Produção Agropecuária"
41764,20,"Agricultura",608,"Promoção da Produção Agropecuária"
39832,20,"Agricultura",608,"Promoção da Produção Agropecuária"
43797,20,"Agricultura",608,"Promoção da Produção Agropecuária"
44936,20,"Agricultura",608,"Promoção da Produção Agropecuária"
42317,20,"Agricultura",608,"Promoção da Produção Agropecuária"
37173,15,"Urbanismo",451,"Infraestrutura Urbana "
42752,15,"Urbanismo",451,"Infraestrutura Urbana "
37054,10,"Saúde",302,"Assistência Hospitalar e Ambulatorial"
37661,23,"Comércio e Serviços",695,"Turismo"
40190,27,"Desporto e Lazer",813,"Lazer"
37549,15,"Urbanismo",452,"Serviços Urbanos"
45445,15,"Urbanismo",451,"Infraestrutura Urbana "
42763,20,"Agricultura",608,"Promoção da Produção Agropecuária"
42443,15,"Urbanismo",451,"Infraestrutura Urbana "
37815,23,"Comércio e Serviços",695,"Turismo"
44733,14,"Direitos da Cidadania",422,"Direitos Individuais, Coletivos e Difusos"
37202,20,"Agricultura",608,"Promoção da Produção Agropecuária"
41071,12,"Educação",368,"Educação Básica"
41071,12,"Educação",361,"Ensino Fundamental"
42803,27,"Desporto e Lazer",812,"Desporto Comunitário"
45414,20,"Agricultura",606,"Extensão Rural"
45247,15,"Urbanismo",451,"Infraestrutura Urbana "
45609,15,"Urbanismo",451,"Infraestrutura Urbana "
40874,27,"Desporto e Lazer",813,"Lazer"
38118,15,"Urbanismo",451,"Infraestrutura Urbana "
39620,15,"Urbanismo",451,"Infraestrutura Urbana "
37198,22,"Indústria",662,"Produção Industrial"
37308,20,"Agricultura",608,"Promoção da Produção Agropecuária"
37763,20,"Agricultura",608,"Promoção da Produção Agropecuária"
45229,8,"Assistência Social",245,"Serviços Socioassistenciais"
37390,15,"Urbanismo",451,"Infraestrutura Urbana "
37972,13,"Cultura",392,"Difusão Cultural"
39946,15,"Urbanismo",451,"Infraestrutura Urbana "
45230,15,"Urbanismo",451,"Infraestrutura Urbana "
46907,15,"Urbanismo",451,"Infraestrutura Urbana "
45231,15,"Urbanismo",451,"Infraestrutura Urbana "
42604,15,"Urbanismo",451,"Infraestrutura Urbana "
44011,15,"Urbanismo",451,"Infraestrutura Urbana "
42387,8,"Assistência Social",245,"Serviços Socioassistenciais"
44440,17,"Saneamento",512,"Saneamento Básico Urbano"
42483,15,"Urbanismo",451,"Infraestrutura Urbana "
44634,27,"Desporto e Lazer",812,"Desporto Comunitário"
42430,8,"Assistência Social",245,"Serviços Socioassistenciais"
39324,15,"Urbanismo",451,"Infraestrutura Urbana "
38517,20,"Agricultura",608,"Promoção da Produção Agropecuária"
42676,15,"Urbanismo",451,"Infraestrutura Urbana "
41985,26,"Transporte",782,"Transporte Rodoviário"
40543,15,"Urbanismo",451,"Infraestrutura Urbana "
45988,15,"Urbanismo",451,"Infraestrutura Urbana "
46241,15,"Urbanismo",451,"Infraestrutura Urbana "
43866,15,"Urbanismo",451,"Infraestrutura Urbana "
37221,20,"Agricultura",608,"Promoção da Produção Agropecuária"
44934,15,"Urbanismo",451,"Infraestrutura Urbana "
43181,15,"Urbanismo",451,"Infraestrutura Urbana "
42273,27,"Desporto e Lazer",812,"Desporto Comunitário"
43028,20,"Agricultura",608,"Promoção da Produção Agropecuária"
42991,15,"Urbanismo",451,"Infraestrutura Urbana "
45577,20,"Agricultura",608,"Promoção da Produção Agropecuária"
37939,20,"Agricultura",608,"Promoção da Produção Agropecuária"
41388,15,"Urbanismo",451,"Infraestrutura Urbana "
42065,20,"Agricultura",608,"Promoção da Produção Agropecuária"
38433,20,"Agricultura",608,"Promoção da Produção Agropecuária"
41304,10,"Saúde",302,"Assistência Hospitalar e Ambulatorial"
39091,10,"Saúde",302,"Assistência Hospitalar e Ambulatorial"
44758,10,"Saúde",301,"Atenção Básica"
46441,20,"Agricultura",608,"Promoção da Produção Agropecuária"
42346,20,"Agricultura",608,"Promoção da Produção Agropecuária"
37236,26,"Transporte",785,"Transportes Especiais"
43278,15,"Urbanismo",451,"Infraestrutura Urbana "
37258,15,"Urbanismo",451,"Infraestrutura Urbana "
42013,27,"Desporto e Lazer",812,"Desporto Comunitário"
43815,27,"Desporto e Lazer",813,"Lazer"
37330,22,"Indústria",661,"Promoção Industrial"
41694,20,"Agricultura",608,"Promoção da Produção Agropecuária"
43686,20,"Agricultura",608,"Promoção da Produção Agropecuária"
45708,20,"Agricultura",608,"Promoção da Produção Agropecuária"
39612,20,"Agricultura",608,"Promoção da Produção Agropecuária"
46156,20,"Agricultura",608,"Promoção da Produção Agropecuária"
42365,12,"Educação",361,"Ensino Fundamental"
40594,10,"Saúde",301,"Atenção Básica"
40594,10,"Saúde",302,"Assistência Hospitalar e Ambulatorial"
37820,16,"Habitação",482,"Habitação Urbana"
39810,12,"Educação",365,"Educação Infantil"
41395,10,"Saúde",302,"Assistência Hospitalar e Ambulatorial"
42674,20,"Agricultura",608,"Promoção da Produção Agropecuária"
47229,10,"Saúde",301,"Atenção Básica"
44210,15,"Urbanismo",451,"Infraestrutura Urbana "
39521,15,"Urbanismo",451,"Infraestrutura Urbana "
38551,20,"Agricultura",608,"Promoção da Produção Agropecuária"
46731,15,"Urbanismo",451,"Infraestrutura Urbana "
38072,8,"Assistência Social",245,"Serviços Socioassistenciais"
45637,20,"Agricultura",608,"Promoção da Produção Agropecuária"
45283,20,"Agricultura",608,"Promoção da Produção Agropecuária"
37593,26,"Transporte",782,"Transporte Rodoviário"
37764,20,"Agricultura",608,"Promoção da Produção Agropecuária"
38808,11,"Trabalho",334,"Fomento ao Trabalho"
38886,27,"Desporto e Lazer",813,"Lazer"
42185,10,"Saúde",302,"Assistência Hospitalar e Ambulatorial"
46835,15,"Urbanismo",451,"Infraestrutura Urbana "
43962,8,"Assistência Social",244,"Assistência Comunitária"
40932,20,"Agricultura",608,"Promoção da Produção Agropecuária"
42706,15,"Urbanismo",451,"Infraestrutura Urbana "
39364,15,"Urbanismo",451,"Infraestrutura Urbana "
44731,15,"Urbanismo",451,"Infraestrutura Urbana "
46583,10,"Saúde",302,"Assistência Hospitalar e Ambulatorial"
37344,20,"Agricultura",608,"Promoção da Produção Agropecuária"
42500,20,"Agricultura",608,"Promoção da Produção Agropecuária"
44549,15,"Urbanismo",451,"Infraestrutura Urbana "
41166,15,"Urbanismo",451,"Infraestrutura Urbana "
44089,10,"Saúde",301,"Atenção Básica"
43710,27,"Desporto e Lazer",813,"Lazer"
39276,27,"Desporto e Lazer",813,"Lazer"
40495,27,"Desporto e Lazer",812,"Desporto Comunitário"
46706,15,"Urbanismo",451,"Infraestrutura Urbana "
42219,27,"Desporto e Lazer",812,"Desporto Comunitário"
46580,20,"Agricultura",608,"Promoção da Produção Agropecuária"
39009,27,"Desporto e Lazer",812,"Desporto Comunitário"
44030,8,"Assistência Social",244,"Assistência Comunitária"
41047,15,"Urbanismo",452,"Serviços Urbanos"
40482,6,"Segurança Pública",182,"Defesa Civil"
46236,15,"Urbanismo",451,"Infraestrutura Urbana "
42812,15,"Urbanismo",451,"Infraestrutura Urbana "
46043,15,"Urbanismo",451,"Infraestrutura Urbana "
41680,15,"Urbanismo",451,"Infraestrutura Urbana "
42810,20,"Agricultura",608,"Promoção da Produção Agropecuária"
42210,20,"Agricultura",608,"Promoção da Produção Agropecuária"
43856,20,"Agricultura",608,"Promoção da Produção Agropecuária"
41000,20,"Agricultura",608,"Promoção da Produção Agropecuária"
43590,12,"Educação",361,"Ensino Fundamental"
43590,12,"Educação",362,"Ensino Médio"
43590,12,"Educação",365,"Educação Infantil"
43590,12,"Educação",368,"Educação Básica"
43659,10,"Saúde",301,"Atenção Básica"
43666,10,"Saúde",301,"Atenção Básica"
37396,15,"Urbanismo",452,"Serviços Urbanos"
42858,15,"Urbanismo",451,"Infraestrutura Urbana "
39087,27,"Desporto e Lazer",812,"Desporto Comunitário"
44720,23,"Comércio e Serviços",695,"Turismo"
45481,15,"Urbanismo",451,"Infraestrutura Urbana "
43273,27,"Desporto e Lazer",813,"Lazer"
39138,26,"Transporte",782,"Transporte Rodoviário"
44849,15,"Urbanismo",452,"Serviços Urbanos"
38696,15,"Urbanismo",451,"Infraestrutura Urbana "
38842,20,"Agricultura",606,"Extensão Rural"
37975,15,"Urbanismo",451,"Infraestrutura Urbana "
40138,15,"Urbanismo",451,"Infraestrutura Urbana "
39690,15,"Urbanismo",451,"Infraestrutura Urbana "
44204,15,"Urbanismo",451,"Infraestrutura Urbana "
43996,15,"Urbanismo",451,"Infraestrutura Urbana "
45245,15,"Urbanismo",451,"Infraestrutura Urbana "
44073,15,"Urbanismo",451,"Infraestrutura Urbana "
41264,15,"Urbanismo",451,"Infraestrutura Urbana "
43201,15,"Urbanismo",451,"Infraestrutura Urbana "
43586,23,"Comércio e Serviços",695,"Turismo"
40565,20,"Agricultura",608,"Promoção da Produção Agropecuária"
37535,20,"Agricultura",608,"Promoção da Produção Agropecuária"
43453,10,"Saúde",302,"Assistência Hospitalar e Ambulatorial"
45031,8,"Assistência Social",244,"Assistência Comunitária"
45031,8,"Assistência Social",245,"Serviços Socioassistenciais"
43985,15,"Urbanismo",451,"Infraestrutura Urbana "
43895,27,"Desporto e Lazer",813,"Lazer"
37150,16,"Habitação",482,"Habitação Urbana"
38674,15,"Urbanismo",451,"Infraestrutura Urbana "
38711,20,"Agricultura",608,"Promoção da Produção Agropecuária"
41828,15,"Urbanismo",451,"Infraestrutura Urbana "
39731,16,"Habitação",482,"Habitação Urbana"
43322,15,"Urbanismo",451,"Infraestrutura Urbana "
41593,27,"Desporto e Lazer",812,"Desporto Comunitário"
38552,16,"Habitação",482,"Habitação Urbana"
43892,27,"Desporto e Lazer",812,"Desporto Comunitário"
38215,10,"Saúde",302,"Assistência Hospitalar e Ambulatorial"
38777,15,"Urbanismo",451,"Infraestrutura Urbana "
37262,15,"Urbanismo",451,"Infraestrutura Urbana "
45234,27,"Desporto e Lazer",812,"Desporto Comunitário"
40117,15,"Urbanismo",451,"Infraestrutura Urbana "
39977,15,"Urbanismo",451,"Infraestrutura Urbana "
37882,15,"Urbanismo",451,"Infraestrutura Urbana "
38789,10,"Saúde",302,"Assistência Hospitalar e Ambulatorial"
44118,15,"Urbanismo",451,"Infraestrutura Urbana "
46262,15,"Urbanismo",451,"Infraestrutura Urbana "
37917,10,"Saúde",302,"Assistência Hospitalar e Ambulatorial"
46484,12,"Educação",368,"Educação Básica"
42435,15,"Urbanismo",451,"Infraestrutura Urbana "
38024,15,"Urbanismo",451,"Infraestrutura Urbana "
44989,8,"Assistência Social",245,"Serviços Socioassistenciais"
39688,8,"Assistência Social",245,"Serviços Socioassistenciais"
46270,6,"Segurança Pública",183,"Informação e Inteligência"
38622,15,"Urbanismo",451,"Infraestrutura Urbana "
44851,15,"Urbanismo",452,"Serviços Urbanos"
38158,15,"Urbanismo",452,"Serviços Urbanos"
38998,15,"Urbanismo",451,"Infraestrutura Urbana "
39018,15,"Urbanismo",451,"Infraestrutura Urbana "
46794,20,"Agricultura",608,"Promoção da Produção Agropecuária"
38737,15,"Urbanismo",451,"Infraestrutura Urbana "
39297,23,"Comércio e Serviços",695,"Turismo"
40534,8,"Assistência Social",245,"Serviços Socioassistenciais"
43304,27,"Desporto e Lazer",813,"Lazer"
40128,8,"Assistência Social",245,"Serviços Socioassistenciais"
38701,15,"Urbanismo",451,"Infraestrutura Urbana "
43368,15,"Urbanismo",451,"Infraestrutura Urbana "
43093,10,"Saúde",302,"Assistência Hospitalar e Ambulatorial"
43317,15,"Urbanismo",451,"Infraestrutura Urbana "
44813,8,"Assistência Social",245,"Serviços Socioassistenciais"
38879,15,"Urbanismo",451,"Infraestrutura Urbana "
38434,15,"Urbanismo",451,"Infraestrutura Urbana "
41392,15,"Urbanismo",451,"Infraestrutura Urbana "
39899,15,"Urbanismo",451,"Infraestrutura Urbana "
45184,15,"Urbanismo",451,"Infraestrutura Urbana "
37116,15,"Urbanismo",451,"Infraestrutura Urbana "
45806,15,"Urbanismo",451,"Infraestrutura Urbana "
45878,15,"Urbanismo",451,"Infraestrutura Urbana "
37070,15,"Urbanismo",451,"Infraestrutura Urbana "
42601,15,"Urbanismo",451,"Infraestrutura Urbana "
42170,15,"Urbanismo",451,"Infraestrutura Urbana "
41240,15,"Urbanismo",451,"Infraestrutura Urbana "
45589,15,"Urbanismo",451,"Infraestrutura Urbana "
44500,12,"Educação",361,"Ensino Fundamental"
43100,15,"Urbanismo",451,"Infraestrutura Urbana "
39603,27,"Desporto e Lazer",812,"Desporto Comunitário"
42730,15,"Urbanismo",451,"Infraestrutura Urbana "
39960,20,"Agricultura",608,"Promoção da Produção Agropecuária"
46337,12,"Educação",361,"Ensino Fundamental"
46337,12,"Educação",365,"Educação Infantil"
44483,12,"Educação",361,"Ensino Fundamental"
44483,12,"Educação",365,"Educação Infantil"
45400,15,"Urbanismo",451,"Infraestrutura Urbana "
45421,8,"Assistência Social",245,"Serviços Socioassistenciais"
37494,20,"Agricultura",608,"Promoção da Produção Agropecuária"
37634,15,"Urbanismo",451,"Infraestrutura Urbana "
47170,8,"Assistência Social",245,"Serviços Socioassistenciais"
47033,17,"Saneamento",511,"Saneamento Básico Rural"
47033,17,"Saneamento",512,"Saneamento Básico Urbano"
39039,20,"Agricultura",608,"Promoção da Produção Agropecuária"
38758,15,"Urbanismo",451,"Infraestrutura Urbana "
46033,15,"Urbanismo",451,"Infraestrutura Urbana "
44511,8,"Assistência Social",245,"Serviços Socioassistenciais"
39264,20,"Agricultura",608,"Promoção da Produção Agropecuária"
46406,23,"Comércio e Serviços",695,"Turismo"
43402,15,"Urbanismo",452,"Serviços Urbanos"
44372,23,"Comércio e Serviços",695,"Turismo"
43596,27,"Desporto e Lazer",812,"Desporto Comunitário"
43928,15,"Urbanismo",451,"Infraestrutura Urbana "
39476,27,"Desporto e Lazer",812,"Desporto Comunitário"
46780,8,"Assistência Social",245,"Serviços Socioassistenciais"
45604,8,"Assistência Social",245,"Serviços Socioassistenciais"
39073,8,"Assistência Social",244,"Assistência Comunitária"
45279,15,"Urbanismo",451,"Infraestrutura Urbana "
45224,8,"Assistência Social",245,"Serviços Socioassistenciais"
47238,8,"Assistência Social",245,"Serviços Socioassistenciais"
39769,15,"Urbanismo",451,"Infraestrutura Urbana "
40821,15,"Urbanismo",451,"Infraestrutura Urbana "
38734,15,"Urbanismo",451,"Infraestrutura Urbana "
44186,26,"Transporte",782,"Transporte Rodoviário"
41676,20,"Agricultura",608,"Promoção da Produção Agropecuária"
43625,8,"Assistência Social",245,"Serviços Socioassistenciais"
44223,15,"Urbanismo",451,"Infraestrutura Urbana "
43896,12,"Educação",361,"Ensino Fundamental"
39450,15,"Urbanismo",451,"Infraestrutura Urbana "
43309,17,"Saneamento",512,"Saneamento Básico Urbano"
42021,23,"Comércio e Serviços",695,"Turismo"
39808,6,"Segurança Pública",181,"Policiamento"
46197,15,"Urbanismo",451,"Infraestrutura Urbana "
38532,15,"Urbanismo",451,"Infraestrutura Urbana "
45939,27,"Desporto e Lazer",812,"Desporto Comunitário"
43262,15,"Urbanismo",451,"Infraestrutura Urbana "
46118,8,"Assistência Social",245,"Serviços Socioassistenciais"
47310,20,"Agricultura",606,"Extensão Rural"
43221,27,"Desporto e Lazer",811,"Desporto de Rendimento"
43221,27,"Desporto e Lazer",813,"Lazer"
47382,8,"Assistência Social",245,"Serviços Socioassistenciais"
44403,27,"Desporto e Lazer",812,"Desporto Comunitário"
44403,27,"Desporto e Lazer",813,"Lazer"
46186,26,"Transporte",782,"Transporte Rodoviário"
44147,10,"Saúde",302,"Assistência Hospitalar e Ambulatorial"
39511,15,"Urbanismo",451,"Infraestrutura Urbana "
43628,15,"Urbanismo",451,"Infraestrutura Urbana "
42685,15,"Urbanismo",451,"Infraestrutura Urbana "
41927,23,"Comércio e Serviços",695,"Turismo"
42544,12,"Educação",365,"Educação Infantil"
42544,12,"Educação",361,"Ensino Fundamental"
37834,27,"Desporto e Lazer",812,"Desporto Comunitário"
40773,8,"Assistência Social",244,"Assistência Comunitária"
39362,12,"Educação",368,"Educação Básica"
37883,15,"Urbanismo",451,"Infraestrutura Urbana "
42833,15,"Urbanismo",452,"Serviços Urbanos"
39773,12,"Educação",361,"Ensino Fundamental"
36992,12,"Educação",368,"Educação Básica"
44093,15,"Urbanismo",451,"Infraestrutura Urbana "
43970,6,"Segurança Pública",181,"Policiamento"
46746,8,"Assistência Social",245,"Serviços Socioassistenciais"
42623,12,"Educação",361,"Ensino Fundamental"
38143,15,"Urbanismo",451,"Infraestrutura Urbana "
40739,23,"Comércio e Serviços",695,"Turismo"
45221,27,"Desporto e Lazer",813,"Lazer"
44927,15,"Urbanismo",451,"Infraestrutura Urbana "
44737,16,"Habitação",482,"Habitação Urbana"
39908,6,"Segurança Pública",181,"Policiamento"
40216,15,"Urbanismo",451,"Infraestrutura Urbana "
42873,10,"Saúde",301,"Atenção Básica"
42571,20,"Agricultura",608,"Promoção da Produção Agropecuária"
39125,20,"Agricultura",608,"Promoção da Produção Agropecuária"
39071,20,"Agricultura",608,"Promoção da Produção Agropecuária"
46082,20,"Agricultura",608,"Promoção da Produção Agropecuária"
45690,12,"Educação",368,"Educação Básica"
40922,12,"Educação",361,"Ensino Fundamental"
40922,12,"Educação",365,"Educação Infantil"
47279,12,"Educação",361,"Ensino Fundamental"
38747,10,"Saúde",302,"Assistência Hospitalar e Ambulatorial"
42924,10,"Saúde",301,"Atenção Básica"
43408,15,"Urbanismo",451,"Infraestrutura Urbana "
37379,20,"Agricultura",608,"Promoção da Produção Agropecuária"
37375,15,"Urbanismo",451,"Infraestrutura Urbana "
41821,15,"Urbanismo",451,"Infraestrutura Urbana "
42290,15,"Urbanismo",451,"Infraestrutura Urbana "
42046,15,"Urbanismo",451,"Infraestrutura Urbana "
43077,15,"Urbanismo",451,"Infraestrutura Urbana "
46810,15,"Urbanismo",451,"Infraestrutura Urbana "
46810,15,"Urbanismo",452,"Serviços Urbanos"
37533,15,"Urbanismo",451,"Infraestrutura Urbana "
43813,15,"Urbanismo",451,"Infraestrutura Urbana "
39708,27,"Desporto e Lazer",812,"Desporto Comunitário"
45972,27,"Desporto e Lazer",812,"Desporto Comunitário"
42617,15,"Urbanismo",452,"Serviços Urbanos"
39451,6,"Segurança Pública",181,"Policiamento"
39703,15,"Urbanismo",451,"Infraestrutura Urbana "
38014,15,"Urbanismo",451,"Infraestrutura Urbana "
38202,15,"Urbanismo",451,"Infraestrutura Urbana "
45771,12,"Educação",365,"Educação Infantil"
46809,15,"Urbanismo",451,"Infraestrutura Urbana "
44902,20,"Agricultura",608,"Promoção da Produção Agropecuária"
42399,20,"Agricultura",608,"Promoção da Produção Agropecuária"
38335,15,"Urbanismo",451,"Infraestrutura Urbana "
39897,15,"Urbanismo",451,"Infraestrutura Urbana "
41014,20,"Agricultura",608,"Promoção da Produção Agropecuária"
46196,20,"Agricultura",606,"Extensão Rural"
37741,6,"Segurança Pública",183,"Informação e Inteligência"
41889,15,"Urbanismo",451,"Infraestrutura Urbana "
37269,27,"Desporto e Lazer",812,"Desporto Comunitário"
44635,20,"Agricultura",608,"Promoção da Produção Agropecuária"
45199,15,"Urbanismo",451,"Infraestrutura Urbana "
40873,27,"Desporto e Lazer",813,"Lazer"
43592,15,"Urbanismo",452,"Serviços Urbanos"
43592,20,"Agricultura",608,"Promoção da Produção Agropecuária"
44919,15,"Urbanismo",451,"Infraestrutura Urbana "
47153,8,"Assistência Social",243,"Assistência à Criança e ao Adolescente"
43353,15,"Urbanismo",451,"Infraestrutura Urbana "
41029,6,"Segurança Pública",181,"Policiamento"
44547,15,"Urbanismo",451,"Infraestrutura Urbana "
45753,20,"Agricultura",608,"Promoção da Produção Agropecuária"
37490,15,"Urbanismo",127,"Ordenamento Territorial"
37099,15,"Urbanismo",452,"Serviços Urbanos"
41041,15,"Urbanismo",451,"Infraestrutura Urbana "
40193,15,"Urbanismo",451,"Infraestrutura Urbana "
40815,15,"Urbanismo",451,"Infraestrutura Urbana "
42040,15,"Urbanismo",451,"Infraestrutura Urbana "
43709,8,"Assistência Social",245,"Serviços Socioassistenciais"
37833,15,"Urbanismo",451,"Infraestrutura Urbana "
39652,8,"Assistência Social",245,"Serviços Socioassistenciais"
47416,8,"Assistência Social",245,"Serviços Socioassistenciais"
45502,15,"Urbanismo",451,"Infraestrutura Urbana "
38163,15,"Urbanismo",451,"Infraestrutura Urbana "
42202,15,"Urbanismo",451,"Infraestrutura Urbana "
43494,15,"Urbanismo",451,"Infraestrutura Urbana "
41408,15,"Urbanismo",451,"Infraestrutura Urbana "
45213,15,"Urbanismo",451,"Infraestrutura Urbana "
45567,15,"Urbanismo",451,"Infraestrutura Urbana "
41365,15,"Urbanismo",451,"Infraestrutura Urbana "
37092,8,"Assistência Social",245,"Serviços Socioassistenciais"
42559,15,"Urbanismo",451,"Infraestrutura Urbana "
38088,8,"Assistência Social",245,"Serviços Socioassistenciais"
39878,15,"Urbanismo",451,"Infraestrutura Urbana "
41173,8,"Assistência Social",241,"Assistência ao Idoso"
39823,15,"Urbanismo",451,"Infraestrutura Urbana "
40238,15,"Urbanismo",451,"Infraestrutura Urbana "
44017,15,"Urbanismo",451,"Infraestrutura Urbana "
44158,15,"Urbanismo",451,"Infraestrutura Urbana "
46608,20,"Agricultura",608,"Promoção da Produção Agropecuária"
38211,15,"Urbanismo",451,"Infraestrutura Urbana "
43414,8,"Assistência Social",244,"Assistência Comunitária"
43726,15,"Urbanismo",451,"Infraestrutura Urbana "
41995,15,"Urbanismo",451,"Infraestrutura Urbana "
39122,20,"Agricultura",608,"Promoção da Produção Agropecuária"
46185,8,"Assistência Social",245,"Serviços Socioassistenciais"
42130,8,"Assistência Social",245,"Serviços Socioassistenciais"
43482,27,"Desporto e Lazer",813,"Lazer"
41483,15,"Urbanismo",451,"Infraestrutura Urbana "
45424,8,"Assistência Social",244,"Assistência Comunitária"
46259,12,"Educação",365,"Educação Infantil"
46188,15,"Urbanismo",451,"Infraestrutura Urbana "
40991,10,"Saúde",301,"Atenção Básica"
44823,10,"Saúde",302,"Assistência Hospitalar e Ambulatorial"
39128,10,"Saúde",302,"Assistência Hospitalar e Ambulatorial"
44394,20,"Agricultura",608,"Promoção da Produção Agropecuária"
41416,20,"Agricultura",608,"Promoção da Produção Agropecuária"
39385,15,"Urbanismo",451,"Infraestrutura Urbana "
46269,19,"Ciência e Tecnologia",573,"Difusão do Conhecimento Científico e Tecnológico"
46358,6,"Segurança Pública",181,"Policiamento"
46124,6,"Segurança Pública",181,"Policiamento"
46181,15,"Urbanismo",451,"Infraestrutura Urbana "
46928,27,"Desporto e Lazer",812,"Desporto Comunitário"
46957,12,"Educação",368,"Educação Básica"
37589,27,"Desporto e Lazer",812,"Desporto Comunitário"
45717,8,"Assistência Social",245,"Serviços Socioassistenciais"
44376,20,"Agricultura",608,"Promoção da Produção Agropecuária"
38765,26,"Transporte",782,"Transporte Rodoviário"
46515,15,"Urbanismo",451,"Infraestrutura Urbana "
44797,15,"Urbanismo",451,"Infraestrutura Urbana "
39115,15,"Urbanismo",451,"Infraestrutura Urbana "
44651,15,"Urbanismo",451,"Infraestrutura Urbana "
45276,15,"Urbanismo",451,"Infraestrutura Urbana "
39387,18,"Gestão Ambiental",544,"Recursos Hídricos"
46643,20,"Agricultura",605,"Abastecimento"
42542,6,"Segurança Pública",181,"Policiamento"
40738,23,"Comércio e Serviços",695,"Turismo"
43063,15,"Urbanismo",452,"Serviços Urbanos"
45734,8,"Assistência Social",245,"Serviços Socioassistenciais"
45995,15,"Urbanismo",451,"Infraestrutura Urbana "
42528,23,"Comércio e Serviços",695,"Turismo"
37680,8,"Assistência Social",245,"Serviços Socioassistenciais"
37680,10,"Saúde",301,"Atenção Básica"
39941,15,"Urbanismo",451,"Infraestrutura Urbana "
46173,15,"Urbanismo",451,"Infraestrutura Urbana "
38507,15,"Urbanismo",452,"Serviços Urbanos"
45056,8,"Assistência Social",245,"Serviços Socioassistenciais"
41056,27,"Desporto e Lazer",813,"Lazer"
44365,18,"Gestão Ambiental",544,"Recursos Hídricos"
39631,15,"Urbanismo",451,"Infraestrutura Urbana "
44643,15,"Urbanismo",451,"Infraestrutura Urbana "
44241,27,"Desporto e Lazer",812,"Desporto Comunitário"
41896,15,"Urbanismo",451,"Infraestrutura Urbana "
40750,23,"Comércio e Serviços",695,"Turismo"
43652,8,"Assistência Social",244,"Assistência Comunitária"
45996,8,"Assistência Social",244,"Assistência Comunitária"
41093,10,"Saúde",302,"Assistência Hospitalar e Ambulatorial"
43689,15,"Urbanismo",451,"Infraestrutura Urbana "
46096,15,"Urbanismo",451,"Infraestrutura Urbana "
38563,27,"Desporto e Lazer",812,"Desporto Comunitário"
46212,27,"Desporto e Lazer",813,"Lazer"
47166,8,"Assistência Social",244,"Assistência Comunitária"
44045,10,"Saúde",302,"Assistência Hospitalar e Ambulatorial"
43973,10,"Saúde",302,"Assistência Hospitalar e Ambulatorial"
42147,10,"Saúde",301,"Atenção Básica"
46666,12,"Educação",362,"Ensino Médio"
45751,10,"Saúde",301,"Atenção Básica"
40337,10,"Saúde",302,"Assistência Hospitalar e Ambulatorial"
45022,10,"Saúde",302,"Assistência Hospitalar e Ambulatorial"
43643,12,"Educação",365,"Educação Infantil"
44067,10,"Saúde",302,"Assistência Hospitalar e Ambulatorial"
38402,15,"Urbanismo",451,"Infraestrutura Urbana "
44455,15,"Urbanismo",451,"Infraestrutura Urbana "
40625,23,"Comércio e Serviços",695,"Turismo"
46035,15,"Urbanismo",452,"Serviços Urbanos"
46435,15,"Urbanismo",451,"Infraestrutura Urbana "
38170,15,"Urbanismo",451,"Infraestrutura Urbana "
44212,15,"Urbanismo",451,"Infraestrutura Urbana "
44787,27,"Desporto e Lazer",812,"Desporto Comunitário"
38717,20,"Agricultura",608,"Promoção da Produção Agropecuária"
44801,27,"Desporto e Lazer",812,"Desporto Comunitário"
46114,15,"Urbanismo",451,"Infraestrutura Urbana "
37220,27,"Desporto e Lazer",812,"Desporto Comunitário"
43185,15,"Urbanismo",451,"Infraestrutura Urbana "
44965,27,"Desporto e Lazer",813,"Lazer"
39232,15,"Urbanismo",451,"Infraestrutura Urbana "
37391,6,"Segurança Pública",181,"Policiamento"
38841,15,"Urbanismo",451,"Infraestrutura Urbana "
37809,15,"Urbanismo",451,"Infraestrutura Urbana "
38714,15,"Urbanismo",451,"Infraestrutura Urbana "
44977,15,"Urbanismo",451,"Infraestrutura Urbana "
45420,15,"Urbanismo",451,"Infraestrutura Urbana "
42889,15,"Urbanismo",451,"Infraestrutura Urbana "
37254,15,"Urbanismo",451,"Infraestrutura Urbana "
40409,27,"Desporto e Lazer",812,"Desporto Comunitário"
42025,12,"Educação",361,"Ensino Fundamental"
42025,12,"Educação",365,"Educação Infantil"
39368,15,"Urbanismo",451,"Infraestrutura Urbana "
37424,20,"Agricultura",608,"Promoção da Produção Agropecuária"
39416,15,"Urbanismo",451,"Infraestrutura Urbana "
45817,15,"Urbanismo",451,"Infraestrutura Urbana "
45010,15,"Urbanismo",451,"Infraestrutura Urbana "
38299,15,"Urbanismo",451,"Infraestrutura Urbana "
45351,20,"Agricultura",608,"Promoção da Produção Agropecuária"
42536,15,"Urbanismo",451,"Infraestrutura Urbana "
37195,8,"Assistência Social",244,"Assistência Comunitária"
38346,15,"Urbanismo",451,"Infraestrutura Urbana "
44852,15,"Urbanismo",451,"Infraestrutura Urbana "
40472,15,"Urbanismo",451,"Infraestrutura Urbana "
43194,15,"Urbanismo",451,"Infraestrutura Urbana "
43593,27,"Desporto e Lazer",813,"Lazer"
44151,15,"Urbanismo",451,"Infraestrutura Urbana "
43342,15,"Urbanismo",451,"Infraestrutura Urbana "
38895,15,"Urbanismo",451,"Infraestrutura Urbana "
39880,15,"Urbanismo",451,"Infraestrutura Urbana "
38725,8,"Assistência Social",245,"Serviços Socioassistenciais"
43477,12,"Educação",361,"Ensino Fundamental"
43647,15,"Urbanismo",451,"Infraestrutura Urbana "
40567,8,"Assistência Social",241,"Assistência ao Idoso"
45492,15,"Urbanismo",451,"Infraestrutura Urbana "
39452,23,"Comércio e Serviços",691,"Promoção Comercial"
43057,15,"Urbanismo",451,"Infraestrutura Urbana "
40950,15,"Urbanismo",451,"Infraestrutura Urbana "
39550,15,"Urbanismo",451,"Infraestrutura Urbana "
40872,15,"Urbanismo",451,"Infraestrutura Urbana "
46177,15,"Urbanismo",452,"Serviços Urbanos"
44670,15,"Urbanismo",451,"Infraestrutura Urbana "
41869,27,"Desporto e Lazer",813,"Lazer"
38735,22,"Indústria",662,"Produção Industrial"
44203,27,"Desporto e Lazer",813,"Lazer"
43411,8,"Assistência Social",245,"Serviços Socioassistenciais"
39974,27,"Desporto e Lazer",812,"Desporto Comunitário"
42120,21,"Organização Agrária",631,"Reforma Agrária"
42951,12,"Educação",368,"Educação Básica"
41829,20,"Agricultura",608,"Promoção da Produção Agropecuária"
37040,6,"Segurança Pública",181,"Policiamento"
45193,12,"Educação",365,"Educação Infantil"
41922,15,"Urbanismo",451,"Infraestrutura Urbana "
40850,12,"Educação",368,"Educação Básica"
46284,8,"Assistência Social",245,"Serviços Socioassistenciais"
45706,15,"Urbanismo",451,"Infraestrutura Urbana "
44803,20,"Agricultura",608,"Promoção da Produção Agropecuária"
46301,15,"Urbanismo",451,"Infraestrutura Urbana "
42896,20,"Agricultura",608,"Promoção da Produção Agropecuária"
46324,27,"Desporto e Lazer",813,"Lazer"
43670,27,"Desporto e Lazer",813,"Lazer"
42152,20,"Agricultura",608,"Promoção da Produção Agropecuária"
45968,15,"Urbanismo",451,"Infraestrutura Urbana "
44329,27,"Desporto e Lazer",812,"Desporto Comunitário"
44329,27,"Desporto e Lazer",813,"Lazer"
45035,8,"Assistência Social",244,"Assistência Comunitária"
38751,15,"Urbanismo",451,"Infraestrutura Urbana "
43249,15,"Urbanismo",451,"Infraestrutura Urbana "
37890,15,"Urbanismo",451,"Infraestrutura Urbana "
38361,8,"Assistência Social",244,"Assistência Comunitária"
46398,15,"Urbanismo",451,"Infraestrutura Urbana "
37170,15,"Urbanismo",451,"Infraestrutura Urbana "
42489,15,"Urbanismo",451,"Infraestrutura Urbana "
42620,15,"Urbanismo",451,"Infraestrutura Urbana "
38104,16,"Habitação",482,"Habitação Urbana"
45312,27,"Desporto e Lazer",813,"Lazer"
46494,8,"Assistência Social",245,"Serviços Socioassistenciais"
42784,23,"Comércio e Serviços",695,"Turismo"
45352,15,"Urbanismo",451,"Infraestrutura Urbana "
38960,15,"Urbanismo",451,"Infraestrutura Urbana "
38960,15,"Urbanismo",452,"Serviços Urbanos"
43703,20,"Agricultura",606,"Extensão Rural"
42038,20,"Agricultura",605,"Abastecimento"
43583,15,"Urbanismo",451,"Infraestrutura Urbana "
46678,15,"Urbanismo",451,"Infraestrutura Urbana "
42757,15,"Urbanismo",451,"Infraestrutura Urbana "
45050,15,"Urbanismo",451,"Infraestrutura Urbana "
46423,15,"Urbanismo",451,"Infraestrutura Urbana "
44734,15,"Urbanismo",451,"Infraestrutura Urbana "
45784,15,"Urbanismo",451,"Infraestrutura Urbana "
43314,23,"Comércio e Serviços",695,"Turismo"
45912,15,"Urbanismo",451,"Infraestrutura Urbana "
38498,13,"Cultura",392,"Difusão Cultural"
43634,15,"Urbanismo",451,"Infraestrutura Urbana "
45938,15,"Urbanismo",451,"Infraestrutura Urbana "
46604,27,"Desporto e Lazer",813,"Lazer"
46231,15,"Urbanismo",451,"Infraestrutura Urbana "
46610,15,"Urbanismo",451,"Infraestrutura Urbana "
41412,10,"Saúde",302,"Assistência Hospitalar e Ambulatorial"
44519,23,"Comércio e Serviços",695,"Turismo"
43581,27,"Desporto e Lazer",813,"Lazer"
43809,15,"Urbanismo",451,"Infraestrutura Urbana "
40698,15,"Urbanismo",451,"Infraestrutura Urbana "
45078,15,"Urbanismo",451,"Infraestrutura Urbana "
44194,20,"Agricultura",608,"Promoção da Produção Agropecuária"
39012,20,"Agricultura",606,"Extensão Rural"
43891,15,"Urbanismo",451,"Infraestrutura Urbana "
41652,15,"Urbanismo",451,"Infraestrutura Urbana "
47231,15,"Urbanismo",451,"Infraestrutura Urbana "
45021,15,"Urbanismo",451,"Infraestrutura Urbana "
42234,15,"Urbanismo",451,"Infraestrutura Urbana "
45100,15,"Urbanismo",451,"Infraestrutura Urbana "
42669,12,"Educação",361,"Ensino Fundamental"
42669,12,"Educação",365,"Educação Infantil"
42579,15,"Urbanismo",451,"Infraestrutura Urbana "
44399,15,"Urbanismo",451,"Infraestrutura Urbana "
41984,15,"Urbanismo",451,"Infraestrutura Urbana "
38742,8,"Assistência Social",244,"Assistência Comunitária"
38630,15,"Urbanismo",451,"Infraestrutura Urbana "
43818,27,"Desporto e Lazer",812,"Desporto Comunitário"
47261,15,"Urbanismo",452,"Serviços Urbanos"
45595,12,"Educação",365,"Educação Infantil"
41854,12,"Educação",361,"Ensino Fundamental"
37139,15,"Urbanismo",451,"Infraestrutura Urbana "
38226,10,"Saúde",301,"Atenção Básica"
43661,15,"Urbanismo",451,"Infraestrutura Urbana "
39894,15,"Urbanismo",451,"Infraestrutura Urbana "
39839,27,"Desporto e Lazer",813,"Lazer"
37941,27,"Desporto e Lazer",813,"Lazer"
44818,16,"Habitação",482,"Habitação Urbana"
43056,22,"Indústria",661,"Promoção Industrial"
43033,23,"Comércio e Serviços",695,"Turismo"
44051,10,"Saúde",301,"Atenção Básica"
43064,20,"Agricultura",608,"Promoção da Produção Agropecuária"
38813,15,"Urbanismo",451,"Infraestrutura Urbana "
38685,23,"Comércio e Serviços",695,"Turismo"
39084,23,"Comércio e Serviços",695,"Turismo"
42396,15,"Urbanismo",451,"Infraestrutura Urbana "
46482,17,"Saneamento",512,"Saneamento Básico Urbano"
37966,8,"Assistência Social",244,"Assistência Comunitária"
40941,27,"Desporto e Lazer",812,"Desporto Comunitário"
43469,10,"Saúde",301,"Atenção Básica"
37761,12,"Educação",361,"Ensino Fundamental"
37761,12,"Educação",365,"Educação Infantil"
46969,10,"Saúde",301,"Atenção Básica"
41862,15,"Urbanismo",451,"Infraestrutura Urbana "
44698,10,"Saúde",301,"Atenção Básica"
44723,27,"Desporto e Lazer",812,"Desporto Comunitário"
45259,15,"Urbanismo",451,"Infraestrutura Urbana "
40474,20,"Agricultura",608,"Promoção da Produção Agropecuária"
46980,12,"Educação",365,"Educação Infantil"
42979,8,"Assistência Social",244,"Assistência Comunitária"
40434,6,"Segurança Pública",182,"Defesa Civil"
38516,12,"Educação",361,"Ensino Fundamental"
45378,8,"Assistência Social",245,"Serviços Socioassistenciais"
44548,20,"Agricultura",608,"Promoção da Produção Agropecuária"
45678,18,"Gestão Ambiental",541,"Preservação e Conservação Ambiental"
37870,15,"Urbanismo",451,"Infraestrutura Urbana "
45505,12,"Educação",361,"Ensino Fundamental"
37321,10,"Saúde",301,"Atenção Básica"
37795,15,"Urbanismo",451,"Infraestrutura Urbana "
45773,10,"Saúde",301,"Atenção Básica"
37759,10,"Saúde",301,"Atenção Básica"
45390,16,"Habitação",482,"Habitação Urbana"
40454,15,"Urbanismo",451,"Infraestrutura Urbana "
43570,15,"Urbanismo",451,"Infraestrutura Urbana "
45070,15,"Urbanismo",451,"Infraestrutura Urbana "
40274,15,"Urbanismo",451,"Infraestrutura Urbana "
40274,15,"Urbanismo",452,"Serviços Urbanos"
38780,15,"Urbanismo",451,"Infraestrutura Urbana "
41092,27,"Desporto e Lazer",812,"Desporto Comunitário"
37100,27,"Desporto e Lazer",813,"Lazer"
45957,12,"Educação",361,"Ensino Fundamental"
45957,12,"Educação",365,"Educação Infantil"
40652,20,"Agricultura",608,"Promoção da Produção Agropecuária"
40692,27,"Desporto e Lazer",813,"Lazer"
42594,10,"Saúde",301,"Atenção Básica"
37592,10,"Saúde",302,"Assistência Hospitalar e Ambulatorial"
41755,10,"Saúde",301,"Atenção Básica"
38113,10,"Saúde",302,"Assistência Hospitalar e Ambulatorial"
45470,10,"Saúde",302,"Assistência Hospitalar e Ambulatorial"
42777,10,"Saúde",301,"Atenção Básica"
45836,10,"Saúde",301,"Atenção Básica"
46357,15,"Urbanismo",451,"Infraestrutura Urbana "
44769,15,"Urbanismo",451,"Infraestrutura Urbana "
37715,15,"Urbanismo",451,"Infraestrutura Urbana "
41613,20,"Agricultura",605,"Abastecimento"
45253,27,"Desporto e Lazer",812,"Desporto Comunitário"
45253,27,"Desporto e Lazer",813,"Lazer"
41297,13,"Cultura",392,"Difusão Cultural"
38574,20,"Agricultura",608,"Promoção da Produção Agropecuária"
43900,20,"Agricultura",608,"Promoção da Produção Agropecuária"
44638,27,"Desporto e Lazer",813,"Lazer"
43157,27,"Desporto e Lazer",813,"Lazer"
46692,27,"Desporto e Lazer",813,"Lazer"
46692,8,"Assistência Social",244,"Assistência Comunitária"
46117,21,"Organização Agrária",631,"Reforma Agrária"
45834,20,"Agricultura",608,"Promoção da Produção Agropecuária"
44736,10,"Saúde",301,"Atenção Básica"
45061,10,"Saúde",301,"Atenção Básica"
43473,8,"Assistência Social",245,"Serviços Socioassistenciais"
40993,15,"Urbanismo",451,"Infraestrutura Urbana "
43873,26,"Transporte",782,"Transporte Rodoviário"
39305,15,"Urbanismo",451,"Infraestrutura Urbana "
38750,26,"Transporte",782,"Transporte Rodoviário"
39172,15,"Urbanismo",451,"Infraestrutura Urbana "
46668,15,"Urbanismo",451,"Infraestrutura Urbana "
41409,20,"Agricultura",608,"Promoção da Produção Agropecuária"
44096,26,"Transporte",782,"Transporte Rodoviário"
41983,15,"Urbanismo",451,"Infraestrutura Urbana "
45998,13,"Cultura",392,"Difusão Cultural"
37995,15,"Urbanismo",451,"Infraestrutura Urbana "
44324,8,"Assistência Social",245,"Serviços Socioassistenciais"
40468,15,"Urbanismo",451,"Infraestrutura Urbana "
42079,27,"Desporto e Lazer",812,"Desporto Comunitário"
42160,15,"Urbanismo",451,"Infraestrutura Urbana "
40162,15,"Urbanismo",452,"Serviços Urbanos"
43913,15,"Urbanismo",451,"Infraestrutura Urbana "
45158,23,"Comércio e Serviços",691,"Promoção Comercial"
38727,6,"Segurança Pública",181,"Policiamento"
40151,15,"Urbanismo",451,"Infraestrutura Urbana "
43749,20,"Agricultura",606,"Extensão Rural"
39099,15,"Urbanismo",451,"Infraestrutura Urbana "
43799,15,"Urbanismo",451,"Infraestrutura Urbana "
37521,20,"Agricultura",608,"Promoção da Produção Agropecuária"
41003,15,"Urbanismo",451,"Infraestrutura Urbana "
43261,15,"Urbanismo",451,"Infraestrutura Urbana "
46958,10,"Saúde",302,"Assistência Hospitalar e Ambulatorial"
43931,15,"Urbanismo",451,"Infraestrutura Urbana "
40342,20,"Agricultura",608,"Promoção da Produção Agropecuária"
40227,15,"Urbanismo",451,"Infraestrutura Urbana "
42834,15,"Urbanismo",451,"Infraestrutura Urbana "
37978,20,"Agricultura",608,"Promoção da Produção Agropecuária"
44599,15,"Urbanismo",451,"Infraestrutura Urbana "
39177,15,"Urbanismo",451,"Infraestrutura Urbana "
38053,15,"Urbanismo",451,"Infraestrutura Urbana "
45653,15,"Urbanismo",451,"Infraestrutura Urbana "
46016,15,"Urbanismo",451,"Infraestrutura Urbana "
38743,27,"Desporto e Lazer",812,"Desporto Comunitário"
37493,23,"Comércio e Serviços",695,"Turismo"
41776,15,"Urbanismo",453,"Transportes Coletivos Urbanos"
47375,12,"Educação",361,"Ensino Fundamental"
46256,15,"Urbanismo",451,"Infraestrutura Urbana "
37983,23,"Comércio e Serviços",695,"Turismo"
37836,27,"Desporto e Lazer",812,"Desporto Comunitário"
44190,27,"Desporto e Lazer",812,"Desporto Comunitário"
46291,10,"Saúde",302,"Assistência Hospitalar e Ambulatorial"
41596,15,"Urbanismo",451,"Infraestrutura Urbana "
39505,15,"Urbanismo",451,"Infraestrutura Urbana "
39243,15,"Urbanismo",451,"Infraestrutura Urbana "
43111,15,"Urbanismo",451,"Infraestrutura Urbana "
44565,20,"Agricultura",605,"Abastecimento"
44162,15,"Urbanismo",451,"Infraestrutura Urbana "
43439,15,"Urbanismo",452,"Serviços Urbanos"
42306,15,"Urbanismo",451,"Infraestrutura Urbana "
39144,15,"Urbanismo",451,"Infraestrutura Urbana "
41777,15,"Urbanismo",452,"Serviços Urbanos"
41913,15,"Urbanismo",451,"Infraestrutura Urbana "
41239,15,"Urbanismo",452,"Serviços Urbanos"
38958,17,"Saneamento",512,"Saneamento Básico Urbano"
43498,20,"Agricultura",608,"Promoção da Produção Agropecuária"
40748,15,"Urbanismo",451,"Infraestrutura Urbana "
44072,15,"Urbanismo",451,"Infraestrutura Urbana "
38135,27,"Desporto e Lazer",812,"Desporto Comunitário"
41045,15,"Urbanismo",451,"Infraestrutura Urbana "
39644,15,"Urbanismo",452,"Serviços Urbanos"
43767,15,"Urbanismo",451,"Infraestrutura Urbana "
43355,8,"Assistência Social",244,"Assistência Comunitária"
44444,15,"Urbanismo",451,"Infraestrutura Urbana "
46695,8,"Assistência Social",245,"Serviços Socioassistenciais"
45611,15,"Urbanismo",451,"Infraestrutura Urbana "
41291,15,"Urbanismo",451,"Infraestrutura Urbana "
39083,15,"Urbanismo",451,"Infraestrutura Urbana "
38820,15,"Urbanismo",451,"Infraestrutura Urbana "
44925,20,"Agricultura",608,"Promoção da Produção Agropecuária"
38401,15,"Urbanismo",451,"Infraestrutura Urbana "
41877,20,"Agricultura",608,"Promoção da Produção Agropecuária"
43363,15,"Urbanismo",451,"Infraestrutura Urbana "
43789,14,"Direitos da Cidadania",421,"Custódia e Reintegração Social"
41639,15,"Urbanismo",451,"Infraestrutura Urbana "
47145,23,"Comércio e Serviços",695,"Turismo"
37637,10,"Saúde",301,"Atenção Básica"
43312,8,"Assistência Social",245,"Serviços Socioassistenciais"
43748,6,"Segurança Pública",181,"Policiamento"
41149,8,"Assistência Social",241,"Assistência ao Idoso"
39156,6,"Segurança Pública",183,"Informação e Inteligência"
43114,6,"Segurança Pública",183,"Informação e Inteligência"
38091,26,"Transporte",782,"Transporte Rodoviário"
43265,27,"Desporto e Lazer",812,"Desporto Comunitário"
41171,27,"Desporto e Lazer",812,"Desporto Comunitário"
42137,17,"Saneamento",512,"Saneamento Básico Urbano"
40287,8,"Assistência Social",242,"Assistência ao Portador de Deficiência"
38405,27,"Desporto e Lazer",812,"Desporto Comunitário"
40662,27,"Desporto e Lazer",813,"Lazer"
38588,20,"Agricultura",608,"Promoção da Produção Agropecuária"
40800,15,"Urbanismo",451,"Infraestrutura Urbana "
46550,15,"Urbanismo",451,"Infraestrutura Urbana "
44231,6,"Segurança Pública",181,"Policiamento"
45108,15,"Urbanismo",451,"Infraestrutura Urbana "
44701,15,"Urbanismo",451,"Infraestrutura Urbana "
37215,15,"Urbanismo",451,"Infraestrutura Urbana "
45838,26,"Transporte",782,"Transporte Rodoviário"
40761,20,"Agricultura",608,"Promoção da Produção Agropecuária"
41537,14,"Direitos da Cidadania",421,"Custódia e Reintegração Social"
40239,20,"Agricultura",608,"Promoção da Produção Agropecuária"
41084,20,"Agricultura",608,"Promoção da Produção Agropecuária"
46525,8,"Assistência Social",245,"Serviços Socioassistenciais"
43301,15,"Urbanismo",451,"Infraestrutura Urbana "
39466,15,"Urbanismo",451,"Infraestrutura Urbana "
38793,20,"Agricultura",608,"Promoção da Produção Agropecuária"
38134,20,"Agricultura",605,"Abastecimento"
38919,20,"Agricultura",605,"Abastecimento"
44870,15,"Urbanismo",451,"Infraestrutura Urbana "
37302,15,"Urbanismo",451,"Infraestrutura Urbana "
43167,20,"Agricultura",608,"Promoção da Produção Agropecuária"
46725,6,"Segurança Pública",181,"Policiamento"
40747,20,"Agricultura",606,"Extensão Rural"
43824,20,"Agricultura",606,"Extensão Rural"
42012,23,"Comércio e Serviços",695,"Turismo"
41163,20,"Agricultura",606,"Extensão Rural"
40354,27,"Desporto e Lazer",812,"Desporto Comunitário"
46028,6,"Segurança Pública",181,"Policiamento"
40992,20,"Agricultura",605,"Abastecimento"
43630,8,"Assistência Social",244,"Assistência Comunitária"
45514,6,"Segurança Pública",181,"Policiamento"
45514,6,"Segurança Pública",183,"Informação e Inteligência"
47263,6,"Segurança Pública",183,"Informação e Inteligência"
44680,6,"Segurança Pública",181,"Policiamento"
42510,6,"Segurança Pública",181,"Policiamento"
43963,10,"Saúde",301,"Atenção Básica"
39274,15,"Urbanismo",451,"Infraestrutura Urbana "
42200,15,"Urbanismo",451,"Infraestrutura Urbana "
43944,15,"Urbanismo",451,"Infraestrutura Urbana "
42847,27,"Desporto e Lazer",812,"Desporto Comunitário"
41499,15,"Urbanismo",451,"Infraestrutura Urbana "
44014,12,"Educação",368,"Educação Básica"
41232,10,"Saúde",301,"Atenção Básica"
46339,15,"Urbanismo",451,"Infraestrutura Urbana "
45041,15,"Urbanismo",451,"Infraestrutura Urbana "
38450,15,"Urbanismo",451,"Infraestrutura Urbana "
46500,15,"Urbanismo",451,"Infraestrutura Urbana "
45755,15,"Urbanismo",451,"Infraestrutura Urbana "
39489,15,"Urbanismo",451,"Infraestrutura Urbana "
46961,15,"Urbanismo",451,"Infraestrutura Urbana "
44906,15,"Urbanismo",451,"Infraestrutura Urbana "
44510,20,"Agricultura",608,"Promoção da Produção Agropecuária"
44380,20,"Agricultura",608,"Promoção da Produção Agropecuária"
39010,15,"Urbanismo",451,"Infraestrutura Urbana "
38554,15,"Urbanismo",451,"Infraestrutura Urbana "
43591,20,"Agricultura",608,"Promoção da Produção Agropecuária"
39949,20,"Agricultura",608,"Promoção da Produção Agropecuária"
38281,23,"Comércio e Serviços",695,"Turismo"
44863,15,"Urbanismo",451,"Infraestrutura Urbana "
38660,20,"Agricultura",608,"Promoção da Produção Agropecuária"
39800,20,"Agricultura",608,"Promoção da Produção Agropecuária"
46623,20,"Agricultura",608,"Promoção da Produção Agropecuária"
40379,15,"Urbanismo",451,"Infraestrutura Urbana "
39765,15,"Urbanismo",451,"Infraestrutura Urbana "
43556,15,"Urbanismo",451,"Infraestrutura Urbana "
42310,26,"Transporte",782,"Transporte Rodoviário"
39230,20,"Agricultura",606,"Extensão Rural"
38059,15,"Urbanismo",451,"Infraestrutura Urbana "
45196,15,"Urbanismo",451,"Infraestrutura Urbana "
43177,15,"Urbanismo",451,"Infraestrutura Urbana "
40154,20,"Agricultura",608,"Promoção da Produção Agropecuária"
45656,15,"Urbanismo",451,"Infraestrutura Urbana "
37927,8,"Assistência Social",245,"Serviços Socioassistenciais"
41078,20,"Agricultura",608,"Promoção da Produção Agropecuária"
45989,27,"Desporto e Lazer",813,"Lazer"
44316,20,"Agricultura",608,"Promoção da Produção Agropecuária"
39038,10,"Saúde",301,"Atenção Básica"
42198,20,"Agricultura",608,"Promoção da Produção Agropecuária"
41614,15,"Urbanismo",451,"Infraestrutura Urbana "
41625,23,"Comércio e Serviços",695,"Turismo"
37079,15,"Urbanismo",451,"Infraestrutura Urbana "
38950,27,"Desporto e Lazer",813,"Lazer"
40490,15,"Urbanismo",451,"Infraestrutura Urbana "
41255,15,"Urbanismo",451,"Infraestrutura Urbana "
41133,15,"Urbanismo",451,"Infraestrutura Urbana "
43014,15,"Urbanismo",451,"Infraestrutura Urbana "
45632,20,"Agricultura",608,"Promoção da Produção Agropecuária"
42026,15,"Urbanismo",452,"Serviços Urbanos"
37455,15,"Urbanismo",451,"Infraestrutura Urbana "
45376,15,"Urbanismo",451,"Infraestrutura Urbana "
43125,15,"Urbanismo",451,"Infraestrutura Urbana "
38961,27,"Desporto e Lazer",812,"Desporto Comunitário"
40834,27,"Desporto e Lazer",812,"Desporto Comunitário"
44535,21,"Organização Agrária",631,"Reforma Agrária"
44535,21,"Organização Agrária",632,"Colonização"
41123,13,"Cultura",392,"Difusão Cultural"
37789,20,"Agricultura",605,"Abastecimento"
45600,27,"Desporto e Lazer",812,"Desporto Comunitário"
46130,6,"Segurança Pública",181,"Policiamento"
43658,6,"Segurança Pública",181,"Policiamento"
45060,27,"Desporto e Lazer",813,"Lazer"
45430,15,"Urbanismo",451,"Infraestrutura Urbana "
47193,15,"Urbanismo",451,"Infraestrutura Urbana "
40280,27,"Desporto e Lazer",812,"Desporto Comunitário"
40280,27,"Desporto e Lazer",813,"Lazer"
41735,20,"Agricultura",608,"Promoção da Produção Agropecuária"
42934,27,"Desporto e Lazer",812,"Desporto Comunitário"
43078,18,"Gestão Ambiental",541,"Preservação e Conservação Ambiental"
40569,15,"Urbanismo",451,"Infraestrutura Urbana "
37862,15,"Urbanismo",451,"Infraestrutura Urbana "
38078,15,"Urbanismo",451,"Infraestrutura Urbana "
43169,15,"Urbanismo",451,"Infraestrutura Urbana "
38176,15,"Urbanismo",451,"Infraestrutura Urbana "
38106,23,"Comércio e Serviços",695,"Turismo"
41366,15,"Urbanismo",451,"Infraestrutura Urbana "
42036,20,"Agricultura",608,"Promoção da Produção Agropecuária"
37392,15,"Urbanismo",451,"Infraestrutura Urbana "
45463,15,"Urbanismo",451,"Infraestrutura Urbana "
43875,15,"Urbanismo",451,"Infraestrutura Urbana "
39312,15,"Urbanismo",451,"Infraestrutura Urbana "
41219,15,"Urbanismo",451,"Infraestrutura Urbana "
42907,15,"Urbanismo",451,"Infraestrutura Urbana "
39303,15,"Urbanismo",451,"Infraestrutura Urbana "
43345,15,"Urbanismo",451,"Infraestrutura Urbana "
37604,20,"Agricultura",608,"Promoção da Produção Agropecuária"
43791,15,"Urbanismo",451,"Infraestrutura Urbana "
41159,15,"Urbanismo",451,"Infraestrutura Urbana "
38736,20,"Agricultura",608,"Promoção da Produção Agropecuária"
37160,23,"Comércio e Serviços",695,"Turismo"
41364,15,"Urbanismo",451,"Infraestrutura Urbana "
42569,27,"Desporto e Lazer",812,"Desporto Comunitário"
46356,15,"Urbanismo",453,"Transportes Coletivos Urbanos"
41330,15,"Urbanismo",451,"Infraestrutura Urbana "
38108,20,"Agricultura",608,"Promoção da Produção Agropecuária"
41135,15,"Urbanismo",451,"Infraestrutura Urbana "
45117,20,"Agricultura",608,"Promoção da Produção Agropecuária"
41824,20,"Agricultura",608,"Promoção da Produção Agropecuária"
38491,15,"Urbanismo",451,"Infraestrutura Urbana "
43190,15,"Urbanismo",451,"Infraestrutura Urbana "
46184,15,"Urbanismo",451,"Infraestrutura Urbana "
46386,27,"Desporto e Lazer",813,"Lazer"
37251,15,"Urbanismo",451,"Infraestrutura Urbana "
38094,20,"Agricultura",608,"Promoção da Produção Agropecuária"
38168,20,"Agricultura",608,"Promoção da Produção Agropecuária"
39537,23,"Comércio e Serviços",692,"Comercialização"
42488,15,"Urbanismo",451,"Infraestrutura Urbana "
37619,23,"Comércio e Serviços",695,"Turismo"
39569,23,"Comércio e Serviços",695,"Turismo"
44159,27,"Desporto e Lazer",812,"Desporto Comunitário"
43956,20,"Agricultura",608,"Promoção da Produção Agropecuária"
42162,20,"Agricultura",608,"Promoção da Produção Agropecuária"
37869,20,"Agricultura",608,"Promoção da Produção Agropecuária"
37950,20,"Agricultura",608,"Promoção da Produção Agropecuária"
39151,15,"Urbanismo",451,"Infraestrutura Urbana "
43506,20,"Agricultura",608,"Promoção da Produção Agropecuária"
40728,15,"Urbanismo",451,"Infraestrutura Urbana "
39606,20,"Agricultura",605,"Abastecimento"
44496,15,"Urbanismo",451,"Infraestrutura Urbana "
40298,15,"Urbanismo",451,"Infraestrutura Urbana "
41320,23,"Comércio e Serviços",695,"Turismo"
43029,20,"Agricultura",605,"Abastecimento"
40076,8,"Assistência Social",244,"Assistência Comunitária"
44130,15,"Urbanismo",451,"Infraestrutura Urbana "
39152,15,"Urbanismo",451,"Infraestrutura Urbana "
37538,20,"Agricultura",608,"Promoção da Produção Agropecuária"
44374,27,"Desporto e Lazer",812,"Desporto Comunitário"
42728,27,"Desporto e Lazer",812,"Desporto Comunitário"
41930,27,"Desporto e Lazer",812,"Desporto Comunitário"
43903,27,"Desporto e Lazer",812,"Desporto Comunitário"
38191,27,"Desporto e Lazer",813,"Lazer"
41441,20,"Agricultura",608,"Promoção da Produção Agropecuária"
37506,20,"Agricultura",608,"Promoção da Produção Agropecuária"
39272,20,"Agricultura",608,"Promoção da Produção Agropecuária"
38635,20,"Agricultura",608,"Promoção da Produção Agropecuária"
41208,15,"Urbanismo",451,"Infraestrutura Urbana "
42988,15,"Urbanismo",451,"Infraestrutura Urbana "
43614,16,"Habitação",482,"Habitação Urbana"
38804,23,"Comércio e Serviços",695,"Turismo"
41944,15,"Urbanismo",452,"Serviços Urbanos"
38763,15,"Urbanismo",451,"Infraestrutura Urbana "
44608,15,"Urbanismo",451,"Infraestrutura Urbana "
37921,15,"Urbanismo",451,"Infraestrutura Urbana "
42167,15,"Urbanismo",452,"Serviços Urbanos"
42509,15,"Urbanismo",451,"Infraestrutura Urbana "
40723,12,"Educação",361,"Ensino Fundamental"
41053,20,"Agricultura",608,"Promoção da Produção Agropecuária"
41415,20,"Agricultura",608,"Promoção da Produção Agropecuária"
38982,16,"Habitação",482,"Habitação Urbana"
44327,15,"Urbanismo",451,"Infraestrutura Urbana "
39136,27,"Desporto e Lazer",813,"Lazer"
39136,15,"Urbanismo",451,"Infraestrutura Urbana "
38232,8,"Assistência Social",244,"Assistência Comunitária"
38548,15,"Urbanismo",451,"Infraestrutura Urbana "
38631,15,"Urbanismo",451,"Infraestrutura Urbana "
39720,10,"Saúde",302,"Assistência Hospitalar e Ambulatorial"
41205,15,"Urbanismo",451,"Infraestrutura Urbana "
42428,15,"Urbanismo",451,"Infraestrutura Urbana "
37683,27,"Desporto e Lazer",812,"Desporto Comunitário"
37316,15,"Urbanismo",451,"Infraestrutura Urbana "
43656,15,"Urbanismo",451,"Infraestrutura Urbana "
37097,15,"Urbanismo",451,"Infraestrutura Urbana "
46344,15,"Urbanismo",451,"Infraestrutura Urbana "
39299,15,"Urbanismo",451,"Infraestrutura Urbana "
38447,27,"Desporto e Lazer",812,"Desporto Comunitário"
46371,10,"Saúde",301,"Atenção Básica"
46371,10,"Saúde",302,"Assistência Hospitalar e Ambulatorial"
46371,10,"Saúde",303,"Suporte Profilático e Terapêutico"
46371,10,"Saúde",304,"Vigilância Sanitária"
46371,10,"Saúde",305,"Vigilância Epidemiológica"
46371,10,"Saúde",306,"Alimentação e Nutrição"
38710,27,"Desporto e Lazer",812,"Desporto Comunitário"
42848,20,"Agricultura",608,"Promoção da Produção Agropecuária"
39536,15,"Urbanismo",451,"Infraestrutura Urbana "
37371,15,"Urbanismo",451,"Infraestrutura Urbana "
37602,15,"Urbanismo",451,"Infraestrutura Urbana "
44391,15,"Urbanismo",451,"Infraestrutura Urbana "
40812,12,"Educação",361,"Ensino Fundamental"
39363,20,"Agricultura",608,"Promoção da Produção Agropecuária"
37561,10,"Saúde",301,"Atenção Básica"
39488,15,"Urbanismo",451,"Infraestrutura Urbana "
40803,15,"Urbanismo",451,"Infraestrutura Urbana "
45331,20,"Agricultura",608,"Promoção da Produção Agropecuária"
40068,15,"Urbanismo",451,"Infraestrutura Urbana "
43817,10,"Saúde",302,"Assistência Hospitalar e Ambulatorial"
41037,10,"Saúde",301,"Atenção Básica"
41249,20,"Agricultura",608,"Promoção da Produção Agropecuária"
45306,10,"Saúde",301,"Atenção Básica"
47174,10,"Saúde",302,"Assistência Hospitalar e Ambulatorial"
37584,15,"Urbanismo",451,"Infraestrutura Urbana "
42420,15,"Urbanismo",451,"Infraestrutura Urbana "
45775,23,"Comércio e Serviços",695,"Turismo"
37307,15,"Urbanismo",451,"Infraestrutura Urbana "
45971,15,"Urbanismo",451,"Infraestrutura Urbana "
43068,15,"Urbanismo",451,"Infraestrutura Urbana "
40864,15,"Urbanismo",451,"Infraestrutura Urbana "
38268,20,"Agricultura",608,"Promoção da Produção Agropecuária"
46162,15,"Urbanismo",451,"Infraestrutura Urbana "
42108,15,"Urbanismo",451,"Infraestrutura Urbana "
44428,15,"Urbanismo",451,"Infraestrutura Urbana "
42238,15,"Urbanismo",451,"Infraestrutura Urbana "
42679,27,"Desporto e Lazer",813,"Lazer"
38775,8,"Assistência Social",244,"Assistência Comunitária"
40136,15,"Urbanismo",451,"Infraestrutura Urbana "
43696,15,"Urbanismo",451,"Infraestrutura Urbana "
40813,15,"Urbanismo",451,"Infraestrutura Urbana "
46930,15,"Urbanismo",451,"Infraestrutura Urbana "
40476,10,"Saúde",302,"Assistência Hospitalar e Ambulatorial"
45519,15,"Urbanismo",451,"Infraestrutura Urbana "
39484,15,"Urbanismo",451,"Infraestrutura Urbana "
45248,10,"Saúde",301,"Atenção Básica"
47326,10,"Saúde",301,"Atenção Básica"
42485,10,"Saúde",301,"Atenção Básica"
46921,15,"Urbanismo",451,"Infraestrutura Urbana "
43333,10,"Saúde",302,"Assistência Hospitalar e Ambulatorial"
44817,20,"Agricultura",608,"Promoção da Produção Agropecuária"
37884,15,"Urbanismo",451,"Infraestrutura Urbana "
41039,15,"Urbanismo",451,"Infraestrutura Urbana "
44305,15,"Urbanismo",451,"Infraestrutura Urbana "
38772,15,"Urbanismo",451,"Infraestrutura Urbana "
46242,23,"Comércio e Serviços",695,"Turismo"
44619,20,"Agricultura",608,"Promoção da Produção Agropecuária"
41279,23,"Comércio e Serviços",695,"Turismo"
46653,27,"Desporto e Lazer",813,"Lazer"
44018,27,"Desporto e Lazer",812,"Desporto Comunitário"
38276,27,"Desporto e Lazer",812,"Desporto Comunitário"
44227,8,"Assistência Social",244,"Assistência Comunitária"
39735,27,"Desporto e Lazer",813,"Lazer"
41444,20,"Agricultura",608,"Promoção da Produção Agropecuária"
43989,15,"Urbanismo",451,"Infraestrutura Urbana "
44350,27,"Desporto e Lazer",813,"Lazer"
45134,13,"Cultura",392,"Difusão Cultural"
44439,15,"Urbanismo",451,"Infraestrutura Urbana "
39619,15,"Urbanismo",127,"Ordenamento Territorial"
44454,15,"Urbanismo",451,"Infraestrutura Urbana "
41450,15,"Urbanismo",451,"Infraestrutura Urbana "
43565,20,"Agricultura",608,"Promoção da Produção Agropecuária"
43631,16,"Habitação",481,"Habitação Rural"
39063,16,"Habitação",482,"Habitação Urbana"
45166,15,"Urbanismo",451,"Infraestrutura Urbana "
42668,15,"Urbanismo",451,"Infraestrutura Urbana "
45943,8,"Assistência Social",245,"Serviços Socioassistenciais"
45486,15,"Urbanismo",451,"Infraestrutura Urbana "
43769,16,"Habitação",481,"Habitação Rural"
42315,15,"Urbanismo",451,"Infraestrutura Urbana "
40833,20,"Agricultura",608,"Promoção da Produção Agropecuária"
39623,27,"Desporto e Lazer",812,"Desporto Comunitário"
41576,16,"Habitação",482,"Habitação Urbana"
42217,23,"Comércio e Serviços",695,"Turismo"
37478,16,"Habitação",482,"Habitação Urbana"
43717,16,"Habitação",482,"Habitação Urbana"
40243,15,"Urbanismo",451,"Infraestrutura Urbana "
37036,15,"Urbanismo",451,"Infraestrutura Urbana "
39923,15,"Urbanismo",127,"Ordenamento Territorial"
38887,26,"Transporte",782,"Transporte Rodoviário"
44991,15,"Urbanismo",451,"Infraestrutura Urbana "
45314,15,"Urbanismo",451,"Infraestrutura Urbana "
44896,15,"Urbanismo",451,"Infraestrutura Urbana "
44596,15,"Urbanismo",451,"Infraestrutura Urbana "
38354,15,"Urbanismo",451,"Infraestrutura Urbana "
37923,27,"Desporto e Lazer",812,"Desporto Comunitário"
38575,16,"Habitação",482,"Habitação Urbana"
42765,15,"Urbanismo",451,"Infraestrutura Urbana "
43490,15,"Urbanismo",451,"Infraestrutura Urbana "
42573,15,"Urbanismo",451,"Infraestrutura Urbana "
40560,15,"Urbanismo",451,"Infraestrutura Urbana "
39234,15,"Urbanismo",451,"Infraestrutura Urbana "
43202,27,"Desporto e Lazer",812,"Desporto Comunitário"
37725,16,"Habitação",482,"Habitação Urbana"
39592,23,"Comércio e Serviços",695,"Turismo"
42043,22,"Indústria",662,"Produção Industrial"
40620,15,"Urbanismo",452,"Serviços Urbanos"
38755,15,"Urbanismo",451,"Infraestrutura Urbana "
45375,15,"Urbanismo",451,"Infraestrutura Urbana "
41382,15,"Urbanismo",451,"Infraestrutura Urbana "
45316,26,"Transporte",782,"Transporte Rodoviário"
39850,15,"Urbanismo",451,"Infraestrutura Urbana "
38190,15,"Urbanismo",451,"Infraestrutura Urbana "
39770,15,"Urbanismo",451,"Infraestrutura Urbana "
42587,23,"Comércio e Serviços",695,"Turismo"
39830,15,"Urbanismo",451,"Infraestrutura Urbana "
40619,15,"Urbanismo",451,"Infraestrutura Urbana "
41082,27,"Desporto e Lazer",813,"Lazer"
40489,27,"Desporto e Lazer",812,"Desporto Comunitário"
43677,27,"Desporto e Lazer",812,"Desporto Comunitário"
40313,15,"Urbanismo",451,"Infraestrutura Urbana "
37813,15,"Urbanismo",451,"Infraestrutura Urbana "
44976,20,"Agricultura",608,"Promoção da Produção Agropecuária"
39768,15,"Urbanismo",451,"Infraestrutura Urbana "
37037,15,"Urbanismo",453,"Transportes Coletivos Urbanos"
37111,15,"Urbanismo",451,"Infraestrutura Urbana "
45499,15,"Urbanismo",451,"Infraestrutura Urbana "
45347,15,"Urbanismo",451,"Infraestrutura Urbana "
41363,15,"Urbanismo",451,"Infraestrutura Urbana "
39348,12,"Educação",368,"Educação Básica"
44427,20,"Agricultura",605,"Abastecimento"
44427,20,"Agricultura",606,"Extensão Rural"
44427,20,"Agricultura",607,"Irrigação"
44427,20,"Agricultura",609,"Defesa Agropecuária"
44427,20,"Agricultura",608,"Promoção da Produção Agropecuária"
40503,10,"Saúde",301,"Atenção Básica"
40718,23,"Comércio e Serviços",695,"Turismo"
42598,17,"Saneamento",512,"Saneamento Básico Urbano"
46553,6,"Segurança Pública",181,"Policiamento"
41218,15,"Urbanismo",451,"Infraestrutura Urbana "
44435,8,"Assistência Social",245,"Serviços Socioassistenciais"
38287,15,"Urbanismo",451,"Infraestrutura Urbana "
37907,27,"Desporto e Lazer",813,"Lazer"
37828,10,"Saúde",301,"Atenção Básica"
40588,15,"Urbanismo",451,"Infraestrutura Urbana "
39290,15,"Urbanismo",451,"Infraestrutura Urbana "
44142,15,"Urbanismo",451,"Infraestrutura Urbana "
37475,15,"Urbanismo",451,"Infraestrutura Urbana "
41423,15,"Urbanismo",451,"Infraestrutura Urbana "
41378,15,"Urbanismo",451,"Infraestrutura Urbana "
45358,20,"Agricultura",608,"Promoção da Produção Agropecuária"
39201,15,"Urbanismo",451,"Infraestrutura Urbana "
43396,17,"Saneamento",512,"Saneamento Básico Urbano"
46101,8,"Assistência Social",245,"Serviços Socioassistenciais"
42793,27,"Desporto e Lazer",813,"Lazer"
40177,15,"Urbanismo",451,"Infraestrutura Urbana "
46449,12,"Educação",363,"Ensino Profissional"
42071,12,"Educação",365,"Educação Infantil"
40143,10,"Saúde",301,"Atenção Básica"
38768,27,"Desporto e Lazer",813,"Lazer"
39504,16,"Habitação",482,"Habitação Urbana"
39646,27,"Desporto e Lazer",812,"Desporto Comunitário"
39959,15,"Urbanismo",452,"Serviços Urbanos"
46419,10,"Saúde",301,"Atenção Básica"
44959,15,"Urbanismo",451,"Infraestrutura Urbana "
43418,20,"Agricultura",608,"Promoção da Produção Agropecuária"
44465,20,"Agricultura",608,"Promoção da Produção Agropecuária"
45937,15,"Urbanismo",451,"Infraestrutura Urbana "
43005,15,"Urbanismo",452,"Serviços Urbanos"
37157,15,"Urbanismo",451,"Infraestrutura Urbana "
40519,8,"Assistência Social",244,"Assistência Comunitária"
40018,18,"Gestão Ambiental",544,"Recursos Hídricos"
44740,27,"Desporto e Lazer",813,"Lazer"
42295,20,"Agricultura",608,"Promoção da Produção Agropecuária"
45736,10,"Saúde",301,"Atenção Básica"
37823,20,"Agricultura",608,"Promoção da Produção Agropecuária"
37875,20,"Agricultura",608,"Promoção da Produção Agropecuária"
46403,10,"Saúde",301,"Atenção Básica"
44322,10,"Saúde",301,"Atenção Básica"
44792,20,"Agricultura",608,"Promoção da Produção Agropecuária"
46103,10,"Saúde",301,"Atenção Básica"
44614,12,"Educação",361,"Ensino Fundamental"
43003,15,"Urbanismo",451,"Infraestrutura Urbana "
44013,15,"Urbanismo",451,"Infraestrutura Urbana "
38795,15,"Urbanismo",451,"Infraestrutura Urbana "
41681,15,"Urbanismo",451,"Infraestrutura Urbana "
41243,15,"Urbanismo",451,"Infraestrutura Urbana "
43923,15,"Urbanismo",451,"Infraestrutura Urbana "
46119,15,"Urbanismo",451,"Infraestrutura Urbana "
42583,20,"Agricultura",608,"Promoção da Produção Agropecuária"
43303,27,"Desporto e Lazer",813,"Lazer"
42373,8,"Assistência Social",244,"Assistência Comunitária"
43958,15,"Urbanismo",451,"Infraestrutura Urbana "
42704,27,"Desporto e Lazer",812,"Desporto Comunitário"
39635,27,"Desporto e Lazer",813,"Lazer"
44739,27,"Desporto e Lazer",812,"Desporto Comunitário"
46116,27,"Desporto e Lazer",812,"Desporto Comunitário"
42220,20,"Agricultura",608,"Promoção da Produção Agropecuária"
38221,20,"Agricultura",608,"Promoção da Produção Agropecuária"
40694,10,"Saúde",301,"Atenção Básica"
44176,10,"Saúde",301,"Atenção Básica"
45270,15,"Urbanismo",451,"Infraestrutura Urbana "
43041,20,"Agricultura",608,"Promoção da Produção Agropecuária"
39359,8,"Assistência Social",244,"Assistência Comunitária"
42699,26,"Transporte",782,"Transporte Rodoviário"
40923,20,"Agricultura",606,"Extensão Rural"
39921,20,"Agricultura",608,"Promoção da Produção Agropecuária"
45549,15,"Urbanismo",451,"Infraestrutura Urbana "
46112,26,"Transporte",782,"Transporte Rodoviário"
41705,15,"Urbanismo",451,"Infraestrutura Urbana "
45356,15,"Urbanismo",451,"Infraestrutura Urbana "
37335,22,"Indústria",661,"Promoção Industrial"
43153,15,"Urbanismo",451,"Infraestrutura Urbana "
44557,27,"Desporto e Lazer",812,"Desporto Comunitário"
42289,15,"Urbanismo",451,"Infraestrutura Urbana "
43801,8,"Assistência Social",244,"Assistência Comunitária"
38792,15,"Urbanismo",451,"Infraestrutura Urbana "
45695,27,"Desporto e Lazer",813,"Lazer"
40187,8,"Assistência Social",245,"Serviços Socioassistenciais"
40346,15,"Urbanismo",451,"Infraestrutura Urbana "
40968,12,"Educação",365,"Educação Infantil"
41638,15,"Urbanismo",451,"Infraestrutura Urbana "
38481,20,"Agricultura",608,"Promoção da Produção Agropecuária"
44536,20,"Agricultura",608,"Promoção da Produção Agropecuária"
37408,15,"Urbanismo",451,"Infraestrutura Urbana "
40209,15,"Urbanismo",451,"Infraestrutura Urbana "
41355,15,"Urbanismo",451,"Infraestrutura Urbana "
43054,15,"Urbanismo",451,"Infraestrutura Urbana "
38069,10,"Saúde",302,"Assistência Hospitalar e Ambulatorial"
41426,12,"Educação",361,"Ensino Fundamental"
45525,15,"Urbanismo",451,"Infraestrutura Urbana "
37577,15,"Urbanismo",451,"Infraestrutura Urbana "
45875,23,"Comércio e Serviços",695,"Turismo"
43872,27,"Desporto e Lazer",813,"Lazer"
40413,15,"Urbanismo",451,"Infraestrutura Urbana "
43897,15,"Urbanismo",451,"Infraestrutura Urbana "
45664,8,"Assistência Social",245,"Serviços Socioassistenciais"
40321,27,"Desporto e Lazer",813,"Lazer"
45746,20,"Agricultura",608,"Promoção da Produção Agropecuária"
40925,27,"Desporto e Lazer",812,"Desporto Comunitário"
41714,15,"Urbanismo",451,"Infraestrutura Urbana "
46672,15,"Urbanismo",451,"Infraestrutura Urbana "
39374,15,"Urbanismo",451,"Infraestrutura Urbana "
44044,15,"Urbanismo",451,"Infraestrutura Urbana "
41023,20,"Agricultura",606,"Extensão Rural"
37718,15,"Urbanismo",451,"Infraestrutura Urbana "
41190,15,"Urbanismo",451,"Infraestrutura Urbana "
42179,15,"Urbanismo",451,"Infraestrutura Urbana "
44816,16,"Habitação",481,"Habitação Rural"
37263,20,"Agricultura",608,"Promoção da Produção Agropecuária"
39677,27,"Desporto e Lazer",812,"Desporto Comunitário"
40324,23,"Comércio e Serviços",695,"Turismo"
42359,15,"Urbanismo",451,"Infraestrutura Urbana "
42363,15,"Urbanismo",451,"Infraestrutura Urbana "
39483,15,"Urbanismo",451,"Infraestrutura Urbana "
39928,12,"Educação",365,"Educação Infantil"
40256,20,"Agricultura",608,"Promoção da Produção Agropecuária"
37058,27,"Desporto e Lazer",813,"Lazer"
44534,15,"Urbanismo",451,"Infraestrutura Urbana "
44480,27,"Desporto e Lazer",812,"Desporto Comunitário"
38779,20,"Agricultura",608,"Promoção da Produção Agropecuária"
38033,23,"Comércio e Serviços",695,"Turismo"
43678,15,"Urbanismo",451,"Infraestrutura Urbana "
39939,15,"Urbanismo",451,"Infraestrutura Urbana "
38010,20,"Agricultura",608,"Promoção da Produção Agropecuária"
42783,20,"Agricultura",608,"Promoção da Produção Agropecuária"
38858,15,"Urbanismo",451,"Infraestrutura Urbana "
45699,15,"Urbanismo",451,"Infraestrutura Urbana "
42895,15,"Urbanismo",451,"Infraestrutura Urbana "
38692,20,"Agricultura",608,"Promoção da Produção Agropecuária"
42054,6,"Segurança Pública",181,"Policiamento"
42976,20,"Agricultura",608,"Promoção da Produção Agropecuária"
37790,27,"Desporto e Lazer",813,"Lazer"
45659,20,"Agricultura",608,"Promoção da Produção Agropecuária"
46322,15,"Urbanismo",451,"Infraestrutura Urbana "
44038,15,"Urbanismo",451,"Infraestrutura Urbana "
43747,6,"Segurança Pública",181,"Policiamento"
40797,27,"Desporto e Lazer",813,"Lazer"
42800,22,"Indústria",664,"Propriedade Industrial"
45498,26,"Transporte",782,"Transporte Rodoviário"
37968,15,"Urbanismo",451,"Infraestrutura Urbana "
38027,20,"Agricultura",608,"Promoção da Produção Agropecuária"
42767,18,"Gestão Ambiental",541,"Preservação e Conservação Ambiental"
43663,27,"Desporto e Lazer",812,"Desporto Comunitário"
47226,15,"Urbanismo",451,"Infraestrutura Urbana "
43115,12,"Educação",361,"Ensino Fundamental"
43346,15,"Urbanismo",451,"Infraestrutura Urbana "
40981,6,"Segurança Pública",181,"Policiamento"
37142,6,"Segurança Pública",181,"Policiamento"
47445,10,"Saúde",301,"Atenção Básica"
46072,6,"Segurança Pública",181,"Policiamento"
42611,15,"Urbanismo",451,"Infraestrutura Urbana "
44601,20,"Agricultura",608,"Promoção da Produção Agropecuária"
39361,15,"Urbanismo",451,"Infraestrutura Urbana "
40691,15,"Urbanismo",451,"Infraestrutura Urbana "
46439,15,"Urbanismo",451,"Infraestrutura Urbana "
44958,15,"Urbanismo",451,"Infraestrutura Urbana "
46304,15,"Urbanismo",451,"Infraestrutura Urbana "
46211,15,"Urbanismo",451,"Infraestrutura Urbana "
44506,15,"Urbanismo",451,"Infraestrutura Urbana "
43916,6,"Segurança Pública",181,"Policiamento"
46584,15,"Urbanismo",451,"Infraestrutura Urbana "
41456,15,"Urbanismo",451,"Infraestrutura Urbana "
40125,8,"Assistência Social",245,"Serviços Socioassistenciais"
44912,8,"Assistência Social",245,"Serviços Socioassistenciais"
37294,15,"Urbanismo",451,"Infraestrutura Urbana "
39745,27,"Desporto e Lazer",812,"Desporto Comunitário"
37779,27,"Desporto e Lazer",813,"Lazer"
40334,23,"Comércio e Serviços",695,"Turismo"
37548,15,"Urbanismo",451,"Infraestrutura Urbana "
45728,27,"Desporto e Lazer",812,"Desporto Comunitário"
44847,15,"Urbanismo",451,"Infraestrutura Urbana "
44375,15,"Urbanismo",451,"Infraestrutura Urbana "
45442,15,"Urbanismo",451,"Infraestrutura Urbana "
45397,15,"Urbanismo",451,"Infraestrutura Urbana "
45799,15,"Urbanismo",452,"Serviços Urbanos"
43825,15,"Urbanismo",451,"Infraestrutura Urbana "
37028,23,"Comércio e Serviços",695,"Turismo"
43971,27,"Desporto e Lazer",812,"Desporto Comunitário"
39871,15,"Urbanismo",451,"Infraestrutura Urbana "
46847,15,"Urbanismo",452,"Serviços Urbanos"
41271,15,"Urbanismo",451,"Infraestrutura Urbana "
47139,8,"Assistência Social",245,"Serviços Socioassistenciais"
38759,27,"Desporto e Lazer",812,"Desporto Comunitário"
45114,27,"Desporto e Lazer",813,"Lazer"
38136,27,"Desporto e Lazer",812,"Desporto Comunitário"
40058,15,"Urbanismo",451,"Infraestrutura Urbana "
41434,15,"Urbanismo",451,"Infraestrutura Urbana "
44530,12,"Educação",368,"Educação Básica"
47427,15,"Urbanismo",451,"Infraestrutura Urbana "
46271,15,"Urbanismo",451,"Infraestrutura Urbana "
41274,12,"Educação",361,"Ensino Fundamental"
39113,10,"Saúde",302,"Assistência Hospitalar e Ambulatorial"
38187,15,"Urbanismo",451,"Infraestrutura Urbana "
38205,20,"Agricultura",608,"Promoção da Produção Agropecuária"
38275,10,"Saúde",301,"Atenção Básica"
42861,15,"Urbanismo",451,"Infraestrutura Urbana "
45914,15,"Urbanismo",451,"Infraestrutura Urbana "
42529,15,"Urbanismo",451,"Infraestrutura Urbana "
38021,15,"Urbanismo",451,"Infraestrutura Urbana "
42602,12,"Educação",365,"Educação Infantil"
38801,20,"Agricultura",608,"Promoção da Produção Agropecuária"
40349,10,"Saúde",302,"Assistência Hospitalar e Ambulatorial"
44613,15,"Urbanismo",451,"Infraestrutura Urbana "
43940,20,"Agricultura",608,"Promoção da Produção Agropecuária"
41089,27,"Desporto e Lazer",812,"Desporto Comunitário"
42677,15,"Urbanismo",451,"Infraestrutura Urbana "
38569,15,"Urbanismo",451,"Infraestrutura Urbana "
38534,13,"Cultura",392,"Difusão Cultural"
40670,15,"Urbanismo",451,"Infraestrutura Urbana "
42737,8,"Assistência Social",244,"Assistência Comunitária"
42201,27,"Desporto e Lazer",813,"Lazer"
45394,15,"Urbanismo",451,"Infraestrutura Urbana "
41043,15,"Urbanismo",451,"Infraestrutura Urbana "
47011,15,"Urbanismo",451,"Infraestrutura Urbana "
38546,20,"Agricultura",608,"Promoção da Produção Agropecuária"
44031,17,"Saneamento",512,"Saneamento Básico Urbano"
44665,20,"Agricultura",606,"Extensão Rural"
41021,12,"Educação",364,"Ensino Superior"
41134,15,"Urbanismo",451,"Infraestrutura Urbana "
40559,20,"Agricultura",608,"Promoção da Produção Agropecuária"
40559,20,"Agricultura",606,"Extensão Rural"
42546,26,"Transporte",782,"Transporte Rodoviário"
37448,15,"Urbanismo",451,"Infraestrutura Urbana "
45263,15,"Urbanismo",451,"Infraestrutura Urbana "
46523,15,"Urbanismo",451,"Infraestrutura Urbana "
43811,15,"Urbanismo",451,"Infraestrutura Urbana "
38999,15,"Urbanismo",451,"Infraestrutura Urbana "
45524,6,"Segurança Pública",181,"Policiamento"
44499,15,"Urbanismo",451,"Infraestrutura Urbana "
42422,20,"Agricultura",608,"Promoção da Produção Agropecuária"
42416,15,"Urbanismo",451,"Infraestrutura Urbana "
46736,20,"Agricultura",608,"Promoção da Produção Agropecuária"
42936,20,"Agricultura",608,"Promoção da Produção Agropecuária"
41511,15,"Urbanismo",451,"Infraestrutura Urbana "
40336,15,"Urbanismo",451,"Infraestrutura Urbana "
44240,15,"Urbanismo",451,"Infraestrutura Urbana "
45518,20,"Agricultura",608,"Promoção da Produção Agropecuária"
43975,20,"Agricultura",608,"Promoção da Produção Agropecuária"
43957,20,"Agricultura",608,"Promoção da Produção Agropecuária"
42476,10,"Saúde",301,"Atenção Básica"
40057,10,"Saúde",301,"Atenção Básica"
41855,20,"Agricultura",608,"Promoção da Produção Agropecuária"
45689,10,"Saúde",302,"Assistência Hospitalar e Ambulatorial"
39033,20,"Agricultura",608,"Promoção da Produção Agropecuária"
43266,15,"Urbanismo",451,"Infraestrutura Urbana "
40987,20,"Agricultura",608,"Promoção da Produção Agropecuária"
39334,27,"Desporto e Lazer",812,"Desporto Comunitário"
37512,15,"Urbanismo",451,"Infraestrutura Urbana "
42682,10,"Saúde",302,"Assistência Hospitalar e Ambulatorial"
37513,15,"Urbanismo",451,"Infraestrutura Urbana "
42080,15,"Urbanismo",451,"Infraestrutura Urbana "
41528,14,"Direitos da Cidadania",422,"Direitos Individuais, Coletivos e Difusos"
44273,14,"Direitos da Cidadania",421,"Custódia e Reintegração Social"
41011,15,"Urbanismo",451,"Infraestrutura Urbana "
43145,15,"Urbanismo",451,"Infraestrutura Urbana "
45924,15,"Urbanismo",451,"Infraestrutura Urbana "
39187,15,"Urbanismo",451,"Infraestrutura Urbana "
47012,15,"Urbanismo",451,"Infraestrutura Urbana "
42551,15,"Urbanismo",451,"Infraestrutura Urbana "
46773,15,"Urbanismo",451,"Infraestrutura Urbana "
45702,15,"Urbanismo",451,"Infraestrutura Urbana "
37717,23,"Comércio e Serviços",695,"Turismo"
38304,15,"Urbanismo",451,"Infraestrutura Urbana "
40006,13,"Cultura",392,"Difusão Cultural"
41872,27,"Desporto e Lazer",812,"Desporto Comunitário"
41482,6,"Segurança Pública",182,"Defesa Civil"
46246,20,"Agricultura",608,"Promoção da Produção Agropecuária"
39117,15,"Urbanismo",451,"Infraestrutura Urbana "
37463,15,"Urbanismo",451,"Infraestrutura Urbana "
42299,15,"Urbanismo",451,"Infraestrutura Urbana "
43279,27,"Desporto e Lazer",812,"Desporto Comunitário"
46039,20,"Agricultura",608,"Promoção da Produção Agropecuária"
40575,15,"Urbanismo",127,"Ordenamento Territorial"
45700,15,"Urbanismo",451,"Infraestrutura Urbana "
46661,15,"Urbanismo",451,"Infraestrutura Urbana "
37010,15,"Urbanismo",451,"Infraestrutura Urbana "
38602,27,"Desporto e Lazer",812,"Desporto Comunitário"
41486,27,"Desporto e Lazer",812,"Desporto Comunitário"
46051,23,"Comércio e Serviços",695,"Turismo"
44572,15,"Urbanismo",451,"Infraestrutura Urbana "
40959,20,"Agricultura",608,"Promoção da Produção Agropecuária"
37477,27,"Desporto e Lazer",812,"Desporto Comunitário"
39296,15,"Urbanismo",451,"Infraestrutura Urbana "
39847,6,"Segurança Pública",181,"Policiamento"
46020,8,"Assistência Social",244,"Assistência Comunitária"
44929,26,"Transporte",782,"Transporte Rodoviário"
41682,23,"Comércio e Serviços",695,"Turismo"
46084,27,"Desporto e Lazer",812,"Desporto Comunitário"
45976,8,"Assistência Social",244,"Assistência Comunitária"
45592,20,"Agricultura",608,"Promoção da Produção Agropecuária"
43569,15,"Urbanismo",451,"Infraestrutura Urbana "
43183,15,"Urbanismo",451,"Infraestrutura Urbana "
41968,15,"Urbanismo",451,"Infraestrutura Urbana "
45573,20,"Agricultura",606,"Extensão Rural"
40983,15,"Urbanismo",451,"Infraestrutura Urbana "
40491,20,"Agricultura",608,"Promoção da Produção Agropecuária"
39981,20,"Agricultura",608,"Promoção da Produção Agropecuária"
38261,15,"Urbanismo",451,"Infraestrutura Urbana "
47143,15,"Urbanismo",451,"Infraestrutura Urbana "
43475,15,"Urbanismo",451,"Infraestrutura Urbana "
44642,20,"Agricultura",606,"Extensão Rural"
46153,15,"Urbanismo",451,"Infraestrutura Urbana "
44357,15,"Urbanismo",451,"Infraestrutura Urbana "
43601,15,"Urbanismo",451,"Infraestrutura Urbana "
41383,27,"Desporto e Lazer",812,"Desporto Comunitário"
40093,15,"Urbanismo",451,"Infraestrutura Urbana "
37599,20,"Agricultura",608,"Promoção da Produção Agropecuária"
44997,23,"Comércio e Serviços",691,"Promoção Comercial"
37264,15,"Urbanismo",451,"Infraestrutura Urbana "
45187,15,"Urbanismo",451,"Infraestrutura Urbana "
43746,15,"Urbanismo",451,"Infraestrutura Urbana "
38147,15,"Urbanismo",451,"Infraestrutura Urbana "
40900,15,"Urbanismo",451,"Infraestrutura Urbana "
38366,15,"Urbanismo",451,"Infraestrutura Urbana "
42725,15,"Urbanismo",451,"Infraestrutura Urbana "
46863,10,"Saúde",302,"Assistência Hospitalar e Ambulatorial"
40254,15,"Urbanismo",451,"Infraestrutura Urbana "
45646,15,"Urbanismo",451,"Infraestrutura Urbana "
41433,10,"Saúde",302,"Assistência Hospitalar e Ambulatorial"
45534,10,"Saúde",302,"Assistência Hospitalar e Ambulatorial"
43905,17,"Saneamento",511,"Saneamento Básico Rural"
45858,27,"Desporto e Lazer",813,"Lazer"
45568,8,"Assistência Social",245,"Serviços Socioassistenciais"
44964,27,"Desporto e Lazer",812,"Desporto Comunitário"
42825,15,"Urbanismo",451,"Infraestrutura Urbana "
42229,16,"Habitação",482,"Habitação Urbana"
42370,27,"Desporto e Lazer",812,"Desporto Comunitário"
38356,6,"Segurança Pública",181,"Policiamento"
38137,15,"Urbanismo",451,"Infraestrutura Urbana "
45068,15,"Urbanismo",451,"Infraestrutura Urbana "
38063,15,"Urbanismo",451,"Infraestrutura Urbana "
44354,15,"Urbanismo",451,"Infraestrutura Urbana "
43943,15,"Urbanismo",453,"Transportes Coletivos Urbanos"
40789,26,"Transporte",782,"Transporte Rodoviário"
44921,15,"Urbanismo",451,"Infraestrutura Urbana "
45413,15,"Urbanismo",451,"Infraestrutura Urbana "
42786,15,"Urbanismo",451,"Infraestrutura Urbana "
40613,15,"Urbanismo",451,"Infraestrutura Urbana "
42445,15,"Urbanismo",451,"Infraestrutura Urbana "
38300,15,"Urbanismo",451,"Infraestrutura Urbana "
46405,20,"Agricultura",605,"Abastecimento"
37266,6,"Segurança Pública",182,"Defesa Civil"
37814,15,"Urbanismo",451,"Infraestrutura Urbana "
37925,15,"Urbanismo",451,"Infraestrutura Urbana "
43321,15,"Urbanismo",451,"Infraestrutura Urbana "
39395,27,"Desporto e Lazer",813,"Lazer"
45512,15,"Urbanismo",451,"Infraestrutura Urbana "
45693,10,"Saúde",301,"Atenção Básica"
42149,15,"Urbanismo",451,"Infraestrutura Urbana "
43464,15,"Urbanismo",451,"Infraestrutura Urbana "
44928,10,"Saúde",301,"Atenção Básica"
39999,26,"Transporte",782,"Transporte Rodoviário"
41742,15,"Urbanismo",451,"Infraestrutura Urbana "
46528,15,"Urbanismo",451,"Infraestrutura Urbana "
39293,15,"Urbanismo",451,"Infraestrutura Urbana "
44639,6,"Segurança Pública",181,"Policiamento"
45399,20,"Agricultura",605,"Abastecimento"
38239,15,"Urbanismo",451,"Infraestrutura Urbana "
39971,15,"Urbanismo",127,"Ordenamento Territorial"
37620,15,"Urbanismo",451,"Infraestrutura Urbana "
43121,15,"Urbanismo",451,"Infraestrutura Urbana "
38944,15,"Urbanismo",451,"Infraestrutura Urbana "
45805,27,"Desporto e Lazer",812,"Desporto Comunitário"
40676,15,"Urbanismo",451,"Infraestrutura Urbana "
39587,15,"Urbanismo",451,"Infraestrutura Urbana "
40124,15,"Urbanismo",451,"Infraestrutura Urbana "
40749,27,"Desporto e Lazer",813,"Lazer"
40807,27,"Desporto e Lazer",813,"Lazer"
37631,6,"Segurança Pública",181,"Policiamento"
39319,27,"Desporto e Lazer",812,"Desporto Comunitário"
45265,15,"Urbanismo",451,"Infraestrutura Urbana "
39639,27,"Desporto e Lazer",812,"Desporto Comunitário"
39265,16,"Habitação",482,"Habitação Urbana"
46839,6,"Segurança Pública",181,"Policiamento"
40288,15,"Urbanismo",451,"Infraestrutura Urbana "
43546,8,"Assistência Social",245,"Serviços Socioassistenciais"
46347,18,"Gestão Ambiental",544,"Recursos Hídricos"
46287,18,"Gestão Ambiental",544,"Recursos Hídricos"
39687,12,"Educação",365,"Educação Infantil"
44352,20,"Agricultura",608,"Promoção da Produção Agropecuária"
46497,15,"Urbanismo",451,"Infraestrutura Urbana "
47338,17,"Saneamento",512,"Saneamento Básico Urbano"
38618,10,"Saúde",302,"Assistência Hospitalar e Ambulatorial"
50596,12,"Educação",361,"Ensino Fundamental"
50596,12,"Educação",362,"Ensino Médio"
50596,12,"Educação",367,"Educação Especial"
43731,12,"Educação",361,"Ensino Fundamental"
43731,12,"Educação",362,"Ensino Médio"
43731,12,"Educação",367,"Educação Especial"
40720,6,"Segurança Pública",182,"Defesa Civil"
40720,12,"Educação",361,"Ensino Fundamental"
40720,13,"Cultura",391,"Patrimônio Histórico, Artístico e Arqueológico"
40720,15,"Urbanismo",451,"Infraestrutura Urbana "
40720,27,"Desporto e Lazer",813,"Lazer"
40978,15,"Urbanismo",451,"Infraestrutura Urbana "
41787,15,"Urbanismo",452,"Serviços Urbanos"
37039,15,"Urbanismo",451,"Infraestrutura Urbana "
40942,15,"Urbanismo",451,"Infraestrutura Urbana "
41737,15,"Urbanismo",451,"Infraestrutura Urbana "
43740,27,"Desporto e Lazer",812,"Desporto Comunitário"
37131,15,"Urbanismo",451,"Infraestrutura Urbana "
45195,27,"Desporto e Lazer",813,"Lazer"
45617,8,"Assistência Social",245,"Serviços Socioassistenciais"
37690,27,"Desporto e Lazer",813,"Lazer"
43478,27,"Desporto e Lazer",813,"Lazer"
39979,15,"Urbanismo",451,"Infraestrutura Urbana "
38476,15,"Urbanismo",451,"Infraestrutura Urbana "
37395,27,"Desporto e Lazer",812,"Desporto Comunitário"
42115,27,"Desporto e Lazer",813,"Lazer"
46846,15,"Urbanismo",127,"Ordenamento Territorial"
46846,15,"Urbanismo",451,"Infraestrutura Urbana "
39032,15,"Urbanismo",451,"Infraestrutura Urbana "
42948,20,"Agricultura",608,"Promoção da Produção Agropecuária"
43850,15,"Urbanismo",451,"Infraestrutura Urbana "
40647,23,"Comércio e Serviços",695,"Turismo"
42539,6,"Segurança Pública",181,"Policiamento"
43362,15,"Urbanismo",451,"Infraestrutura Urbana "
47252,6,"Segurança Pública",181,"Policiamento"
41743,13,"Cultura",392,"Difusão Cultural"
39531,20,"Agricultura",608,"Promoção da Produção Agropecuária"
42641,6,"Segurança Pública",181,"Policiamento"
42563,6,"Segurança Pública",181,"Policiamento"
45337,20,"Agricultura",608,"Promoção da Produção Agropecuária"
42127,6,"Segurança Pública",181,"Policiamento"
44835,8,"Assistência Social",245,"Serviços Socioassistenciais"
42367,6,"Segurança Pública",181,"Policiamento"
40740,20,"Agricultura",608,"Promoção da Produção Agropecuária"
42628,6,"Segurança Pública",181,"Policiamento"
46761,8,"Assistência Social",245,"Serviços Socioassistenciais"
42304,13,"Cultura",392,"Difusão Cultural"
45869,8,"Assistência Social",245,"Serviços Socioassistenciais"
38442,8,"Assistência Social",245,"Serviços Socioassistenciais"
38666,20,"Agricultura",608,"Promoção da Produção Agropecuária"
46313,8,"Assistência Social",245,"Serviços Socioassistenciais"
39733,15,"Urbanismo",453,"Transportes Coletivos Urbanos"
42146,15,"Urbanismo",451,"Infraestrutura Urbana "
41319,27,"Desporto e Lazer",812,"Desporto Comunitário"
40661,15,"Urbanismo",451,"Infraestrutura Urbana "
40301,15,"Urbanismo",451,"Infraestrutura Urbana "
38210,15,"Urbanismo",451,"Infraestrutura Urbana "
38986,23,"Comércio e Serviços",695,"Turismo"
40603,15,"Urbanismo",451,"Infraestrutura Urbana "
37826,15,"Urbanismo",451,"Infraestrutura Urbana "
41461,20,"Agricultura",608,"Promoção da Produção Agropecuária"
42062,20,"Agricultura",608,"Promoção da Produção Agropecuária"
38901,26,"Transporte",782,"Transporte Rodoviário"
42548,10,"Saúde",126,"Tecnologia da Informação"
46014,15,"Urbanismo",451,"Infraestrutura Urbana "
43946,6,"Segurança Pública",181,"Policiamento"
37233,15,"Urbanismo",451,"Infraestrutura Urbana "
46798,12,"Educação",361,"Ensino Fundamental"
40971,27,"Desporto e Lazer",812,"Desporto Comunitário"
41582,15,"Urbanismo",451,"Infraestrutura Urbana "
37854,15,"Urbanismo",451,"Infraestrutura Urbana "
41617,15,"Urbanismo",451,"Infraestrutura Urbana "
38653,15,"Urbanismo",451,"Infraestrutura Urbana "
41527,15,"Urbanismo",451,"Infraestrutura Urbana "
39559,15,"Urbanismo",451,"Infraestrutura Urbana "
45803,15,"Urbanismo",451,"Infraestrutura Urbana "
39499,15,"Urbanismo",451,"Infraestrutura Urbana "
44938,6,"Segurança Pública",182,"Defesa Civil"
44164,6,"Segurança Pública",182,"Defesa Civil"
37876,20,"Agricultura",608,"Promoção da Produção Agropecuária"
46693,6,"Segurança Pública",181,"Policiamento"
39749,27,"Desporto e Lazer",812,"Desporto Comunitário"
40947,6,"Segurança Pública",183,"Informação e Inteligência"
39691,27,"Desporto e Lazer",812,"Desporto Comunitário"
45059,20,"Agricultura",608,"Promoção da Produção Agropecuária"
44136,14,"Direitos da Cidadania",422,"Direitos Individuais, Coletivos e Difusos"
40328,15,"Urbanismo",451,"Infraestrutura Urbana "
42259,15,"Urbanismo",451,"Infraestrutura Urbana "
37286,23,"Comércio e Serviços",695,"Turismo"
39026,20,"Agricultura",608,"Promoção da Produção Agropecuária"
46718,23,"Comércio e Serviços",695,"Turismo"
42949,15,"Urbanismo",451,"Infraestrutura Urbana "
40604,15,"Urbanismo",451,"Infraestrutura Urbana "
38080,6,"Segurança Pública",181,"Policiamento"
37929,6,"Segurança Pública",181,"Policiamento"
40886,6,"Segurança Pública",181,"Policiamento"
40623,15,"Urbanismo",451,"Infraestrutura Urbana "
38560,27,"Desporto e Lazer",812,"Desporto Comunitário"
38560,27,"Desporto e Lazer",813,"Lazer"
38570,6,"Segurança Pública",181,"Policiamento"
42348,15,"Urbanismo",451,"Infraestrutura Urbana "
43758,27,"Desporto e Lazer",813,"Lazer"
40236,20,"Agricultura",606,"Extensão Rural"
40488,20,"Agricultura",606,"Extensão Rural"
42913,8,"Assistência Social",245,"Serviços Socioassistenciais"
45013,15,"Urbanismo",451,"Infraestrutura Urbana "
37931,15,"Urbanismo",451,"Infraestrutura Urbana "
45124,12,"Educação",361,"Ensino Fundamental"
43885,20,"Agricultura",608,"Promoção da Produção Agropecuária"
42794,10,"Saúde",301,"Atenção Básica"
39390,27,"Desporto e Lazer",812,"Desporto Comunitário"
43219,23,"Comércio e Serviços",695,"Turismo"
37932,27,"Desporto e Lazer",813,"Lazer"
41496,23,"Comércio e Serviços",695,"Turismo"
41332,15,"Urbanismo",451,"Infraestrutura Urbana "
38394,15,"Urbanismo",451,"Infraestrutura Urbana "
41182,15,"Urbanismo",451,"Infraestrutura Urbana "
44587,15,"Urbanismo",451,"Infraestrutura Urbana "
46340,15,"Urbanismo",127,"Ordenamento Territorial"
38883,15,"Urbanismo",451,"Infraestrutura Urbana "
42377,22,"Indústria",662,"Produção Industrial"
38668,6,"Segurança Pública",181,"Policiamento"
42874,15,"Urbanismo",451,"Infraestrutura Urbana "
42864,20,"Agricultura",608,"Promoção da Produção Agropecuária"
38201,15,"Urbanismo",127,"Ordenamento Territorial"
41471,15,"Urbanismo",451,"Infraestrutura Urbana "
46447,15,"Urbanismo",451,"Infraestrutura Urbana "
43215,15,"Urbanismo",451,"Infraestrutura Urbana "
43348,15,"Urbanismo",451,"Infraestrutura Urbana "
41234,15,"Urbanismo",451,"Infraestrutura Urbana "
39408,20,"Agricultura",605,"Abastecimento"
40387,15,"Urbanismo",451,"Infraestrutura Urbana "
40196,27,"Desporto e Lazer",813,"Lazer"
42956,15,"Urbanismo",451,"Infraestrutura Urbana "
38609,12,"Educação",365,"Educação Infantil"
43785,12,"Educação",365,"Educação Infantil"
46363,20,"Agricultura",606,"Extensão Rural"
39845,15,"Urbanismo",451,"Infraestrutura Urbana "
40961,15,"Urbanismo",451,"Infraestrutura Urbana "
38997,20,"Agricultura",608,"Promoção da Produção Agropecuária"
43802,15,"Urbanismo",451,"Infraestrutura Urbana "
45106,20,"Agricultura",608,"Promoção da Produção Agropecuária"
40722,16,"Habitação",482,"Habitação Urbana"
40901,27,"Desporto e Lazer",812,"Desporto Comunitário"
37441,12,"Educação",368,"Educação Básica"
40439,15,"Urbanismo",451,"Infraestrutura Urbana "
39095,20,"Agricultura",608,"Promoção da Produção Agropecuária"
42917,8,"Assistência Social",245,"Serviços Socioassistenciais"
38333,12,"Educação",365,"Educação Infantil"
46988,15,"Urbanismo",451,"Infraestrutura Urbana "
40110,20,"Agricultura",608,"Promoção da Produção Agropecuária"
43043,20,"Agricultura",608,"Promoção da Produção Agropecuária"
44872,8,"Assistência Social",245,"Serviços Socioassistenciais"
39966,8,"Assistência Social",245,"Serviços Socioassistenciais"
40393,20,"Agricultura",608,"Promoção da Produção Agropecuária"
42335,15,"Urbanismo",451,"Infraestrutura Urbana "
45562,15,"Urbanismo",451,"Infraestrutura Urbana "
39216,15,"Urbanismo",451,"Infraestrutura Urbana "
46106,15,"Urbanismo",451,"Infraestrutura Urbana "
38949,27,"Desporto e Lazer",812,"Desporto Comunitário"
46032,15,"Urbanismo",451,"Infraestrutura Urbana "
46032,27,"Desporto e Lazer",812,"Desporto Comunitário"
46332,15,"Urbanismo",451,"Infraestrutura Urbana "
46332,15,"Urbanismo",452,"Serviços Urbanos"
43463,15,"Urbanismo",451,"Infraestrutura Urbana "
42972,23,"Comércio e Serviços",695,"Turismo"
43782,20,"Agricultura",608,"Promoção da Produção Agropecuária"
40355,27,"Desporto e Lazer",813,"Lazer"
42410,12,"Educação",368,"Educação Básica"
39904,8,"Assistência Social",245,"Serviços Socioassistenciais"
41978,15,"Urbanismo",451,"Infraestrutura Urbana "
41978,20,"Agricultura",608,"Promoção da Produção Agropecuária"
41081,15,"Urbanismo",451,"Infraestrutura Urbana "
38645,15,"Urbanismo",451,"Infraestrutura Urbana "
45419,10,"Saúde",302,"Assistência Hospitalar e Ambulatorial"
38850,20,"Agricultura",608,"Promoção da Produção Agropecuária"
37388,15,"Urbanismo",451,"Infraestrutura Urbana "
43948,15,"Urbanismo",451,"Infraestrutura Urbana "
38412,15,"Urbanismo",451,"Infraestrutura Urbana "
44969,20,"Agricultura",608,"Promoção da Produção Agropecuária"
46840,20,"Agricultura",608,"Promoção da Produção Agropecuária"
43275,8,"Assistência Social",245,"Serviços Socioassistenciais"
44695,27,"Desporto e Lazer",813,"Lazer"
44858,20,"Agricultura",606,"Extensão Rural"
40906,20,"Agricultura",608,"Promoção da Produção Agropecuária"
41650,15,"Urbanismo",451,"Infraestrutura Urbana "
39544,15,"Urbanismo",451,"Infraestrutura Urbana "
39464,15,"Urbanismo",451,"Infraestrutura Urbana "
44308,27,"Desporto e Lazer",812,"Desporto Comunitário"
40375,15,"Urbanismo",451,"Infraestrutura Urbana "
38784,14,"Direitos da Cidadania",422,"Direitos Individuais, Coletivos e Difusos"
39169,20,"Agricultura",608,"Promoção da Produção Agropecuária"
39108,20,"Agricultura",608,"Promoção da Produção Agropecuária"
43623,20,"Agricultura",608,"Promoção da Produção Agropecuária"
46002,8,"Assistência Social",245,"Serviços Socioassistenciais"
45680,27,"Desporto e Lazer",811,"Desporto de Rendimento"
45680,27,"Desporto e Lazer",812,"Desporto Comunitário"
45680,27,"Desporto e Lazer",813,"Lazer"
47132,8,"Assistência Social",243,"Assistência à Criança e ao Adolescente"
40218,15,"Urbanismo",451,"Infraestrutura Urbana "
41943,10,"Saúde",302,"Assistência Hospitalar e Ambulatorial"
46073,15,"Urbanismo",451,"Infraestrutura Urbana "
37832,23,"Comércio e Serviços",695,"Turismo"
43113,15,"Urbanismo",451,"Infraestrutura Urbana "
46542,27,"Desporto e Lazer",812,"Desporto Comunitário"
39807,15,"Urbanismo",451,"Infraestrutura Urbana "
45138,17,"Saneamento",512,"Saneamento Básico Urbano"
45280,8,"Assistência Social",244,"Assistência Comunitária"
41287,15,"Urbanismo",451,"Infraestrutura Urbana "
39375,13,"Cultura",392,"Difusão Cultural"
45349,15,"Urbanismo",451,"Infraestrutura Urbana "
37240,15,"Urbanismo",451,"Infraestrutura Urbana "
41884,20,"Agricultura",606,"Extensão Rural"
43620,15,"Urbanismo",451,"Infraestrutura Urbana "
42796,15,"Urbanismo",451,"Infraestrutura Urbana "
40266,15,"Urbanismo",451,"Infraestrutura Urbana "
45759,15,"Urbanismo",451,"Infraestrutura Urbana "
36965,15,"Urbanismo",451,"Infraestrutura Urbana "
36971,15,"Urbanismo",452,"Serviços Urbanos"
43609,15,"Urbanismo",451,"Infraestrutura Urbana "
39161,27,"Desporto e Lazer",813,"Lazer"
39285,27,"Desporto e Lazer",812,"Desporto Comunitário"
38633,13,"Cultura",392,"Difusão Cultural"
45282,8,"Assistência Social",245,"Serviços Socioassistenciais"
36979,23,"Comércio e Serviços",694,"Serviços Financeiros"
46922,20,"Agricultura",608,"Promoção da Produção Agropecuária"
46801,16,"Habitação",482,"Habitação Urbana"
36989,15,"Urbanismo",451,"Infraestrutura Urbana "
39534,15,"Urbanismo",451,"Infraestrutura Urbana "
36976,23,"Comércio e Serviços",695,"Turismo"
36968,15,"Urbanismo",451,"Infraestrutura Urbana "
37558,15,"Urbanismo",451,"Infraestrutura Urbana "
46944,15,"Urbanismo",451,"Infraestrutura Urbana "
44284,27,"Desporto e Lazer",812,"Desporto Comunitário"
38105,27,"Desporto e Lazer",812,"Desporto Comunitário"
46973,8,"Assistência Social",245,"Serviços Socioassistenciais"
39064,15,"Urbanismo",451,"Infraestrutura Urbana "
37246,15,"Urbanismo",451,"Infraestrutura Urbana "
42613,13,"Cultura",392,"Difusão Cultural"
45691,8,"Assistência Social",244,"Assistência Comunitária"
46962,12,"Educação",368,"Educação Básica"
39851,15,"Urbanismo",452,"Serviços Urbanos"
42891,8,"Assistência Social",245,"Serviços Socioassistenciais"
45716,15,"Urbanismo",451,"Infraestrutura Urbana "
41557,10,"Saúde",301,"Atenção Básica"
36997,15,"Urbanismo",451,"Infraestrutura Urbana "
42227,12,"Educação",361,"Ensino Fundamental"
42227,12,"Educação",365,"Educação Infantil"
42227,12,"Educação",367,"Educação Especial"
42227,12,"Educação",368,"Educação Básica"
37673,23,"Comércio e Serviços",695,"Turismo"
40508,15,"Urbanismo",451,"Infraestrutura Urbana "
36969,15,"Urbanismo",451,"Infraestrutura Urbana "
38068,15,"Urbanismo",451,"Infraestrutura Urbana "
40944,15,"Urbanismo",451,"Infraestrutura Urbana "
46108,15,"Urbanismo",451,"Infraestrutura Urbana "
36963,15,"Urbanismo",451,"Infraestrutura Urbana "
40064,15,"Urbanismo",451,"Infraestrutura Urbana "
39779,27,"Desporto e Lazer",813,"Lazer"
44266,6,"Segurança Pública",181,"Policiamento"
42680,6,"Segurança Pública",181,"Policiamento"
41750,16,"Habitação",482,"Habitação Urbana"
38194,15,"Urbanismo",451,"Infraestrutura Urbana "
42829,15,"Urbanismo",451,"Infraestrutura Urbana "
40197,15,"Urbanismo",452,"Serviços Urbanos"
36974,15,"Urbanismo",451,"Infraestrutura Urbana "
45831,15,"Urbanismo",451,"Infraestrutura Urbana "
36981,15,"Urbanismo",451,"Infraestrutura Urbana "
40675,20,"Agricultura",608,"Promoção da Produção Agropecuária"
44049,10,"Saúde",302,"Assistência Hospitalar e Ambulatorial"
46214,6,"Segurança Pública",181,"Policiamento"
41887,15,"Urbanismo",451,"Infraestrutura Urbana "
39806,23,"Comércio e Serviços",695,"Turismo"
44252,6,"Segurança Pública",181,"Policiamento"
36991,27,"Desporto e Lazer",813,"Lazer"
46869,27,"Desporto e Lazer",812,"Desporto Comunitário"
38086,8,"Assistência Social",244,"Assistência Comunitária"
45269,27,"Desporto e Lazer",813,"Lazer"
43698,15,"Urbanismo",451,"Infraestrutura Urbana "
39189,15,"Urbanismo",451,"Infraestrutura Urbana "
37016,15,"Urbanismo",451,"Infraestrutura Urbana "
37719,15,"Urbanismo",451,"Infraestrutura Urbana "
46394,23,"Comércio e Serviços",695,"Turismo"
39775,15,"Urbanismo",451,"Infraestrutura Urbana "
36999,15,"Urbanismo",451,"Infraestrutura Urbana "
38334,23,"Comércio e Serviços",691,"Promoção Comercial"
37346,15,"Urbanismo",451,"Infraestrutura Urbana "
40746,23,"Comércio e Serviços",695,"Turismo"
44262,23,"Comércio e Serviços",695,"Turismo"
37078,27,"Desporto e Lazer",812,"Desporto Comunitário"
38902,6,"Segurança Pública",182,"Defesa Civil"
46768,13,"Cultura",392,"Difusão Cultural"
45835,26,"Transporte",782,"Transporte Rodoviário"
39105,15,"Urbanismo",127,"Ordenamento Territorial"
44156,8,"Assistência Social",244,"Assistência Comunitária"
42020,17,"Saneamento",512,"Saneamento Básico Urbano"
40363,20,"Agricultura",608,"Promoção da Produção Agropecuária"
38897,6,"Segurança Pública",181,"Policiamento"
41559,27,"Desporto e Lazer",811,"Desporto de Rendimento"
46737,15,"Urbanismo",451,"Infraestrutura Urbana "
41484,6,"Segurança Pública",182,"Defesa Civil"
43324,8,"Assistência Social",245,"Serviços Socioassistenciais"
39751,27,"Desporto e Lazer",812,"Desporto Comunitário"
41489,13,"Cultura",391,"Patrimônio Histórico, Artístico e Arqueológico"
46294,23,"Comércio e Serviços",695,"Turismo"
38318,15,"Urbanismo",451,"Infraestrutura Urbana "
39915,17,"Saneamento",511,"Saneamento Básico Rural"
38811,15,"Urbanismo",451,"Infraestrutura Urbana "
44265,15,"Urbanismo",451,"Infraestrutura Urbana "
44878,20,"Agricultura",608,"Promoção da Produção Agropecuária"
42478,12,"Educação",368,"Educação Básica"
43587,13,"Cultura",392,"Difusão Cultural"
44783,10,"Saúde",301,"Atenção Básica"
45042,20,"Agricultura",608,"Promoção da Produção Agropecuária"
39843,20,"Agricultura",608,"Promoção da Produção Agropecuária"
40976,10,"Saúde",301,"Atenção Básica"
43884,20,"Agricultura",608,"Promoção da Produção Agropecuária"
41679,12,"Educação",361,"Ensino Fundamental"
39824,20,"Agricultura",608,"Promoção da Produção Agropecuária"
41969,15,"Urbanismo",451,"Infraestrutura Urbana "
39759,10,"Saúde",301,"Atenção Básica"
41715,20,"Agricultura",608,"Promoção da Produção Agropecuária"
41497,20,"Agricultura",608,"Promoção da Produção Agropecuária"
37006,20,"Agricultura",606,"Extensão Rural"
44272,20,"Agricultura",608,"Promoção da Produção Agropecuária"
37190,10,"Saúde",301,"Atenção Básica"
41565,20,"Agricultura",608,"Promoção da Produção Agropecuária"
41567,20,"Agricultura",608,"Promoção da Produção Agropecuária"
41584,6,"Segurança Pública",183,"Informação e Inteligência"
38907,6,"Segurança Pública",183,"Informação e Inteligência"
43358,15,"Urbanismo",451,"Infraestrutura Urbana "
41738,20,"Agricultura",608,"Promoção da Produção Agropecuária"
45432,20,"Agricultura",608,"Promoção da Produção Agropecuária"
46934,10,"Saúde",301,"Atenção Básica"
43828,15,"Urbanismo",451,"Infraestrutura Urbana "
46279,10,"Saúde",302,"Assistência Hospitalar e Ambulatorial"
44794,23,"Comércio e Serviços",695,"Turismo"
41850,15,"Urbanismo",127,"Ordenamento Territorial"
42875,15,"Urbanismo",451,"Infraestrutura Urbana "
41708,15,"Urbanismo",451,"Infraestrutura Urbana "
41077,15,"Urbanismo",451,"Infraestrutura Urbana "
37270,23,"Comércio e Serviços",695,"Turismo"
39191,23,"Comércio e Serviços",695,"Turismo"
37000,15,"Urbanismo",451,"Infraestrutura Urbana "
41568,27,"Desporto e Lazer",813,"Lazer"
37317,15,"Urbanismo",451,"Infraestrutura Urbana "
39070,20,"Agricultura",608,"Promoção da Produção Agropecuária"
39858,15,"Urbanismo",451,"Infraestrutura Urbana "
41619,12,"Educação",368,"Educação Básica"
41602,20,"Agricultura",608,"Promoção da Produção Agropecuária"
37487,20,"Agricultura",608,"Promoção da Produção Agropecuária"
38833,20,"Agricultura",608,"Promoção da Produção Agropecuária"
41678,12,"Educação",365,"Educação Infantil"
37920,17,"Saneamento",512,"Saneamento Básico Urbano"
46266,20,"Agricultura",608,"Promoção da Produção Agropecuária"
41677,23,"Comércio e Serviços",695,"Turismo"
36984,15,"Urbanismo",451,"Infraestrutura Urbana "
36996,15,"Urbanismo",451,"Infraestrutura Urbana "
37342,8,"Assistência Social",245,"Serviços Socioassistenciais"
41711,8,"Assistência Social",245,"Serviços Socioassistenciais"
42835,8,"Assistência Social",244,"Assistência Comunitária"
41620,8,"Assistência Social",245,"Serviços Socioassistenciais"
41581,13,"Cultura",392,"Difusão Cultural"
41505,23,"Comércio e Serviços",695,"Turismo"
45787,15,"Urbanismo",451,"Infraestrutura Urbana "
37282,6,"Segurança Pública",181,"Policiamento"
44738,15,"Urbanismo",451,"Infraestrutura Urbana "
44799,6,"Segurança Pública",181,"Policiamento"
47362,10,"Saúde",301,"Atenção Básica"
38525,10,"Saúde",301,"Atenção Básica"
39877,20,"Agricultura",608,"Promoção da Produção Agropecuária"
44292,12,"Educação",361,"Ensino Fundamental"
41684,23,"Comércio e Serviços",695,"Turismo"
44724,15,"Urbanismo",451,"Infraestrutura Urbana "
40435,20,"Agricultura",608,"Promoção da Produção Agropecuária"
41603,15,"Urbanismo",451,"Infraestrutura Urbana "
41510,15,"Urbanismo",451,"Infraestrutura Urbana "
41836,15,"Urbanismo",451,"Infraestrutura Urbana "
43281,20,"Agricultura",608,"Promoção da Produção Agropecuária"
41713,8,"Assistência Social",244,"Assistência Comunitária"
41622,27,"Desporto e Lazer",813,"Lazer"
39782,20,"Agricultura",608,"Promoção da Produção Agropecuária"
39785,15,"Urbanismo",452,"Serviços Urbanos"
38770,26,"Transporte",782,"Transporte Rodoviário"
39862,15,"Urbanismo",451,"Infraestrutura Urbana "
39335,26,"Transporte",782,"Transporte Rodoviário"
41508,15,"Urbanismo",451,"Infraestrutura Urbana "
45919,20,"Agricultura",608,"Promoção da Produção Agropecuária"
38006,15,"Urbanismo",451,"Infraestrutura Urbana "
41690,6,"Segurança Pública",182,"Defesa Civil"
37420,23,"Comércio e Serviços",695,"Turismo"
44760,8,"Assistência Social",245,"Serviços Socioassistenciais"
46404,27,"Desporto e Lazer",813,"Lazer"
41624,20,"Agricultura",608,"Promoção da Produção Agropecuária"
46547,16,"Habitação",482,"Habitação Urbana"
46667,10,"Saúde",126,"Tecnologia da Informação"
46667,12,"Educação",363,"Ensino Profissional"
46667,12,"Educação",368,"Educação Básica"
44584,15,"Urbanismo",451,"Infraestrutura Urbana "
41594,15,"Urbanismo",451,"Infraestrutura Urbana "
36990,15,"Urbanismo",451,"Infraestrutura Urbana "
41626,20,"Agricultura",608,"Promoção da Produção Agropecuária"
39697,27,"Desporto e Lazer",812,"Desporto Comunitário"
47322,23,"Comércio e Serviços",695,"Turismo"
44340,10,"Saúde",301,"Atenção Básica"
39111,15,"Urbanismo",451,"Infraestrutura Urbana "
37012,23,"Comércio e Serviços",695,"Turismo"
43707,15,"Urbanismo",452,"Serviços Urbanos"
44299,23,"Comércio e Serviços",695,"Turismo"
38878,27,"Desporto e Lazer",812,"Desporto Comunitário"
41716,27,"Desporto e Lazer",812,"Desporto Comunitário"
44744,10,"Saúde",302,"Assistência Hospitalar e Ambulatorial"
40422,20,"Agricultura",608,"Promoção da Produção Agropecuária"
46064,13,"Cultura",391,"Patrimônio Histórico, Artístico e Arqueológico"
44628,10,"Saúde",301,"Atenção Básica"
37429,20,"Agricultura",608,"Promoção da Produção Agropecuária"
44773,15,"Urbanismo",451,"Infraestrutura Urbana "
41812,10,"Saúde",302,"Assistência Hospitalar e Ambulatorial"
37021,20,"Agricultura",608,"Promoção da Produção Agropecuária"
39892,26,"Transporte",782,"Transporte Rodoviário"
37050,15,"Urbanismo",451,"Infraestrutura Urbana "
41517,23,"Comércio e Serviços",695,"Turismo"
37015,8,"Assistência Social",244,"Assistência Comunitária"
36983,15,"Urbanismo",451,"Infraestrutura Urbana "
36995,15,"Urbanismo",451,"Infraestrutura Urbana "
44337,15,"Urbanismo",451,"Infraestrutura Urbana "
42166,23,"Comércio e Serviços",695,"Turismo"
41630,15,"Urbanismo",451,"Infraestrutura Urbana "
46909,10,"Saúde",301,"Atenção Básica"
37030,27,"Desporto e Lazer",812,"Desporto Comunitário"
42189,8,"Assistência Social",245,"Serviços Socioassistenciais"
42533,11,"Trabalho",333,"Empregabilidade"
39212,27,"Desporto e Lazer",812,"Desporto Comunitário"
37003,27,"Desporto e Lazer",812,"Desporto Comunitário"
45918,20,"Agricultura",608,"Promoção da Produção Agropecuária"
37060,15,"Urbanismo",451,"Infraestrutura Urbana "
42019,12,"Educação",361,"Ensino Fundamental"
37008,15,"Urbanismo",451,"Infraestrutura Urbana "
45843,23,"Comércio e Serviços",691,"Promoção Comercial"
36988,15,"Urbanismo",451,"Infraestrutura Urbana "
39819,15,"Urbanismo",451,"Infraestrutura Urbana "
42854,15,"Urbanismo",451,"Infraestrutura Urbana "
37034,27,"Desporto e Lazer",813,"Lazer"
45410,27,"Desporto e Lazer",812,"Desporto Comunitário"
45548,20,"Agricultura",608,"Promoção da Produção Agropecuária"
42246,27,"Desporto e Lazer",812,"Desporto Comunitário"
37041,20,"Agricultura",608,"Promoção da Produção Agropecuária"
39863,20,"Agricultura",608,"Promoção da Produção Agropecuária"
44469,13,"Cultura",392,"Difusão Cultural"
36994,20,"Agricultura",608,"Promoção da Produção Agropecuária"
46519,14,"Direitos da Cidadania",422,"Direitos Individuais, Coletivos e Difusos"
41518,20,"Agricultura",608,"Promoção da Produção Agropecuária"
47179,10,"Saúde",302,"Assistência Hospitalar e Ambulatorial"
44458,20,"Agricultura",608,"Promoção da Produção Agropecuária"
37206,20,"Agricultura",608,"Promoção da Produção Agropecuária"
40876,8,"Assistência Social",245,"Serviços Socioassistenciais"
40876,8,"Assistência Social",241,"Assistência ao Idoso"
40876,8,"Assistência Social",243,"Assistência à Criança e ao Adolescente"
40876,8,"Assistência Social",244,"Assistência Comunitária"
44528,15,"Urbanismo",451,"Infraestrutura Urbana "
41526,15,"Urbanismo",451,"Infraestrutura Urbana "
39869,15,"Urbanismo",451,"Infraestrutura Urbana "
44779,15,"Urbanismo",451,"Infraestrutura Urbana "
38821,15,"Urbanismo",451,"Infraestrutura Urbana "
41183,8,"Assistência Social",244,"Assistência Comunitária"
37933,27,"Desporto e Lazer",811,"Desporto de Rendimento"
37438,15,"Urbanismo",451,"Infraestrutura Urbana "
38537,15,"Urbanismo",451,"Infraestrutura Urbana "
37053,27,"Desporto e Lazer",812,"Desporto Comunitário"
40230,15,"Urbanismo",451,"Infraestrutura Urbana "
37023,20,"Agricultura",608,"Promoção da Produção Agropecuária"
39817,20,"Agricultura",608,"Promoção da Produção Agropecuária"
41635,15,"Urbanismo",451,"Infraestrutura Urbana "
41022,15,"Urbanismo",451,"Infraestrutura Urbana "
39804,10,"Saúde",301,"Atenção Básica"
42754,20,"Agricultura",608,"Promoção da Produção Agropecuária"
41525,20,"Agricultura",608,"Promoção da Produção Agropecuária"
38869,20,"Agricultura",608,"Promoção da Produção Agropecuária"
45228,23,"Comércio e Serviços",692,"Comercialização"
45798,23,"Comércio e Serviços",691,"Promoção Comercial"
46247,23,"Comércio e Serviços",695,"Turismo"
45932,23,"Comércio e Serviços",691,"Promoção Comercial"
38914,6,"Segurança Pública",181,"Policiamento"
46518,20,"Agricultura",608,"Promoção da Produção Agropecuária"
38832,27,"Desporto e Lazer",812,"Desporto Comunitário"
43357,15,"Urbanismo",451,"Infraestrutura Urbana "
37044,15,"Urbanismo",451,"Infraestrutura Urbana "
38270,8,"Assistência Social",244,"Assistência Comunitária"
41745,20,"Agricultura",608,"Promoção da Produção Agropecuária"
44279,23,"Comércio e Serviços",695,"Turismo"
46091,23,"Comércio e Serviços",691,"Promoção Comercial"
38826,10,"Saúde",302,"Assistência Hospitalar e Ambulatorial"
44361,15,"Urbanismo",451,"Infraestrutura Urbana "
37067,15,"Urbanismo",451,"Infraestrutura Urbana "
41748,20,"Agricultura",608,"Promoção da Produção Agropecuária"
43516,27,"Desporto e Lazer",812,"Desporto Comunitário"
41643,27,"Desporto e Lazer",813,"Lazer"
44339,27,"Desporto e Lazer",813,"Lazer"
39831,8,"Assistência Social",245,"Serviços Socioassistenciais"
39322,10,"Saúde",301,"Atenção Básica"
38150,26,"Transporte",782,"Transporte Rodoviário"
46471,15,"Urbanismo",451,"Infraestrutura Urbana "
37107,8,"Assistência Social",244,"Assistência Comunitária"
41649,20,"Agricultura",608,"Promoção da Produção Agropecuária"
39834,20,"Agricultura",608,"Promoção da Produção Agropecuária"
43603,12,"Educação",368,"Educação Básica"
37273,15,"Urbanismo",451,"Infraestrutura Urbana "
41720,15,"Urbanismo",127,"Ordenamento Territorial"
42762,23,"Comércio e Serviços",695,"Turismo"
37013,20,"Agricultura",606,"Extensão Rural"
37074,8,"Assistência Social",244,"Assistência Comunitária"
44575,20,"Agricultura",605,"Abastecimento"
38771,6,"Segurança Pública",181,"Policiamento"
44306,20,"Agricultura",608,"Promoção da Produção Agropecuária"
44561,15,"Urbanismo",451,"Infraestrutura Urbana "
44561,27,"Desporto e Lazer",812,"Desporto Comunitário"
41522,23,"Comércio e Serviços",695,"Turismo"
37027,27,"Desporto e Lazer",812,"Desporto Comunitário"
37496,8,"Assistência Social",244,"Assistência Comunitária"
38839,20,"Agricultura",608,"Promoção da Produção Agropecuária"
37077,15,"Urbanismo",451,"Infraestrutura Urbana "
37024,20,"Agricultura",608,"Promoção da Produção Agropecuária"
38626,27,"Desporto e Lazer",813,"Lazer"
41030,15,"Urbanismo",451,"Infraestrutura Urbana "
38408,13,"Cultura",392,"Difusão Cultural"
37479,15,"Urbanismo",451,"Infraestrutura Urbana "
38856,15,"Urbanismo",451,"Infraestrutura Urbana "
43137,15,"Urbanismo",451,"Infraestrutura Urbana "
45465,8,"Assistência Social",245,"Serviços Socioassistenciais"
45553,15,"Urbanismo",451,"Infraestrutura Urbana "
37063,23,"Comércio e Serviços",695,"Turismo"
39054,6,"Segurança Pública",182,"Defesa Civil"
39127,27,"Desporto e Lazer",812,"Desporto Comunitário"
37090,13,"Cultura",392,"Difusão Cultural"
41940,15,"Urbanismo",451,"Infraestrutura Urbana "
46601,8,"Assistência Social",245,"Serviços Socioassistenciais"
37126,15,"Urbanismo",451,"Infraestrutura Urbana "
38151,15,"Urbanismo",451,"Infraestrutura Urbana "
41725,15,"Urbanismo",451,"Infraestrutura Urbana "
41648,26,"Transporte",782,"Transporte Rodoviário"
43335,27,"Desporto e Lazer",812,"Desporto Comunitário"
42575,13,"Cultura",392,"Difusão Cultural"
41746,8,"Assistência Social",245,"Serviços Socioassistenciais"
42912,12,"Educação",368,"Educação Básica"
46949,8,"Assistência Social",241,"Assistência ao Idoso"
41627,10,"Saúde",301,"Atenção Básica"
43130,20,"Agricultura",608,"Promoção da Produção Agropecuária"
37031,27,"Desporto e Lazer",813,"Lazer"
40040,20,"Agricultura",608,"Promoção da Produção Agropecuária"
42176,8,"Assistência Social",245,"Serviços Socioassistenciais"
41740,10,"Saúde",301,"Atenção Básica"
40302,20,"Agricultura",608,"Promoção da Produção Agropecuária"
37430,15,"Urbanismo",451,"Infraestrutura Urbana "
39934,15,"Urbanismo",451,"Infraestrutura Urbana "
38994,15,"Urbanismo",451,"Infraestrutura Urbana "
41752,15,"Urbanismo",451,"Infraestrutura Urbana "
46491,8,"Assistência Social",245,"Serviços Socioassistenciais"
41541,10,"Saúde",302,"Assistência Hospitalar e Ambulatorial"
46916,15,"Urbanismo",451,"Infraestrutura Urbana "
39601,15,"Urbanismo",451,"Infraestrutura Urbana "
43611,14,"Direitos da Cidadania",422,"Direitos Individuais, Coletivos e Difusos"
38847,20,"Agricultura",606,"Extensão Rural"
44685,18,"Gestão Ambiental",541,"Preservação e Conservação Ambiental"
45935,8,"Assistência Social",245,"Serviços Socioassistenciais"
41632,25,"Energia",751,"Conservação de Energia"
36993,15,"Urbanismo",451,"Infraestrutura Urbana "
38843,15,"Urbanismo",451,"Infraestrutura Urbana "
44582,15,"Urbanismo",451,"Infraestrutura Urbana "
42319,15,"Urbanismo",451,"Infraestrutura Urbana "
43622,14,"Direitos da Cidadania",422,"Direitos Individuais, Coletivos e Difusos"
44567,15,"Urbanismo",451,"Infraestrutura Urbana "
44567,12,"Educação",368,"Educação Básica"
39320,15,"Urbanismo",451,"Infraestrutura Urbana "
39931,15,"Urbanismo",452,"Serviços Urbanos"
41655,15,"Urbanismo",451,"Infraestrutura Urbana "
37166,15,"Urbanismo",451,"Infraestrutura Urbana "
41170,15,"Urbanismo",451,"Infraestrutura Urbana "
41548,15,"Urbanismo",451,"Infraestrutura Urbana "
41548,15,"Urbanismo",452,"Serviços Urbanos"
38638,23,"Comércio e Serviços",695,"Turismo"
41753,15,"Urbanismo",451,"Infraestrutura Urbana "
38859,23,"Comércio e Serviços",695,"Turismo"
37038,27,"Desporto e Lazer",813,"Lazer"
41749,23,"Comércio e Serviços",695,"Turismo"
44385,15,"Urbanismo",451,"Infraestrutura Urbana "
37083,6,"Segurança Pública",181,"Policiamento"
39861,10,"Saúde",301,"Atenção Básica"
41730,12,"Educação",361,"Ensino Fundamental"
37101,12,"Educação",365,"Educação Infantil"
40094,10,"Saúde",301,"Atenção Básica"
40094,10,"Saúde",302,"Assistência Hospitalar e Ambulatorial"
37066,15,"Urbanismo",451,"Infraestrutura Urbana "
46438,15,"Urbanismo",451,"Infraestrutura Urbana "
37726,15,"Urbanismo",451,"Infraestrutura Urbana "
44564,15,"Urbanismo",451,"Infraestrutura Urbana "
44615,15,"Urbanismo",451,"Infraestrutura Urbana "
41550,15,"Urbanismo",451,"Infraestrutura Urbana "
44408,15,"Urbanismo",451,"Infraestrutura Urbana "
44360,8,"Assistência Social",244,"Assistência Comunitária"
44751,27,"Desporto e Lazer",813,"Lazer"
42271,27,"Desporto e Lazer",812,"Desporto Comunitário"
42271,27,"Desporto e Lazer",813,"Lazer"
44242,8,"Assistência Social",244,"Assistência Comunitária"
42089,8,"Assistência Social",244,"Assistência Comunitária"
41657,15,"Urbanismo",451,"Infraestrutura Urbana "
44630,10,"Saúde",302,"Assistência Hospitalar e Ambulatorial"
44636,20,"Agricultura",608,"Promoção da Produção Agropecuária"
42495,8,"Assistência Social",245,"Serviços Socioassistenciais"
42590,6,"Segurança Pública",181,"Policiamento"
45216,12,"Educação",364,"Ensino Superior"
43840,20,"Agricultura",606,"Extensão Rural"
44409,10,"Saúde",301,"Atenção Básica"
47004,15,"Urbanismo",451,"Infraestrutura Urbana "
43830,15,"Urbanismo",451,"Infraestrutura Urbana "
39873,15,"Urbanismo",451,"Infraestrutura Urbana "
41658,23,"Comércio e Serviços",695,"Turismo"
39406,20,"Agricultura",608,"Promoção da Produção Agropecuária"
46894,12,"Educação",368,"Educação Básica"
41663,10,"Saúde",302,"Assistência Hospitalar e Ambulatorial"
40307,15,"Urbanismo",451,"Infraestrutura Urbana "
44489,8,"Assistência Social",245,"Serviços Socioassistenciais"
40345,23,"Comércio e Serviços",695,"Turismo"
46171,8,"Assistência Social",245,"Serviços Socioassistenciais"
39881,23,"Comércio e Serviços",695,"Turismo"
39909,15,"Urbanismo",451,"Infraestrutura Urbana "
47042,6,"Segurança Pública",181,"Policiamento"
47042,6,"Segurança Pública",182,"Defesa Civil"
47042,6,"Segurança Pública",183,"Informação e Inteligência"
47042,8,"Assistência Social",241,"Assistência ao Idoso"
47042,8,"Assistência Social",242,"Assistência ao Portador de Deficiência"
47042,8,"Assistência Social",243,"Assistência à Criança e ao Adolescente"
47042,8,"Assistência Social",244,"Assistência Comunitária"
47042,8,"Assistência Social",245,"Serviços Socioassistenciais"
47042,8,"Assistência Social",246,"Segurança de Renda"
47042,10,"Saúde",126,"Tecnologia da Informação"
47042,10,"Saúde",128,"Formação de Recursos Humanos"
47042,10,"Saúde",301,"Atenção Básica"
47042,10,"Saúde",302,"Assistência Hospitalar e Ambulatorial"
47042,10,"Saúde",303,"Suporte Profilático e Terapêutico"
47042,10,"Saúde",304,"Vigilância Sanitária"
47042,10,"Saúde",305,"Vigilância Epidemiológica"
47042,10,"Saúde",306,"Alimentação e Nutrição"
47042,11,"Trabalho",331,"Proteção e Benefícios ao Trabalhador"
47042,11,"Trabalho",332,"Relações de Trabalho"
47042,11,"Trabalho",333,"Empregabilidade"
47042,11,"Trabalho",334,"Fomento ao Trabalho"
47042,12,"Educação",361,"Ensino Fundamental"
47042,12,"Educação",362,"Ensino Médio"
47042,12,"Educação",363,"Ensino Profissional"
47042,12,"Educação",364,"Ensino Superior"
47042,12,"Educação",365,"Educação Infantil"
47042,12,"Educação",366,"Educação de Jovens e Adultos"
47042,12,"Educação",367,"Educação Especial"
47042,12,"Educação",368,"Educação Básica"
47042,13,"Cultura",391,"Patrimônio Histórico, Artístico e Arqueológico"
47042,13,"Cultura",392,"Difusão Cultural"
47042,14,"Direitos da Cidadania",421,"Custódia e Reintegração Social"
47042,14,"Direitos da Cidadania",422,"Direitos Individuais, Coletivos e Difusos"
47042,14,"Direitos da Cidadania",423,"Assistência aos Povos Indígenas"
47042,15,"Urbanismo",127,"Ordenamento Territorial"
47042,15,"Urbanismo",451,"Infraestrutura Urbana "
47042,15,"Urbanismo",452,"Serviços Urbanos"
47042,15,"Urbanismo",453,"Transportes Coletivos Urbanos"
47042,16,"Habitação",481,"Habitação Rural"
47042,16,"Habitação",482,"Habitação Urbana"
47042,17,"Saneamento",511,"Saneamento Básico Rural"
47042,17,"Saneamento",512,"Saneamento Básico Urbano"
47042,18,"Gestão Ambiental",541,"Preservação e Conservação Ambiental"
47042,18,"Gestão Ambiental",542,"Controle Ambiental"
47042,18,"Gestão Ambiental",543,"Recuperação de Áreas Degradadas"
47042,18,"Gestão Ambiental",544,"Recursos Hídricos"
47042,18,"Gestão Ambiental",545,"Meteorologia"
47042,19,"Ciência e Tecnologia",571,"Desenvolvimento Científico"
47042,19,"Ciência e Tecnologia",572,"Desenvolvimento Tecnológico e Engenharia"
47042,19,"Ciência e Tecnologia",573,"Difusão do Conhecimento Científico e Tecnológico"
47042,20,"Agricultura",605,"Abastecimento"
47042,20,"Agricultura",606,"Extensão Rural"
47042,20,"Agricultura",607,"Irrigação"
47042,20,"Agricultura",608,"Promoção da Produção Agropecuária"
47042,20,"Agricultura",609,"Defesa Agropecuária"
47042,21,"Organização Agrária",631,"Reforma Agrária"
47042,21,"Organização Agrária",632,"Colonização"
47042,22,"Indústria",661,"Promoção Industrial"
47042,22,"Indústria",662,"Produção Industrial"
47042,22,"Indústria",663,"Mineração"
47042,22,"Indústria",664,"Propriedade Industrial"
47042,22,"Indústria",665,"Normalização e Qualidade"
47042,23,"Comércio e Serviços",691,"Promoção Comercial"
47042,23,"Comércio e Serviços",692,"Comercialização"
47042,23,"Comércio e Serviços",693,"Comércio Exterior"
47042,23,"Comércio e Serviços",694,"Serviços Financeiros"
47042,23,"Comércio e Serviços",695,"Turismo"
47042,25,"Energia",751,"Conservação de Energia"
47042,25,"Energia",752,"Energia Elétrica"
47042,25,"Energia",753,"Combustíveis Minerais"
47042,25,"Energia",754,"Biocombustíveis "
47042,26,"Transporte",781,"Transporte Aéreo"
47042,26,"Transporte",782,"Transporte Rodoviário"
47042,26,"Transporte",783,"Transporte Ferroviário"
47042,26,"Transporte",784,"Transporte Hidroviário"
47042,26,"Transporte",785,"Transportes Especiais"
47042,27,"Desporto e Lazer",811,"Desporto de Rendimento"
47042,27,"Desporto e Lazer",812,"Desporto Comunitário"
47042,27,"Desporto e Lazer",813,"Lazer"
47040,20,"Agricultura",605,"Abastecimento"
47040,20,"Agricultura",606,"Extensão Rural"
47040,20,"Agricultura",607,"Irrigação"
47040,20,"Agricultura",608,"Promoção da Produção Agropecuária"
47040,20,"Agricultura",609,"Defesa Agropecuária"
47040,21,"Organização Agrária",631,"Reforma Agrária"
47040,21,"Organização Agrária",632,"Colonização"
47040,22,"Indústria",661,"Promoção Industrial"
47040,22,"Indústria",662,"Produção Industrial"
47040,22,"Indústria",663,"Mineração"
47040,22,"Indústria",664,"Propriedade Industrial"
47040,22,"Indústria",665,"Normalização e Qualidade"
47040,23,"Comércio e Serviços",691,"Promoção Comercial"
47040,23,"Comércio e Serviços",692,"Comercialização"
47040,23,"Comércio e Serviços",693,"Comércio Exterior"
47040,23,"Comércio e Serviços",694,"Serviços Financeiros"
47040,23,"Comércio e Serviços",695,"Turismo"
47040,25,"Energia",751,"Conservação de Energia"
47040,25,"Energia",752,"Energia Elétrica"
47040,25,"Energia",753,"Combustíveis Minerais"
47040,25,"Energia",754,"Biocombustíveis "
47040,26,"Transporte",781,"Transporte Aéreo"
47040,26,"Transporte",782,"Transporte Rodoviário"
47040,26,"Transporte",783,"Transporte Ferroviário"
47040,26,"Transporte",784,"Transporte Hidroviário"
47040,26,"Transporte",785,"Transportes Especiais"
47044,6,"Segurança Pública",181,"Policiamento"
47044,6,"Segurança Pública",182,"Defesa Civil"
47044,6,"Segurança Pública",183,"Informação e Inteligência"
47044,8,"Assistência Social",241,"Assistência ao Idoso"
47044,8,"Assistência Social",242,"Assistência ao Portador de Deficiência"
47044,8,"Assistência Social",243,"Assistência à Criança e ao Adolescente"
47044,8,"Assistência Social",244,"Assistência Comunitária"
47044,8,"Assistência Social",245,"Serviços Socioassistenciais"
47044,8,"Assistência Social",246,"Segurança de Renda"
47044,10,"Saúde",126,"Tecnologia da Informação"
47044,10,"Saúde",128,"Formação de Recursos Humanos"
47044,10,"Saúde",301,"Atenção Básica"
47044,10,"Saúde",302,"Assistência Hospitalar e Ambulatorial"
47044,10,"Saúde",303,"Suporte Profilático e Terapêutico"
47044,10,"Saúde",304,"Vigilância Sanitária"
47044,10,"Saúde",305,"Vigilância Epidemiológica"
47044,10,"Saúde",306,"Alimentação e Nutrição"
47044,11,"Trabalho",331,"Proteção e Benefícios ao Trabalhador"
47044,11,"Trabalho",332,"Relações de Trabalho"
47044,11,"Trabalho",333,"Empregabilidade"
47044,11,"Trabalho",334,"Fomento ao Trabalho"
47044,12,"Educação",361,"Ensino Fundamental"
47044,12,"Educação",362,"Ensino Médio"
47044,12,"Educação",363,"Ensino Profissional"
47044,12,"Educação",364,"Ensino Superior"
47044,12,"Educação",365,"Educação Infantil"
47044,12,"Educação",366,"Educação de Jovens e Adultos"
47044,12,"Educação",367,"Educação Especial"
47044,12,"Educação",368,"Educação Básica"
47044,13,"Cultura",391,"Patrimônio Histórico, Artístico e Arqueológico"
47044,13,"Cultura",392,"Difusão Cultural"
47044,14,"Direitos da Cidadania",421,"Custódia e Reintegração Social"
47044,14,"Direitos da Cidadania",422,"Direitos Individuais, Coletivos e Difusos"
47044,14,"Direitos da Cidadania",423,"Assistência aos Povos Indígenas"
47044,15,"Urbanismo",127,"Ordenamento Territorial"
47044,15,"Urbanismo",451,"Infraestrutura Urbana "
47044,15,"Urbanismo",452,"Serviços Urbanos"
47044,15,"Urbanismo",453,"Transportes Coletivos Urbanos"
47044,16,"Habitação",481,"Habitação Rural"
47044,16,"Habitação",482,"Habitação Urbana"
47044,17,"Saneamento",511,"Saneamento Básico Rural"
47044,17,"Saneamento",512,"Saneamento Básico Urbano"
47044,18,"Gestão Ambiental",541,"Preservação e Conservação Ambiental"
47044,18,"Gestão Ambiental",542,"Controle Ambiental"
47044,18,"Gestão Ambiental",543,"Recuperação de Áreas Degradadas"
47044,18,"Gestão Ambiental",544,"Recursos Hídricos"
47044,18,"Gestão Ambiental",545,"Meteorologia"
47044,19,"Ciência e Tecnologia",571,"Desenvolvimento Científico"
47044,19,"Ciência e Tecnologia",572,"Desenvolvimento Tecnológico e Engenharia"
47044,19,"Ciência e Tecnologia",573,"Difusão do Conhecimento Científico e Tecnológico"
47044,20,"Agricultura",605,"Abastecimento"
47044,20,"Agricultura",606,"Extensão Rural"
47044,20,"Agricultura",607,"Irrigação"
47044,20,"Agricultura",608,"Promoção da Produção Agropecuária"
47044,20,"Agricultura",609,"Defesa Agropecuária"
47044,21,"Organização Agrária",631,"Reforma Agrária"
47044,21,"Organização Agrária",632,"Colonização"
47044,22,"Indústria",661,"Promoção Industrial"
47044,22,"Indústria",662,"Produção Industrial"
47044,22,"Indústria",663,"Mineração"
47044,22,"Indústria",664,"Propriedade Industrial"
47044,22,"Indústria",665,"Normalização e Qualidade"
47044,23,"Comércio e Serviços",691,"Promoção Comercial"
47044,23,"Comércio e Serviços",692,"Comercialização"
47044,23,"Comércio e Serviços",693,"Comércio Exterior"
47044,23,"Comércio e Serviços",694,"Serviços Financeiros"
47044,23,"Comércio e Serviços",695,"Turismo"
47044,25,"Energia",751,"Conservação de Energia"
47044,25,"Energia",752,"Energia Elétrica"
47044,25,"Energia",753,"Combustíveis Minerais"
47044,25,"Energia",754,"Biocombustíveis "
47044,26,"Transporte",781,"Transporte Aéreo"
47044,26,"Transporte",782,"Transporte Rodoviário"
47044,26,"Transporte",783,"Transporte Ferroviário"
47044,26,"Transporte",784,"Transporte Hidroviário"
47044,26,"Transporte",785,"Transportes Especiais"
47044,27,"Desporto e Lazer",811,"Desporto de Rendimento"
47044,27,"Desporto e Lazer",812,"Desporto Comunitário"
47044,27,"Desporto e Lazer",813,"Lazer"
38889,13,"Cultura",392,"Difusão Cultural"
44146,15,"Urbanismo",451,"Infraestrutura Urbana "
47050,15,"Urbanismo",451,"Infraestrutura Urbana "
45454,12,"Educação",368,"Educação Básica"
43991,8,"Assistência Social",243,"Assistência à Criança e ao Adolescente"
43991,8,"Assistência Social",244,"Assistência Comunitária"
43180,20,"Agricultura",608,"Promoção da Produção Agropecuária"
46290,27,"Desporto e Lazer",811,"Desporto de Rendimento"
46290,27,"Desporto e Lazer",812,"Desporto Comunitário"
46290,27,"Desporto e Lazer",813,"Lazer"
41316,15,"Urbanismo",451,"Infraestrutura Urbana "
46273,10,"Saúde",302,"Assistência Hospitalar e Ambulatorial"
41973,23,"Comércio e Serviços",695,"Turismo"
40232,15,"Urbanismo",451,"Infraestrutura Urbana "
43136,15,"Urbanismo",451,"Infraestrutura Urbana "
46370,15,"Urbanismo",451,"Infraestrutura Urbana "
43026,15,"Urbanismo",451,"Infraestrutura Urbana "
37085,15,"Urbanismo",451,"Infraestrutura Urbana "
45188,11,"Trabalho",334,"Fomento ao Trabalho"
41665,6,"Segurança Pública",181,"Policiamento"
41146,15,"Urbanismo",452,"Serviços Urbanos"
46572,23,"Comércio e Serviços",695,"Turismo"
38867,27,"Desporto e Lazer",812,"Desporto Comunitário"
37072,27,"Desporto e Lazer",812,"Desporto Comunitário"
37032,20,"Agricultura",608,"Promoção da Produção Agropecuária"
37062,27,"Desporto e Lazer",812,"Desporto Comunitário"
37061,20,"Agricultura",608,"Promoção da Produção Agropecuária"
38827,27,"Desporto e Lazer",812,"Desporto Comunitário"
46581,8,"Assistência Social",245,"Serviços Socioassistenciais"
38981,23,"Comércio e Serviços",695,"Turismo"
39838,10,"Saúde",302,"Assistência Hospitalar e Ambulatorial"
39962,13,"Cultura",392,"Difusão Cultural"
44144,8,"Assistência Social",245,"Serviços Socioassistenciais"
46829,15,"Urbanismo",451,"Infraestrutura Urbana "
40158,20,"Agricultura",608,"Promoção da Produção Agropecuária"
39883,20,"Agricultura",608,"Promoção da Produção Agropecuária"
41666,15,"Urbanismo",451,"Infraestrutura Urbana "
47203,22,"Indústria",662,"Produção Industrial"
47203,22,"Indústria",664,"Propriedade Industrial"
37068,20,"Agricultura",608,"Promoção da Produção Agropecuária"
41664,20,"Agricultura",608,"Promoção da Produção Agropecuária"
38853,10,"Saúde",301,"Atenção Básica"
45942,23,"Comércio e Serviços",691,"Promoção Comercial"
45942,23,"Comércio e Serviços",695,"Turismo"
45942,27,"Desporto e Lazer",813,"Lazer"
39107,8,"Assistência Social",245,"Serviços Socioassistenciais"
38918,27,"Desporto e Lazer",812,"Desporto Comunitário"
46806,27,"Desporto e Lazer",813,"Lazer"
44586,10,"Saúde",302,"Assistência Hospitalar e Ambulatorial"
42212,8,"Assistência Social",245,"Serviços Socioassistenciais"
45273,15,"Urbanismo",451,"Infraestrutura Urbana "
41668,20,"Agricultura",608,"Promoção da Produção Agropecuária"
42033,15,"Urbanismo",451,"Infraestrutura Urbana "
42033,27,"Desporto e Lazer",813,"Lazer"
44433,8,"Assistência Social",245,"Serviços Socioassistenciais"
40026,20,"Agricultura",608,"Promoção da Produção Agropecuária"
46463,20,"Agricultura",608,"Promoção da Produção Agropecuária"
40000,15,"Urbanismo",451,"Infraestrutura Urbana "
41768,20,"Agricultura",606,"Extensão Rural"
42375,27,"Desporto e Lazer",813,"Lazer"
42284,20,"Agricultura",608,"Promoção da Produção Agropecuária"
45214,13,"Cultura",392,"Difusão Cultural"
39935,6,"Segurança Pública",181,"Policiamento"
42045,15,"Urbanismo",451,"Infraestrutura Urbana "
42053,20,"Agricultura",608,"Promoção da Produção Agropecuária"
44187,20,"Agricultura",608,"Promoção da Produção Agropecuária"
44187,20,"Agricultura",605,"Abastecimento"
44187,20,"Agricultura",606,"Extensão Rural"
45372,12,"Educação",361,"Ensino Fundamental"
43134,27,"Desporto e Lazer",812,"Desporto Comunitário"
43134,27,"Desporto e Lazer",813,"Lazer"
38761,15,"Urbanismo",451,"Infraestrutura Urbana "
38761,20,"Agricultura",605,"Abastecimento"
38761,20,"Agricultura",606,"Extensão Rural"
38761,20,"Agricultura",607,"Irrigação"
38761,20,"Agricultura",608,"Promoção da Produção Agropecuária"
38761,20,"Agricultura",609,"Defesa Agropecuária"
40048,13,"Cultura",392,"Difusão Cultural"
38921,27,"Desporto e Lazer",812,"Desporto Comunitário"
43320,18,"Gestão Ambiental",542,"Controle Ambiental"
47018,27,"Desporto e Lazer",812,"Desporto Comunitário"
41672,15,"Urbanismo",451,"Infraestrutura Urbana "
46328,8,"Assistência Social",244,"Assistência Comunitária"
41924,15,"Urbanismo",452,"Serviços Urbanos"
42323,23,"Comércio e Serviços",695,"Turismo"
42117,27,"Desporto e Lazer",812,"Desporto Comunitário"
42260,20,"Agricultura",608,"Promoção da Produção Agropecuária"
39990,15,"Urbanismo",451,"Infraestrutura Urbana "
38946,10,"Saúde",302,"Assistência Hospitalar e Ambulatorial"
42091,20,"Agricultura",608,"Promoção da Produção Agropecuária"
43294,15,"Urbanismo",451,"Infraestrutura Urbana "
37124,8,"Assistência Social",245,"Serviços Socioassistenciais"
42110,15,"Urbanismo",451,"Infraestrutura Urbana "
42154,15,"Urbanismo",127,"Ordenamento Territorial"
46074,15,"Urbanismo",451,"Infraestrutura Urbana "
41701,23,"Comércio e Serviços",695,"Turismo"
46048,13,"Cultura",392,"Difusão Cultural"
37064,15,"Urbanismo",451,"Infraestrutura Urbana "
41788,23,"Comércio e Serviços",695,"Turismo"
45094,27,"Desporto e Lazer",812,"Desporto Comunitário"
42324,20,"Agricultura",608,"Promoção da Produção Agropecuária"
37471,27,"Desporto e Lazer",812,"Desporto Comunitário"
44833,15,"Urbanismo",451,"Infraestrutura Urbana "
41566,6,"Segurança Pública",181,"Policiamento"
40063,10,"Saúde",301,"Atenção Básica"
42068,15,"Urbanismo",451,"Infraestrutura Urbana "
41807,10,"Saúde",301,"Atenção Básica"
39933,23,"Comércio e Serviços",695,"Turismo"
38890,15,"Urbanismo",451,"Infraestrutura Urbana "
46751,6,"Segurança Pública",181,"Policiamento"
47031,10,"Saúde",301,"Atenção Básica"
47032,8,"Assistência Social",244,"Assistência Comunitária"
47021,10,"Saúde",301,"Atenção Básica"
44523,10,"Saúde",305,"Vigilância Epidemiológica"
47016,20,"Agricultura",606,"Extensão Rural"
42405,20,"Agricultura",606,"Extensão Rural"
47030,10,"Saúde",303,"Suporte Profilático e Terapêutico"
42453,15,"Urbanismo",451,"Infraestrutura Urbana "
42129,15,"Urbanismo",451,"Infraestrutura Urbana "
42180,15,"Urbanismo",451,"Infraestrutura Urbana "
45244,8,"Assistência Social",245,"Serviços Socioassistenciais"
46700,20,"Agricultura",605,"Abastecimento"
45757,23,"Comércio e Serviços",695,"Turismo"
42870,12,"Educação",361,"Ensino Fundamental"
40998,15,"Urbanismo",451,"Infraestrutura Urbana "
37865,6,"Segurança Pública",181,"Policiamento"
41852,15,"Urbanismo",451,"Infraestrutura Urbana "
42790,8,"Assistência Social",244,"Assistência Comunitária"
42791,8,"Assistência Social",244,"Assistência Comunitária"
37009,10,"Saúde",302,"Assistência Hospitalar e Ambulatorial"
44075,20,"Agricultura",608,"Promoção da Produção Agropecuária"
37138,6,"Segurança Pública",181,"Policiamento"
46434,15,"Urbanismo",451,"Infraestrutura Urbana "
37922,6,"Segurança Pública",181,"Policiamento"
42122,27,"Desporto e Lazer",813,"Lazer"
42755,20,"Agricultura",608,"Promoção da Produção Agropecuária"
42256,23,"Comércio e Serviços",695,"Turismo"
38023,6,"Segurança Pública",182,"Defesa Civil"
38011,6,"Segurança Pública",182,"Defesa Civil"
46905,6,"Segurança Pública",183,"Informação e Inteligência"
37104,15,"Urbanismo",451,"Infraestrutura Urbana "
40680,15,"Urbanismo",452,"Serviços Urbanos"
45544,15,"Urbanismo",451,"Infraestrutura Urbana "
37121,15,"Urbanismo",451,"Infraestrutura Urbana "
37550,15,"Urbanismo",451,"Infraestrutura Urbana "
45532,15,"Urbanismo",451,"Infraestrutura Urbana "
45065,13,"Cultura",392,"Difusão Cultural"
40317,23,"Comércio e Serviços",695,"Turismo"
38581,15,"Urbanismo",451,"Infraestrutura Urbana "
37073,20,"Agricultura",608,"Promoção da Produção Agropecuária"
47245,27,"Desporto e Lazer",813,"Lazer"
41997,20,"Agricultura",608,"Promoção da Produção Agropecuária"
45121,15,"Urbanismo",451,"Infraestrutura Urbana "
44832,13,"Cultura",392,"Difusão Cultural"
43151,15,"Urbanismo",451,"Infraestrutura Urbana "
39963,15,"Urbanismo",451,"Infraestrutura Urbana "
46539,20,"Agricultura",608,"Promoção da Produção Agropecuária"
42047,15,"Urbanismo",451,"Infraestrutura Urbana "
39815,13,"Cultura",392,"Difusão Cultural"
43521,8,"Assistência Social",245,"Serviços Socioassistenciais"
45058,23,"Comércio e Serviços",695,"Turismo"
37146,8,"Assistência Social",244,"Assistência Comunitária"
37112,20,"Agricultura",608,"Promoção da Produção Agropecuária"
44515,20,"Agricultura",608,"Promoção da Produção Agropecuária"
37115,15,"Urbanismo",451,"Infraestrutura Urbana "
38924,23,"Comércio e Serviços",695,"Turismo"
41802,12,"Educação",368,"Educação Básica"
42766,10,"Saúde",301,"Atenção Básica"
47453,20,"Agricultura",608,"Promoção da Produção Agropecuária"
42635,23,"Comércio e Serviços",695,"Turismo"
44466,23,"Comércio e Serviços",695,"Turismo"
41814,6,"Segurança Pública",181,"Policiamento"
37110,27,"Desporto e Lazer",813,"Lazer"
41974,18,"Gestão Ambiental",541,"Preservação e Conservação Ambiental"
42588,15,"Urbanismo",451,"Infraestrutura Urbana "
42361,23,"Comércio e Serviços",695,"Turismo"
45246,27,"Desporto e Lazer",812,"Desporto Comunitário"
42449,15,"Urbanismo",451,"Infraestrutura Urbana "
47027,15,"Urbanismo",451,"Infraestrutura Urbana "
42017,8,"Assistência Social",245,"Serviços Socioassistenciais"
41790,27,"Desporto e Lazer",812,"Desporto Comunitário"
41790,27,"Desporto e Lazer",813,"Lazer"
47049,15,"Urbanismo",451,"Infraestrutura Urbana "
39051,27,"Desporto e Lazer",812,"Desporto Comunitário"
47026,10,"Saúde",301,"Atenção Básica"
47054,15,"Urbanismo",451,"Infraestrutura Urbana "
47055,27,"Desporto e Lazer",813,"Lazer"
47059,15,"Urbanismo",451,"Infraestrutura Urbana "
47057,27,"Desporto e Lazer",813,"Lazer"
47056,15,"Urbanismo",451,"Infraestrutura Urbana "
47060,27,"Desporto e Lazer",812,"Desporto Comunitário"
47061,15,"Urbanismo",451,"Infraestrutura Urbana "
46683,15,"Urbanismo",451,"Infraestrutura Urbana "
42261,6,"Segurança Pública",181,"Policiamento"
39903,27,"Desporto e Lazer",812,"Desporto Comunitário"
44730,27,"Desporto e Lazer",813,"Lazer"
41868,12,"Educação",361,"Ensino Fundamental"
41991,15,"Urbanismo",451,"Infraestrutura Urbana "
42969,20,"Agricultura",608,"Promoção da Produção Agropecuária"
45067,10,"Saúde",306,"Alimentação e Nutrição"
41269,20,"Agricultura",608,"Promoção da Produção Agropecuária"
47036,27,"Desporto e Lazer",812,"Desporto Comunitário"
47036,27,"Desporto e Lazer",813,"Lazer"
40089,15,"Urbanismo",451,"Infraestrutura Urbana "
47020,6,"Segurança Pública",182,"Defesa Civil"
40757,23,"Comércio e Serviços",695,"Turismo"
46004,15,"Urbanismo",451,"Infraestrutura Urbana "
45479,15,"Urbanismo",451,"Infraestrutura Urbana "
41977,27,"Desporto e Lazer",812,"Desporto Comunitário"
42073,27,"Desporto e Lazer",812,"Desporto Comunitário"
42643,20,"Agricultura",608,"Promoção da Produção Agropecuária"
44774,16,"Habitação",481,"Habitação Rural"
41988,20,"Agricultura",608,"Promoção da Produção Agropecuária"
38691,23,"Comércio e Serviços",691,"Promoção Comercial"
44462,8,"Assistência Social",245,"Serviços Socioassistenciais"
42096,12,"Educação",365,"Educação Infantil"
46385,20,"Agricultura",608,"Promoção da Produção Agropecuária"
39430,23,"Comércio e Serviços",695,"Turismo"
46057,23,"Comércio e Serviços",695,"Turismo"
44238,12,"Educação",368,"Educação Básica"
47024,26,"Transporte",782,"Transporte Rodoviário"
47017,26,"Transporte",782,"Transporte Rodoviário"
47046,26,"Transporte",782,"Transporte Rodoviário"
41938,11,"Trabalho",334,"Fomento ao Trabalho"
47037,15,"Urbanismo",451,"Infraestrutura Urbana "
45436,20,"Agricultura",608,"Promoção da Produção Agropecuária"
45008,20,"Agricultura",608,"Promoção da Produção Agropecuária"
39956,15,"Urbanismo",451,"Infraestrutura Urbana "
42011,15,"Urbanismo",451,"Infraestrutura Urbana "
42255,20,"Agricultura",608,"Promoção da Produção Agropecuária"
42112,15,"Urbanismo",451,"Infraestrutura Urbana "
41947,15,"Urbanismo",451,"Infraestrutura Urbana "
44467,15,"Urbanismo",451,"Infraestrutura Urbana "
42016,15,"Urbanismo",451,"Infraestrutura Urbana "
37553,15,"Urbanismo",452,"Serviços Urbanos"
47045,23,"Comércio e Serviços",695,"Turismo"
41837,15,"Urbanismo",451,"Infraestrutura Urbana "
39983,20,"Agricultura",605,"Abastecimento"
46341,15,"Urbanismo",451,"Infraestrutura Urbana "
38411,15,"Urbanismo",451,"Infraestrutura Urbana "
38906,15,"Urbanismo",451,"Infraestrutura Urbana "
41860,27,"Desporto e Lazer",812,"Desporto Comunitário"
41986,27,"Desporto e Lazer",812,"Desporto Comunitário"
41825,13,"Cultura",392,"Difusão Cultural"
42264,8,"Assistência Social",245,"Serviços Socioassistenciais"
42385,13,"Cultura",392,"Difusão Cultural"
45009,6,"Segurança Pública",183,"Informação e Inteligência"
44874,15,"Urbanismo",451,"Infraestrutura Urbana "
42063,10,"Saúde",302,"Assistência Hospitalar e Ambulatorial"
37276,15,"Urbanismo",451,"Infraestrutura Urbana "
40780,15,"Urbanismo",451,"Infraestrutura Urbana "
46647,15,"Urbanismo",451,"Infraestrutura Urbana "
38927,20,"Agricultura",605,"Abastecimento"
46487,23,"Comércio e Serviços",695,"Turismo"
46627,15,"Urbanismo",451,"Infraestrutura Urbana "
38975,23,"Comércio e Serviços",695,"Turismo"
46308,15,"Urbanismo",451,"Infraestrutura Urbana "
46558,15,"Urbanismo",451,"Infraestrutura Urbana "
44993,13,"Cultura",392,"Difusão Cultural"
38917,15,"Urbanismo",451,"Infraestrutura Urbana "
43952,18,"Gestão Ambiental",544,"Recursos Hídricos"
46566,23,"Comércio e Serviços",695,"Turismo"
42106,23,"Comércio e Serviços",695,"Turismo"
47029,15,"Urbanismo",127,"Ordenamento Territorial"
40001,20,"Agricultura",608,"Promoção da Produção Agropecuária"
45405,15,"Urbanismo",451,"Infraestrutura Urbana "
42094,13,"Cultura",392,"Difusão Cultural"
40022,6,"Segurança Pública",181,"Policiamento"
42070,15,"Urbanismo",451,"Infraestrutura Urbana "
44980,13,"Cultura",392,"Difusão Cultural"
42327,23,"Comércio e Serviços",695,"Turismo"
44531,27,"Desporto e Lazer",813,"Lazer"
45422,20,"Agricultura",608,"Promoção da Produção Agropecuária"
42125,16,"Habitação",481,"Habitação Rural"
42419,20,"Agricultura",608,"Promoção da Produção Agropecuária"
42272,20,"Agricultura",608,"Promoção da Produção Agropecuária"
46314,12,"Educação",361,"Ensino Fundamental"
42603,10,"Saúde",302,"Assistência Hospitalar e Ambulatorial"
42408,20,"Agricultura",608,"Promoção da Produção Agropecuária"
44967,12,"Educação",361,"Ensino Fundamental"
42258,13,"Cultura",392,"Difusão Cultural"
42076,15,"Urbanismo",451,"Infraestrutura Urbana "
42356,15,"Urbanismo",451,"Infraestrutura Urbana "
40050,15,"Urbanismo",451,"Infraestrutura Urbana "
42615,15,"Urbanismo",451,"Infraestrutura Urbana "
41908,13,"Cultura",392,"Difusão Cultural"
42662,20,"Agricultura",608,"Promoção da Produção Agropecuária"
42414,20,"Agricultura",608,"Promoção da Produção Agropecuária"
42328,16,"Habitação",482,"Habitação Urbana"
41946,6,"Segurança Pública",181,"Policiamento"
42562,27,"Desporto e Lazer",813,"Lazer"
42355,15,"Urbanismo",451,"Infraestrutura Urbana "
40060,15,"Urbanismo",451,"Infraestrutura Urbana "
42275,15,"Urbanismo",451,"Infraestrutura Urbana "
38952,15,"Urbanismo",451,"Infraestrutura Urbana "
42454,15,"Urbanismo",451,"Infraestrutura Urbana "
41883,15,"Urbanismo",451,"Infraestrutura Urbana "
44520,23,"Comércio e Serviços",695,"Turismo"
42450,15,"Urbanismo",451,"Infraestrutura Urbana "
42659,23,"Comércio e Serviços",695,"Turismo"
42567,20,"Agricultura",608,"Promoção da Produção Agropecuária"
44270,8,"Assistência Social",245,"Serviços Socioassistenciais"
47211,15,"Urbanismo",451,"Infraestrutura Urbana "
37122,15,"Urbanismo",451,"Infraestrutura Urbana "
42468,17,"Saneamento",512,"Saneamento Básico Urbano"
42651,20,"Agricultura",606,"Extensão Rural"
42748,12,"Educação",361,"Ensino Fundamental"
42333,27,"Desporto e Lazer",812,"Desporto Comunitário"
42708,23,"Comércio e Serviços",695,"Turismo"
41861,16,"Habitação",482,"Habitação Urbana"
44771,20,"Agricultura",608,"Promoção da Produção Agropecuária"
46432,10,"Saúde",301,"Atenção Básica"
45704,26,"Transporte",782,"Transporte Rodoviário"
42957,20,"Agricultura",608,"Promoção da Produção Agropecuária"
41009,10,"Saúde",301,"Atenção Básica"
45783,23,"Comércio e Serviços",695,"Turismo"
37117,15,"Urbanismo",451,"Infraestrutura Urbana "
41467,15,"Urbanismo",451,"Infraestrutura Urbana "
46133,15,"Urbanismo",451,"Infraestrutura Urbana "
39041,27,"Desporto e Lazer",813,"Lazer"
45453,14,"Direitos da Cidadania",422,"Direitos Individuais, Coletivos e Difusos"
41472,10,"Saúde",301,"Atenção Básica"
38942,20,"Agricultura",608,"Promoção da Produção Agropecuária"
45292,14,"Direitos da Cidadania",422,"Direitos Individuais, Coletivos e Difusos"
45292,8,"Assistência Social",243,"Assistência à Criança e ao Adolescente"
40201,23,"Comércio e Serviços",695,"Turismo"
45495,20,"Agricultura",605,"Abastecimento"
37145,27,"Desporto e Lazer",813,"Lazer"
39049,27,"Desporto e Lazer",812,"Desporto Comunitário"
40030,27,"Desporto e Lazer",813,"Lazer"
46870,20,"Agricultura",608,"Promoção da Produção Agropecuária"
40481,20,"Agricultura",608,"Promoção da Produção Agropecuária"
42282,16,"Habitação",482,"Habitação Urbana"
42653,27,"Desporto e Lazer",811,"Desporto de Rendimento"
41203,15,"Urbanismo",451,"Infraestrutura Urbana "
43712,12,"Educação",361,"Ensino Fundamental"
42526,15,"Urbanismo",451,"Infraestrutura Urbana "
42782,15,"Urbanismo",451,"Infraestrutura Urbana "
40176,27,"Desporto e Lazer",812,"Desporto Comunitário"
41904,15,"Urbanismo",451,"Infraestrutura Urbana "
42311,15,"Urbanismo",451,"Infraestrutura Urbana "
37136,15,"Urbanismo",451,"Infraestrutura Urbana "
38185,20,"Agricultura",608,"Promoção da Produção Agropecuária"
40029,27,"Desporto e Lazer",812,"Desporto Comunitário"
42358,27,"Desporto e Lazer",812,"Desporto Comunitário"
39294,10,"Saúde",301,"Atenção Básica"
40077,12,"Educação",365,"Educação Infantil"
39997,23,"Comércio e Serviços",695,"Turismo"
42649,23,"Comércio e Serviços",695,"Turismo"
42532,23,"Comércio e Serviços",695,"Turismo"
45810,23,"Comércio e Serviços",695,"Turismo"
40097,15,"Urbanismo",451,"Infraestrutura Urbana "
44558,20,"Agricultura",608,"Promoção da Produção Agropecuária"
42716,13,"Cultura",392,"Difusão Cultural"
42480,6,"Segurança Pública",182,"Defesa Civil"
42475,27,"Desporto e Lazer",812,"Desporto Comunitário"
45389,8,"Assistência Social",244,"Assistência Comunitária"
45389,8,"Assistência Social",245,"Serviços Socioassistenciais"
39805,15,"Urbanismo",451,"Infraestrutura Urbana "
37480,23,"Comércio e Serviços",695,"Turismo"
46190,15,"Urbanismo",451,"Infraestrutura Urbana "
46467,20,"Agricultura",608,"Promoção da Produção Agropecuária"
43585,27,"Desporto e Lazer",812,"Desporto Comunitário"
37640,15,"Urbanismo",451,"Infraestrutura Urbana "
37257,6,"Segurança Pública",181,"Policiamento"
42031,27,"Desporto e Lazer",811,"Desporto de Rendimento"
42031,27,"Desporto e Lazer",812,"Desporto Comunitário"
37169,16,"Habitação",482,"Habitação Urbana"
46458,15,"Urbanismo",451,"Infraestrutura Urbana "
39500,12,"Educação",368,"Educação Básica"
42398,12,"Educação",361,"Ensino Fundamental"
44866,12,"Educação",361,"Ensino Fundamental"
44866,12,"Educação",365,"Educação Infantil"
37295,15,"Urbanismo",451,"Infraestrutura Urbana "
44644,15,"Urbanismo",451,"Infraestrutura Urbana "
40039,20,"Agricultura",608,"Promoção da Produção Agropecuária"
44975,20,"Agricultura",608,"Promoção da Produção Agropecuária"
39443,26,"Transporte",785,"Transportes Especiais"
41870,20,"Agricultura",608,"Promoção da Produção Agropecuária"
42608,20,"Agricultura",608,"Promoção da Produção Agropecuária"
42740,27,"Desporto e Lazer",812,"Desporto Comunitário"
43310,15,"Urbanismo",451,"Infraestrutura Urbana "
42950,15,"Urbanismo",451,"Infraestrutura Urbana "
42581,20,"Agricultura",608,"Promoção da Produção Agropecuária"
45522,12,"Educação",361,"Ensino Fundamental"
42424,10,"Saúde",301,"Atenção Básica"
44071,8,"Assistência Social",245,"Serviços Socioassistenciais"
43998,27,"Desporto e Lazer",811,"Desporto de Rendimento"
39098,8,"Assistência Social",244,"Assistência Comunitária"
37616,18,"Gestão Ambiental",542,"Controle Ambiental"
40924,10,"Saúde",301,"Atenção Básica"
47258,10,"Saúde",304,"Vigilância Sanitária"
37196,15,"Urbanismo",451,"Infraestrutura Urbana "
41882,27,"Desporto e Lazer",812,"Desporto Comunitário"
42230,15,"Urbanismo",451,"Infraestrutura Urbana "
37625,27,"Desporto e Lazer",812,"Desporto Comunitário"
43089,15,"Urbanismo",451,"Infraestrutura Urbana "
37211,15,"Urbanismo",451,"Infraestrutura Urbana "
37217,15,"Urbanismo",451,"Infraestrutura Urbana "
44332,15,"Urbanismo",451,"Infraestrutura Urbana "
37855,15,"Urbanismo",451,"Infraestrutura Urbana "
37181,17,"Saneamento",511,"Saneamento Básico Rural"
38941,15,"Urbanismo",451,"Infraestrutura Urbana "
39393,15,"Urbanismo",451,"Infraestrutura Urbana "
39393,15,"Urbanismo",452,"Serviços Urbanos"
37226,15,"Urbanismo",451,"Infraestrutura Urbana "
45132,14,"Direitos da Cidadania",421,"Custódia e Reintegração Social"
38855,23,"Comércio e Serviços",695,"Turismo"
47250,15,"Urbanismo",451,"Infraestrutura Urbana "
47251,15,"Urbanismo",451,"Infraestrutura Urbana "
38963,15,"Urbanismo",451,"Infraestrutura Urbana "
46454,15,"Urbanismo",451,"Infraestrutura Urbana "
45613,15,"Urbanismo",451,"Infraestrutura Urbana "
37268,15,"Urbanismo",451,"Infraestrutura Urbana "
38120,15,"Urbanismo",451,"Infraestrutura Urbana "
37234,15,"Urbanismo",451,"Infraestrutura Urbana "
37255,15,"Urbanismo",451,"Infraestrutura Urbana "
37256,15,"Urbanismo",451,"Infraestrutura Urbana "
38123,20,"Agricultura",608,"Promoção da Produção Agropecuária"
37253,20,"Agricultura",608,"Promoção da Produção Agropecuária"
37946,27,"Desporto e Lazer",812,"Desporto Comunitário"
45696,12,"Educação",361,"Ensino Fundamental"
44406,15,"Urbanismo",452,"Serviços Urbanos"
44516,20,"Agricultura",608,"Promoção da Produção Agropecuária"
37299,16,"Habitação",482,"Habitação Urbana"
38249,6,"Segurança Pública",181,"Policiamento"
41916,25,"Energia",754,"Biocombustíveis "
43951,20,"Agricultura",608,"Promoção da Produção Agropecuária"
38470,15,"Urbanismo",451,"Infraestrutura Urbana "
42380,12,"Educação",361,"Ensino Fundamental"
40517,15,"Urbanismo",451,"Infraestrutura Urbana "
40015,15,"Urbanismo",451,"Infraestrutura Urbana "
45745,6,"Segurança Pública",181,"Policiamento"
38815,20,"Agricultura",608,"Promoção da Produção Agropecuária"
37280,10,"Saúde",301,"Atenção Básica"
38987,10,"Saúde",301,"Atenção Básica"
37519,23,"Comércio e Serviços",695,"Turismo"
42394,15,"Urbanismo",453,"Transportes Coletivos Urbanos"
43051,15,"Urbanismo",451,"Infraestrutura Urbana "
45363,15,"Urbanismo",453,"Transportes Coletivos Urbanos"
38430,17,"Saneamento",512,"Saneamento Básico Urbano"
43706,15,"Urbanismo",451,"Infraestrutura Urbana "
42589,15,"Urbanismo",451,"Infraestrutura Urbana "
42689,15,"Urbanismo",451,"Infraestrutura Urbana "
44949,15,"Urbanismo",451,"Infraestrutura Urbana "
41856,20,"Agricultura",608,"Promoção da Produção Agropecuária"
40084,13,"Cultura",392,"Difusão Cultural"
45142,15,"Urbanismo",451,"Infraestrutura Urbana "
39391,15,"Urbanismo",451,"Infraestrutura Urbana "
44917,13,"Cultura",392,"Difusão Cultural"
45379,8,"Assistência Social",245,"Serviços Socioassistenciais"
42102,10,"Saúde",301,"Atenção Básica"
44844,15,"Urbanismo",451,"Infraestrutura Urbana "
39257,15,"Urbanismo",451,"Infraestrutura Urbana "
41918,6,"Segurança Pública",181,"Policiamento"
44810,13,"Cultura",392,"Difusão Cultural"
42591,27,"Desporto e Lazer",812,"Desporto Comunitário"
42968,27,"Desporto e Lazer",813,"Lazer"
42753,20,"Agricultura",608,"Promoção da Produção Agropecuária"
42465,27,"Desporto e Lazer",812,"Desporto Comunitário"
44099,23,"Comércio e Serviços",695,"Turismo"
42182,15,"Urbanismo",451,"Infraestrutura Urbana "
45602,13,"Cultura",392,"Difusão Cultural"
42520,27,"Desporto e Lazer",813,"Lazer"
42458,27,"Desporto e Lazer",813,"Lazer"
45333,12,"Educação",361,"Ensino Fundamental"
44795,12,"Educação",365,"Educação Infantil"
42302,15,"Urbanismo",451,"Infraestrutura Urbana "
38718,15,"Urbanismo",451,"Infraestrutura Urbana "
42325,15,"Urbanismo",451,"Infraestrutura Urbana "
45618,8,"Assistência Social",245,"Serviços Socioassistenciais"
40017,15,"Urbanismo",451,"Infraestrutura Urbana "
39268,23,"Comércio e Serviços",695,"Turismo"
42466,6,"Segurança Pública",182,"Defesa Civil"
39088,20,"Agricultura",606,"Extensão Rural"
38578,15,"Urbanismo",451,"Infraestrutura Urbana "
44840,15,"Urbanismo",452,"Serviços Urbanos"
43046,15,"Urbanismo",451,"Infraestrutura Urbana "
45983,15,"Urbanismo",451,"Infraestrutura Urbana "
39097,23,"Comércio e Serviços",695,"Turismo"
47224,15,"Urbanismo",451,"Infraestrutura Urbana "
42798,21,"Organização Agrária",631,"Reforma Agrária"
47372,20,"Agricultura",608,"Promoção da Produção Agropecuária"
43461,20,"Agricultura",608,"Promoção da Produção Agropecuária"
42661,10,"Saúde",302,"Assistência Hospitalar e Ambulatorial"
42714,20,"Agricultura",608,"Promoção da Produção Agropecuária"
38953,15,"Urbanismo",451,"Infraestrutura Urbana "
39103,15,"Urbanismo",451,"Infraestrutura Urbana "
43106,27,"Desporto e Lazer",813,"Lazer"
46333,15,"Urbanismo",451,"Infraestrutura Urbana "
37901,15,"Urbanismo",451,"Infraestrutura Urbana "
37426,15,"Urbanismo",451,"Infraestrutura Urbana "
37283,15,"Urbanismo",451,"Infraestrutura Urbana "
37005,15,"Urbanismo",451,"Infraestrutura Urbana "
38995,15,"Urbanismo",451,"Infraestrutura Urbana "
39124,15,"Urbanismo",451,"Infraestrutura Urbana "
38800,15,"Urbanismo",451,"Infraestrutura Urbana "
44109,15,"Urbanismo",451,"Infraestrutura Urbana "
41867,15,"Urbanismo",451,"Infraestrutura Urbana "
39270,15,"Urbanismo",451,"Infraestrutura Urbana "
42779,15,"Urbanismo",451,"Infraestrutura Urbana "
44362,15,"Urbanismo",451,"Infraestrutura Urbana "
44300,15,"Urbanismo",451,"Infraestrutura Urbana "
37691,15,"Urbanismo",451,"Infraestrutura Urbana "
46872,15,"Urbanismo",451,"Infraestrutura Urbana "
43759,15,"Urbanismo",451,"Infraestrutura Urbana "
39853,20,"Agricultura",608,"Promoção da Produção Agropecuária"
40423,20,"Agricultura",608,"Promoção da Produção Agropecuária"
45484,20,"Agricultura",608,"Promoção da Produção Agropecuária"
42508,15,"Urbanismo",451,"Infraestrutura Urbana "
42977,15,"Urbanismo",451,"Infraestrutura Urbana "
46639,12,"Educação",361,"Ensino Fundamental"
44069,20,"Agricultura",606,"Extensão Rural"
38427,8,"Assistência Social",243,"Assistência à Criança e ao Adolescente"
45064,20,"Agricultura",608,"Promoção da Produção Agropecuária"
37284,20,"Agricultura",608,"Promoção da Produção Agropecuária"
40716,6,"Segurança Pública",181,"Policiamento"
38985,20,"Agricultura",608,"Promoção da Produção Agropecuária"
47035,20,"Agricultura",606,"Extensão Rural"
38330,15,"Urbanismo",451,"Infraestrutura Urbana "
37288,15,"Urbanismo",451,"Infraestrutura Urbana "
37086,15,"Urbanismo",451,"Infraestrutura Urbana "
38007,15,"Urbanismo",451,"Infraestrutura Urbana "
38613,15,"Urbanismo",451,"Infraestrutura Urbana "
37835,15,"Urbanismo",451,"Infraestrutura Urbana "
41865,15,"Urbanismo",451,"Infraestrutura Urbana "
37740,20,"Agricultura",608,"Promoção da Produção Agropecuária"
40842,15,"Urbanismo",451,"Infraestrutura Urbana "
38764,15,"Urbanismo",451,"Infraestrutura Urbana "
41804,15,"Urbanismo",451,"Infraestrutura Urbana "
38425,15,"Urbanismo",451,"Infraestrutura Urbana "
39598,20,"Agricultura",606,"Extensão Rural"
42470,20,"Agricultura",608,"Promoção da Produção Agropecuária"
42989,15,"Urbanismo",451,"Infraestrutura Urbana "
37035,15,"Urbanismo",451,"Infraestrutura Urbana "
40279,20,"Agricultura",605,"Abastecimento"
42724,15,"Urbanismo",451,"Infraestrutura Urbana "
40042,15,"Urbanismo",451,"Infraestrutura Urbana "
42145,13,"Cultura",392,"Difusão Cultural"
45036,6,"Segurança Pública",182,"Defesa Civil"
42471,15,"Urbanismo",451,"Infraestrutura Urbana "
47172,13,"Cultura",392,"Difusão Cultural"
38966,20,"Agricultura",608,"Promoção da Produção Agropecuária"
42187,20,"Agricultura",608,"Promoção da Produção Agropecuária"
40651,18,"Gestão Ambiental",541,"Preservação e Conservação Ambiental"
43512,8,"Assistência Social",245,"Serviços Socioassistenciais"
42823,10,"Saúde",301,"Atenção Básica"
45003,17,"Saneamento",512,"Saneamento Básico Urbano"
39610,15,"Urbanismo",451,"Infraestrutura Urbana "
39146,15,"Urbanismo",451,"Infraestrutura Urbana "
38122,15,"Urbanismo",451,"Infraestrutura Urbana "
37563,15,"Urbanismo",451,"Infraestrutura Urbana "
37320,15,"Urbanismo",451,"Infraestrutura Urbana "
42984,23,"Comércio e Serviços",695,"Turismo"
40052,15,"Urbanismo",451,"Infraestrutura Urbana "
39667,20,"Agricultura",606,"Extensão Rural"
46260,8,"Assistência Social",245,"Serviços Socioassistenciais"
40054,20,"Agricultura",605,"Abastecimento"
46689,27,"Desporto e Lazer",812,"Desporto Comunitário"
46689,27,"Desporto e Lazer",813,"Lazer"
42186,15,"Urbanismo",451,"Infraestrutura Urbana "
42557,6,"Segurança Pública",181,"Policiamento"
42558,6,"Segurança Pública",181,"Policiamento"
40067,27,"Desporto e Lazer",813,"Lazer"
42121,6,"Segurança Pública",181,"Policiamento"
43047,20,"Agricultura",608,"Promoção da Produção Agropecuária"
42690,20,"Agricultura",608,"Promoção da Produção Agropecuária"
42366,15,"Urbanismo",451,"Infraestrutura Urbana "
43933,12,"Educação",361,"Ensino Fundamental"
43933,12,"Educação",362,"Ensino Médio"
42742,20,"Agricultura",608,"Promoção da Produção Agropecuária"
40979,12,"Educação",365,"Educação Infantil"
39315,15,"Urbanismo",451,"Infraestrutura Urbana "
38424,15,"Urbanismo",451,"Infraestrutura Urbana "
41065,26,"Transporte",782,"Transporte Rodoviário"
38524,20,"Agricultura",608,"Promoção da Produção Agropecuária"
45043,15,"Urbanismo",451,"Infraestrutura Urbana "
39418,15,"Urbanismo",451,"Infraestrutura Urbana "
41376,15,"Urbanismo",451,"Infraestrutura Urbana "
39642,15,"Urbanismo",451,"Infraestrutura Urbana "
37298,23,"Comércio e Serviços",695,"Turismo"
44865,27,"Desporto e Lazer",813,"Lazer"
45327,8,"Assistência Social",245,"Serviços Socioassistenciais"
37301,15,"Urbanismo",451,"Infraestrutura Urbana "
40663,23,"Comércio e Serviços",695,"Turismo"
37318,15,"Urbanismo",451,"Infraestrutura Urbana "
38680,15,"Urbanismo",451,"Infraestrutura Urbana "
44402,15,"Urbanismo",451,"Infraestrutura Urbana "
38724,15,"Urbanismo",451,"Infraestrutura Urbana "
37274,15,"Urbanismo",451,"Infraestrutura Urbana "
37285,27,"Desporto e Lazer",812,"Desporto Comunitário"
39545,13,"Cultura",392,"Difusão Cultural"
40683,27,"Desporto e Lazer",813,"Lazer"
42534,6,"Segurança Pública",182,"Defesa Civil"
44853,8,"Assistência Social",244,"Assistência Comunitária"
42155,10,"Saúde",302,"Assistência Hospitalar e Ambulatorial"
42824,20,"Agricultura",608,"Promoção da Produção Agropecuária"
45822,10,"Saúde",301,"Atenção Básica"
39558,23,"Comércio e Serviços",695,"Turismo"
38357,15,"Urbanismo",451,"Infraestrutura Urbana "
39577,20,"Agricultura",608,"Promoção da Produção Agropecuária"
37495,20,"Agricultura",608,"Promoção da Produção Agropecuária"
38706,15,"Urbanismo",451,"Infraestrutura Urbana "
38180,15,"Urbanismo",451,"Infraestrutura Urbana "
42819,15,"Urbanismo",451,"Infraestrutura Urbana "
42331,15,"Urbanismo",451,"Infraestrutura Urbana "
42919,15,"Urbanismo",451,"Infraestrutura Urbana "
44037,15,"Urbanismo",451,"Infraestrutura Urbana "
39439,15,"Urbanismo",451,"Infraestrutura Urbana "
36972,15,"Urbanismo",451,"Infraestrutura Urbana "
37655,15,"Urbanismo",451,"Infraestrutura Urbana "
38536,15,"Urbanismo",451,"Infraestrutura Urbana "
39435,15,"Urbanismo",451,"Infraestrutura Urbana "
41447,15,"Urbanismo",451,"Infraestrutura Urbana "
46299,15,"Urbanismo",451,"Infraestrutura Urbana "
44692,15,"Urbanismo",451,"Infraestrutura Urbana "
41180,15,"Urbanismo",451,"Infraestrutura Urbana "
42709,15,"Urbanismo",451,"Infraestrutura Urbana "
39991,15,"Urbanismo",451,"Infraestrutura Urbana "
43085,15,"Urbanismo",452,"Serviços Urbanos"
39597,20,"Agricultura",607,"Irrigação"
42159,20,"Agricultura",608,"Promoção da Produção Agropecuária"
43770,20,"Agricultura",608,"Promoção da Produção Agropecuária"
44699,10,"Saúde",302,"Assistência Hospitalar e Ambulatorial"
45559,6,"Segurança Pública",181,"Policiamento"
43289,27,"Desporto e Lazer",813,"Lazer"
42143,8,"Assistência Social",245,"Serviços Socioassistenciais"
42856,10,"Saúde",301,"Atenção Básica"
40275,12,"Educação",365,"Educação Infantil"
46199,15,"Urbanismo",452,"Serviços Urbanos"
38978,15,"Urbanismo",451,"Infraestrutura Urbana "
41816,15,"Urbanismo",451,"Infraestrutura Urbana "
40215,15,"Urbanismo",451,"Infraestrutura Urbana "
40023,15,"Urbanismo",451,"Infraestrutura Urbana "
44944,15,"Urbanismo",451,"Infraestrutura Urbana "
45583,15,"Urbanismo",451,"Infraestrutura Urbana "
38203,20,"Agricultura",608,"Promoção da Produção Agropecuária"
40249,20,"Agricultura",608,"Promoção da Produção Agropecuária"
44988,15,"Urbanismo",451,"Infraestrutura Urbana "
40115,10,"Saúde",301,"Atenção Básica"
43290,15,"Urbanismo",451,"Infraestrutura Urbana "
43016,27,"Desporto e Lazer",812,"Desporto Comunitário"
40120,10,"Saúde",302,"Assistência Hospitalar e Ambulatorial"
44026,15,"Urbanismo",451,"Infraestrutura Urbana "
45552,27,"Desporto e Lazer",812,"Desporto Comunitário"
42208,10,"Saúde",301,"Atenção Básica"
47101,20,"Agricultura",608,"Promoção da Produção Agropecuária"
43094,23,"Comércio e Serviços",695,"Turismo"
43694,15,"Urbanismo",451,"Infraestrutura Urbana "
42822,26,"Transporte",782,"Transporte Rodoviário"
40281,15,"Urbanismo",451,"Infraestrutura Urbana "
43877,15,"Urbanismo",451,"Infraestrutura Urbana "
43272,27,"Desporto e Lazer",812,"Desporto Comunitário"
43423,10,"Saúde",301,"Atenção Básica"
45256,18,"Gestão Ambiental",544,"Recursos Hídricos"
41736,15,"Urbanismo",451,"Infraestrutura Urbana "
44881,20,"Agricultura",605,"Abastecimento"
44881,20,"Agricultura",606,"Extensão Rural"
44881,20,"Agricultura",608,"Promoção da Produção Agropecuária"
44881,20,"Agricultura",609,"Defesa Agropecuária"
43548,15,"Urbanismo",451,"Infraestrutura Urbana "
43443,8,"Assistência Social",245,"Serviços Socioassistenciais"
45473,15,"Urbanismo",451,"Infraestrutura Urbana "
43218,10,"Saúde",302,"Assistência Hospitalar e Ambulatorial"
42409,12,"Educação",361,"Ensino Fundamental"
43126,15,"Urbanismo",451,"Infraestrutura Urbana "
44626,20,"Agricultura",608,"Promoção da Produção Agropecuária"
42764,10,"Saúde",301,"Atenção Básica"
37329,8,"Assistência Social",244,"Assistência Comunitária"
43803,10,"Saúde",302,"Assistência Hospitalar e Ambulatorial"
43339,15,"Urbanismo",451,"Infraestrutura Urbana "
43058,15,"Urbanismo",452,"Serviços Urbanos"
43826,15,"Urbanismo",451,"Infraestrutura Urbana "
43245,15,"Urbanismo",451,"Infraestrutura Urbana "
43395,15,"Urbanismo",451,"Infraestrutura Urbana "
38984,13,"Cultura",392,"Difusão Cultural"
43112,15,"Urbanismo",451,"Infraestrutura Urbana "
40132,6,"Segurança Pública",181,"Policiamento"
43148,20,"Agricultura",608,"Promoção da Produção Agropecuária"
40141,27,"Desporto e Lazer",812,"Desporto Comunitário"
37319,27,"Desporto e Lazer",812,"Desporto Comunitário"
39927,27,"Desporto e Lazer",812,"Desporto Comunitário"
46468,23,"Comércio e Serviços",695,"Turismo"
46442,6,"Segurança Pública",183,"Informação e Inteligência"
42531,15,"Urbanismo",451,"Infraestrutura Urbana "
43096,20,"Agricultura",608,"Promoção da Produção Agropecuária"
44712,10,"Saúde",302,"Assistência Hospitalar e Ambulatorial"
40099,10,"Saúde",301,"Atenção Básica"
42720,10,"Saúde",301,"Atenção Básica"
43236,21,"Organização Agrária",631,"Reforma Agrária"
43287,15,"Urbanismo",451,"Infraestrutura Urbana "
46143,15,"Urbanismo",451,"Infraestrutura Urbana "
37898,15,"Urbanismo",451,"Infraestrutura Urbana "
39546,20,"Agricultura",605,"Abastecimento"
37671,15,"Urbanismo",451,"Infraestrutura Urbana "
41621,15,"Urbanismo",451,"Infraestrutura Urbana "
45616,15,"Urbanismo",451,"Infraestrutura Urbana "
39413,18,"Gestão Ambiental",544,"Recursos Hídricos"
42599,15,"Urbanismo",451,"Infraestrutura Urbana "
39242,15,"Urbanismo",451,"Infraestrutura Urbana "
37930,15,"Urbanismo",451,"Infraestrutura Urbana "
41637,15,"Urbanismo",451,"Infraestrutura Urbana "
43104,15,"Urbanismo",451,"Infraestrutura Urbana "
39024,15,"Urbanismo",451,"Infraestrutura Urbana "
40103,20,"Agricultura",608,"Promoção da Produção Agropecuária"
43528,23,"Comércio e Serviços",695,"Turismo"
45896,8,"Assistência Social",245,"Serviços Socioassistenciais"
41623,23,"Comércio e Serviços",695,"Turismo"
44845,8,"Assistência Social",245,"Serviços Socioassistenciais"
43437,20,"Agricultura",608,"Promoção da Produção Agropecuária"
38441,15,"Urbanismo",452,"Serviços Urbanos"
37260,20,"Agricultura",608,"Promoção da Produção Agropecuária"
46864,16,"Habitação",482,"Habitação Urbana"
43195,20,"Agricultura",608,"Promoção da Produção Agropecuária"
43574,10,"Saúde",301,"Atenção Básica"
38627,15,"Urbanismo",451,"Infraestrutura Urbana "
43721,15,"Urbanismo",451,"Infraestrutura Urbana "
37712,15,"Urbanismo",451,"Infraestrutura Urbana "
46399,11,"Trabalho",333,"Empregabilidade"
39565,15,"Urbanismo",451,"Infraestrutura Urbana "
38708,15,"Urbanismo",451,"Infraestrutura Urbana "
43285,6,"Segurança Pública",181,"Policiamento"
39743,12,"Educação",365,"Educação Infantil"
43222,6,"Segurança Pública",181,"Policiamento"
40096,23,"Comércio e Serviços",695,"Turismo"
37354,15,"Urbanismo",451,"Infraestrutura Urbana "
43385,8,"Assistência Social",245,"Serviços Socioassistenciais"
39162,10,"Saúde",301,"Atenção Básica"
42821,20,"Agricultura",608,"Promoção da Produção Agropecuária"
46315,20,"Agricultura",608,"Promoção da Produção Agropecuária"
41252,15,"Urbanismo",451,"Infraestrutura Urbana "
37042,15,"Urbanismo",451,"Infraestrutura Urbana "
42966,15,"Urbanismo",451,"Infraestrutura Urbana "
45170,15,"Urbanismo",451,"Infraestrutura Urbana "
45925,23,"Comércio e Serviços",695,"Turismo"
44313,15,"Urbanismo",451,"Infraestrutura Urbana "
39140,8,"Assistência Social",245,"Serviços Socioassistenciais"
45104,8,"Assistência Social",245,"Serviços Socioassistenciais"
45581,20,"Agricultura",608,"Promoção da Produção Agropecuária"
47239,12,"Educação",368,"Educação Básica"
47486,15,"Urbanismo",451,"Infraestrutura Urbana "
40630,20,"Agricultura",608,"Promoção da Produção Agropecuária"
40362,23,"Comércio e Serviços",691,"Promoção Comercial"
43378,6,"Segurança Pública",183,"Informação e Inteligência"
39344,23,"Comércio e Serviços",695,"Turismo"
44321,15,"Urbanismo",451,"Infraestrutura Urbana "
37174,15,"Urbanismo",451,"Infraestrutura Urbana "
43208,23,"Comércio e Serviços",695,"Turismo"
40161,15,"Urbanismo",451,"Infraestrutura Urbana "
40290,27,"Desporto e Lazer",813,"Lazer"
43665,20,"Agricultura",608,"Promoção da Produção Agropecuária"
39913,27,"Desporto e Lazer",813,"Lazer"
43488,27,"Desporto e Lazer",812,"Desporto Comunitário"
45101,15,"Urbanismo",451,"Infraestrutura Urbana "
39016,10,"Saúde",301,"Atenção Básica"
40612,10,"Saúde",301,"Atenção Básica"
38634,20,"Agricultura",608,"Promoção da Produção Agropecuária"
46387,10,"Saúde",302,"Assistência Hospitalar e Ambulatorial"
39164,8,"Assistência Social",244,"Assistência Comunitária"
39058,15,"Urbanismo",452,"Serviços Urbanos"
45015,15,"Urbanismo",451,"Infraestrutura Urbana "
41993,15,"Urbanismo",451,"Infraestrutura Urbana "
45200,23,"Comércio e Serviços",695,"Turismo"
38943,15,"Urbanismo",451,"Infraestrutura Urbana "
44000,15,"Urbanismo",451,"Infraestrutura Urbana "
43210,15,"Urbanismo",451,"Infraestrutura Urbana "
44550,15,"Urbanismo",451,"Infraestrutura Urbana "
39522,15,"Urbanismo",451,"Infraestrutura Urbana "
43657,20,"Agricultura",608,"Promoção da Produção Agropecuária"
39141,15,"Urbanismo",451,"Infraestrutura Urbana "
39079,15,"Urbanismo",451,"Infraestrutura Urbana "
40735,23,"Comércio e Serviços",695,"Turismo"
45334,15,"Urbanismo",451,"Infraestrutura Urbana "
45163,10,"Saúde",302,"Assistência Hospitalar e Ambulatorial"
43318,20,"Agricultura",608,"Promoção da Produção Agropecuária"
37352,15,"Urbanismo",451,"Infraestrutura Urbana "
37364,15,"Urbanismo",451,"Infraestrutura Urbana "
46479,27,"Desporto e Lazer",812,"Desporto Comunitário"
40297,20,"Agricultura",608,"Promoção da Produção Agropecuária"
38081,15,"Urbanismo",451,"Infraestrutura Urbana "
37357,12,"Educação",365,"Educação Infantil"
42808,16,"Habitação",482,"Habitação Urbana"
45079,12,"Educação",365,"Educação Infantil"
39874,12,"Educação",368,"Educação Básica"
45261,23,"Comércio e Serviços",695,"Turismo"
37326,18,"Gestão Ambiental",542,"Controle Ambiental"
43553,20,"Agricultura",608,"Promoção da Produção Agropecuária"
40649,10,"Saúde",301,"Atenção Básica"
37324,8,"Assistência Social",244,"Assistência Comunitária"
37331,15,"Urbanismo",451,"Infraestrutura Urbana "
37962,27,"Desporto e Lazer",812,"Desporto Comunitário"
42429,13,"Cultura",392,"Difusão Cultural"
45565,13,"Cultura",392,"Difusão Cultural"
42393,13,"Cultura",392,"Difusão Cultural"
42945,15,"Urbanismo",451,"Infraestrutura Urbana "
41293,27,"Desporto e Lazer",813,"Lazer"
41328,8,"Assistência Social",245,"Serviços Socioassistenciais"
37328,20,"Agricultura",605,"Abastecimento"
37361,10,"Saúde",301,"Atenção Básica"
38409,22,"Indústria",661,"Promoção Industrial"
39321,15,"Urbanismo",451,"Infraestrutura Urbana "
42735,15,"Urbanismo",451,"Infraestrutura Urbana "
41477,15,"Urbanismo",451,"Infraestrutura Urbana "
43547,15,"Urbanismo",451,"Infraestrutura Urbana "
41911,15,"Urbanismo",451,"Infraestrutura Urbana "
43858,23,"Comércio e Serviços",695,"Turismo"
39131,27,"Desporto e Lazer",812,"Desporto Comunitário"
43454,16,"Habitação",482,"Habitação Urbana"
39133,13,"Cultura",392,"Difusão Cultural"
45402,15,"Urbanismo",451,"Infraestrutura Urbana "
39031,6,"Segurança Pública",182,"Defesa Civil"
39031,18,"Gestão Ambiental",541,"Preservação e Conservação Ambiental"
39031,15,"Urbanismo",452,"Serviços Urbanos"
45750,23,"Comércio e Serviços",692,"Comercialização"
39021,15,"Urbanismo",451,"Infraestrutura Urbana "
45984,23,"Comércio e Serviços",695,"Turismo"
41142,15,"Urbanismo",451,"Infraestrutura Urbana "
40180,15,"Urbanismo",451,"Infraestrutura Urbana "
42918,15,"Urbanismo",451,"Infraestrutura Urbana "
41809,15,"Urbanismo",451,"Infraestrutura Urbana "
43992,15,"Urbanismo",451,"Infraestrutura Urbana "
41137,15,"Urbanismo",451,"Infraestrutura Urbana "
42993,15,"Urbanismo",451,"Infraestrutura Urbana "
37127,15,"Urbanismo",451,"Infraestrutura Urbana "
40194,15,"Urbanismo",451,"Infraestrutura Urbana "
37370,15,"Urbanismo",452,"Serviços Urbanos"
39183,15,"Urbanismo",451,"Infraestrutura Urbana "
43531,15,"Urbanismo",451,"Infraestrutura Urbana "
45341,15,"Urbanismo",451,"Infraestrutura Urbana "
42816,23,"Comércio e Serviços",695,"Turismo"
40377,27,"Desporto e Lazer",812,"Desporto Comunitário"
40414,23,"Comércio e Serviços",695,"Turismo"
42785,12,"Educação",365,"Educação Infantil"
45328,12,"Educação",368,"Educação Básica"
46071,8,"Assistência Social",245,"Serviços Socioassistenciais"
46303,8,"Assistência Social",245,"Serviços Socioassistenciais"
46303,8,"Assistência Social",244,"Assistência Comunitária"
40568,20,"Agricultura",608,"Promoção da Produção Agropecuária"
44020,15,"Urbanismo",451,"Infraestrutura Urbana "
41583,15,"Urbanismo",451,"Infraestrutura Urbana "
40361,8,"Assistência Social",242,"Assistência ao Portador de Deficiência"
39261,15,"Urbanismo",451,"Infraestrutura Urbana "
38700,15,"Urbanismo",451,"Infraestrutura Urbana "
37338,15,"Urbanismo",451,"Infraestrutura Urbana "
45237,15,"Urbanismo",451,"Infraestrutura Urbana "
46625,27,"Desporto e Lazer",812,"Desporto Comunitário"
40486,6,"Segurança Pública",181,"Policiamento"
43370,27,"Desporto e Lazer",813,"Lazer"
45119,20,"Agricultura",605,"Abastecimento"
45119,20,"Agricultura",608,"Promoção da Produção Agropecuária"
39719,15,"Urbanismo",451,"Infraestrutura Urbana "
39317,23,"Comércio e Serviços",695,"Turismo"
43144,23,"Comércio e Serviços",695,"Turismo"
36987,15,"Urbanismo",451,"Infraestrutura Urbana "
45150,20,"Agricultura",606,"Extensão Rural"
43563,15,"Urbanismo",451,"Infraestrutura Urbana "
42457,13,"Cultura",392,"Difusão Cultural"
44786,21,"Organização Agrária",632,"Colonização"
45483,15,"Urbanismo",451,"Infraestrutura Urbana "
45260,15,"Urbanismo",451,"Infraestrutura Urbana "
43401,20,"Agricultura",608,"Promoção da Produção Agropecuária"
39821,20,"Agricultura",606,"Extensão Rural"
37378,10,"Saúde",301,"Atenção Básica"
39042,26,"Transporte",782,"Transporte Rodoviário"
42842,15,"Urbanismo",451,"Infraestrutura Urbana "
43538,20,"Agricultura",608,"Promoção da Produção Agropecuária"
45315,6,"Segurança Pública",182,"Defesa Civil"
46747,27,"Desporto e Lazer",812,"Desporto Comunitário"
45403,15,"Urbanismo",451,"Infraestrutura Urbana "
40364,8,"Assistência Social",245,"Serviços Socioassistenciais"
47028,15,"Urbanismo",451,"Infraestrutura Urbana "
42923,10,"Saúde",301,"Atenção Básica"
43600,18,"Gestão Ambiental",541,"Preservação e Conservação Ambiental"
37803,20,"Agricultura",608,"Promoção da Produção Agropecuária"
44752,10,"Saúde",301,"Atenção Básica"
42191,26,"Transporte",782,"Transporte Rodoviário"
45452,12,"Educação",367,"Educação Especial"
37360,15,"Urbanismo",451,"Infraestrutura Urbana "
37382,15,"Urbanismo",451,"Infraestrutura Urbana "
40380,27,"Desporto e Lazer",813,"Lazer"
37383,26,"Transporte",782,"Transporte Rodoviário"
43728,15,"Urbanismo",451,"Infraestrutura Urbana "
37935,15,"Urbanismo",451,"Infraestrutura Urbana "
37693,15,"Urbanismo",127,"Ordenamento Territorial"
44707,15,"Urbanismo",451,"Infraestrutura Urbana "
39224,10,"Saúde",301,"Atenção Básica"
42930,27,"Desporto e Lazer",812,"Desporto Comunitário"
40293,27,"Desporto e Lazer",812,"Desporto Comunitário"
42886,27,"Desporto e Lazer",812,"Desporto Comunitário"
38018,20,"Agricultura",608,"Promoção da Produção Agropecuária"
37403,20,"Agricultura",608,"Promoção da Produção Agropecuária"
40986,20,"Agricultura",606,"Extensão Rural"
45329,26,"Transporte",782,"Transporte Rodoviário"
38097,15,"Urbanismo",452,"Serviços Urbanos"
43881,13,"Cultura",392,"Difusão Cultural"
43410,27,"Desporto e Lazer",812,"Desporto Comunitário"
45140,23,"Comércio e Serviços",695,"Turismo"
40303,20,"Agricultura",608,"Promoção da Produção Agropecuária"
37466,20,"Agricultura",608,"Promoção da Produção Agropecuária"
45288,15,"Urbanismo",451,"Infraestrutura Urbana "
40398,20,"Agricultura",608,"Promoção da Produção Agropecuária"
45324,23,"Comércio e Serviços",695,"Turismo"
44875,20,"Agricultura",608,"Promoção da Produção Agropecuária"
43605,15,"Urbanismo",451,"Infraestrutura Urbana "
38625,15,"Urbanismo",451,"Infraestrutura Urbana "
39176,20,"Agricultura",606,"Extensão Rural"
42881,27,"Desporto e Lazer",813,"Lazer"
37454,15,"Urbanismo",451,"Infraestrutura Urbana "
43392,6,"Segurança Pública",181,"Policiamento"
43484,10,"Saúde",302,"Assistência Hospitalar e Ambulatorial"
42872,15,"Urbanismo",451,"Infraestrutura Urbana "
43166,12,"Educação",368,"Educação Básica"
46348,13,"Cultura",392,"Difusão Cultural"
45054,20,"Agricultura",608,"Promoção da Produção Agropecuária"
39343,6,"Segurança Pública",181,"Policiamento"
39376,6,"Segurança Pública",181,"Policiamento"
42878,8,"Assistência Social",245,"Serviços Socioassistenciais"
46979,10,"Saúde",301,"Atenção Básica"
44059,18,"Gestão Ambiental",541,"Preservação e Conservação Ambiental"
39159,20,"Agricultura",608,"Promoção da Produção Agropecuária"
43292,15,"Urbanismo",451,"Infraestrutura Urbana "
45455,15,"Urbanismo",451,"Infraestrutura Urbana "
45289,23,"Comércio e Serviços",695,"Turismo"
40207,20,"Agricultura",608,"Promoção da Produção Agropecuária"
43510,27,"Desporto e Lazer",812,"Desporto Comunitário"
39147,15,"Urbanismo",451,"Infraestrutura Urbana "
43140,27,"Desporto e Lazer",812,"Desporto Comunitário"
44888,20,"Agricultura",608,"Promoção da Produção Agropecuária"
43730,15,"Urbanismo",451,"Infraestrutura Urbana "
39398,20,"Agricultura",608,"Promoção da Produção Agropecuária"
44887,20,"Agricultura",608,"Promoção da Produção Agropecuária"
37421,15,"Urbanismo",451,"Infraestrutura Urbana "
43651,15,"Urbanismo",451,"Infraestrutura Urbana "
37830,15,"Urbanismo",451,"Infraestrutura Urbana "
39223,10,"Saúde",301,"Atenção Básica"
42407,20,"Agricultura",608,"Promoção da Produção Agropecuária"
44690,20,"Agricultura",608,"Promoção da Produção Agropecuária"
39310,10,"Saúde",301,"Atenção Básica"
41095,15,"Urbanismo",451,"Infraestrutura Urbana "
46459,23,"Comércio e Serviços",695,"Turismo"
43075,23,"Comércio e Serviços",695,"Turismo"
40228,27,"Desporto e Lazer",813,"Lazer"
37867,13,"Cultura",392,"Difusão Cultural"
42048,11,"Trabalho",334,"Fomento ao Trabalho"
43388,10,"Saúde",305,"Vigilância Epidemiológica"
37509,10,"Saúde",302,"Assistência Hospitalar e Ambulatorial"
40966,20,"Agricultura",608,"Promoção da Produção Agropecuária"
37412,23,"Comércio e Serviços",695,"Turismo"
37798,15,"Urbanismo",451,"Infraestrutura Urbana "
39548,26,"Transporte",784,"Transporte Hidroviário"
43193,15,"Urbanismo",451,"Infraestrutura Urbana "
45429,15,"Urbanismo",451,"Infraestrutura Urbana "
44618,17,"Saneamento",512,"Saneamento Básico Urbano"
37401,27,"Desporto e Lazer",812,"Desporto Comunitário"
37399,27,"Desporto e Lazer",813,"Lazer"
39247,20,"Agricultura",608,"Promoção da Produção Agropecuária"
40972,16,"Habitação",482,"Habitação Urbana"
41072,18,"Gestão Ambiental",541,"Preservação e Conservação Ambiental"
37590,27,"Desporto e Lazer",812,"Desporto Comunitário"
40053,8,"Assistência Social",243,"Assistência à Criança e ao Adolescente"
42914,12,"Educação",365,"Educação Infantil"
39772,27,"Desporto e Lazer",813,"Lazer"
37422,15,"Urbanismo",451,"Infraestrutura Urbana "
39254,8,"Assistência Social",245,"Serviços Socioassistenciais"
46919,20,"Agricultura",606,"Extensão Rural"
40404,15,"Urbanismo",451,"Infraestrutura Urbana "
43911,23,"Comércio e Serviços",695,"Turismo"
45144,20,"Agricultura",606,"Extensão Rural"
40326,20,"Agricultura",608,"Promoção da Produção Agropecuária"
45304,27,"Desporto e Lazer",813,"Lazer"
45951,17,"Saneamento",512,"Saneamento Básico Urbano"
39311,15,"Urbanismo",451,"Infraestrutura Urbana "
39249,6,"Segurança Pública",181,"Policiamento"
42843,8,"Assistência Social",244,"Assistência Comunitária"
40226,10,"Saúde",302,"Assistência Hospitalar e Ambulatorial"
45090,10,"Saúde",302,"Assistência Hospitalar e Ambulatorial"
43942,23,"Comércio e Serviços",695,"Turismo"
43597,20,"Agricultura",608,"Promoção da Produção Agropecuária"
37947,10,"Saúde",302,"Assistência Hospitalar e Ambulatorial"
39173,8,"Assistência Social",245,"Serviços Socioassistenciais"
37452,27,"Desporto e Lazer",813,"Lazer"
43146,18,"Gestão Ambiental",542,"Controle Ambiental"
37672,15,"Urbanismo",451,"Infraestrutura Urbana "
41197,20,"Agricultura",608,"Promoção da Produção Agropecuária"
37792,15,"Urbanismo",451,"Infraestrutura Urbana "
45303,15,"Urbanismo",451,"Infraestrutura Urbana "
40184,15,"Urbanismo",451,"Infraestrutura Urbana "
39271,15,"Urbanismo",451,"Infraestrutura Urbana "
45212,27,"Desporto e Lazer",813,"Lazer"
39229,15,"Urbanismo",452,"Serviços Urbanos"
45178,27,"Desporto e Lazer",813,"Lazer"
40229,10,"Saúde",301,"Atenção Básica"
43612,8,"Assistência Social",245,"Serviços Socioassistenciais"
39205,20,"Agricultura",608,"Promoção da Produção Agropecuária"
41615,15,"Urbanismo",451,"Infraestrutura Urbana "
44553,20,"Agricultura",605,"Abastecimento"
43822,20,"Agricultura",608,"Promoção da Produção Agropecuária"
38493,20,"Agricultura",608,"Promoção da Produção Agropecuária"
39184,20,"Agricultura",608,"Promoção da Produção Agropecuária"
40220,20,"Agricultura",608,"Promoção da Produção Agropecuária"
39281,20,"Agricultura",608,"Promoção da Produção Agropecuária"
40330,20,"Agricultura",608,"Promoção da Produção Agropecuária"
39625,15,"Urbanismo",451,"Infraestrutura Urbana "
46360,15,"Urbanismo",451,"Infraestrutura Urbana "
41880,15,"Urbanismo",451,"Infraestrutura Urbana "
40235,15,"Urbanismo",451,"Infraestrutura Urbana "
40464,15,"Urbanismo",451,"Infraestrutura Urbana "
39266,23,"Comércio e Serviços",695,"Turismo"
43744,15,"Urbanismo",451,"Infraestrutura Urbana "
43372,13,"Cultura",392,"Difusão Cultural"
38596,8,"Assistência Social",244,"Assistência Comunitária"
37501,15,"Urbanismo",451,"Infraestrutura Urbana "
45319,20,"Agricultura",608,"Promoção da Produção Agropecuária"
37474,10,"Saúde",302,"Assistência Hospitalar e Ambulatorial"
43618,20,"Agricultura",608,"Promoção da Produção Agropecuária"
43468,17,"Saneamento",511,"Saneamento Básico Rural"
45572,15,"Urbanismo",451,"Infraestrutura Urbana "
45038,20,"Agricultura",608,"Promoção da Produção Agropecuária"
37415,23,"Comércio e Serviços",695,"Turismo"
37547,15,"Urbanismo",451,"Infraestrutura Urbana "
37505,15,"Urbanismo",451,"Infraestrutura Urbana "
38900,27,"Desporto e Lazer",812,"Desporto Comunitário"
37460,13,"Cultura",391,"Patrimônio Histórico, Artístico e Arqueológico"
44377,20,"Agricultura",608,"Promoção da Produção Agropecuária"
37539,15,"Urbanismo",451,"Infraestrutura Urbana "
47104,8,"Assistência Social",245,"Serviços Socioassistenciais"
37615,8,"Assistência Social",244,"Assistência Comunitária"
37636,15,"Urbanismo",451,"Infraestrutura Urbana "
39267,20,"Agricultura",608,"Promoção da Produção Agropecuária"
38564,15,"Urbanismo",451,"Infraestrutura Urbana "
40995,15,"Urbanismo",451,"Infraestrutura Urbana "
39180,15,"Urbanismo",451,"Infraestrutura Urbana "
46711,20,"Agricultura",608,"Promoção da Produção Agropecuária"
38353,8,"Assistência Social",244,"Assistência Comunitária"
41891,15,"Urbanismo",452,"Serviços Urbanos"
38990,15,"Urbanismo",451,"Infraestrutura Urbana "
45547,13,"Cultura",392,"Difusão Cultural"
42235,15,"Urbanismo",451,"Infraestrutura Urbana "
43119,15,"Urbanismo",451,"Infraestrutura Urbana "
37445,15,"Urbanismo",451,"Infraestrutura Urbana "
37275,27,"Desporto e Lazer",812,"Desporto Comunitário"
47253,20,"Agricultura",605,"Abastecimento"
47253,20,"Agricultura",606,"Extensão Rural"
47253,20,"Agricultura",608,"Promoção da Produção Agropecuária"
47253,20,"Agricultura",609,"Defesa Agropecuária"
47253,21,"Organização Agrária",631,"Reforma Agrária"
38979,20,"Agricultura",608,"Promoção da Produção Agropecuária"
37453,15,"Urbanismo",451,"Infraestrutura Urbana "
37482,20,"Agricultura",608,"Promoção da Produção Agropecuária"
45752,23,"Comércio e Serviços",695,"Turismo"
46100,13,"Cultura",392,"Difusão Cultural"
38928,20,"Agricultura",608,"Promoção da Produção Agropecuária"
38885,20,"Agricultura",608,"Promoção da Produção Agropecuária"
37464,8,"Assistência Social",244,"Assistência Comunitária"
40580,8,"Assistência Social",244,"Assistência Comunitária"
37531,20,"Agricultura",608,"Promoção da Produção Agropecuária"
47003,15,"Urbanismo",451,"Infraestrutura Urbana "
37504,20,"Agricultura",608,"Promoção da Produção Agropecuária"
46544,8,"Assistência Social",244,"Assistência Comunitária"
39323,15,"Urbanismo",451,"Infraestrutura Urbana "
39309,26,"Transporte",782,"Transporte Rodoviário"
39352,20,"Agricultura",608,"Promoção da Produção Agropecuária"
41570,15,"Urbanismo",451,"Infraestrutura Urbana "
41878,26,"Transporte",782,"Transporte Rodoviário"
41459,15,"Urbanismo",451,"Infraestrutura Urbana "
37517,15,"Urbanismo",451,"Infraestrutura Urbana "
42197,15,"Urbanismo",451,"Infraestrutura Urbana "
44717,15,"Urbanismo",451,"Infraestrutura Urbana "
37536,15,"Urbanismo",451,"Infraestrutura Urbana "
40126,12,"Educação",361,"Ensino Fundamental"
41760,20,"Agricultura",608,"Promoção da Produção Agropecuária"
45842,12,"Educação",361,"Ensino Fundamental"
45485,20,"Agricultura",608,"Promoção da Produção Agropecuária"
39275,16,"Habitação",482,"Habitação Urbana"
40357,12,"Educação",361,"Ensino Fundamental"
40357,12,"Educação",365,"Educação Infantil"
43777,27,"Desporto e Lazer",812,"Desporto Comunitário"
43777,27,"Desporto e Lazer",813,"Lazer"
37744,12,"Educação",368,"Educação Básica"
43690,15,"Urbanismo",451,"Infraestrutura Urbana "
46109,8,"Assistência Social",243,"Assistência à Criança e ao Adolescente"
40415,20,"Agricultura",608,"Promoção da Produção Agropecuária"
41335,15,"Urbanismo",451,"Infraestrutura Urbana "
37303,15,"Urbanismo",451,"Infraestrutura Urbana "
40350,20,"Agricultura",605,"Abastecimento"
43060,20,"Agricultura",606,"Extensão Rural"
45466,15,"Urbanismo",451,"Infraestrutura Urbana "
38472,15,"Urbanismo",451,"Infraestrutura Urbana "
45449,15,"Urbanismo",451,"Infraestrutura Urbana "
40258,14,"Direitos da Cidadania",421,"Custódia e Reintegração Social"
39289,27,"Desporto e Lazer",813,"Lazer"
39213,20,"Agricultura",608,"Promoção da Produção Agropecuária"
45367,15,"Urbanismo",451,"Infraestrutura Urbana "
45357,10,"Saúde",301,"Atenção Básica"
37559,23,"Comércio e Serviços",695,"Turismo"
45222,20,"Agricultura",606,"Extensão Rural"
40892,15,"Urbanismo",451,"Infraestrutura Urbana "
37541,20,"Agricultura",608,"Promoção da Produção Agropecuária"
39287,20,"Agricultura",608,"Promoção da Produção Agropecuária"
47237,13,"Cultura",392,"Difusão Cultural"
44091,8,"Assistência Social",244,"Assistência Comunitária"
43898,23,"Comércio e Serviços",695,"Turismo"
44076,15,"Urbanismo",451,"Infraestrutura Urbana "
40440,23,"Comércio e Serviços",695,"Turismo"
39286,20,"Agricultura",608,"Promoção da Produção Agropecuária"
43640,13,"Cultura",391,"Patrimônio Histórico, Artístico e Arqueológico"
39347,27,"Desporto e Lazer",812,"Desporto Comunitário"
37514,8,"Assistência Social",245,"Serviços Socioassistenciais"
45391,8,"Assistência Social",245,"Serviços Socioassistenciais"
39288,27,"Desporto e Lazer",812,"Desporto Comunitário"
46992,15,"Urbanismo",451,"Infraestrutura Urbana "
39345,15,"Urbanismo",451,"Infraestrutura Urbana "
42804,20,"Agricultura",608,"Promoção da Produção Agropecuária"
38102,12,"Educação",361,"Ensino Fundamental"
37665,15,"Urbanismo",451,"Infraestrutura Urbana "
43780,15,"Urbanismo",127,"Ordenamento Territorial"
44890,15,"Urbanismo",451,"Infraestrutura Urbana "
40299,8,"Assistência Social",245,"Serviços Socioassistenciais"
37511,27,"Desporto e Lazer",812,"Desporto Comunitário"
40175,10,"Saúde",301,"Atenção Básica"
42294,23,"Comércio e Serviços",695,"Turismo"
38085,27,"Desporto e Lazer",813,"Lazer"
38242,23,"Comércio e Serviços",695,"Turismo"
40659,15,"Urbanismo",451,"Infraestrutura Urbana "
37527,20,"Agricultura",608,"Promoção da Produção Agropecuária"
40245,12,"Educação",361,"Ensino Fundamental"
39331,15,"Urbanismo",451,"Infraestrutura Urbana "
39905,23,"Comércio e Serviços",695,"Turismo"
40246,20,"Agricultura",608,"Promoção da Produção Agropecuária"
37386,15,"Urbanismo",451,"Infraestrutura Urbana "
41971,15,"Urbanismo",451,"Infraestrutura Urbana "
46649,15,"Urbanismo",451,"Infraestrutura Urbana "
43823,15,"Urbanismo",451,"Infraestrutura Urbana "
42037,15,"Urbanismo",451,"Infraestrutura Urbana "
41155,15,"Urbanismo",451,"Infraestrutura Urbana "
40576,15,"Urbanismo",451,"Infraestrutura Urbana "
37178,26,"Transporte",782,"Transporte Rodoviário"
41121,15,"Urbanismo",451,"Infraestrutura Urbana "
46745,15,"Urbanismo",451,"Infraestrutura Urbana "
40244,23,"Comércio e Serviços",695,"Turismo"
45476,8,"Assistência Social",245,"Serviços Socioassistenciais"
39328,20,"Agricultura",608,"Promoção da Produção Agropecuária"
37650,15,"Urbanismo",451,"Infraestrutura Urbana "
45881,20,"Agricultura",608,"Promoção da Produção Agropecuária"
43771,15,"Urbanismo",451,"Infraestrutura Urbana "
46353,10,"Saúde",301,"Atenção Básica"
39645,15,"Urbanismo",451,"Infraestrutura Urbana "
45792,20,"Agricultura",605,"Abastecimento"
46631,6,"Segurança Pública",181,"Policiamento"
45487,15,"Urbanismo",451,"Infraestrutura Urbana "
37724,15,"Urbanismo",451,"Infraestrutura Urbana "
46200,20,"Agricultura",609,"Defesa Agropecuária"
46248,27,"Desporto e Lazer",812,"Desporto Comunitário"
40502,27,"Desporto e Lazer",813,"Lazer"
46030,23,"Comércio e Serviços",695,"Turismo"
46075,8,"Assistência Social",245,"Serviços Socioassistenciais"
45763,8,"Assistência Social",245,"Serviços Socioassistenciais"
46012,8,"Assistência Social",245,"Serviços Socioassistenciais"
40426,20,"Agricultura",608,"Promoção da Produção Agropecuária"
41410,20,"Agricultura",606,"Extensão Rural"
41761,15,"Urbanismo",127,"Ordenamento Territorial"
42999,15,"Urbanismo",451,"Infraestrutura Urbana "
40292,10,"Saúde",301,"Atenção Básica"
43760,10,"Saúde",301,"Atenção Básica"
45880,10,"Saúde",302,"Assistência Hospitalar e Ambulatorial"
44471,20,"Agricultura",608,"Promoção da Produção Agropecuária"
44199,15,"Urbanismo",451,"Infraestrutura Urbana "
37585,15,"Urbanismo",451,"Infraestrutura Urbana "
39859,26,"Transporte",782,"Transporte Rodoviário"
41194,15,"Urbanismo",451,"Infraestrutura Urbana "
39919,20,"Agricultura",608,"Promoção da Produção Agropecuária"
42252,25,"Energia",752,"Energia Elétrica"
37427,20,"Agricultura",605,"Abastecimento"
42494,15,"Urbanismo",451,"Infraestrutura Urbana "
42978,20,"Agricultura",608,"Promoção da Produção Agropecuária"
46255,15,"Urbanismo",451,"Infraestrutura Urbana "
43732,23,"Comércio e Serviços",695,"Turismo"
46154,20,"Agricultura",608,"Promoção da Produção Agropecuária"
46140,27,"Desporto e Lazer",812,"Desporto Comunitário"
45981,16,"Habitação",482,"Habitação Urbana"
44102,8,"Assistência Social",245,"Serviços Socioassistenciais"
47156,27,"Desporto e Lazer",813,"Lazer"
46254,13,"Cultura",392,"Difusão Cultural"
46702,6,"Segurança Pública",181,"Policiamento"
38071,10,"Saúde",301,"Atenção Básica"
41266,15,"Urbanismo",451,"Infraestrutura Urbana "
40102,15,"Urbanismo",452,"Serviços Urbanos"
46125,8,"Assistência Social",244,"Assistência Comunitária"
46125,15,"Urbanismo",451,"Infraestrutura Urbana "
41871,15,"Urbanismo",451,"Infraestrutura Urbana "
44941,15,"Urbanismo",451,"Infraestrutura Urbana "
39327,20,"Agricultura",608,"Promoção da Produção Agropecuária"
41795,20,"Agricultura",608,"Promoção da Produção Agropecuária"
43007,20,"Agricultura",608,"Promoção da Produção Agropecuária"
37824,15,"Urbanismo",451,"Infraestrutura Urbana "
43715,15,"Urbanismo",451,"Infraestrutura Urbana "
46596,27,"Desporto e Lazer",812,"Desporto Comunitário"
40388,27,"Desporto e Lazer",812,"Desporto Comunitário"
43765,13,"Cultura",392,"Difusão Cultural"
46263,27,"Desporto e Lazer",812,"Desporto Comunitário"
45507,15,"Urbanismo",451,"Infraestrutura Urbana "
45785,23,"Comércio e Serviços",695,"Turismo"
39748,20,"Agricultura",608,"Promoção da Produção Agropecuária"
46198,13,"Cultura",392,"Difusão Cultural"
41220,20,"Agricultura",608,"Promoção da Produção Agropecuária"
40528,20,"Agricultura",608,"Promoção da Produção Agropecuária"
37404,15,"Urbanismo",451,"Infraestrutura Urbana "
37219,15,"Urbanismo",451,"Infraestrutura Urbana "
45005,15,"Urbanismo",451,"Infraestrutura Urbana "
44294,15,"Urbanismo",451,"Infraestrutura Urbana "
46850,15,"Urbanismo",451,"Infraestrutura Urbana "
44629,15,"Urbanismo",451,"Infraestrutura Urbana "
40282,15,"Urbanismo",451,"Infraestrutura Urbana "
46752,15,"Urbanismo",451,"Infraestrutura Urbana "
43699,15,"Urbanismo",451,"Infraestrutura Urbana "
46965,15,"Urbanismo",451,"Infraestrutura Urbana "
37705,15,"Urbanismo",451,"Infraestrutura Urbana "
40433,10,"Saúde",301,"Atenção Básica"
46010,20,"Agricultura",608,"Promoção da Produção Agropecuária"
44762,15,"Urbanismo",451,"Infraestrutura Urbana "
40545,15,"Urbanismo",451,"Infraestrutura Urbana "
40840,15,"Urbanismo",451,"Infraestrutura Urbana "
44579,15,"Urbanismo",451,"Infraestrutura Urbana "
37177,15,"Urbanismo",451,"Infraestrutura Urbana "
39378,15,"Urbanismo",451,"Infraestrutura Urbana "
46796,20,"Agricultura",606,"Extensão Rural"
46300,23,"Comércio e Serviços",695,"Turismo"
43708,8,"Assistência Social",244,"Assistência Comunitária"
39397,8,"Assistência Social",245,"Serviços Socioassistenciais"
45527,15,"Urbanismo",451,"Infraestrutura Urbana "
45960,15,"Urbanismo",451,"Infraestrutura Urbana "
40043,15,"Urbanismo",451,"Infraestrutura Urbana "
42064,15,"Urbanismo",451,"Infraestrutura Urbana "
44106,15,"Urbanismo",451,"Infraestrutura Urbana "
37239,15,"Urbanismo",451,"Infraestrutura Urbana "
46490,15,"Urbanismo",451,"Infraestrutura Urbana "
41558,20,"Agricultura",608,"Promoção da Produção Agropecuária"
45624,15,"Urbanismo",451,"Infraestrutura Urbana "
45991,8,"Assistência Social",244,"Assistência Comunitária"
37609,20,"Agricultura",608,"Promoção da Produção Agropecuária"
37770,6,"Segurança Pública",181,"Policiamento"
45949,15,"Urbanismo",451,"Infraestrutura Urbana "
44029,10,"Saúde",301,"Atenção Básica"
40396,10,"Saúde",301,"Atenção Básica"
45760,10,"Saúde",301,"Atenção Básica"
45162,20,"Agricultura",608,"Promoção da Produção Agropecuária"
45014,20,"Agricultura",608,"Promoção da Produção Agropecuária"
40170,15,"Urbanismo",451,"Infraestrutura Urbana "
45668,15,"Urbanismo",451,"Infraestrutura Urbana "
46320,23,"Comércio e Serviços",695,"Turismo"
45608,15,"Urbanismo",451,"Infraestrutura Urbana "
40730,15,"Urbanismo",451,"Infraestrutura Urbana "
41556,15,"Urbanismo",451,"Infraestrutura Urbana "
46068,15,"Urbanismo",451,"Infraestrutura Urbana "
46738,15,"Urbanismo",451,"Infraestrutura Urbana "
42511,20,"Agricultura",608,"Promoção da Produção Agropecuária"
46092,26,"Transporte",785,"Transportes Especiais"
46843,15,"Urbanismo",451,"Infraestrutura Urbana "
40818,13,"Cultura",392,"Difusão Cultural"
40775,15,"Urbanismo",451,"Infraestrutura Urbana "
41108,15,"Urbanismo",451,"Infraestrutura Urbana "
37457,15,"Urbanismo",451,"Infraestrutura Urbana "
41457,15,"Urbanismo",451,"Infraestrutura Urbana "
44688,13,"Cultura",392,"Difusão Cultural"
46321,26,"Transporte",782,"Transporte Rodoviário"
37572,27,"Desporto e Lazer",812,"Desporto Comunitário"
46316,27,"Desporto e Lazer",813,"Lazer"
39367,23,"Comércio e Serviços",695,"Turismo"
39373,23,"Comércio e Serviços",695,"Turismo"
43432,10,"Saúde",301,"Atenção Básica"
45648,10,"Saúde",302,"Assistência Hospitalar e Ambulatorial"
46053,10,"Saúde",302,"Assistência Hospitalar e Ambulatorial"
46085,10,"Saúde",302,"Assistência Hospitalar e Ambulatorial"
40686,20,"Agricultura",606,"Extensão Rural"
44968,26,"Transporte",782,"Transporte Rodoviário"
38263,15,"Urbanismo",451,"Infraestrutura Urbana "
38835,8,"Assistência Social",244,"Assistência Comunitária"
43979,15,"Urbanismo",451,"Infraestrutura Urbana "
40179,15,"Urbanismo",451,"Infraestrutura Urbana "
45959,15,"Urbanismo",451,"Infraestrutura Urbana "
44857,27,"Desporto e Lazer",812,"Desporto Comunitário"
40795,15,"Urbanismo",451,"Infraestrutura Urbana "
41199,23,"Comércio e Serviços",695,"Turismo"
40456,8,"Assistência Social",245,"Serviços Socioassistenciais"
39355,27,"Desporto e Lazer",812,"Desporto Comunitário"
37974,23,"Comércio e Serviços",695,"Turismo"
46221,6,"Segurança Pública",183,"Informação e Inteligência"
41654,20,"Agricultura",606,"Extensão Rural"
45249,20,"Agricultura",608,"Promoção da Produção Agropecuária"
41129,20,"Agricultura",608,"Promoção da Produção Agropecuária"
44108,27,"Desporto e Lazer",812,"Desporto Comunitário"
44622,15,"Urbanismo",451,"Infraestrutura Urbana "
39316,15,"Urbanismo",451,"Infraestrutura Urbana "
43074,15,"Urbanismo",451,"Infraestrutura Urbana "
45832,20,"Agricultura",608,"Promoção da Produção Agropecuária"
45797,20,"Agricultura",608,"Promoção da Produção Agropecuária"
46457,15,"Urbanismo",451,"Infraestrutura Urbana "
41453,15,"Urbanismo",451,"Infraestrutura Urbana "
42004,15,"Urbanismo",451,"Infraestrutura Urbana "
43226,27,"Desporto e Lazer",813,"Lazer"
42817,27,"Desporto e Lazer",813,"Lazer"
43487,15,"Urbanismo",451,"Infraestrutura Urbana "
45769,23,"Comércio e Serviços",695,"Turismo"
38403,15,"Urbanismo",451,"Infraestrutura Urbana "
40471,8,"Assistência Social",245,"Serviços Socioassistenciais"
45934,15,"Urbanismo",451,"Infraestrutura Urbana "
43869,15,"Urbanismo",451,"Infraestrutura Urbana "
43766,6,"Segurança Pública",181,"Policiamento"
41104,15,"Urbanismo",451,"Infraestrutura Urbana "
39893,15,"Urbanismo",452,"Serviços Urbanos"
44802,15,"Urbanismo",451,"Infraestrutura Urbana "
46026,23,"Comércio e Serviços",695,"Turismo"
41618,14,"Direitos da Cidadania",421,"Custódia e Reintegração Social"
42015,27,"Desporto e Lazer",813,"Lazer"
43161,13,"Cultura",392,"Difusão Cultural"
46349,15,"Urbanismo",451,"Infraestrutura Urbana "
40452,12,"Educação",361,"Ensino Fundamental"
43847,6,"Segurança Pública",183,"Informação e Inteligência"
43076,15,"Urbanismo",451,"Infraestrutura Urbana "
43723,23,"Comércio e Serviços",695,"Turismo"
46504,13,"Cultura",392,"Difusão Cultural"
45594,15,"Urbanismo",451,"Infraestrutura Urbana "
43188,20,"Agricultura",608,"Promoção da Produção Agropecuária"
39357,15,"Urbanismo",451,"Infraestrutura Urbana "
46632,10,"Saúde",302,"Assistência Hospitalar e Ambulatorial"
37656,15,"Urbanismo",451,"Infraestrutura Urbana "
42862,15,"Urbanismo",451,"Infraestrutura Urbana "
44654,15,"Urbanismo",451,"Infraestrutura Urbana "
37639,8,"Assistência Social",244,"Assistência Comunitária"
37630,15,"Urbanismo",451,"Infraestrutura Urbana "
37754,8,"Assistência Social",244,"Assistência Comunitária"
43397,27,"Desporto e Lazer",812,"Desporto Comunitário"
37643,23,"Comércio e Serviços",695,"Turismo"
38824,8,"Assistência Social",245,"Serviços Socioassistenciais"
37692,20,"Agricultura",608,"Promoção da Produção Agropecuária"
37635,16,"Habitação",482,"Habitação Urbana"
37603,12,"Educação",361,"Ensino Fundamental"
38119,12,"Educação",361,"Ensino Fundamental"
37366,15,"Urbanismo",451,"Infraestrutura Urbana "
46205,20,"Agricultura",606,"Extensão Rural"
37781,15,"Urbanismo",451,"Infraestrutura Urbana "
37722,15,"Urbanismo",451,"Infraestrutura Urbana "
37689,15,"Urbanismo",451,"Infraestrutura Urbana "
40524,27,"Desporto e Lazer",812,"Desporto Comunitário"
37721,27,"Desporto e Lazer",812,"Desporto Comunitário"
37687,8,"Assistência Social",244,"Assistência Comunitária"
45240,10,"Saúde",301,"Atenção Básica"
43636,20,"Agricultura",608,"Promoção da Produção Agropecuária"
37748,27,"Desporto e Lazer",812,"Desporto Comunitário"
37749,23,"Comércio e Serviços",695,"Turismo"
39080,20,"Agricultura",608,"Promoção da Produção Agropecuária"
37710,15,"Urbanismo",451,"Infraestrutura Urbana "
39684,20,"Agricultura",606,"Extensão Rural"
44276,10,"Saúde",302,"Assistência Hospitalar e Ambulatorial"
38686,10,"Saúde",301,"Atenção Básica"
37700,20,"Agricultura",608,"Promoção da Produção Agropecuária"
41025,23,"Comércio e Serviços",695,"Turismo"
37055,15,"Urbanismo",451,"Infraestrutura Urbana "
39239,15,"Urbanismo",451,"Infraestrutura Urbana "
46415,15,"Urbanismo",451,"Infraestrutura Urbana "
46426,20,"Agricultura",606,"Extensão Rural"
40954,15,"Urbanismo",451,"Infraestrutura Urbana "
45425,20,"Agricultura",608,"Promoção da Produção Agropecuária"
45037,6,"Segurança Pública",181,"Policiamento"
40724,15,"Urbanismo",451,"Infraestrutura Urbana "
46079,27,"Desporto e Lazer",812,"Desporto Comunitário"
46362,20,"Agricultura",608,"Promoção da Produção Agropecuária"
43459,8,"Assistência Social",245,"Serviços Socioassistenciais"
37699,15,"Urbanismo",451,"Infraestrutura Urbana "
46688,27,"Desporto e Lazer",812,"Desporto Comunitário"
45710,8,"Assistência Social",244,"Assistência Comunitária"
45865,20,"Agricultura",608,"Promoção da Produção Agropecuária"
43784,6,"Segurança Pública",181,"Policiamento"
45780,8,"Assistência Social",243,"Assistência à Criança e ao Adolescente"
38236,13,"Cultura",392,"Difusão Cultural"
40157,27,"Desporto e Lazer",812,"Desporto Comunitário"
39369,20,"Agricultura",608,"Promoção da Produção Agropecuária"
40107,20,"Agricultura",608,"Promoção da Produção Agropecuária"
41451,15,"Urbanismo",451,"Infraestrutura Urbana "
41386,27,"Desporto e Lazer",812,"Desporto Comunitário"
45829,15,"Urbanismo",451,"Infraestrutura Urbana "
46670,13,"Cultura",392,"Difusão Cultural"
47202,14,"Direitos da Cidadania",422,"Direitos Individuais, Coletivos e Difusos"
37776,10,"Saúde",301,"Atenção Básica"
37796,15,"Urbanismo",451,"Infraestrutura Urbana "
37447,15,"Urbanismo",451,"Infraestrutura Urbana "
46050,15,"Urbanismo",451,"Infraestrutura Urbana "
46698,20,"Agricultura",606,"Extensão Rural"
41519,8,"Assistência Social",245,"Serviços Socioassistenciais"
46393,15,"Urbanismo",451,"Infraestrutura Urbana "
42883,13,"Cultura",392,"Difusão Cultural"
46282,20,"Agricultura",605,"Abastecimento"
37144,6,"Segurança Pública",181,"Policiamento"
39120,23,"Comércio e Serviços",695,"Turismo"
44497,20,"Agricultura",608,"Promoção da Produção Agropecuária"
42518,23,"Comércio e Serviços",695,"Turismo"
44952,15,"Urbanismo",451,"Infraestrutura Urbana "
44722,6,"Segurança Pública",181,"Policiamento"
46994,20,"Agricultura",608,"Promoção da Produção Agropecuária"
37666,20,"Agricultura",608,"Promoção da Produção Agropecuária"
45864,13,"Cultura",392,"Difusão Cultural"
46390,23,"Comércio e Serviços",695,"Turismo"
37751,23,"Comércio e Serviços",695,"Turismo"
42580,6,"Segurança Pública",181,"Policiamento"
43841,15,"Urbanismo",451,"Infraestrutura Urbana "
46562,10,"Saúde",301,"Atenção Básica"
42296,20,"Agricultura",608,"Promoção da Produção Agropecuária"
40479,15,"Urbanismo",451,"Infraestrutura Urbana "
46716,20,"Agricultura",606,"Extensão Rural"
39425,15,"Urbanismo",451,"Infraestrutura Urbana "
38065,13,"Cultura",392,"Difusão Cultural"
43319,6,"Segurança Pública",181,"Policiamento"
46561,23,"Comércio e Serviços",695,"Turismo"
40618,20,"Agricultura",608,"Promoção da Produção Agropecuária"
39434,20,"Agricultura",608,"Promoção da Produção Agropecuária"
46425,15,"Urbanismo",451,"Infraestrutura Urbana "
46743,15,"Urbanismo",451,"Infraestrutura Urbana "
40109,15,"Urbanismo",451,"Infraestrutura Urbana "
41478,6,"Segurança Pública",182,"Defesa Civil"
45913,13,"Cultura",392,"Difusão Cultural"
40921,15,"Urbanismo",451,"Infraestrutura Urbana "
39866,6,"Segurança Pública",181,"Policiamento"
41428,27,"Desporto e Lazer",812,"Desporto Comunitário"
42892,13,"Cultura",392,"Difusão Cultural"
43621,15,"Urbanismo",451,"Infraestrutura Urbana "
45961,8,"Assistência Social",245,"Serviços Socioassistenciais"
41766,15,"Urbanismo",451,"Infraestrutura Urbana "
44588,15,"Urbanismo",451,"Infraestrutura Urbana "
38274,27,"Desporto e Lazer",812,"Desporto Comunitário"
44848,27,"Desporto e Lazer",812,"Desporto Comunitário"
41846,27,"Desporto e Lazer",812,"Desporto Comunitário"
40263,27,"Desporto e Lazer",812,"Desporto Comunitário"
41982,27,"Desporto e Lazer",812,"Desporto Comunitário"
43829,20,"Agricultura",608,"Promoção da Produção Agropecuária"
37247,15,"Urbanismo",451,"Infraestrutura Urbana "
46413,8,"Assistência Social",245,"Serviços Socioassistenciais"
47090,8,"Assistência Social",245,"Serviços Socioassistenciais"
43864,27,"Desporto e Lazer",812,"Desporto Comunitário"
45412,10,"Saúde",302,"Assistência Hospitalar e Ambulatorial"
39414,27,"Desporto e Lazer",812,"Desporto Comunitário"
39694,27,"Desporto e Lazer",812,"Desporto Comunitário"
37728,8,"Assistência Social",245,"Serviços Socioassistenciais"
43001,20,"Agricultura",608,"Promoção da Produção Agropecuária"
37840,15,"Urbanismo",451,"Infraestrutura Urbana "
37805,15,"Urbanismo",451,"Infraestrutura Urbana "
42732,15,"Urbanismo",451,"Infraestrutura Urbana "
37860,20,"Agricultura",608,"Promoção da Produção Agropecuária"
45777,27,"Desporto e Lazer",813,"Lazer"
37850,15,"Urbanismo",451,"Infraestrutura Urbana "
46774,10,"Saúde",301,"Atenção Básica"
37822,15,"Urbanismo",451,"Infraestrutura Urbana "
43350,12,"Educação",361,"Ensino Fundamental"
43641,20,"Agricultura",605,"Abastecimento"
43641,20,"Agricultura",606,"Extensão Rural"
43641,20,"Agricultura",608,"Promoção da Produção Agropecuária"
43641,20,"Agricultura",609,"Defesa Agropecuária"
37766,27,"Desporto e Lazer",811,"Desporto de Rendimento"
37766,27,"Desporto e Lazer",812,"Desporto Comunitário"
37766,27,"Desporto e Lazer",813,"Lazer"
37757,27,"Desporto e Lazer",812,"Desporto Comunitário"
37949,8,"Assistência Social",242,"Assistência ao Portador de Deficiência"
46427,18,"Gestão Ambiental",541,"Preservação e Conservação Ambiental"
45774,10,"Saúde",302,"Assistência Hospitalar e Ambulatorial"
37778,8,"Assistência Social",244,"Assistência Comunitária"
41339,20,"Agricultura",608,"Promoção da Produção Agropecuária"
46595,27,"Desporto e Lazer",813,"Lazer"
44633,20,"Agricultura",608,"Promoção da Produção Agropecuária"
38230,15,"Urbanismo",451,"Infraestrutura Urbana "
37913,15,"Urbanismo",451,"Infraestrutura Urbana "
45232,20,"Agricultura",608,"Promoção da Produção Agropecuária"
40845,8,"Assistência Social",242,"Assistência ao Portador de Deficiência"
41305,15,"Urbanismo",451,"Infraestrutura Urbana "
38834,27,"Desporto e Lazer",813,"Lazer"
37937,27,"Desporto e Lazer",812,"Desporto Comunitário"
46758,15,"Urbanismo",451,"Infraestrutura Urbana "
41303,8,"Assistência Social",244,"Assistência Comunitária"
45574,20,"Agricultura",605,"Abastecimento"
44412,23,"Comércio e Serviços",695,"Turismo"
45093,6,"Segurança Pública",181,"Policiamento"
40487,15,"Urbanismo",451,"Infraestrutura Urbana "
44457,27,"Desporto e Lazer",813,"Lazer"
40527,8,"Assistência Social",245,"Serviços Socioassistenciais"
46556,15,"Urbanismo",451,"Infraestrutura Urbana "
40521,15,"Urbanismo",451,"Infraestrutura Urbana "
40153,13,"Cultura",392,"Difusão Cultural"
38224,27,"Desporto e Lazer",813,"Lazer"
42717,27,"Desporto e Lazer",813,"Lazer"
45099,8,"Assistência Social",245,"Serviços Socioassistenciais"
37029,27,"Desporto e Lazer",812,"Desporto Comunitário"
41054,13,"Cultura",392,"Difusão Cultural"
40372,27,"Desporto e Lazer",812,"Desporto Comunitário"
42151,27,"Desporto e Lazer",812,"Desporto Comunitário"
40984,8,"Assistência Social",245,"Serviços Socioassistenciais"
37398,15,"Urbanismo",451,"Infraestrutura Urbana "
46462,15,"Urbanismo",451,"Infraestrutura Urbana "
39469,20,"Agricultura",608,"Promoção da Produção Agropecuária"
43922,8,"Assistência Social",245,"Serviços Socioassistenciais"
41246,15,"Urbanismo",451,"Infraestrutura Urbana "
40541,13,"Cultura",392,"Difusão Cultural"
44085,20,"Agricultura",608,"Promoção da Produção Agropecuária"
40492,13,"Cultura",392,"Difusão Cultural"
45768,27,"Desporto e Lazer",813,"Lazer"
39429,27,"Desporto e Lazer",812,"Desporto Comunitário"
46464,27,"Desporto e Lazer",812,"Desporto Comunitário"
44234,27,"Desporto e Lazer",813,"Lazer"
41308,27,"Desporto e Lazer",812,"Desporto Comunitário"
37419,15,"Urbanismo",451,"Infraestrutura Urbana "
39442,27,"Desporto e Lazer",813,"Lazer"
39948,8,"Assistência Social",245,"Serviços Socioassistenciais"
37134,15,"Urbanismo",451,"Infraestrutura Urbana "
46541,23,"Comércio e Serviços",695,"Turismo"
40975,15,"Urbanismo",451,"Infraestrutura Urbana "
45182,20,"Agricultura",608,"Promoção da Produção Agropecuária"
46913,17,"Saneamento",512,"Saneamento Básico Urbano"
41493,27,"Desporto e Lazer",812,"Desporto Comunitário"
44514,27,"Desporto e Lazer",812,"Desporto Comunitário"
42701,27,"Desporto e Lazer",812,"Desporto Comunitário"
41604,13,"Cultura",392,"Difusão Cultural"
42502,15,"Urbanismo",451,"Infraestrutura Urbana "
39543,13,"Cultura",392,"Difusão Cultural"
41975,20,"Agricultura",608,"Promoção da Produção Agropecuária"
38440,27,"Desporto e Lazer",812,"Desporto Comunitário"
45407,27,"Desporto e Lazer",812,"Desporto Comunitário"
45501,27,"Desporto e Lazer",812,"Desporto Comunitário"
37524,13,"Cultura",392,"Difusão Cultural"
44056,8,"Assistência Social",245,"Serviços Socioassistenciais"
40726,15,"Urbanismo",451,"Infraestrutura Urbana "
41490,27,"Desporto e Lazer",812,"Desporto Comunitário"
46990,27,"Desporto e Lazer",812,"Desporto Comunitário"
47209,23,"Comércio e Serviços",695,"Turismo"
39437,8,"Assistência Social",245,"Serviços Socioassistenciais"
40830,15,"Urbanismo",451,"Infraestrutura Urbana "
39467,15,"Urbanismo",451,"Infraestrutura Urbana "
40962,15,"Urbanismo",451,"Infraestrutura Urbana "
39199,13,"Cultura",392,"Difusão Cultural"
38818,27,"Desporto e Lazer",813,"Lazer"
41857,27,"Desporto e Lazer",812,"Desporto Comunitário"
38543,15,"Urbanismo",451,"Infraestrutura Urbana "
46227,20,"Agricultura",608,"Promoção da Produção Agropecuária"
38237,13,"Cultura",392,"Difusão Cultural"
41165,27,"Desporto e Lazer",813,"Lazer"
40014,22,"Indústria",662,"Produção Industrial"
37914,15,"Urbanismo",451,"Infraestrutura Urbana "
37825,15,"Urbanismo",451,"Infraestrutura Urbana "
45556,20,"Agricultura",608,"Promoção da Produção Agropecuária"
46816,10,"Saúde",302,"Assistência Hospitalar e Ambulatorial"
46560,8,"Assistência Social",245,"Serviços Socioassistenciais"
39421,27,"Desporto e Lazer",812,"Desporto Comunitário"
44606,20,"Agricultura",608,"Promoção da Produção Agropecuária"
44784,20,"Agricultura",608,"Promoção da Produção Agropecuária"
45558,23,"Comércio e Serviços",695,"Turismo"
42313,8,"Assistência Social",245,"Serviços Socioassistenciais"
43904,15,"Urbanismo",451,"Infraestrutura Urbana "
45173,27,"Desporto e Lazer",813,"Lazer"
38129,27,"Desporto e Lazer",812,"Desporto Comunitário"
41448,15,"Urbanismo",451,"Infraestrutura Urbana "
45185,20,"Agricultura",608,"Promoção da Produção Agropecuária"
39916,27,"Desporto e Lazer",813,"Lazer"
42267,27,"Desporto e Lazer",812,"Desporto Comunitário"
43369,23,"Comércio e Serviços",695,"Turismo"
40285,13,"Cultura",392,"Difusão Cultural"
46859,15,"Urbanismo",451,"Infraestrutura Urbana "
43017,27,"Desporto e Lazer",812,"Desporto Comunitário"
46226,27,"Desporto e Lazer",812,"Desporto Comunitário"
40774,27,"Desporto e Lazer",812,"Desporto Comunitário"
46889,6,"Segurança Pública",181,"Policiamento"
46937,15,"Urbanismo",451,"Infraestrutura Urbana "
46898,15,"Urbanismo",451,"Infraestrutura Urbana "
43914,13,"Cultura",392,"Difusão Cultural"
45927,13,"Cultura",392,"Difusão Cultural"
39170,27,"Desporto e Lazer",813,"Lazer"
37231,20,"Agricultura",605,"Abastecimento"
37151,13,"Cultura",392,"Difusão Cultural"
45427,12,"Educação",361,"Ensino Fundamental"
42035,27,"Desporto e Lazer",812,"Desporto Comunitário"
40597,8,"Assistência Social",245,"Serviços Socioassistenciais"
41488,27,"Desporto e Lazer",812,"Desporto Comunitário"
43964,8,"Assistência Social",245,"Serviços Socioassistenciais"
46908,27,"Desporto e Lazer",813,"Lazer"
46837,8,"Assistência Social",242,"Assistência ao Portador de Deficiência"
46837,8,"Assistência Social",245,"Serviços Socioassistenciais"
46837,8,"Assistência Social",243,"Assistência à Criança e ao Adolescente"
46837,8,"Assistência Social",244,"Assistência Comunitária"
39471,16,"Habitação",482,"Habitação Urbana"
37767,20,"Agricultura",605,"Abastecimento"
37767,20,"Agricultura",608,"Promoção da Produção Agropecuária"
47014,20,"Agricultura",608,"Promoção da Produção Agropecuária"
46551,23,"Comércio e Serviços",695,"Turismo"
47223,8,"Assistência Social",244,"Assistência Comunitária"
40202,15,"Urbanismo",451,"Infraestrutura Urbana "
40733,15,"Urbanismo",451,"Infraestrutura Urbana "
46470,15,"Urbanismo",451,"Infraestrutura Urbana "
43945,15,"Urbanismo",451,"Infraestrutura Urbana "
43967,12,"Educação",361,"Ensino Fundamental"
39454,15,"Urbanismo",451,"Infraestrutura Urbana "
37842,15,"Urbanismo",451,"Infraestrutura Urbana "
37857,6,"Segurança Pública",181,"Policiamento"
37863,15,"Urbanismo",451,"Infraestrutura Urbana "
40533,20,"Agricultura",608,"Promoção da Produção Agropecuária"
37881,10,"Saúde",301,"Atenção Básica"
37831,12,"Educação",368,"Educação Básica"
37960,20,"Agricultura",608,"Promoção da Produção Agropecuária"
38523,20,"Agricultura",608,"Promoção da Produção Agropecuária"
37873,18,"Gestão Ambiental",541,"Preservação e Conservação Ambiental"
37897,20,"Agricultura",608,"Promoção da Produção Agropecuária"
37877,15,"Urbanismo",451,"Infraestrutura Urbana "
37880,27,"Desporto e Lazer",812,"Desporto Comunitário"
39472,26,"Transporte",782,"Transporte Rodoviário"
43128,20,"Agricultura",608,"Promoção da Produção Agropecuária"
37911,13,"Cultura",392,"Difusão Cultural"
40335,8,"Assistência Social",245,"Serviços Socioassistenciais"
39487,23,"Comércio e Serviços",695,"Turismo"
43066,13,"Cultura",392,"Difusão Cultural"
40988,27,"Desporto e Lazer",812,"Desporto Comunitário"
40859,16,"Habitação",482,"Habitação Urbana"
40631,20,"Agricultura",608,"Promoção da Produção Agropecuária"
40522,20,"Agricultura",606,"Extensão Rural"
38611,15,"Urbanismo",127,"Ordenamento Territorial"
37965,15,"Urbanismo",451,"Infraestrutura Urbana "
40558,23,"Comércio e Serviços",695,"Turismo"
42486,27,"Desporto e Lazer",813,"Lazer"
45862,27,"Desporto e Lazer",813,"Lazer"
46346,20,"Agricultura",606,"Extensão Rural"
43934,27,"Desporto e Lazer",812,"Desporto Comunitário"
44338,23,"Comércio e Serviços",695,"Turismo"
43532,27,"Desporto e Lazer",813,"Lazer"
37969,15,"Urbanismo",127,"Ordenamento Territorial"
38125,20,"Agricultura",608,"Promoção da Produção Agropecuária"
40276,13,"Cultura",392,"Difusão Cultural"
43050,20,"Agricultura",608,"Promoção da Produção Agropecuária"
41004,27,"Desporto e Lazer",813,"Lazer"
39540,18,"Gestão Ambiental",544,"Recursos Hídricos"
42504,20,"Agricultura",608,"Promoção da Produção Agropecuária"
40581,15,"Urbanismo",451,"Infraestrutura Urbana "
37906,16,"Habitação",481,"Habitação Rural"
40551,27,"Desporto e Lazer",812,"Desporto Comunitário"
43444,27,"Desporto e Lazer",812,"Desporto Comunitário"
45198,27,"Desporto e Lazer",812,"Desporto Comunitário"
40051,13,"Cultura",392,"Difusão Cultural"
42640,27,"Desporto e Lazer",813,"Lazer"
43833,8,"Assistência Social",245,"Serviços Socioassistenciais"
41309,13,"Cultura",392,"Difusão Cultural"
44314,21,"Organização Agrária",632,"Colonização"
46557,27,"Desporto e Lazer",812,"Desporto Comunitário"
47112,20,"Agricultura",608,"Promoção da Produção Agropecuária"
46903,20,"Agricultura",608,"Promoção da Produção Agropecuária"
46888,15,"Urbanismo",451,"Infraestrutura Urbana "
43504,27,"Desporto e Lazer",811,"Desporto de Rendimento"
39478,12,"Educação",368,"Educação Básica"
44174,10,"Saúde",302,"Assistência Hospitalar e Ambulatorial"
39446,23,"Comércio e Serviços",695,"Turismo"
43259,23,"Comércio e Serviços",695,"Turismo"
44702,8,"Assistência Social",245,"Serviços Socioassistenciais"
41224,8,"Assistência Social",245,"Serviços Socioassistenciais"
44691,8,"Assistência Social",245,"Serviços Socioassistenciais"
44763,15,"Urbanismo",451,"Infraestrutura Urbana "
44676,8,"Assistência Social",245,"Serviços Socioassistenciais"
43069,15,"Urbanismo",451,"Infraestrutura Urbana "
43165,13,"Cultura",392,"Difusão Cultural"
38083,15,"Urbanismo",451,"Infraestrutura Urbana "
44914,10,"Saúde",302,"Assistência Hospitalar e Ambulatorial"
45029,23,"Comércio e Serviços",695,"Turismo"
44522,27,"Desporto e Lazer",812,"Desporto Comunitário"
44951,20,"Agricultura",608,"Promoção da Produção Agropecuária"
37952,20,"Agricultura",608,"Promoção da Produção Agropecuária"
46129,15,"Urbanismo",451,"Infraestrutura Urbana "
41012,23,"Comércio e Serviços",695,"Turismo"
38062,20,"Agricultura",608,"Promoção da Produção Agropecuária"
41315,13,"Cultura",392,"Difusão Cultural"
42192,23,"Comércio e Serviços",695,"Turismo"
44330,23,"Comércio e Serviços",695,"Turismo"
37959,23,"Comércio e Serviços",695,"Turismo"
38171,26,"Transporte",782,"Transporte Rodoviário"
40526,15,"Urbanismo",451,"Infraestrutura Urbana "
43927,15,"Urbanismo",452,"Serviços Urbanos"
40525,15,"Urbanismo",451,"Infraestrutura Urbana "
39468,27,"Desporto e Lazer",813,"Lazer"
43233,8,"Assistência Social",245,"Serviços Socioassistenciais"
41064,15,"Urbanismo",451,"Infraestrutura Urbana "
39482,15,"Urbanismo",451,"Infraestrutura Urbana "
42236,20,"Agricultura",605,"Abastecimento"
39486,15,"Urbanismo",451,"Infraestrutura Urbana "
42498,27,"Desporto e Lazer",812,"Desporto Comunitário"
41181,23,"Comércio e Serviços",695,"Turismo"
43972,23,"Comércio e Serviços",695,"Turismo"
46771,8,"Assistência Social",245,"Serviços Socioassistenciais"
39480,6,"Segurança Pública",181,"Policiamento"
41278,6,"Segurança Pública",181,"Policiamento"
40584,10,"Saúde",301,"Atenção Básica"
46877,15,"Urbanismo",451,"Infraestrutura Urbana "
41128,15,"Urbanismo",451,"Infraestrutura Urbana "
39887,10,"Saúde",302,"Assistência Hospitalar e Ambulatorial"
38292,12,"Educação",367,"Educação Especial"
38292,12,"Educação",368,"Educação Básica"
40779,10,"Saúde",301,"Atenção Básica"
38219,15,"Urbanismo",451,"Infraestrutura Urbana "
44569,8,"Assistência Social",245,"Serviços Socioassistenciais"
42501,12,"Educação",368,"Educação Básica"
38533,15,"Urbanismo",451,"Infraestrutura Urbana "
39798,20,"Agricultura",608,"Promoção da Produção Agropecuária"
41282,15,"Urbanismo",451,"Infraestrutura Urbana "
43509,27,"Desporto e Lazer",812,"Desporto Comunitário"
40598,27,"Desporto e Lazer",813,"Lazer"
41106,23,"Comércio e Serviços",695,"Turismo"
41835,20,"Agricultura",608,"Promoção da Produção Agropecuária"
41835,20,"Agricultura",605,"Abastecimento"
40681,10,"Saúde",301,"Atenção Básica"
42140,23,"Comércio e Serviços",695,"Turismo"
41296,11,"Trabalho",333,"Empregabilidade"
45135,8,"Assistência Social",245,"Serviços Socioassistenciais"
42090,13,"Cultura",392,"Difusão Cultural"
42771,26,"Transporte",782,"Transporte Rodoviário"
46603,27,"Desporto e Lazer",811,"Desporto de Rendimento"
45550,27,"Desporto e Lazer",813,"Lazer"
45761,26,"Transporte",782,"Transporte Rodoviário"
46579,23,"Comércio e Serviços",695,"Turismo"
41656,15,"Urbanismo",451,"Infraestrutura Urbana "
42406,8,"Assistência Social",244,"Assistência Comunitária"
41112,8,"Assistência Social",245,"Serviços Socioassistenciais"
40374,8,"Assistência Social",246,"Segurança de Renda"
40796,15,"Urbanismo",451,"Infraestrutura Urbana "
45287,15,"Urbanismo",451,"Infraestrutura Urbana "
40855,20,"Agricultura",608,"Promoção da Produção Agropecuária"
40908,27,"Desporto e Lazer",813,"Lazer"
45336,27,"Desporto e Lazer",812,"Desporto Comunitário"
41073,23,"Comércio e Serviços",695,"Turismo"
38039,10,"Saúde",301,"Atenção Básica"
40678,27,"Desporto e Lazer",811,"Desporto de Rendimento"
39490,15,"Urbanismo",451,"Infraestrutura Urbana "
42194,20,"Agricultura",608,"Promoção da Produção Agropecuária"
40582,20,"Agricultura",608,"Promoção da Produção Agropecuária"
46648,15,"Urbanismo",451,"Infraestrutura Urbana "
40764,27,"Desporto e Lazer",812,"Desporto Comunitário"
39135,27,"Desporto e Lazer",812,"Desporto Comunitário"
43883,15,"Urbanismo",451,"Infraestrutura Urbana "
46323,27,"Desporto e Lazer",812,"Desporto Comunitário"
42347,23,"Comércio e Serviços",695,"Turismo"
44245,23,"Comércio e Serviços",695,"Turismo"
40633,27,"Desporto e Lazer",812,"Desporto Comunitário"
43503,16,"Habitação",482,"Habitação Urbana"
43255,15,"Urbanismo",451,"Infraestrutura Urbana "
46729,6,"Segurança Pública",181,"Policiamento"
40340,15,"Urbanismo",451,"Infraestrutura Urbana "
38017,15,"Urbanismo",451,"Infraestrutura Urbana "
41963,15,"Urbanismo",451,"Infraestrutura Urbana "
40765,15,"Urbanismo",451,"Infraestrutura Urbana "
40688,20,"Agricultura",608,"Promoção da Produção Agropecuária"
39710,10,"Saúde",302,"Assistência Hospitalar e Ambulatorial"
38015,20,"Agricultura",608,"Promoção da Produção Agropecuária"
40732,15,"Urbanismo",451,"Infraestrutura Urbana "
38092,20,"Agricultura",608,"Promoção da Produção Agropecuária"
40204,15,"Urbanismo",451,"Infraestrutura Urbana "
46312,15,"Urbanismo",451,"Infraestrutura Urbana "
43806,27,"Desporto e Lazer",812,"Desporto Comunitário"
38164,16,"Habitação",482,"Habitação Urbana"
41046,20,"Agricultura",608,"Promoção da Produção Agropecuária"
43438,8,"Assistência Social",245,"Serviços Socioassistenciais"
40712,20,"Agricultura",608,"Promoção da Produção Agropecuária"
38465,8,"Assistência Social",244,"Assistência Comunitária"
38030,8,"Assistência Social",245,"Serviços Socioassistenciais"
44066,20,"Agricultura",606,"Extensão Rural"
40628,15,"Urbanismo",451,"Infraestrutura Urbana "
39301,18,"Gestão Ambiental",542,"Controle Ambiental"
44087,27,"Desporto e Lazer",812,"Desporto Comunitário"
45973,20,"Agricultura",608,"Promoção da Produção Agropecuária"
43381,20,"Agricultura",608,"Promoção da Produção Agropecuária"
38035,10,"Saúde",301,"Atenção Básica"
46036,12,"Educação",361,"Ensino Fundamental"
46036,12,"Educação",365,"Educação Infantil"
43214,10,"Saúde",302,"Assistência Hospitalar e Ambulatorial"
37628,15,"Urbanismo",127,"Ordenamento Territorial"
44040,15,"Urbanismo",451,"Infraestrutura Urbana "
46644,27,"Desporto e Lazer",812,"Desporto Comunitário"
46120,10,"Saúde",302,"Assistência Hospitalar e Ambulatorial"
40590,15,"Urbanismo",451,"Infraestrutura Urbana "
46687,15,"Urbanismo",451,"Infraestrutura Urbana "
39503,27,"Desporto e Lazer",812,"Desporto Comunitário"
46895,8,"Assistência Social",243,"Assistência à Criança e ao Adolescente"
44068,20,"Agricultura",608,"Promoção da Produção Agropecuária"
38052,15,"Urbanismo",451,"Infraestrutura Urbana "
46726,16,"Habitação",482,"Habitação Urbana"
44268,23,"Comércio e Serviços",695,"Turismo"
40629,15,"Urbanismo",451,"Infraestrutura Urbana "
39509,15,"Urbanismo",451,"Infraestrutura Urbana "
40622,27,"Desporto e Lazer",812,"Desporto Comunitário"
40622,15,"Urbanismo",451,"Infraestrutura Urbana "
39515,8,"Assistência Social",245,"Serviços Socioassistenciais"
46607,27,"Desporto e Lazer",811,"Desporto de Rendimento"
39507,15,"Urbanismo",451,"Infraestrutura Urbana "
46682,8,"Assistência Social",245,"Serviços Socioassistenciais"
39907,15,"Urbanismo",451,"Infraestrutura Urbana "
41144,15,"Urbanismo",451,"Infraestrutura Urbana "
46680,15,"Urbanismo",451,"Infraestrutura Urbana "
42697,27,"Desporto e Lazer",813,"Lazer"
38193,23,"Comércio e Serviços",695,"Turismo"
46947,8,"Assistência Social",245,"Serviços Socioassistenciais"
40645,15,"Urbanismo",451,"Infraestrutura Urbana "
46960,8,"Assistência Social",245,"Serviços Socioassistenciais"
38034,20,"Agricultura",608,"Promoção da Produção Agropecuária"
39520,20,"Agricultura",608,"Promoção da Produção Agropecuária"
38050,15,"Urbanismo",451,"Infraestrutura Urbana "
40648,27,"Desporto e Lazer",813,"Lazer"
37816,13,"Cultura",392,"Difusão Cultural"
42388,12,"Educação",361,"Ensino Fundamental"
42300,20,"Agricultura",608,"Promoção da Produção Agropecuária"
38090,10,"Saúde",301,"Atenção Básica"
38138,15,"Urbanismo",451,"Infraestrutura Urbana "
40896,15,"Urbanismo",451,"Infraestrutura Urbana "
46931,12,"Educação",368,"Educação Básica"
40904,10,"Saúde",301,"Atenção Básica"
45635,10,"Saúde",301,"Atenção Básica"
38051,10,"Saúde",301,"Atenção Básica"
40711,10,"Saúde",302,"Assistência Hospitalar e Ambulatorial"
46942,20,"Agricultura",608,"Promoção da Produção Agropecuária"
39514,15,"Urbanismo",451,"Infraestrutura Urbana "
38996,21,"Organização Agrária",631,"Reforma Agrária"
44127,15,"Urbanismo",453,"Transportes Coletivos Urbanos"
40656,23,"Comércio e Serviços",695,"Turismo"
38055,15,"Urbanismo",451,"Infraestrutura Urbana "
43105,12,"Educação",361,"Ensino Fundamental"
43105,12,"Educação",365,"Educação Infantil"
38095,15,"Urbanismo",451,"Infraestrutura Urbana "
38076,27,"Desporto e Lazer",812,"Desporto Comunitário"
46892,13,"Cultura",392,"Difusão Cultural"
46948,15,"Urbanismo",451,"Infraestrutura Urbana "
46707,8,"Assistência Social",245,"Serviços Socioassistenciais"
41554,15,"Urbanismo",451,"Infraestrutura Urbana "
38064,15,"Urbanismo",451,"Infraestrutura Urbana "
38110,20,"Agricultura",608,"Promoção da Produção Agropecuária"
46377,12,"Educação",364,"Ensino Superior"
38139,8,"Assistência Social",244,"Assistência Comunitária"
46450,10,"Saúde",301,"Atenção Básica"
46450,13,"Cultura",392,"Difusão Cultural"
38179,15,"Urbanismo",451,"Infraestrutura Urbana "
38155,15,"Urbanismo",452,"Serviços Urbanos"
40090,15,"Urbanismo",451,"Infraestrutura Urbana "
40915,6,"Segurança Pública",181,"Policiamento"
38145,20,"Agricultura",608,"Promoção da Produção Agropecuária"
40980,15,"Urbanismo",451,"Infraestrutura Urbana "
41864,23,"Comércio e Serviços",695,"Turismo"
42055,23,"Comércio e Serviços",695,"Turismo"
47122,8,"Assistência Social",244,"Assistência Comunitária"
38173,20,"Agricultura",608,"Promoção da Produção Agropecuária"
38146,20,"Agricultura",608,"Promoção da Produção Agropecuária"
39516,15,"Urbanismo",453,"Transportes Coletivos Urbanos"
42249,15,"Urbanismo",451,"Infraestrutura Urbana "
46982,15,"Urbanismo",451,"Infraestrutura Urbana "
44131,15,"Urbanismo",452,"Serviços Urbanos"
45576,27,"Desporto e Lazer",813,"Lazer"
40917,15,"Urbanismo",451,"Infraestrutura Urbana "
46781,15,"Urbanismo",451,"Infraestrutura Urbana "
38175,18,"Gestão Ambiental",544,"Recursos Hídricos"
38174,10,"Saúde",301,"Atenção Básica"
39245,10,"Saúde",302,"Assistência Hospitalar e Ambulatorial"
46997,15,"Urbanismo",451,"Infraestrutura Urbana "
46997,27,"Desporto e Lazer",812,"Desporto Comunitário"
46997,27,"Desporto e Lazer",813,"Lazer"
47432,10,"Saúde",301,"Atenção Básica"
44117,10,"Saúde",302,"Assistência Hospitalar e Ambulatorial"
38178,13,"Cultura",392,"Difusão Cultural"
38343,27,"Desporto e Lazer",812,"Desporto Comunitário"
40919,20,"Agricultura",608,"Promoção da Produção Agropecuária"
41119,10,"Saúde",302,"Assistência Hospitalar e Ambulatorial"
40715,16,"Habitação",482,"Habitação Urbana"
43019,10,"Saúde",302,"Assistência Hospitalar e Ambulatorial"
39523,20,"Agricultura",608,"Promoção da Produção Agropecuária"
40148,15,"Urbanismo",451,"Infraestrutura Urbana "
43645,15,"Urbanismo",451,"Infraestrutura Urbana "
45415,15,"Urbanismo",451,"Infraestrutura Urbana "
42642,15,"Urbanismo",451,"Infraestrutura Urbana "
46007,13,"Cultura",392,"Difusão Cultural"
43960,15,"Urbanismo",451,"Infraestrutura Urbana "
37530,20,"Agricultura",608,"Promoção da Produção Agropecuária"
38103,6,"Segurança Pública",181,"Policiamento"
44303,15,"Urbanismo",451,"Infraestrutura Urbana "
39255,20,"Agricultura",608,"Promoção da Produção Agropecuária"
39196,20,"Agricultura",608,"Promoção da Produção Agropecuária"
46275,10,"Saúde",301,"Atenção Básica"
41406,15,"Urbanismo",451,"Infraestrutura Urbana "
38636,8,"Assistência Social",241,"Assistência ao Idoso"
45827,15,"Urbanismo",451,"Infraestrutura Urbana "
39512,15,"Urbanismo",451,"Infraestrutura Urbana "
41521,20,"Agricultura",608,"Promoção da Produção Agropecuária"
42877,15,"Urbanismo",451,"Infraestrutura Urbana "
39410,22,"Indústria",661,"Promoção Industrial"
39679,22,"Indústria",662,"Produção Industrial"
42922,15,"Urbanismo",451,"Infraestrutura Urbana "
41031,12,"Educação",368,"Educação Básica"
44487,12,"Educação",361,"Ensino Fundamental"
41587,15,"Urbanismo",451,"Infraestrutura Urbana "
39888,15,"Urbanismo",451,"Infraestrutura Urbana "
44650,15,"Urbanismo",451,"Infraestrutura Urbana "
45147,15,"Urbanismo",451,"Infraestrutura Urbana "
41313,15,"Urbanismo",451,"Infraestrutura Urbana "
37365,6,"Segurança Pública",182,"Defesa Civil"
43719,15,"Urbanismo",451,"Infraestrutura Urbana "
38803,15,"Urbanismo",451,"Infraestrutura Urbana "
39209,15,"Urbanismo",451,"Infraestrutura Urbana "
40658,27,"Desporto e Lazer",813,"Lazer"
44662,8,"Assistência Social",244,"Assistência Comunitária"
42900,12,"Educação",365,"Educação Infantil"
37250,15,"Urbanismo",451,"Infraestrutura Urbana "
42648,15,"Urbanismo",451,"Infraestrutura Urbana "
45543,8,"Assistência Social",241,"Assistência ao Idoso"
43559,8,"Assistência Social",244,"Assistência Comunitária"
41907,15,"Urbanismo",451,"Infraestrutura Urbana "
47205,15,"Urbanismo",451,"Infraestrutura Urbana "
38513,15,"Urbanismo",451,"Infraestrutura Urbana "
40614,15,"Urbanismo",451,"Infraestrutura Urbana "
37632,15,"Urbanismo",451,"Infraestrutura Urbana "
44621,15,"Urbanismo",451,"Infraestrutura Urbana "
43588,15,"Urbanismo",451,"Infraestrutura Urbana "
42126,15,"Urbanismo",451,"Infraestrutura Urbana "
43863,15,"Urbanismo",451,"Infraestrutura Urbana "
41344,15,"Urbanismo",451,"Infraestrutura Urbana "
46677,20,"Agricultura",608,"Promoção da Produção Agropecuária"
46024,20,"Agricultura",608,"Promoção da Produção Agropecuária"
41803,27,"Desporto e Lazer",813,"Lazer"
38397,10,"Saúde",302,"Assistência Hospitalar e Ambulatorial"
41793,15,"Urbanismo",451,"Infraestrutura Urbana "
41608,15,"Urbanismo",451,"Infraestrutura Urbana "
41608,18,"Gestão Ambiental",544,"Recursos Hídricos"
43673,15,"Urbanismo",451,"Infraestrutura Urbana "
41069,17,"Saneamento",511,"Saneamento Básico Rural"
37688,23,"Comércio e Serviços",695,"Turismo"
44947,14,"Direitos da Cidadania",422,"Direitos Individuais, Coletivos e Difusos"
47177,13,"Cultura",392,"Difusão Cultural"
42618,12,"Educação",368,"Educação Básica"
42326,10,"Saúde",305,"Vigilância Epidemiológica"
41152,27,"Desporto e Lazer",811,"Desporto de Rendimento"
41152,27,"Desporto e Lazer",812,"Desporto Comunitário"
41152,27,"Desporto e Lazer",813,"Lazer"
40929,8,"Assistência Social",244,"Assistência Comunitária"
40445,8,"Assistência Social",244,"Assistência Comunitária"
44697,10,"Saúde",302,"Assistência Hospitalar e Ambulatorial"
41191,8,"Assistência Social",244,"Assistência Comunitária"
41160,10,"Saúde",303,"Suporte Profilático e Terapêutico"
41186,8,"Assistência Social",244,"Assistência Comunitária"
41317,19,"Ciência e Tecnologia",571,"Desenvolvimento Científico"
41323,22,"Indústria",661,"Promoção Industrial"
41479,17,"Saneamento",512,"Saneamento Básico Urbano"
40591,6,"Segurança Pública",181,"Policiamento"
44475,14,"Direitos da Cidadania",422,"Direitos Individuais, Coletivos e Difusos"
41506,6,"Segurança Pública",181,"Policiamento"
45469,15,"Urbanismo",452,"Serviços Urbanos"
45354,14,"Direitos da Cidadania",422,"Direitos Individuais, Coletivos e Difusos"
43705,14,"Direitos da Cidadania",423,"Assistência aos Povos Indígenas"
39602,13,"Cultura",392,"Difusão Cultural"
47107,15,"Urbanismo",451,"Infraestrutura Urbana "
46093,15,"Urbanismo",451,"Infraestrutura Urbana "
38432,15,"Urbanismo",451,"Infraestrutura Urbana "
40741,15,"Urbanismo",451,"Infraestrutura Urbana "
38238,15,"Urbanismo",451,"Infraestrutura Urbana "
43845,15,"Urbanismo",451,"Infraestrutura Urbana "
41300,20,"Agricultura",608,"Promoção da Produção Agropecuária"
45125,15,"Urbanismo",451,"Infraestrutura Urbana "
46880,15,"Urbanismo",451,"Infraestrutura Urbana "
40214,15,"Urbanismo",451,"Infraestrutura Urbana "
38101,15,"Urbanismo",451,"Infraestrutura Urbana "
37152,15,"Urbanismo",451,"Infraestrutura Urbana "
41832,15,"Urbanismo",451,"Infraestrutura Urbana "
47198,23,"Comércio e Serviços",695,"Turismo"
40699,23,"Comércio e Serviços",695,"Turismo"
37556,15,"Urbanismo",451,"Infraestrutura Urbana "
39168,15,"Urbanismo",451,"Infraestrutura Urbana "
42257,12,"Educação",361,"Ensino Fundamental"
42257,12,"Educação",368,"Educação Básica"
39787,15,"Urbanismo",451,"Infraestrutura Urbana "
39920,12,"Educação",361,"Ensino Fundamental"
37105,15,"Urbanismo",451,"Infraestrutura Urbana "
42826,15,"Urbanismo",451,"Infraestrutura Urbana "
40714,23,"Comércio e Serviços",695,"Turismo"
39789,27,"Desporto e Lazer",812,"Desporto Comunitário"
39789,27,"Desporto e Lazer",813,"Lazer"
43327,23,"Comércio e Serviços",695,"Turismo"
39649,15,"Urbanismo",451,"Infraestrutura Urbana "
43426,6,"Segurança Pública",181,"Policiamento"
46083,20,"Agricultura",608,"Promoção da Produção Agropecuária"
41634,15,"Urbanismo",451,"Infraestrutura Urbana "
37394,15,"Urbanismo",451,"Infraestrutura Urbana "
47407,14,"Direitos da Cidadania",422,"Direitos Individuais, Coletivos e Difusos"
46461,15,"Urbanismo",127,"Ordenamento Territorial"
42459,8,"Assistência Social",244,"Assistência Comunitária"
38870,17,"Saneamento",511,"Saneamento Básico Rural"
46418,23,"Comércio e Serviços",695,"Turismo"
43577,8,"Assistência Social",245,"Serviços Socioassistenciais"
37903,12,"Educação",364,"Ensino Superior"
43116,12,"Educação",363,"Ensino Profissional"
45537,20,"Agricultura",606,"Extensão Rural"
46182,14,"Direitos da Cidadania",422,"Direitos Individuais, Coletivos e Difusos"
43669,10,"Saúde",302,"Assistência Hospitalar e Ambulatorial"
42517,19,"Ciência e Tecnologia",571,"Desenvolvimento Científico"
42517,19,"Ciência e Tecnologia",572,"Desenvolvimento Tecnológico e Engenharia"
46739,19,"Ciência e Tecnologia",573,"Difusão do Conhecimento Científico e Tecnológico"
42619,10,"Saúde",302,"Assistência Hospitalar e Ambulatorial"
45902,15,"Urbanismo",451,"Infraestrutura Urbana "
42631,10,"Saúde",301,"Atenção Básica"
38044,6,"Segurança Pública",182,"Defesa Civil"
37958,6,"Segurança Pública",181,"Policiamento"
41769,8,"Assistência Social",244,"Assistência Comunitária"
41785,20,"Agricultura",605,"Abastecimento"
41798,20,"Agricultura",606,"Extensão Rural"
41798,20,"Agricultura",609,"Defesa Agropecuária"
41774,20,"Agricultura",605,"Abastecimento"
41996,8,"Assistência Social",243,"Assistência à Criança e ao Adolescente"
41996,27,"Desporto e Lazer",812,"Desporto Comunitário"
41906,13,"Cultura",392,"Difusão Cultural"
47415,13,"Cultura",392,"Difusão Cultural"
44930,19,"Ciência e Tecnologia",571,"Desenvolvimento Científico"
38812,15,"Urbanismo",451,"Infraestrutura Urbana "
41962,18,"Gestão Ambiental",542,"Controle Ambiental"
42082,20,"Agricultura",605,"Abastecimento"
42083,20,"Agricultura",605,"Abastecimento"
42215,26,"Transporte",782,"Transporte Rodoviário"
42214,26,"Transporte",782,"Transporte Rodoviário"
42337,20,"Agricultura",608,"Promoção da Produção Agropecuária"
42336,20,"Agricultura",608,"Promoção da Produção Agropecuária"
46629,20,"Agricultura",608,"Promoção da Produção Agropecuária"
45116,27,"Desporto e Lazer",812,"Desporto Comunitário"
45116,27,"Desporto e Lazer",813,"Lazer"
44498,6,"Segurança Pública",181,"Policiamento"
47402,20,"Agricultura",608,"Promoção da Produção Agropecuária"
46811,20,"Agricultura",608,"Promoção da Produção Agropecuária"
45500,18,"Gestão Ambiental",541,"Preservação e Conservação Ambiental"
45500,20,"Agricultura",608,"Promoção da Produção Agropecuária"
45969,13,"Cultura",392,"Difusão Cultural"
46531,13,"Cultura",391,"Patrimônio Histórico, Artístico e Arqueológico"
46531,13,"Cultura",392,"Difusão Cultural"
46531,14,"Direitos da Cidadania",422,"Direitos Individuais, Coletivos e Difusos"
46531,14,"Direitos da Cidadania",423,"Assistência aos Povos Indígenas"
44971,10,"Saúde",301,"Atenção Básica"
45528,20,"Agricultura",608,"Promoção da Produção Agropecuária"
45922,13,"Cultura",392,"Difusão Cultural"
44178,15,"Urbanismo",451,"Infraestrutura Urbana "
41775,10,"Saúde",301,"Atenção Básica"
41087,23,"Comércio e Serviços",691,"Promoção Comercial"
43155,15,"Urbanismo",451,"Infraestrutura Urbana "
40421,20,"Agricultura",605,"Abastecimento"
40579,15,"Urbanismo",451,"Infraestrutura Urbana "
40038,23,"Comércio e Serviços",695,"Turismo"
38884,27,"Desporto e Lazer",812,"Desporto Comunitário"
46730,10,"Saúde",302,"Assistência Hospitalar e Ambulatorial"
42616,15,"Urbanismo",451,"Infraestrutura Urbana "
43143,20,"Agricultura",605,"Abastecimento"
43889,23,"Comércio e Serviços",695,"Turismo"
45428,23,"Comércio e Serviços",695,"Turismo"
38931,23,"Comércio e Serviços",695,"Turismo"
44173,23,"Comércio e Serviços",695,"Turismo"
40511,23,"Comércio e Serviços",695,"Turismo"
40312,23,"Comércio e Serviços",695,"Turismo"
43560,23,"Comércio e Serviços",695,"Turismo"
45982,8,"Assistência Social",241,"Assistência ao Idoso"
39383,18,"Gestão Ambiental",544,"Recursos Hídricos"
47267,20,"Agricultura",608,"Promoção da Produção Agropecuária"
39581,20,"Agricultura",608,"Promoção da Produção Agropecuária"
40250,20,"Agricultura",608,"Promoção da Produção Agropecuária"
44371,8,"Assistência Social",245,"Serviços Socioassistenciais"
46800,20,"Agricultura",608,"Promoção da Produção Agropecuária"
46593,8,"Assistência Social",245,"Serviços Socioassistenciais"
46845,12,"Educação",361,"Ensino Fundamental"
43542,8,"Assistência Social",245,"Serviços Socioassistenciais"
40861,8,"Assistência Social",245,"Serviços Socioassistenciais"
40267,8,"Assistência Social",245,"Serviços Socioassistenciais"
40075,8,"Assistência Social",244,"Assistência Comunitária"
43713,8,"Assistência Social",243,"Assistência à Criança e ao Adolescente"
45654,8,"Assistência Social",244,"Assistência Comunitária"
42904,20,"Agricultura",608,"Promoção da Produção Agropecuária"
44593,8,"Assistência Social",245,"Serviços Socioassistenciais"
42301,8,"Assistência Social",245,"Serviços Socioassistenciais"
40685,10,"Saúde",302,"Assistência Hospitalar e Ambulatorial"
46097,8,"Assistência Social",245,"Serviços Socioassistenciais"
42481,8,"Assistência Social",245,"Serviços Socioassistenciais"
38787,20,"Agricultura",608,"Promoção da Produção Agropecuária"
47147,26,"Transporte",782,"Transporte Rodoviário"
45257,12,"Educação",361,"Ensino Fundamental"
47002,27,"Desporto e Lazer",812,"Desporto Comunitário"
38479,14,"Direitos da Cidadania",421,"Custódia e Reintegração Social"
42703,17,"Saneamento",512,"Saneamento Básico Urbano"
39246,14,"Direitos da Cidadania",421,"Custódia e Reintegração Social"
43359,10,"Saúde",301,"Atenção Básica"
37473,20,"Agricultura",608,"Promoção da Produção Agropecuária"
46159,23,"Comércio e Serviços",695,"Turismo"
46613,20,"Agricultura",608,"Promoção da Produção Agropecuária"
42390,15,"Urbanismo",451,"Infraestrutura Urbana "
38256,15,"Urbanismo",451,"Infraestrutura Urbana "
37362,20,"Agricultura",608,"Promoção da Produção Agropecuária"
37047,15,"Urbanismo",451,"Infraestrutura Urbana "
45634,23,"Comércio e Serviços",695,"Turismo"
45236,27,"Desporto e Lazer",812,"Desporto Comunitário"
39497,10,"Saúde",301,"Atenção Básica"
44353,27,"Desporto e Lazer",812,"Desporto Comunitário"
39110,27,"Desporto e Lazer",811,"Desporto de Rendimento"
45923,20,"Agricultura",608,"Promoção da Produção Agropecuária"
41052,6,"Segurança Pública",183,"Informação e Inteligência"
43061,13,"Cultura",392,"Difusão Cultural"
41276,27,"Desporto e Lazer",813,"Lazer"
39996,13,"Cultura",392,"Difusão Cultural"
46283,6,"Segurança Pública",181,"Policiamento"
39576,12,"Educação",361,"Ensino Fundamental"
45629,12,"Educação",365,"Educação Infantil"
45161,13,"Cultura",392,"Difusão Cultural"
45887,13,"Cultura",392,"Difusão Cultural"
46465,6,"Segurança Pública",181,"Policiamento"
44678,12,"Educação",365,"Educação Infantil"
40890,8,"Assistência Social",245,"Serviços Socioassistenciais"
44383,23,"Comércio e Serviços",695,"Turismo"
45735,10,"Saúde",302,"Assistência Hospitalar e Ambulatorial"
43680,8,"Assistência Social",244,"Assistência Comunitária"
45393,10,"Saúde",302,"Assistência Hospitalar e Ambulatorial"
42928,10,"Saúde",302,"Assistência Hospitalar e Ambulatorial"
41225,15,"Urbanismo",451,"Infraestrutura Urbana "
40172,15,"Urbanismo",451,"Infraestrutura Urbana "
42119,15,"Urbanismo",451,"Infraestrutura Urbana "
40549,15,"Urbanismo",451,"Infraestrutura Urbana "
41049,15,"Urbanismo",451,"Infraestrutura Urbana "
37709,15,"Urbanismo",451,"Infraestrutura Urbana "
46408,10,"Saúde",302,"Assistência Hospitalar e Ambulatorial"
37982,8,"Assistência Social",244,"Assistência Comunitária"
41125,15,"Urbanismo",451,"Infraestrutura Urbana "
37915,20,"Agricultura",608,"Promoção da Produção Agropecuária"
45503,15,"Urbanismo",451,"Infraestrutura Urbana "
46145,15,"Urbanismo",451,"Infraestrutura Urbana "
40450,10,"Saúde",301,"Atenção Básica"
45072,15,"Urbanismo",451,"Infraestrutura Urbana "
42678,10,"Saúde",301,"Atenção Básica"
37785,27,"Desporto e Lazer",813,"Lazer"
44317,10,"Saúde",301,"Atenção Básica"
39657,15,"Urbanismo",451,"Infraestrutura Urbana "
41573,10,"Saúde",301,"Atenção Básica"
47173,10,"Saúde",302,"Assistência Hospitalar e Ambulatorial"
47175,10,"Saúde",301,"Atenção Básica"
41592,18,"Gestão Ambiental",544,"Recursos Hídricos"
46029,14,"Direitos da Cidadania",422,"Direitos Individuais, Coletivos e Difusos"
46728,20,"Agricultura",608,"Promoção da Produção Agropecuária"
46709,8,"Assistência Social",244,"Assistência Comunitária"
39549,13,"Cultura",392,"Difusão Cultural"
44267,19,"Ciência e Tecnologia",573,"Difusão do Conhecimento Científico e Tecnológico"
45408,23,"Comércio e Serviços",695,"Turismo"
45446,10,"Saúde",301,"Atenção Básica"
45472,10,"Saúde",302,"Assistência Hospitalar e Ambulatorial"
46565,20,"Agricultura",605,"Abastecimento"
46585,18,"Gestão Ambiental",541,"Preservação e Conservação Ambiental"
47339,17,"Saneamento",512,"Saneamento Básico Urbano"
37698,10,"Saúde",302,"Assistência Hospitalar e Ambulatorial"
44943,23,"Comércio e Serviços",695,"Turismo"
42527,10,"Saúde",301,"Atenção Básica"
45639,10,"Saúde",301,"Atenção Básica"
41262,12,"Educação",367,"Educação Especial"
38166,10,"Saúde",301,"Atenção Básica"
40385,15,"Urbanismo",451,"Infraestrutura Urbana "
42268,17,"Saneamento",512,"Saneamento Básico Urbano"
37476,12,"Educação",365,"Educação Infantil"
39426,12,"Educação",362,"Ensino Médio"
37467,15,"Urbanismo",452,"Serviços Urbanos"
37502,12,"Educação",365,"Educação Infantil"
42432,12,"Educação",361,"Ensino Fundamental"
38289,12,"Educação",361,"Ensino Fundamental"
40305,10,"Saúde",302,"Assistência Hospitalar e Ambulatorial"
40305,10,"Saúde",306,"Alimentação e Nutrição"
44086,12,"Educação",361,"Ensino Fundamental"
37004,10,"Saúde",302,"Assistência Hospitalar e Ambulatorial"
42461,12,"Educação",361,"Ensino Fundamental"
41267,12,"Educação",365,"Educação Infantil"
41267,12,"Educação",361,"Ensino Fundamental"
41595,15,"Urbanismo",451,"Infraestrutura Urbana "
40105,15,"Urbanismo",451,"Infraestrutura Urbana "
40160,12,"Educação",361,"Ensino Fundamental"
44434,19,"Ciência e Tecnologia",572,"Desenvolvimento Tecnológico e Engenharia"
41514,14,"Direitos da Cidadania",422,"Direitos Individuais, Coletivos e Difusos"
38344,15,"Urbanismo",451,"Infraestrutura Urbana "
39763,15,"Urbanismo",451,"Infraestrutura Urbana "
37581,12,"Educação",361,"Ensino Fundamental"
37773,12,"Educação",365,"Educação Infantil"
43786,12,"Educação",361,"Ensino Fundamental"
40382,12,"Educação",361,"Ensino Fundamental"
44311,16,"Habitação",482,"Habitação Urbana"
43735,6,"Segurança Pública",182,"Defesa Civil"
45069,16,"Habitação",482,"Habitação Urbana"
46901,6,"Segurança Pública",182,"Defesa Civil"
37743,12,"Educação",361,"Ensino Fundamental"
42001,15,"Urbanismo",451,"Infraestrutura Urbana "
41710,12,"Educação",361,"Ensino Fundamental"
43460,12,"Educação",365,"Educação Infantil"
43460,12,"Educação",368,"Educação Básica"
37682,10,"Saúde",301,"Atenção Básica"
37736,10,"Saúde",301,"Atenção Básica"
41290,23,"Comércio e Serviços",695,"Turismo"
47448,15,"Urbanismo",451,"Infraestrutura Urbana "
37208,15,"Urbanismo",451,"Infraestrutura Urbana "
37210,20,"Agricultura",608,"Promoção da Produção Agropecuária"
41470,23,"Comércio e Serviços",695,"Turismo"
39664,20,"Agricultura",605,"Abastecimento"
41286,12,"Educação",361,"Ensino Fundamental"
41286,12,"Educação",365,"Educação Infantil"
42291,10,"Saúde",302,"Assistência Hospitalar e Ambulatorial"
42412,10,"Saúde",302,"Assistência Hospitalar e Ambulatorial"
44143,10,"Saúde",301,"Atenção Básica"
39563,10,"Saúde",301,"Atenção Básica"
39552,20,"Agricultura",606,"Extensão Rural"
39555,8,"Assistência Social",245,"Serviços Socioassistenciais"
43039,15,"Urbanismo",451,"Infraestrutura Urbana "
43832,15,"Urbanismo",451,"Infraestrutura Urbana "
46517,15,"Urbanismo",451,"Infraestrutura Urbana "
46493,10,"Saúde",301,"Atenção Básica"
47400,10,"Saúde",302,"Assistência Hospitalar e Ambulatorial"
38212,17,"Saneamento",511,"Saneamento Básico Rural"
46686,10,"Saúde",301,"Atenção Básica"
46131,10,"Saúde",303,"Suporte Profilático e Terapêutico"
42695,12,"Educação",362,"Ensino Médio"
42695,20,"Agricultura",608,"Promoção da Produção Agropecuária"
46834,15,"Urbanismo",451,"Infraestrutura Urbana "
41683,12,"Educação",361,"Ensino Fundamental"
41683,12,"Educação",368,"Educação Básica"
43349,15,"Urbanismo",451,"Infraestrutura Urbana "
40370,12,"Educação",365,"Educação Infantil"
38414,12,"Educação",361,"Ensino Fundamental"
37123,15,"Urbanismo",451,"Infraestrutura Urbana "
45266,15,"Urbanismo",451,"Infraestrutura Urbana "
44892,12,"Educação",361,"Ensino Fundamental"
37113,12,"Educação",361,"Ensino Fundamental"
37093,12,"Educação",361,"Ensino Fundamental"
41101,10,"Saúde",301,"Atenção Básica"
41227,12,"Educação",361,"Ensino Fundamental"
45239,12,"Educação",361,"Ensino Fundamental"
45239,12,"Educação",365,"Educação Infantil"
41644,12,"Educação",361,"Ensino Fundamental"
43025,15,"Urbanismo",451,"Infraestrutura Urbana "
41616,12,"Educação",361,"Ensino Fundamental"
40352,12,"Educação",365,"Educação Infantil"
44488,10,"Saúde",301,"Atenção Básica"
45633,23,"Comércio e Serviços",695,"Turismo"
43480,23,"Comércio e Serviços",695,"Turismo"
45025,23,"Comércio e Serviços",695,"Turismo"
44064,12,"Educação",365,"Educação Infantil"
44064,12,"Educação",367,"Educação Especial"
42522,10,"Saúde",301,"Atenção Básica"
38244,20,"Agricultura",608,"Promoção da Produção Agropecuária"
45277,20,"Agricultura",608,"Promoção da Produção Agropecuária"
41413,10,"Saúde",302,"Assistência Hospitalar e Ambulatorial"
37971,10,"Saúde",302,"Assistência Hospitalar e Ambulatorial"
37811,15,"Urbanismo",451,"Infraestrutura Urbana "
39811,15,"Urbanismo",451,"Infraestrutura Urbana "
44732,23,"Comércio e Serviços",695,"Turismo"
47235,10,"Saúde",302,"Assistência Hospitalar e Ambulatorial"
45450,10,"Saúde",301,"Atenção Básica"
43978,12,"Educação",361,"Ensino Fundamental"
45712,10,"Saúde",301,"Atenção Básica"
46249,10,"Saúde",301,"Atenção Básica"
40080,15,"Urbanismo",451,"Infraestrutura Urbana "
44150,10,"Saúde",301,"Atenção Básica"
46696,15,"Urbanismo",451,"Infraestrutura Urbana "
42942,15,"Urbanismo",451,"Infraestrutura Urbana "
46654,20,"Agricultura",608,"Promoção da Produção Agropecuária"
39836,20,"Agricultura",608,"Promoção da Produção Agropecuária"
41667,15,"Urbanismo",451,"Infraestrutura Urbana "
38061,15,"Urbanismo",451,"Infraestrutura Urbana "
44153,10,"Saúde",301,"Atenção Básica"
39524,15,"Urbanismo",451,"Infraestrutura Urbana "
45804,20,"Agricultura",608,"Promoção da Produção Agropecuária"
39116,12,"Educação",368,"Educação Básica"
37520,13,"Cultura",392,"Difusão Cultural"
38940,23,"Comércio e Serviços",695,"Turismo"
39632,8,"Assistência Social",243,"Assistência à Criança e ao Adolescente"
46703,15,"Urbanismo",451,"Infraestrutura Urbana "
39704,18,"Gestão Ambiental",541,"Preservação e Conservação Ambiental"
44135,17,"Saneamento",512,"Saneamento Básico Urbano"
44879,17,"Saneamento",511,"Saneamento Básico Rural"
46137,6,"Segurança Pública",183,"Informação e Inteligência"
40119,15,"Urbanismo",451,"Infraestrutura Urbana "
44363,20,"Agricultura",608,"Promoção da Produção Agropecuária"
43518,12,"Educação",368,"Educação Básica"
42621,15,"Urbanismo",451,"Infraestrutura Urbana "
38667,15,"Urbanismo",451,"Infraestrutura Urbana "
47374,15,"Urbanismo",451,"Infraestrutura Urbana "
43227,15,"Urbanismo",451,"Infraestrutura Urbana "
44478,15,"Urbanismo",451,"Infraestrutura Urbana "
38254,15,"Urbanismo",451,"Infraestrutura Urbana "
43391,23,"Comércio e Serviços",695,"Turismo"
45931,23,"Comércio e Serviços",695,"Turismo"
42906,15,"Urbanismo",451,"Infraestrutura Urbana "
40416,10,"Saúde",301,"Atenção Básica"
46932,15,"Urbanismo",451,"Infraestrutura Urbana "
38568,8,"Assistência Social",245,"Serviços Socioassistenciais"
45115,8,"Assistência Social",244,"Assistência Comunitária"
45373,8,"Assistência Social",244,"Assistência Comunitária"
46095,8,"Assistência Social",243,"Assistência à Criança e ao Adolescente"
37281,8,"Assistência Social",245,"Serviços Socioassistenciais"
40367,20,"Agricultura",608,"Promoção da Produção Agropecuária"
41114,20,"Agricultura",608,"Promoção da Produção Agropecuária"
42353,20,"Agricultura",608,"Promoção da Produção Agropecuária"
44609,20,"Agricultura",608,"Promoção da Produção Agropecuária"
39723,23,"Comércio e Serviços",695,"Turismo"
43650,10,"Saúde",302,"Assistência Hospitalar e Ambulatorial"
42431,20,"Agricultura",608,"Promoção da Produção Agropecuária"
46135,8,"Assistência Social",244,"Assistência Comunitária"
45863,12,"Educação",364,"Ensino Superior"
39078,10,"Saúde",301,"Atenção Básica"
38785,20,"Agricultura",608,"Promoção da Produção Agropecuária"
37049,20,"Agricultura",608,"Promoção da Produção Agropecuária"
39951,10,"Saúde",301,"Atenção Básica"
41494,13,"Cultura",392,"Difusão Cultural"
42769,15,"Urbanismo",127,"Ordenamento Territorial"
47426,15,"Urbanismo",451,"Infraestrutura Urbana "
39060,15,"Urbanismo",451,"Infraestrutura Urbana "
40140,15,"Urbanismo",451,"Infraestrutura Urbana "
41343,10,"Saúde",301,"Atenção Básica"
41161,10,"Saúde",301,"Atenção Básica"
46192,15,"Urbanismo",451,"Infraestrutura Urbana "
39777,20,"Agricultura",608,"Promoção da Produção Agropecuária"
44984,20,"Agricultura",608,"Promoção da Produção Agropecuária"
41122,10,"Saúde",301,"Atenção Básica"
44502,17,"Saneamento",512,"Saneamento Básico Urbano"
41044,20,"Agricultura",608,"Promoção da Produção Agropecuária"
42093,20,"Agricultura",608,"Promoção da Produção Agropecuária"
37739,20,"Agricultura",608,"Promoção da Produção Agropecuária"
40626,15,"Urbanismo",451,"Infraestrutura Urbana "
45883,15,"Urbanismo",451,"Infraestrutura Urbana "
38003,15,"Urbanismo",452,"Serviços Urbanos"
46708,14,"Direitos da Cidadania",422,"Direitos Individuais, Coletivos e Difusos"
39158,20,"Agricultura",608,"Promoção da Produção Agropecuária"
43380,20,"Agricultura",608,"Promoção da Produção Agropecuária"
37339,12,"Educação",365,"Educação Infantil"
37440,27,"Desporto e Lazer",812,"Desporto Comunitário"
38506,15,"Urbanismo",451,"Infraestrutura Urbana "
40264,15,"Urbanismo",451,"Infraestrutura Urbana "
47271,20,"Agricultura",608,"Promoção da Produção Agropecuária"
38005,20,"Agricultura",608,"Promoção da Produção Agropecuária"
43529,20,"Agricultura",608,"Promoção da Produção Agropecuária"
37515,20,"Agricultura",608,"Promoção da Produção Agropecuária"
46849,16,"Habitação",482,"Habitação Urbana"
46838,10,"Saúde",301,"Atenção Básica"
39936,13,"Cultura",392,"Difusão Cultural"
38457,20,"Agricultura",608,"Promoção da Produção Agropecuária"
40195,10,"Saúde",302,"Assistência Hospitalar e Ambulatorial"
39218,18,"Gestão Ambiental",542,"Controle Ambiental"
38877,20,"Agricultura",608,"Promoção da Produção Agropecuária"
40041,15,"Urbanismo",451,"Infraestrutura Urbana "
44250,15,"Urbanismo",451,"Infraestrutura Urbana "
43919,20,"Agricultura",608,"Promoção da Produção Agropecuária"
42940,20,"Agricultura",608,"Promoção da Produção Agropecuária"
42463,20,"Agricultura",608,"Promoção da Produção Agropecuária"
42463,20,"Agricultura",606,"Extensão Rural"
39405,15,"Urbanismo",451,"Infraestrutura Urbana "
41429,13,"Cultura",391,"Patrimônio Histórico, Artístico e Arqueológico"
46691,12,"Educação",361,"Ensino Fundamental"
46257,20,"Agricultura",608,"Promoção da Produção Agropecuária"
39067,20,"Agricultura",608,"Promoção da Produção Agropecuária"
44400,20,"Agricultura",608,"Promoção da Produção Agropecuária"
40465,20,"Agricultura",608,"Promoção da Produção Agropecuária"
39338,20,"Agricultura",608,"Promoção da Produção Agropecuária"
43867,12,"Educação",368,"Educação Básica"
42983,8,"Assistência Social",241,"Assistência ao Idoso"
45603,10,"Saúde",301,"Atenção Básica"
38647,12,"Educação",361,"Ensino Fundamental"
38647,12,"Educação",365,"Educação Infantil"
39671,10,"Saúde",301,"Atenção Básica"
40513,10,"Saúde",301,"Atenção Básica"
38495,10,"Saúde",301,"Atenção Básica"
38864,12,"Educação",368,"Educação Básica"
39958,10,"Saúde",301,"Atenção Básica"
44686,23,"Comércio e Serviços",695,"Turismo"
42553,10,"Saúde",302,"Assistência Hospitalar e Ambulatorial"
44595,10,"Saúde",301,"Atenção Básica"
38781,23,"Comércio e Serviços",695,"Turismo"
38293,8,"Assistência Social",241,"Assistência ao Idoso"
43505,10,"Saúde",301,"Atenção Básica"
39557,8,"Assistência Social",241,"Assistência ao Idoso"
41840,10,"Saúde",301,"Atenção Básica"
46452,12,"Educação",368,"Educação Básica"
42206,23,"Comércio e Serviços",695,"Turismo"
37185,12,"Educação",361,"Ensino Fundamental"
39474,10,"Saúde",301,"Atenção Básica"
46548,20,"Agricultura",608,"Promoção da Produção Agropecuária"
41547,10,"Saúde",301,"Atenção Básica"
41547,10,"Saúde",302,"Assistência Hospitalar e Ambulatorial"
45435,20,"Agricultura",608,"Promoção da Produção Agropecuária"
42057,15,"Urbanismo",451,"Infraestrutura Urbana "
40021,20,"Agricultura",608,"Promoção da Produção Agropecuária"
39864,6,"Segurança Pública",181,"Policiamento"
43752,20,"Agricultura",608,"Promoção da Produção Agropecuária"
45478,10,"Saúde",301,"Atenção Básica"
38499,8,"Assistência Social",245,"Serviços Socioassistenciais"
42341,8,"Assistência Social",245,"Serviços Socioassistenciais"
37228,12,"Educação",361,"Ensino Fundamental"
37459,8,"Assistência Social",245,"Serviços Socioassistenciais"
39485,8,"Assistência Social",245,"Serviços Socioassistenciais"
38285,12,"Educação",361,"Ensino Fundamental"
43421,12,"Educação",362,"Ensino Médio"
43209,10,"Saúde",302,"Assistência Hospitalar e Ambulatorial"
37156,20,"Agricultura",608,"Promoção da Produção Agropecuária"
45742,12,"Educação",361,"Ensino Fundamental"
41523,20,"Agricultura",608,"Promoção da Produção Agropecuária"
40262,23,"Comércio e Serviços",695,"Turismo"
46933,20,"Agricultura",608,"Promoção da Produção Agropecuária"
44239,8,"Assistência Social",245,"Serviços Socioassistenciais"
46524,27,"Desporto e Lazer",812,"Desporto Comunitário"
41126,20,"Agricultura",608,"Promoção da Produção Agropecuária"
47422,10,"Saúde",302,"Assistência Hospitalar e Ambulatorial"
38489,17,"Saneamento",512,"Saneamento Básico Urbano"
40131,20,"Agricultura",608,"Promoção da Produção Agropecuária"
40600,20,"Agricultura",608,"Promoção da Produção Agropecuária"
37194,20,"Agricultura",608,"Promoção da Produção Agropecuária"
46396,12,"Educação",361,"Ensino Fundamental"
44219,10,"Saúde",301,"Atenção Básica"
44232,8,"Assistência Social",245,"Serviços Socioassistenciais"
40510,12,"Educação",365,"Educação Infantil"
40970,10,"Saúde",302,"Assistência Hospitalar e Ambulatorial"
43247,12,"Educação",361,"Ensino Fundamental"
46489,10,"Saúde",301,"Atenção Básica"
41443,13,"Cultura",391,"Patrimônio Histórico, Artístico e Arqueológico"
44123,20,"Agricultura",608,"Promoção da Produção Agropecuária"
41529,12,"Educação",368,"Educação Básica"
42815,20,"Agricultura",608,"Promoção da Produção Agropecuária"
38421,23,"Comércio e Serviços",695,"Turismo"
44263,20,"Agricultura",606,"Extensão Rural"
44263,20,"Agricultura",608,"Promoção da Produção Agropecuária"
39813,12,"Educação",363,"Ensino Profissional"
39813,12,"Educação",368,"Educação Básica"
43009,20,"Agricultura",606,"Extensão Rural"
46502,15,"Urbanismo",451,"Infraestrutura Urbana "
39518,12,"Educação",361,"Ensino Fundamental"
38970,20,"Agricultura",608,"Promoção da Produção Agropecuária"
41942,20,"Agricultura",608,"Promoção da Produção Agropecuária"
43704,15,"Urbanismo",451,"Infraestrutura Urbana "
45342,23,"Comércio e Serviços",695,"Turismo"
45040,15,"Urbanismo",451,"Infraestrutura Urbana "
40530,20,"Agricultura",608,"Promoção da Produção Agropecuária"
40951,20,"Agricultura",608,"Promoção da Produção Agropecuária"
44297,20,"Agricultura",608,"Promoção da Produção Agropecuária"
41222,20,"Agricultura",608,"Promoção da Produção Agropecuária"
44831,20,"Agricultura",605,"Abastecimento"
41524,20,"Agricultura",608,"Promoção da Produção Agropecuária"
46533,20,"Agricultura",606,"Extensão Rural"
43088,10,"Saúde",302,"Assistência Hospitalar e Ambulatorial"
41206,12,"Educação",361,"Ensino Fundamental"
46443,14,"Direitos da Cidadania",422,"Direitos Individuais, Coletivos e Difusos"
38955,12,"Educação",361,"Ensino Fundamental"
38214,10,"Saúde",301,"Atenção Básica"
46634,10,"Saúde",302,"Assistência Hospitalar e Ambulatorial"
45152,10,"Saúde",302,"Assistência Hospitalar e Ambulatorial"
40759,10,"Saúde",302,"Assistência Hospitalar e Ambulatorial"
40592,10,"Saúde",302,"Assistência Hospitalar e Ambulatorial"
43174,6,"Segurança Pública",181,"Policiamento"
43020,20,"Agricultura",606,"Extensão Rural"
46142,23,"Comércio e Serviços",695,"Turismo"
41177,27,"Desporto e Lazer",813,"Lazer"
44287,23,"Comércio e Serviços",695,"Turismo"
41231,23,"Comércio e Serviços",695,"Turismo"
38823,23,"Comércio e Serviços",695,"Turismo"
44910,8,"Assistência Social",244,"Assistência Comunitária"
42666,8,"Assistência Social",245,"Serviços Socioassistenciais"
45242,23,"Comércio e Serviços",695,"Turismo"
45894,8,"Assistência Social",245,"Serviços Socioassistenciais"
44909,8,"Assistência Social",244,"Assistência Comunitária"
47241,23,"Comércio e Serviços",695,"Turismo"
37526,23,"Comércio e Serviços",695,"Turismo"
46817,10,"Saúde",302,"Assistência Hospitalar e Ambulatorial"
43489,10,"Saúde",301,"Atenção Básica"
45779,23,"Comércio e Serviços",695,"Turismo"
38025,20,"Agricultura",608,"Promoção da Produção Agropecuária"
38089,12,"Educação",361,"Ensino Fundamental"
39547,23,"Comércio e Serviços",695,"Turismo"
39130,17,"Saneamento",511,"Saneamento Básico Rural"
46367,12,"Educação",361,"Ensino Fundamental"
45235,10,"Saúde",301,"Atenção Básica"
42650,10,"Saúde",301,"Atenção Básica"
45853,10,"Saúde",301,"Atenção Básica"
46977,8,"Assistência Social",244,"Assistência Comunitária"
39554,8,"Assistência Social",245,"Serviços Socioassistenciais"
45993,10,"Saúde",302,"Assistência Hospitalar e Ambulatorial"
38603,23,"Comércio e Serviços",695,"Turismo"
46086,10,"Saúde",301,"Atenção Básica"
44417,10,"Saúde",302,"Assistência Hospitalar e Ambulatorial"
45978,10,"Saúde",302,"Assistência Hospitalar e Ambulatorial"
41209,10,"Saúde",302,"Assistência Hospitalar e Ambulatorial"
43122,12,"Educação",361,"Ensino Fundamental"
41574,8,"Assistência Social",245,"Serviços Socioassistenciais"
39967,10,"Saúde",302,"Assistência Hospitalar e Ambulatorial"
45285,15,"Urbanismo",451,"Infraestrutura Urbana "
37980,20,"Agricultura",608,"Promoção da Produção Agropecuária"
39575,12,"Educação",368,"Educação Básica"
40255,20,"Agricultura",608,"Promoção da Produção Agropecuária"
37314,18,"Gestão Ambiental",542,"Controle Ambiental"
42995,6,"Segurança Pública",183,"Informação e Inteligência"
38988,20,"Agricultura",608,"Promoção da Produção Agropecuária"
39090,13,"Cultura",392,"Difusão Cultural"
45590,10,"Saúde",301,"Atenção Básica"
40309,6,"Segurança Pública",181,"Policiamento"
39814,10,"Saúde",302,"Assistência Hospitalar e Ambulatorial"
38184,20,"Agricultura",608,"Promoção da Produção Agropecuária"
44230,15,"Urbanismo",451,"Infraestrutura Urbana "
45657,15,"Urbanismo",451,"Infraestrutura Urbana "
46021,10,"Saúde",302,"Assistência Hospitalar e Ambulatorial"
46170,20,"Agricultura",605,"Abastecimento"
38716,10,"Saúde",302,"Assistência Hospitalar e Ambulatorial"
45011,15,"Urbanismo",127,"Ordenamento Territorial"
37532,15,"Urbanismo",452,"Serviços Urbanos"
40453,17,"Saneamento",512,"Saneamento Básico Urbano"
47242,10,"Saúde",302,"Assistência Hospitalar e Ambulatorial"
43367,20,"Agricultura",608,"Promoção da Produção Agropecuária"
44798,10,"Saúde",301,"Atenção Básica"
38074,10,"Saúde",302,"Assistência Hospitalar e Ambulatorial"
40709,12,"Educação",368,"Educação Básica"
45586,10,"Saúde",301,"Atenção Básica"
39498,10,"Saúde",301,"Atenção Básica"
44134,18,"Gestão Ambiental",541,"Preservação e Conservação Ambiental"
45557,19,"Ciência e Tecnologia",573,"Difusão do Conhecimento Científico e Tecnológico"
45456,21,"Organização Agrária",632,"Colonização"
45620,10,"Saúde",301,"Atenção Básica"
45926,10,"Saúde",302,"Assistência Hospitalar e Ambulatorial"
38689,15,"Urbanismo",451,"Infraestrutura Urbana "
46193,20,"Agricultura",608,"Promoção da Produção Agropecuária"
44119,13,"Cultura",392,"Difusão Cultural"
46277,15,"Urbanismo",451,"Infraestrutura Urbana "
40610,17,"Saneamento",512,"Saneamento Básico Urbano"
43554,15,"Urbanismo",451,"Infraestrutura Urbana "
43347,10,"Saúde",302,"Assistência Hospitalar e Ambulatorial"
47454,15,"Urbanismo",451,"Infraestrutura Urbana "
47380,15,"Urbanismo",451,"Infraestrutura Urbana "
39473,10,"Saúde",302,"Assistência Hospitalar e Ambulatorial"
42150,12,"Educação",361,"Ensino Fundamental"
46981,13,"Cultura",392,"Difusão Cultural"
46981,27,"Desporto e Lazer",813,"Lazer"
46194,20,"Agricultura",608,"Promoção da Produção Agropecuária"
39885,18,"Gestão Ambiental",542,"Controle Ambiental"
42963,10,"Saúde",301,"Atenção Básica"
38047,27,"Desporto e Lazer",813,"Lazer"
46885,20,"Agricultura",608,"Promoção da Produção Agropecuária"
40768,23,"Comércio e Serviços",695,"Turismo"
43000,10,"Saúde",301,"Atenção Básica"
46910,17,"Saneamento",512,"Saneamento Básico Urbano"
46923,10,"Saúde",301,"Atenção Básica"
45671,12,"Educação",368,"Educação Básica"
45401,10,"Saúde",301,"Atenção Básica"
41006,10,"Saúde",302,"Assistência Hospitalar e Ambulatorial"
47379,18,"Gestão Ambiental",541,"Preservação e Conservação Ambiental"
37732,15,"Urbanismo",451,"Infraestrutura Urbana "
46611,10,"Saúde",302,"Assistência Hospitalar e Ambulatorial"
46619,10,"Saúde",302,"Assistência Hospitalar e Ambulatorial"
44780,10,"Saúde",301,"Atenção Básica"
46645,12,"Educação",368,"Educação Básica"
46664,10,"Saúde",302,"Assistência Hospitalar e Ambulatorial"
45994,15,"Urbanismo",452,"Serviços Urbanos"
44189,15,"Urbanismo",451,"Infraestrutura Urbana "
41326,15,"Urbanismo",451,"Infraestrutura Urbana "
39608,10,"Saúde",302,"Assistência Hospitalar e Ambulatorial"
40418,10,"Saúde",303,"Suporte Profilático e Terapêutico"
38204,15,"Urbanismo",451,"Infraestrutura Urbana "
38000,27,"Desporto e Lazer",811,"Desporto de Rendimento"
47262,26,"Transporte",782,"Transporte Rodoviário"
43186,15,"Urbanismo",451,"Infraestrutura Urbana "
43827,15,"Urbanismo",451,"Infraestrutura Urbana "
37997,10,"Saúde",301,"Atenção Básica"
44755,23,"Comércio e Serviços",695,"Turismo"
45179,19,"Ciência e Tecnologia",571,"Desenvolvimento Científico"
45179,19,"Ciência e Tecnologia",572,"Desenvolvimento Tecnológico e Engenharia"
43204,10,"Saúde",302,"Assistência Hospitalar e Ambulatorial"
43084,10,"Saúde",301,"Atenção Básica"
44206,23,"Comércio e Serviços",695,"Turismo"
44987,20,"Agricultura",608,"Promoção da Produção Agropecuária"
44121,8,"Assistência Social",245,"Serviços Socioassistenciais"
40887,18,"Gestão Ambiental",542,"Controle Ambiental"
40816,18,"Gestão Ambiental",542,"Controle Ambiental"
46213,8,"Assistência Social",241,"Assistência ao Idoso"
40401,12,"Educação",361,"Ensino Fundamental"
40373,12,"Educação",361,"Ensino Fundamental"
46334,13,"Cultura",392,"Difusão Cultural"
46352,20,"Agricultura",605,"Abastecimento"
40710,10,"Saúde",301,"Atenção Básica"
40858,10,"Saúde",302,"Assistência Hospitalar e Ambulatorial"
41784,10,"Saúde",302,"Assistência Hospitalar e Ambulatorial"
43251,18,"Gestão Ambiental",541,"Preservação e Conservação Ambiental"
43447,10,"Saúde",302,"Assistência Hospitalar e Ambulatorial"
39248,12,"Educação",368,"Educação Básica"
38702,10,"Saúde",302,"Assistência Hospitalar e Ambulatorial"
42153,27,"Desporto e Lazer",813,"Lazer"
43582,15,"Urbanismo",451,"Infraestrutura Urbana "
44916,8,"Assistência Social",241,"Assistência ao Idoso"
43682,18,"Gestão Ambiental",541,"Preservação e Conservação Ambiental"
44473,10,"Saúde",301,"Atenção Básica"
40786,8,"Assistência Social",245,"Serviços Socioassistenciais"
44617,15,"Urbanismo",451,"Infraestrutura Urbana "
39034,6,"Segurança Pública",181,"Policiamento"
44518,10,"Saúde",302,"Assistência Hospitalar e Ambulatorial"
43457,10,"Saúde",304,"Vigilância Sanitária"
44945,10,"Saúde",301,"Atenção Básica"
37685,10,"Saúde",302,"Assistência Hospitalar e Ambulatorial"
46614,10,"Saúde",301,"Atenção Básica"
41131,12,"Educação",361,"Ensino Fundamental"
41131,12,"Educação",365,"Educação Infantil"
42216,13,"Cultura",392,"Difusão Cultural"
40133,20,"Agricultura",608,"Promoção da Produção Agropecuária"
38805,6,"Segurança Pública",182,"Defesa Civil"
38825,15,"Urbanismo",451,"Infraestrutura Urbana "
38641,10,"Saúde",301,"Atenção Básica"
37129,23,"Comércio e Serviços",695,"Turismo"
41192,20,"Agricultura",608,"Promoção da Produção Agropecuária"
43924,15,"Urbanismo",451,"Infraestrutura Urbana "
40544,10,"Saúde",301,"Atenção Básica"
40911,10,"Saúde",301,"Atenção Básica"
44282,26,"Transporte",785,"Transportes Especiais"
40200,10,"Saúde",301,"Atenção Básica"
44309,15,"Urbanismo",452,"Serviços Urbanos"
42660,8,"Assistência Social",244,"Assistência Comunitária"
40365,8,"Assistência Social",243,"Assistência à Criança e ao Adolescente"
40081,19,"Ciência e Tecnologia",572,"Desenvolvimento Tecnológico e Engenharia"
38894,12,"Educação",365,"Educação Infantil"
39855,8,"Assistência Social",245,"Serviços Socioassistenciais"
43158,27,"Desporto e Lazer",812,"Desporto Comunitário"
44188,27,"Desporto e Lazer",813,"Lazer"
46078,6,"Segurança Pública",183,"Informação e Inteligência"
40635,10,"Saúde",302,"Assistência Hospitalar e Ambulatorial"
40762,15,"Urbanismo",451,"Infraestrutura Urbana "
43537,10,"Saúde",301,"Atenção Básica"
41324,10,"Saúde",302,"Assistência Hospitalar e Ambulatorial"
47431,23,"Comércio e Serviços",695,"Turismo"
45488,15,"Urbanismo",452,"Serviços Urbanos"
40755,16,"Habitação",482,"Habitação Urbana"
38798,15,"Urbanismo",451,"Infraestrutura Urbana "
37433,15,"Urbanismo",451,"Infraestrutura Urbana "
44963,10,"Saúde",301,"Atenção Básica"
45004,12,"Educação",361,"Ensino Fundamental"
45057,18,"Gestão Ambiental",541,"Preservação e Conservação Ambiental"
45098,13,"Cultura",392,"Difusão Cultural"
44982,10,"Saúde",301,"Atenção Básica"
43807,12,"Educação",361,"Ensino Fundamental"
43807,12,"Educação",365,"Educação Infantil"
43949,10,"Saúde",301,"Atenção Básica"
46034,15,"Urbanismo",451,"Infraestrutura Urbana "
39755,8,"Assistência Social",244,"Assistência Comunitária"
42715,23,"Comércio e Serviços",695,"Turismo"
37051,15,"Urbanismo",452,"Serviços Urbanos"
45962,10,"Saúde",301,"Atenção Básica"
45845,18,"Gestão Ambiental",541,"Preservação e Conservação Ambiental"
40485,20,"Agricultura",608,"Promoção da Produção Agropecuária"
46813,8,"Assistência Social",245,"Serviços Socioassistenciais"
46827,8,"Assistência Social",245,"Serviços Socioassistenciais"
46820,8,"Assistência Social",244,"Assistência Comunitária"
38400,17,"Saneamento",512,"Saneamento Básico Urbano"
43062,10,"Saúde",302,"Assistência Hospitalar e Ambulatorial"
43242,8,"Assistência Social",244,"Assistência Comunitária"
41221,10,"Saúde",302,"Assistência Hospitalar e Ambulatorial"
38528,10,"Saúde",302,"Assistência Hospitalar e Ambulatorial"
45381,10,"Saúde",302,"Assistência Hospitalar e Ambulatorial"
38273,15,"Urbanismo",451,"Infraestrutura Urbana "
46927,15,"Urbanismo",451,"Infraestrutura Urbana "
42938,10,"Saúde",301,"Atenção Básica"
47300,10,"Saúde",301,"Atenção Básica"
41722,10,"Saúde",301,"Atenção Básica"
41474,10,"Saúde",302,"Assistência Hospitalar e Ambulatorial"
41898,10,"Saúde",302,"Assistência Hospitalar e Ambulatorial"
45284,10,"Saúde",301,"Atenção Básica"
37184,10,"Saúde",301,"Atenção Básica"
39349,12,"Educação",361,"Ensino Fundamental"
37848,8,"Assistência Social",241,"Assistência ao Idoso"
42806,10,"Saúde",301,"Atenção Básica"
46685,8,"Assistência Social",244,"Assistência Comunitária"
46699,8,"Assistência Social",244,"Assistência Comunitária"
41359,27,"Desporto e Lazer",813,"Lazer"
41362,10,"Saúde",301,"Atenção Básica"
38754,8,"Assistência Social",244,"Assistência Comunitária"
39706,15,"Urbanismo",452,"Serviços Urbanos"
37223,10,"Saúde",302,"Assistência Hospitalar e Ambulatorial"
47287,15,"Urbanismo",451,"Infraestrutura Urbana "
38857,15,"Urbanismo",451,"Infraestrutura Urbana "
44915,15,"Urbanismo",451,"Infraestrutura Urbana "
37147,17,"Saneamento",511,"Saneamento Básico Rural"
40429,20,"Agricultura",608,"Promoção da Produção Agropecuária"
45729,10,"Saúde",301,"Atenção Básica"
39854,20,"Agricultura",608,"Promoção da Produção Agropecuária"
46437,10,"Saúde",301,"Atenção Básica"
46455,8,"Assistência Social",245,"Serviços Socioassistenciais"
46663,10,"Saúde",301,"Atenção Básica"
46127,10,"Saúde",301,"Atenção Básica"
37892,19,"Ciência e Tecnologia",572,"Desenvolvimento Tecnológico e Engenharia"
47386,12,"Educação",361,"Ensino Fundamental"
37868,23,"Comércio e Serviços",695,"Turismo"
39017,10,"Saúde",301,"Atenção Básica"
45904,15,"Urbanismo",451,"Infraestrutura Urbana "
45928,18,"Gestão Ambiental",544,"Recursos Hídricos"
42540,20,"Agricultura",608,"Promoção da Produção Agropecuária"
46786,15,"Urbanismo",451,"Infraestrutura Urbana "
46808,20,"Agricultura",608,"Promoção da Produção Agropecuária"
45210,20,"Agricultura",608,"Promoção da Produção Agropecuária"
37701,23,"Comércio e Serviços",695,"Turismo"
42741,26,"Transporte",782,"Transporte Rodoviário"
45322,15,"Urbanismo",451,"Infraestrutura Urbana "
44899,23,"Comércio e Serviços",695,"Turismo"
41717,27,"Desporto e Lazer",813,"Lazer"
41018,23,"Comércio e Serviços",695,"Turismo"
44022,17,"Saneamento",512,"Saneamento Básico Urbano"
44328,15,"Urbanismo",452,"Serviços Urbanos"
37686,12,"Educação",368,"Educação Básica"
37821,8,"Assistência Social",244,"Assistência Comunitária"
42537,26,"Transporte",782,"Transporte Rodoviário"
46972,10,"Saúde",301,"Atenção Básica"
42549,10,"Saúde",302,"Assistência Hospitalar e Ambulatorial"
39142,10,"Saúde",302,"Assistência Hospitalar e Ambulatorial"
43778,10,"Saúde",301,"Atenção Básica"
43857,10,"Saúde",301,"Atenção Básica"
46924,12,"Educação",368,"Educação Básica"
41645,10,"Saúde",301,"Atenção Básica"
37333,20,"Agricultura",608,"Promoção da Produção Agropecuária"
46041,15,"Urbanismo",452,"Serviços Urbanos"
37801,8,"Assistência Social",243,"Assistência à Criança e ao Adolescente"
37801,8,"Assistência Social",245,"Serviços Socioassistenciais"
37597,20,"Agricultura",608,"Promoção da Produção Agropecuária"
45535,10,"Saúde",301,"Atenção Básica"
42726,10,"Saúde",301,"Atenção Básica"
43072,15,"Urbanismo",451,"Infraestrutura Urbana "
37853,10,"Saúde",301,"Atenção Básica"
45619,10,"Saúde",304,"Vigilância Sanitária"
46395,10,"Saúde",301,"Atenção Básica"
41187,13,"Cultura",392,"Difusão Cultural"
43849,10,"Saúde",301,"Atenção Básica"
42000,26,"Transporte",782,"Transporte Rodoviário"
42852,20,"Agricultura",608,"Promoção da Produção Agropecuária"
43412,15,"Urbanismo",451,"Infraestrutura Urbana "
46141,10,"Saúde",302,"Assistência Hospitalar e Ambulatorial"
40667,8,"Assistência Social",244,"Assistência Comunitária"
41670,12,"Educação",361,"Ensino Fundamental"
41669,12,"Educação",361,"Ensino Fundamental"
41598,12,"Educação",365,"Educação Infantil"
41591,12,"Educação",365,"Educação Infantil"
43035,12,"Educação",365,"Educação Infantil"
41338,8,"Assistência Social",245,"Serviços Socioassistenciais"
45386,10,"Saúde",301,"Atenção Básica"
45694,10,"Saúde",302,"Assistência Hospitalar e Ambulatorial"
39535,18,"Gestão Ambiental",544,"Recursos Hídricos"
46146,10,"Saúde",301,"Atenção Básica"
46446,10,"Saúde",301,"Atenção Básica"
46446,10,"Saúde",302,"Assistência Hospitalar e Ambulatorial"
46446,10,"Saúde",305,"Vigilância Epidemiológica"
47446,23,"Comércio e Serviços",695,"Turismo"
42560,10,"Saúde",301,"Atenção Básica"
46417,6,"Segurança Pública",183,"Informação e Inteligência"
45840,12,"Educação",368,"Educação Básica"
46760,12,"Educação",368,"Educação Básica"
46857,20,"Agricultura",608,"Promoção da Produção Agropecuária"
39519,8,"Assistência Social",245,"Serviços Socioassistenciais"
44907,12,"Educação",365,"Educação Infantil"
44907,15,"Urbanismo",451,"Infraestrutura Urbana "
39014,15,"Urbanismo",451,"Infraestrutura Urbana "
41674,10,"Saúde",301,"Atenção Básica"
43429,8,"Assistência Social",245,"Serviços Socioassistenciais"
42866,10,"Saúde",301,"Atenção Básica"
46554,10,"Saúde",301,"Atenção Básica"
46578,10,"Saúde",306,"Alimentação e Nutrição"
46606,10,"Saúde",302,"Assistência Hospitalar e Ambulatorial"
46724,17,"Saneamento",512,"Saneamento Básico Urbano"
37727,10,"Saúde",301,"Atenção Básica"
40734,8,"Assistência Social",244,"Assistência Comunitária"
40734,13,"Cultura",392,"Difusão Cultural"
42871,18,"Gestão Ambiental",542,"Controle Ambiental"
39680,17,"Saneamento",512,"Saneamento Básico Urbano"
42844,19,"Ciência e Tecnologia",573,"Difusão do Conhecimento Científico e Tecnológico"
43004,27,"Desporto e Lazer",812,"Desporto Comunitário"
45254,15,"Urbanismo",451,"Infraestrutura Urbana "
45640,26,"Transporte",782,"Transporte Rodoviário"
45684,11,"Trabalho",334,"Fomento ao Trabalho"
43187,10,"Saúde",302,"Assistência Hospitalar e Ambulatorial"
43387,8,"Assistência Social",245,"Serviços Socioassistenciais"
44396,15,"Urbanismo",452,"Serviços Urbanos"
40221,13,"Cultura",392,"Difusão Cultural"
38694,12,"Educação",361,"Ensino Fundamental"
38227,13,"Cultura",392,"Difusão Cultural"
42371,10,"Saúde",301,"Atenção Básica"
38302,8,"Assistência Social",244,"Assistência Comunitária"
41265,10,"Saúde",301,"Atenção Básica"
41268,10,"Saúde",302,"Assistência Hospitalar e Ambulatorial"
43497,15,"Urbanismo",451,"Infraestrutura Urbana "
42986,15,"Urbanismo",452,"Serviços Urbanos"
43615,23,"Comércio e Serviços",695,"Turismo"
45762,6,"Segurança Pública",183,"Informação e Inteligência"
45873,12,"Educação",368,"Educação Básica"
42161,10,"Saúde",302,"Assistência Hospitalar e Ambulatorial"
42329,12,"Educação",368,"Educação Básica"
41394,20,"Agricultura",608,"Promoção da Produção Agropecuária"
46488,15,"Urbanismo",451,"Infraestrutura Urbana "
46527,15,"Urbanismo",451,"Infraestrutura Urbana "
37800,15,"Urbanismo",451,"Infraestrutura Urbana "
42729,17,"Saneamento",511,"Saneamento Básico Rural"
40501,10,"Saúde",301,"Atenção Básica"
42975,10,"Saúde",301,"Atenção Básica"
42975,10,"Saúde",302,"Assistência Hospitalar e Ambulatorial"
46615,20,"Agricultura",608,"Promoção da Produção Agropecuária"
46615,21,"Organização Agrária",631,"Reforma Agrária"
43649,10,"Saúde",302,"Assistência Hospitalar e Ambulatorial"
46331,8,"Assistência Social",245,"Serviços Socioassistenciais"
43124,10,"Saúde",301,"Atenção Básica"
45167,10,"Saúde",302,"Assistência Hospitalar e Ambulatorial"
40319,15,"Urbanismo",451,"Infraestrutura Urbana "
43572,23,"Comércio e Serviços",695,"Turismo"
45172,8,"Assistência Social",245,"Serviços Socioassistenciais"
44820,8,"Assistência Social",244,"Assistência Comunitária"
45364,12,"Educação",366,"Educação de Jovens e Adultos"
44885,12,"Educação",361,"Ensino Fundamental"
44885,12,"Educação",365,"Educação Infantil"
40168,15,"Urbanismo",452,"Serviços Urbanos"
40198,15,"Urbanismo",452,"Serviços Urbanos"
46787,10,"Saúde",301,"Atenção Básica"
46873,20,"Agricultura",608,"Promoção da Produção Agropecuária"
37817,15,"Urbanismo",453,"Transportes Coletivos Urbanos"
37961,10,"Saúde",301,"Atenção Básica"
45966,17,"Saneamento",511,"Saneamento Básico Rural"
39358,23,"Comércio e Serviços",695,"Turismo"
43851,15,"Urbanismo",451,"Infraestrutura Urbana "
44016,12,"Educação",368,"Educação Básica"
44836,8,"Assistência Social",245,"Serviços Socioassistenciais"
43808,20,"Agricultura",605,"Abastecimento"
41572,15,"Urbanismo",451,"Infraestrutura Urbana "
42233,8,"Assistência Social",245,"Serviços Socioassistenciais"
46066,18,"Gestão Ambiental",541,"Preservação e Conservação Ambiental"
38114,10,"Saúde",301,"Atenção Básica"
40512,10,"Saúde",302,"Assistência Hospitalar e Ambulatorial"
45330,20,"Agricultura",605,"Abastecimento"
41164,10,"Saúde",302,"Assistência Hospitalar e Ambulatorial"
40717,27,"Desporto e Lazer",813,"Lazer"
43374,10,"Saúde",301,"Atenção Básica"
45727,12,"Educação",365,"Educação Infantil"
47324,12,"Educação",361,"Ensino Fundamental"
40721,20,"Agricultura",608,"Promoção da Produção Agropecuária"
42136,26,"Transporte",782,"Transporte Rodoviário"
45197,20,"Agricultura",608,"Promoção da Produção Agropecuária"
42955,12,"Educação",368,"Educação Básica"
46832,12,"Educação",361,"Ensino Fundamental"
40938,20,"Agricultura",605,"Abastecimento"
41015,13,"Cultura",391,"Patrimônio Histórico, Artístico e Arqueológico"
38474,10,"Saúde",301,"Atenção Básica"
44111,10,"Saúde",301,"Atenção Básica"
44180,10,"Saúde",301,"Atenção Básica"
47360,8,"Assistência Social",245,"Serviços Socioassistenciais"
45954,12,"Educação",361,"Ensino Fundamental"
46005,10,"Saúde",302,"Assistência Hospitalar e Ambulatorial"
44205,8,"Assistência Social",244,"Assistência Comunitária"
44215,27,"Desporto e Lazer",813,"Lazer"
44573,10,"Saúde",301,"Atenção Básica"
44581,10,"Saúde",302,"Assistência Hospitalar e Ambulatorial"
46099,8,"Assistência Social",241,"Assistência ao Idoso"
46167,10,"Saúde",301,"Atenção Básica"
40343,17,"Saneamento",511,"Saneamento Básico Rural"
41875,8,"Assistência Social",243,"Assistência à Criança e ao Adolescente"
41875,10,"Saúde",126,"Tecnologia da Informação"
41875,20,"Agricultura",608,"Promoção da Produção Agropecuária"
42067,20,"Agricultura",608,"Promoção da Produção Agropecuária"
41414,20,"Agricultura",608,"Promoção da Produção Agropecuária"
41418,23,"Comércio e Serviços",695,"Turismo"
45723,10,"Saúde",301,"Atenção Básica"
45076,10,"Saúde",301,"Atenção Básica"
45033,10,"Saúde",302,"Assistência Hospitalar e Ambulatorial"
46831,23,"Comércio e Serviços",695,"Turismo"
42665,6,"Segurança Pública",181,"Policiamento"
38589,23,"Comércio e Serviços",695,"Turismo"
46208,8,"Assistência Social",244,"Assistência Comunitária"
43874,26,"Transporte",782,"Transporte Rodoviário"
38132,12,"Educação",361,"Ensino Fundamental"
46818,15,"Urbanismo",451,"Infraestrutura Urbana "
46318,12,"Educação",365,"Educação Infantil"
43427,20,"Agricultura",608,"Promoção da Produção Agropecuária"
38526,8,"Assistência Social",245,"Serviços Socioassistenciais"
46380,10,"Saúde",301,"Atenção Básica"
46317,10,"Saúde",302,"Assistência Hospitalar e Ambulatorial"
39403,20,"Agricultura",608,"Promoção da Produção Agropecuária"
41515,10,"Saúde",302,"Assistência Hospitalar e Ambulatorial"
42305,8,"Assistência Social",245,"Serviços Socioassistenciais"
43848,23,"Comércio e Serviços",695,"Turismo"
40240,10,"Saúde",302,"Assistência Hospitalar e Ambulatorial"
44100,8,"Assistência Social",243,"Assistência à Criança e ao Adolescente"
37614,15,"Urbanismo",451,"Infraestrutura Urbana "
37644,26,"Transporte",782,"Transporte Rodoviário"
45778,18,"Gestão Ambiental",541,"Preservação e Conservação Ambiental"
37154,23,"Comércio e Serviços",695,"Turismo"
41851,8,"Assistência Social",244,"Assistência Comunitária"
46826,15,"Urbanismo",451,"Infraestrutura Urbana "
46978,13,"Cultura",392,"Difusão Cultural"
38819,8,"Assistência Social",245,"Serviços Socioassistenciais"
47361,15,"Urbanismo",451,"Infraestrutura Urbana "
46407,16,"Habitação",482,"Habitação Urbana"
39438,15,"Urbanismo",451,"Infraestrutura Urbana "
44237,20,"Agricultura",608,"Promoção da Produção Agropecuária"
44293,20,"Agricultura",608,"Promoção da Produção Agropecuária"
45732,8,"Assistência Social",244,"Assistência Comunitária"
39621,20,"Agricultura",608,"Promoção da Produção Agropecuária"
45192,8,"Assistência Social",245,"Serviços Socioassistenciais"
43015,15,"Urbanismo",452,"Serviços Urbanos"
40905,8,"Assistência Social",241,"Assistência ao Idoso"
46326,23,"Comércio e Serviços",691,"Promoção Comercial"
46326,23,"Comércio e Serviços",695,"Turismo"
43921,17,"Saneamento",512,"Saneamento Básico Urbano"
40899,12,"Educação",365,"Educação Infantil"
43196,18,"Gestão Ambiental",544,"Recursos Hídricos"
37676,17,"Saneamento",512,"Saneamento Básico Urbano"
41953,12,"Educação",361,"Ensino Fundamental"
41953,18,"Gestão Ambiental",542,"Controle Ambiental"
42376,20,"Agricultura",608,"Promoção da Produção Agropecuária"
42044,12,"Educação",361,"Ensino Fundamental"
44249,10,"Saúde",301,"Atenção Básica"
44326,20,"Agricultura",608,"Promoção da Produção Agropecuária"
44992,15,"Urbanismo",451,"Infraestrutura Urbana "
39898,10,"Saúde",301,"Atenção Básica"
39898,10,"Saúde",302,"Assistência Hospitalar e Ambulatorial"
39898,10,"Saúde",305,"Vigilância Epidemiológica"
46031,10,"Saúde",301,"Atenção Básica"
45471,10,"Saúde",301,"Atenção Básica"
39001,6,"Segurança Pública",183,"Informação e Inteligência"
47318,15,"Urbanismo",452,"Serviços Urbanos"
44970,10,"Saúde",302,"Assistência Hospitalar e Ambulatorial"
44800,12,"Educação",361,"Ensino Fundamental"
43995,23,"Comércio e Serviços",695,"Turismo"
42838,10,"Saúde",301,"Atenção Básica"
37508,26,"Transporte",781,"Transporte Aéreo"
46018,20,"Agricultura",606,"Extensão Rural"
39475,10,"Saúde",301,"Atenção Básica"
40074,15,"Urbanismo",452,"Serviços Urbanos"
41709,12,"Educação",361,"Ensino Fundamental"
43977,15,"Urbanismo",127,"Ordenamento Territorial"
44060,10,"Saúde",301,"Atenção Básica"
44541,20,"Agricultura",608,"Promoção da Produção Agropecuária"
46785,15,"Urbanismo",451,"Infraestrutura Urbana "
45226,8,"Assistência Social",243,"Assistência à Criança e ao Adolescente"
43295,10,"Saúde",302,"Assistência Hospitalar e Ambulatorial"
38822,15,"Urbanismo",451,"Infraestrutura Urbana "
42946,15,"Urbanismo",452,"Serviços Urbanos"
41070,15,"Urbanismo",451,"Infraestrutura Urbana "
44167,10,"Saúde",301,"Atenção Básica"
41560,19,"Ciência e Tecnologia",573,"Difusão do Conhecimento Científico e Tecnológico"
46697,20,"Agricultura",608,"Promoção da Produção Agropecuária"
46812,20,"Agricultura",608,"Promoção da Produção Agropecuária"
45220,15,"Urbanismo",451,"Infraestrutura Urbana "
37784,8,"Assistência Social",244,"Assistência Comunitária"
44404,27,"Desporto e Lazer",812,"Desporto Comunitário"
44404,27,"Desporto e Lazer",813,"Lazer"
44421,23,"Comércio e Serviços",695,"Turismo"
39713,10,"Saúde",301,"Atenção Básica"
46174,18,"Gestão Ambiental",541,"Preservação e Conservação Ambiental"
44812,18,"Gestão Ambiental",542,"Controle Ambiental"
45159,8,"Assistência Social",245,"Serviços Socioassistenciais"
37374,16,"Habitação",482,"Habitação Urbana"
41397,13,"Cultura",391,"Patrimônio Histórico, Artístico e Arqueológico"
41390,20,"Agricultura",605,"Abastecimento"
41390,13,"Cultura",391,"Patrimônio Histórico, Artístico e Arqueológico"
37874,19,"Ciência e Tecnologia",572,"Desenvolvimento Tecnológico e Engenharia"
37874,12,"Educação",361,"Ensino Fundamental"
37874,12,"Educação",362,"Ensino Médio"
37874,12,"Educação",363,"Ensino Profissional"
37874,12,"Educação",364,"Ensino Superior"
37874,12,"Educação",365,"Educação Infantil"
37874,12,"Educação",366,"Educação de Jovens e Adultos"
37874,12,"Educação",367,"Educação Especial"
37874,12,"Educação",368,"Educação Básica"
37905,12,"Educação",365,"Educação Infantil"
37905,12,"Educação",361,"Ensino Fundamental"
37905,12,"Educação",362,"Ensino Médio"
37905,12,"Educação",363,"Ensino Profissional"
37905,12,"Educação",364,"Ensino Superior"
37905,12,"Educação",366,"Educação de Jovens e Adultos"
37905,12,"Educação",367,"Educação Especial"
37905,12,"Educação",368,"Educação Básica"
39701,20,"Agricultura",608,"Promoção da Produção Agropecuária"
38128,10,"Saúde",302,"Assistência Hospitalar e Ambulatorial"
44821,8,"Assistência Social",245,"Serviços Socioassistenciais"
40003,12,"Educação",368,"Educação Básica"
40086,15,"Urbanismo",451,"Infraestrutura Urbana "
46569,10,"Saúde",301,"Atenção Básica"
43961,10,"Saúde",302,"Assistência Hospitalar e Ambulatorial"
43984,23,"Comércio e Serviços",695,"Turismo"
43192,15,"Urbanismo",451,"Infraestrutura Urbana "
45120,23,"Comércio e Serviços",695,"Turismo"
39204,20,"Agricultura",608,"Promoção da Produção Agropecuária"
38573,17,"Saneamento",512,"Saneamento Básico Urbano"
43087,10,"Saúde",301,"Atenção Básica"
42605,26,"Transporte",782,"Transporte Rodoviário"
37623,15,"Urbanismo",451,"Infraestrutura Urbana "
39585,23,"Comércio e Serviços",695,"Turismo"
40693,10,"Saúde",301,"Atenção Básica"
45049,15,"Urbanismo",451,"Infraestrutura Urbana "
39867,12,"Educação",361,"Ensino Fundamental"
39828,26,"Transporte",782,"Transporte Rodoviário"
38407,10,"Saúde",301,"Atenção Básica"
40756,10,"Saúde",302,"Assistência Hospitalar e Ambulatorial"
40827,10,"Saúde",302,"Assistência Hospitalar e Ambulatorial"
41019,15,"Urbanismo",451,"Infraestrutura Urbana "
39050,27,"Desporto e Lazer",811,"Desporto de Rendimento"
39050,27,"Desporto e Lazer",812,"Desporto Comunitário"
39050,27,"Desporto e Lazer",813,"Lazer"
42507,13,"Cultura",392,"Difusão Cultural"
46636,10,"Saúde",301,"Atenção Básica"
38983,20,"Agricultura",605,"Abastecimento"
38983,20,"Agricultura",608,"Promoção da Produção Agropecuária"
38983,20,"Agricultura",609,"Defesa Agropecuária"
38098,8,"Assistência Social",244,"Assistência Comunitária"
41175,15,"Urbanismo",452,"Serviços Urbanos"
45867,10,"Saúde",302,"Assistência Hospitalar e Ambulatorial"
44160,20,"Agricultura",608,"Promoção da Produção Agropecuária"
40823,17,"Saneamento",512,"Saneamento Básico Urbano"
41569,20,"Agricultura",608,"Promoção da Produção Agropecuária"
37596,8,"Assistência Social",243,"Assistência à Criança e ao Adolescente"
37629,10,"Saúde",302,"Assistência Hospitalar e Ambulatorial"
43086,27,"Desporto e Lazer",813,"Lazer"
40348,20,"Agricultura",608,"Promoção da Produção Agropecuária"
46841,15,"Urbanismo",451,"Infraestrutura Urbana "
46618,23,"Comércio e Serviços",695,"Turismo"
38586,12,"Educação",368,"Educação Básica"
40383,23,"Comércio e Serviços",695,"Turismo"
42935,17,"Saneamento",512,"Saneamento Básico Urbano"
38483,15,"Urbanismo",451,"Infraestrutura Urbana "
46132,17,"Saneamento",512,"Saneamento Básico Urbano"
40261,12,"Educação",361,"Ensino Fundamental"
41067,10,"Saúde",301,"Atenção Básica"
41067,10,"Saúde",303,"Suporte Profilático e Terapêutico"
41067,10,"Saúde",305,"Vigilância Epidemiológica"
41067,10,"Saúde",306,"Alimentação e Nutrição"
45770,12,"Educação",361,"Ensino Fundamental"
45770,12,"Educação",365,"Educação Infantil"
45770,12,"Educação",368,"Educação Básica"
42243,23,"Comércio e Serviços",695,"Turismo"
44378,12,"Educação",361,"Ensino Fundamental"
45538,17,"Saneamento",512,"Saneamento Básico Urbano"
44222,12,"Educação",361,"Ensino Fundamental"
44562,8,"Assistência Social",243,"Assistência à Criança e ao Adolescente"
40857,6,"Segurança Pública",182,"Defesa Civil"
46359,15,"Urbanismo",451,"Infraestrutura Urbana "
39022,17,"Saneamento",511,"Saneamento Básico Rural"
46448,12,"Educação",365,"Educação Infantil"
44815,10,"Saúde",301,"Atenção Básica"
40577,20,"Agricultura",608,"Promoção da Produção Agropecuária"
40624,8,"Assistência Social",245,"Serviços Socioassistenciais"
40609,23,"Comércio e Serviços",695,"Turismo"
44447,12,"Educação",368,"Educação Básica"
44459,10,"Saúde",302,"Assistência Hospitalar e Ambulatorial"
44425,12,"Educação",368,"Educação Básica"
44438,12,"Educação",368,"Educação Básica"
43118,26,"Transporte",782,"Transporte Rodoviário"
45516,10,"Saúde",305,"Vigilância Epidemiológica"
47373,27,"Desporto e Lazer",813,"Lazer"
39192,17,"Saneamento",512,"Saneamento Básico Urbano"
38786,20,"Agricultura",608,"Promoção da Produção Agropecuária"
41990,19,"Ciência e Tecnologia",573,"Difusão do Conhecimento Científico e Tecnológico"
39868,10,"Saúde",301,"Atenção Básica"
38445,19,"Ciência e Tecnologia",573,"Difusão do Conhecimento Científico e Tecnológico"
39790,10,"Saúde",301,"Atenção Básica"
38455,10,"Saúde",301,"Atenção Básica"
44811,20,"Agricultura",608,"Promoção da Produção Agropecuária"
41879,17,"Saneamento",512,"Saneamento Básico Urbano"
47381,10,"Saúde",301,"Atenção Básica"
42523,18,"Gestão Ambiental",544,"Recursos Hídricos"
40095,10,"Saúde",302,"Assistência Hospitalar e Ambulatorial"
45458,17,"Saneamento",511,"Saneamento Básico Rural"
43755,10,"Saúde",301,"Atenção Básica"
43736,10,"Saúde",301,"Atenção Básica"
43838,15,"Urbanismo",451,"Infraestrutura Urbana "
46805,20,"Agricultura",608,"Promoção da Produção Agropecuária"
46115,10,"Saúde",302,"Assistência Hospitalar e Ambulatorial"
46058,15,"Urbanismo",451,"Infraestrutura Urbana "
46350,23,"Comércio e Serviços",695,"Turismo"
46727,10,"Saúde",301,"Atenção Básica"
37168,27,"Desporto e Lazer",813,"Lazer"
46545,10,"Saúde",301,"Atenção Básica"
46804,13,"Cultura",391,"Patrimônio Histórico, Artístico e Arqueológico"
42693,10,"Saúde",302,"Assistência Hospitalar e Ambulatorial"
46865,15,"Urbanismo",451,"Infraestrutura Urbana "
43216,10,"Saúde",302,"Assistência Hospitalar e Ambulatorial"
37456,10,"Saúde",301,"Atenção Básica"
39163,12,"Educação",361,"Ensino Fundamental"
41562,26,"Transporte",782,"Transporte Rodoviário"
41562,26,"Transporte",783,"Transporte Ferroviário"
45475,18,"Gestão Ambiental",541,"Preservação e Conservação Ambiental"
41377,10,"Saúde",301,"Atenção Básica"
46573,10,"Saúde",302,"Assistência Hospitalar e Ambulatorial"
45371,10,"Saúde",301,"Atenção Básica"
43653,15,"Urbanismo",451,"Infraestrutura Urbana "
45570,10,"Saúde",302,"Assistência Hospitalar e Ambulatorial"
38390,20,"Agricultura",608,"Promoção da Produção Agropecuária"
41473,10,"Saúde",301,"Atenção Básica"
42085,18,"Gestão Ambiental",541,"Preservação e Conservação Ambiental"
46782,18,"Gestão Ambiental",544,"Recursos Hídricos"
46769,20,"Agricultura",608,"Promoção da Produção Agropecuária"
44655,15,"Urbanismo",451,"Infraestrutura Urbana "
42492,18,"Gestão Ambiental",542,"Controle Ambiental"
45039,10,"Saúde",301,"Atenção Básica"
43400,6,"Segurança Pública",183,"Informação e Inteligência"
43337,15,"Urbanismo",451,"Infraestrutura Urbana "
46354,10,"Saúde",302,"Assistência Hospitalar e Ambulatorial"
42023,15,"Urbanismo",451,"Infraestrutura Urbana "
40552,15,"Urbanismo",451,"Infraestrutura Urbana "
43697,10,"Saúde",301,"Atenção Básica"
46195,10,"Saúde",304,"Vigilância Sanitária"
44397,10,"Saúde",301,"Atenção Básica"
45566,10,"Saúde",301,"Atenção Básica"
45585,15,"Urbanismo",451,"Infraestrutura Urbana "
43915,16,"Habitação",482,"Habitação Urbana"
45642,15,"Urbanismo",451,"Infraestrutura Urbana "
38972,18,"Gestão Ambiental",544,"Recursos Hídricos"
44986,20,"Agricultura",608,"Promoção da Produção Agropecuária"
43660,10,"Saúde",301,"Atenção Básica"
45593,20,"Agricultura",608,"Promoção da Produção Agropecuária"
41589,15,"Urbanismo",451,"Infraestrutura Urbana "
44373,17,"Saneamento",512,"Saneamento Básico Urbano"
43070,20,"Agricultura",608,"Promoção da Produção Agropecuária"
44445,10,"Saúde",305,"Vigilância Epidemiológica"
44445,10,"Saúde",301,"Atenção Básica"
40882,10,"Saúde",301,"Atenção Básica"
45088,20,"Agricultura",608,"Promoção da Produção Agropecuária"
42521,6,"Segurança Pública",182,"Defesa Civil"
43212,15,"Urbanismo",452,"Serviços Urbanos"
43212,27,"Desporto e Lazer",812,"Desporto Comunitário"
38604,10,"Saúde",304,"Vigilância Sanitária"
38604,10,"Saúde",305,"Vigilância Epidemiológica"
40682,20,"Agricultura",606,"Extensão Rural"
43632,20,"Agricultura",608,"Promoção da Produção Agropecuária"
41040,10,"Saúde",301,"Atenção Básica"
40826,10,"Saúde",301,"Atenção Básica"
46292,10,"Saúde",301,"Atenção Básica"
41399,10,"Saúde",302,"Assistência Hospitalar e Ambulatorial"
39508,10,"Saúde",302,"Assistência Hospitalar e Ambulatorial"
40641,15,"Urbanismo",452,"Serviços Urbanos"
41588,18,"Gestão Ambiental",541,"Preservação e Conservação Ambiental"
37243,10,"Saúde",301,"Atenção Básica"
37244,15,"Urbanismo",451,"Infraestrutura Urbana "
44542,10,"Saúde",301,"Atenção Básica"
41601,20,"Agricultura",608,"Promoção da Produção Agropecuária"
40146,17,"Saneamento",512,"Saneamento Básico Urbano"
42564,10,"Saúde",301,"Atenção Básica"
45944,8,"Assistência Social",245,"Serviços Socioassistenciais"
46055,17,"Saneamento",512,"Saneamento Básico Urbano"
40402,15,"Urbanismo",452,"Serviços Urbanos"
46472,10,"Saúde",301,"Atenção Básica"
46000,8,"Assistência Social",245,"Serviços Socioassistenciais"
42879,12,"Educação",365,"Educação Infantil"
40996,13,"Cultura",392,"Difusão Cultural"
45006,10,"Saúde",302,"Assistência Hospitalar e Ambulatorial"
46532,10,"Saúde",301,"Atenção Básica"
40327,15,"Urbanismo",452,"Serviços Urbanos"
42566,12,"Educação",361,"Ensino Fundamental"
42863,12,"Educação",368,"Educação Básica"
46175,15,"Urbanismo",451,"Infraestrutura Urbana "
46456,13,"Cultura",391,"Patrimônio Histórico, Artístico e Arqueológico"
47240,10,"Saúde",302,"Assistência Hospitalar e Ambulatorial"
44711,12,"Educação",361,"Ensino Fundamental"
44062,16,"Habitação",481,"Habitação Rural"
41516,16,"Habitação",482,"Habitação Urbana"
39389,10,"Saúde",301,"Atenção Básica"
46591,10,"Saúde",302,"Assistência Hospitalar e Ambulatorial"
37879,8,"Assistência Social",244,"Assistência Comunitária"
39985,6,"Segurança Pública",181,"Policiamento"
45688,15,"Urbanismo",451,"Infraestrutura Urbana "
47367,8,"Assistência Social",245,"Serviços Socioassistenciais"
37668,20,"Agricultura",605,"Abastecimento"
37663,20,"Agricultura",608,"Promoção da Produção Agropecuária"
46180,12,"Educação",365,"Educação Infantil"
39584,10,"Saúde",301,"Atenção Básica"
37358,18,"Gestão Ambiental",541,"Preservação e Conservação Ambiental"
42183,23,"Comércio e Serviços",695,"Turismo"
43451,12,"Educação",361,"Ensino Fundamental"
44368,10,"Saúde",301,"Atenção Básica"
44446,15,"Urbanismo",451,"Infraestrutura Urbana "
38664,10,"Saúde",301,"Atenção Básica"
39126,15,"Urbanismo",451,"Infraestrutura Urbana "
40885,10,"Saúde",302,"Assistência Hospitalar e Ambulatorial"
45153,10,"Saúde",301,"Atenção Básica"
44436,19,"Ciência e Tecnologia",573,"Difusão do Conhecimento Científico e Tecnológico"
44468,19,"Ciência e Tecnologia",572,"Desenvolvimento Tecnológico e Engenharia"
45383,10,"Saúde",128,"Formação de Recursos Humanos"
45733,8,"Assistência Social",244,"Assistência Comunitária"
39732,10,"Saúde",301,"Atenção Básica"
46224,10,"Saúde",302,"Assistência Hospitalar e Ambulatorial"
36982,8,"Assistência Social",243,"Assistência à Criança e ao Adolescente"
45164,15,"Urbanismo",451,"Infraestrutura Urbana "
42066,10,"Saúde",301,"Atenção Básica"
44200,23,"Comércio e Serviços",695,"Turismo"
44846,10,"Saúde",302,"Assistência Hospitalar e Ambulatorial"
44369,15,"Urbanismo",451,"Infraestrutura Urbana "
37750,10,"Saúde",301,"Atenção Básica"
45893,8,"Assistência Social",245,"Serviços Socioassistenciais"
45893,10,"Saúde",301,"Atenção Básica"
45893,12,"Educação",361,"Ensino Fundamental"
44288,20,"Agricultura",608,"Promoção da Produção Agropecuária"
43575,26,"Transporte",784,"Transporte Hidroviário"
41476,8,"Assistência Social",245,"Serviços Socioassistenciais"
39325,20,"Agricultura",608,"Promoção da Produção Agropecuária"
47164,6,"Segurança Pública",182,"Defesa Civil"
45317,10,"Saúde",301,"Atenção Básica"
43270,23,"Comércio e Serviços",695,"Turismo"
38399,10,"Saúde",301,"Atenção Básica"
46720,8,"Assistência Social",245,"Serviços Socioassistenciais"
46589,8,"Assistência Social",245,"Serviços Socioassistenciais"
40539,27,"Desporto e Lazer",812,"Desporto Comunitário"
46665,8,"Assistência Social",245,"Serviços Socioassistenciais"
43366,17,"Saneamento",512,"Saneamento Básico Urbano"
46630,16,"Habitação",482,"Habitação Urbana"
46756,15,"Urbanismo",452,"Serviços Urbanos"
45967,8,"Assistência Social",244,"Assistência Comunitária"
45967,8,"Assistência Social",245,"Serviços Socioassistenciais"
47444,8,"Assistência Social",244,"Assistência Comunitária"
45123,10,"Saúde",302,"Assistência Hospitalar e Ambulatorial"
46210,10,"Saúde",302,"Assistência Hospitalar e Ambulatorial"
40829,15,"Urbanismo",451,"Infraestrutura Urbana "
42664,10,"Saúde",302,"Assistência Hospitalar e Ambulatorial"
41805,18,"Gestão Ambiental",544,"Recursos Hídricos"
41811,18,"Gestão Ambiental",544,"Recursos Hídricos"
45597,10,"Saúde",302,"Assistência Hospitalar e Ambulatorial"
46770,15,"Urbanismo",451,"Infraestrutura Urbana "
46900,17,"Saneamento",511,"Saneamento Básico Rural"
45085,12,"Educação",361,"Ensino Fundamental"
45077,12,"Educação",368,"Educação Básica"
39542,15,"Urbanismo",451,"Infraestrutura Urbana "
37742,26,"Transporte",782,"Transporte Rodoviário"
39538,27,"Desporto e Lazer",813,"Lazer"
39541,15,"Urbanismo",451,"Infraestrutura Urbana "
46684,10,"Saúde",302,"Assistência Hospitalar e Ambulatorial"
39678,10,"Saúde",301,"Atenção Básica"
39683,10,"Saúde",302,"Assistência Hospitalar e Ambulatorial"
40605,15,"Urbanismo",451,"Infraestrutura Urbana "
46884,10,"Saúde",301,"Atenção Básica"
38321,17,"Saneamento",511,"Saneamento Básico Rural"
38762,10,"Saúde",302,"Assistência Hospitalar e Ambulatorial"
44627,10,"Saúde",302,"Assistência Hospitalar e Ambulatorial"
41498,10,"Saúde",301,"Atenção Básica"
41504,15,"Urbanismo",451,"Infraestrutura Urbana "
42415,20,"Agricultura",608,"Promoção da Produção Agropecuária"
44443,8,"Assistência Social",245,"Serviços Socioassistenciais"
45743,27,"Desporto e Lazer",812,"Desporto Comunitário"
44414,20,"Agricultura",608,"Promoção da Produção Agropecuária"
47417,15,"Urbanismo",451,"Infraestrutura Urbana "
41322,20,"Agricultura",608,"Promoção da Produção Agropecuária"
41325,23,"Comércio e Serviços",695,"Turismo"
41327,15,"Urbanismo",451,"Infraestrutura Urbana "
47304,18,"Gestão Ambiental",541,"Preservação e Conservação Ambiental"
41336,20,"Agricultura",608,"Promoção da Produção Agropecuária"
41987,17,"Saneamento",512,"Saneamento Básico Urbano"
42497,21,"Organização Agrária",631,"Reforma Agrária"
40270,17,"Saneamento",512,"Saneamento Básico Urbano"
40371,15,"Urbanismo",452,"Serviços Urbanos"
40608,20,"Agricultura",608,"Promoção da Produção Agropecuária"
41826,15,"Urbanismo",451,"Infraestrutura Urbana "
45227,10,"Saúde",301,"Atenção Básica"
45191,15,"Urbanismo",451,"Infraestrutura Urbana "
44505,10,"Saúde",302,"Assistência Hospitalar e Ambulatorial"
46206,10,"Saúde",301,"Atenção Básica"
46013,12,"Educação",368,"Educação Básica"
43871,20,"Agricultura",608,"Promoção da Produção Agropecuária"
41786,26,"Transporte",781,"Transporte Aéreo"
45082,10,"Saúde",301,"Atenção Básica"
38488,20,"Agricultura",608,"Promoção da Produção Agropecuária"
46342,8,"Assistência Social",244,"Assistência Comunitária"
38728,10,"Saúde",302,"Assistência Hospitalar e Ambulatorial"
47200,10,"Saúde",301,"Atenção Básica"
47148,20,"Agricultura",608,"Promoção da Produção Agropecuária"
43727,15,"Urbanismo",451,"Infraestrutura Urbana "
38505,20,"Agricultura",608,"Promoção da Produção Agropecuária"
45323,12,"Educação",361,"Ensino Fundamental"
42768,8,"Assistência Social",244,"Assistência Comunitária"
42768,8,"Assistência Social",245,"Serviços Socioassistenciais"
46027,15,"Urbanismo",451,"Infraestrutura Urbana "
37571,10,"Saúde",301,"Atenção Básica"
37557,10,"Saúde",301,"Atenção Básica"
37583,15,"Urbanismo",451,"Infraestrutura Urbana "
43006,10,"Saúde",301,"Atenção Básica"
47272,19,"Ciência e Tecnologia",573,"Difusão do Conhecimento Científico e Tecnológico"
45325,23,"Comércio e Serviços",695,"Turismo"
46478,15,"Urbanismo",451,"Infraestrutura Urbana "
38612,16,"Habitação",482,"Habitação Urbana"
39029,20,"Agricultura",608,"Promoção da Produção Agropecuária"
46799,16,"Habitação",482,"Habitação Urbana"
45651,19,"Ciência e Tecnologia",572,"Desenvolvimento Tecnológico e Engenharia"
37135,10,"Saúde",302,"Assistência Hospitalar e Ambulatorial"
43602,10,"Saúde",301,"Atenção Básica"
45017,8,"Assistência Social",242,"Assistência ao Portador de Deficiência"
47435,8,"Assistência Social",244,"Assistência Comunitária"
45889,10,"Saúde",301,"Atenção Básica"
37747,20,"Agricultura",609,"Defesa Agropecuária"
42241,10,"Saúde",301,"Atenção Básica"
45080,10,"Saúde",301,"Atenção Básica"
45444,8,"Assistência Social",245,"Serviços Socioassistenciais"
40997,15,"Urbanismo",452,"Serviços Urbanos"
47005,8,"Assistência Social",245,"Serviços Socioassistenciais"
45830,12,"Educação",361,"Ensino Fundamental"
45830,12,"Educação",365,"Educação Infantil"
44850,19,"Ciência e Tecnologia",571,"Desenvolvimento Científico"
38662,10,"Saúde",301,"Atenção Básica"
43097,20,"Agricultura",608,"Promoção da Produção Agropecuária"
45772,10,"Saúde",301,"Atenção Básica"
46626,10,"Saúde",301,"Atenção Básica"
39738,10,"Saúde",302,"Assistência Hospitalar e Ambulatorial"
44128,10,"Saúde",302,"Assistência Hospitalar e Ambulatorial"
44182,20,"Agricultura",608,"Promoção da Produção Agropecuária"
45151,27,"Desporto e Lazer",812,"Desporto Comunitário"
42981,10,"Saúde",302,"Assistência Hospitalar e Ambulatorial"
47384,8,"Assistência Social",245,"Serviços Socioassistenciais"
42547,10,"Saúde",302,"Assistência Hospitalar e Ambulatorial"
44719,20,"Agricultura",608,"Promoção da Produção Agropecuária"
40007,15,"Urbanismo",127,"Ordenamento Territorial"
40037,15,"Urbanismo",127,"Ordenamento Territorial"
37423,10,"Saúde",301,"Atenção Básica"
45218,10,"Saúde",301,"Atenção Básica"
37359,10,"Saúde",301,"Atenção Básica"
43037,19,"Ciência e Tecnologia",571,"Desenvolvimento Científico"
46998,15,"Urbanismo",451,"Infraestrutura Urbana "
42228,10,"Saúde",302,"Assistência Hospitalar e Ambulatorial"
47121,8,"Assistência Social",245,"Serviços Socioassistenciais"
46878,8,"Assistência Social",245,"Serviços Socioassistenciais"
46883,27,"Desporto e Lazer",812,"Desporto Comunitário"
42503,18,"Gestão Ambiental",544,"Recursos Hídricos"
38873,15,"Urbanismo",451,"Infraestrutura Urbana "
43002,10,"Saúde",302,"Assistência Hospitalar e Ambulatorial"
43471,15,"Urbanismo",451,"Infraestrutura Urbana "
43595,23,"Comércio e Serviços",695,"Turismo"
38591,15,"Urbanismo",451,"Infraestrutura Urbana "
37312,15,"Urbanismo",451,"Infraestrutura Urbana "
44094,10,"Saúde",301,"Atenção Básica"
45955,10,"Saúde",305,"Vigilância Epidemiológica"
46178,8,"Assistência Social",245,"Serviços Socioassistenciais"
44793,10,"Saúde",301,"Atenção Básica"
38246,15,"Urbanismo",451,"Infraestrutura Urbana "
41033,10,"Saúde",301,"Atenção Básica"
41167,10,"Saúde",301,"Atenção Básica"
43184,18,"Gestão Ambiental",544,"Recursos Hídricos"
44653,10,"Saúde",302,"Assistência Hospitalar e Ambulatorial"
44653,15,"Urbanismo",451,"Infraestrutura Urbana "
44653,17,"Saneamento",512,"Saneamento Básico Urbano"
41702,15,"Urbanismo",452,"Serviços Urbanos"
45127,10,"Saúde",302,"Assistência Hospitalar e Ambulatorial"
44033,10,"Saúde",301,"Atenção Básica"
40777,15,"Urbanismo",452,"Serviços Urbanos"
39725,8,"Assistência Social",244,"Assistência Comunitária"
38790,23,"Comércio e Serviços",695,"Turismo"
43135,10,"Saúde",302,"Assistência Hospitalar e Ambulatorial"
45081,15,"Urbanismo",451,"Infraestrutura Urbana "
39154,10,"Saúde",302,"Assistência Hospitalar e Ambulatorial"
47265,10,"Saúde",301,"Atenção Básica"
39441,12,"Educação",361,"Ensino Fundamental"
44269,10,"Saúde",302,"Assistência Hospitalar e Ambulatorial"
42098,20,"Agricultura",608,"Promoção da Produção Agropecuária"
44576,15,"Urbanismo",452,"Serviços Urbanos"
39495,15,"Urbanismo",451,"Infraestrutura Urbana "
44667,10,"Saúde",302,"Assistência Hospitalar e Ambulatorial"
43205,10,"Saúde",306,"Alimentação e Nutrição"
42820,15,"Urbanismo",451,"Infraestrutura Urbana "
44679,20,"Agricultura",608,"Promoção da Produção Agropecuária"
43377,23,"Comércio e Serviços",695,"Turismo"
43424,10,"Saúde",304,"Vigilância Sanitária"
43522,15,"Urbanismo",451,"Infraestrutura Urbana "
43568,15,"Urbanismo",451,"Infraestrutura Urbana "
42493,15,"Urbanismo",451,"Infraestrutura Urbana "
42493,15,"Urbanismo",452,"Serviços Urbanos"
45194,8,"Assistência Social",245,"Serviços Socioassistenciais"
41853,20,"Agricultura",608,"Promoção da Produção Agropecuária"
38791,17,"Saneamento",511,"Saneamento Básico Rural"
41469,20,"Agricultura",606,"Extensão Rural"
40242,20,"Agricultura",608,"Promoção da Produção Agropecuária"
42052,12,"Educação",365,"Educação Infantil"
41960,15,"Urbanismo",452,"Serviços Urbanos"
40707,26,"Transporte",782,"Transporte Rodoviário"
42876,18,"Gestão Ambiental",541,"Preservação e Conservação Ambiental"
45203,10,"Saúde",301,"Atenção Básica"
42451,23,"Comércio e Serviços",695,"Turismo"
44430,8,"Assistência Social",245,"Serviços Socioassistenciais"
43059,10,"Saúde",302,"Assistência Hospitalar e Ambulatorial"
46855,8,"Assistência Social",243,"Assistência à Criança e ao Adolescente"
46582,10,"Saúde",301,"Atenção Básica"
46899,13,"Cultura",392,"Difusão Cultural"
46376,27,"Desporto e Lazer",813,"Lazer"
47099,8,"Assistência Social",244,"Assistência Comunitária"
40159,19,"Ciência e Tecnologia",571,"Desenvolvimento Científico"
40159,19,"Ciência e Tecnologia",572,"Desenvolvimento Tecnológico e Engenharia"
40159,19,"Ciência e Tecnologia",573,"Difusão do Conhecimento Científico e Tecnológico"
40192,19,"Ciência e Tecnologia",571,"Desenvolvimento Científico"
40192,19,"Ciência e Tecnologia",572,"Desenvolvimento Tecnológico e Engenharia"
40192,19,"Ciência e Tecnologia",573,"Difusão do Conhecimento Científico e Tecnológico"
40203,19,"Ciência e Tecnologia",571,"Desenvolvimento Científico"
40203,19,"Ciência e Tecnologia",572,"Desenvolvimento Tecnológico e Engenharia"
40203,19,"Ciência e Tecnologia",573,"Difusão do Conhecimento Científico e Tecnológico"
43804,10,"Saúde",301,"Atenção Básica"
46378,26,"Transporte",782,"Transporte Rodoviário"
46469,10,"Saúde",302,"Assistência Hospitalar e Ambulatorial"
42320,8,"Assistência Social",245,"Serviços Socioassistenciais"
42009,18,"Gestão Ambiental",541,"Preservação e Conservação Ambiental"
40902,20,"Agricultura",608,"Promoção da Produção Agropecuária"
39758,10,"Saúde",301,"Atenção Básica"
41929,10,"Saúde",302,"Assistência Hospitalar e Ambulatorial"
40893,10,"Saúde",302,"Assistência Hospitalar e Ambulatorial"
45850,8,"Assistência Social",243,"Assistência à Criança e ao Adolescente"
37305,12,"Educação",368,"Educação Básica"
47441,8,"Assistência Social",245,"Serviços Socioassistenciais"
37048,10,"Saúde",301,"Atenção Básica"
43576,19,"Ciência e Tecnologia",572,"Desenvolvimento Tecnológico e Engenharia"
43514,19,"Ciência e Tecnologia",572,"Desenvolvimento Tecnológico e Engenharia"
40002,23,"Comércio e Serviços",695,"Turismo"
43929,17,"Saneamento",512,"Saneamento Básico Urbano"
39510,10,"Saúde",301,"Atenção Básica"
39654,18,"Gestão Ambiental",541,"Preservação e Conservação Ambiental"
45987,15,"Urbanismo",451,"Infraestrutura Urbana "
42857,10,"Saúde",301,"Atenção Básica"
40045,8,"Assistência Social",244,"Assistência Comunitária"
37325,15,"Urbanismo",451,"Infraestrutura Urbana "
41449,15,"Urbanismo",451,"Infraestrutura Urbana "
41465,12,"Educação",361,"Ensino Fundamental"
44747,20,"Agricultura",608,"Promoção da Produção Agropecuária"
44420,10,"Saúde",302,"Assistência Hospitalar e Ambulatorial"
40314,27,"Desporto e Lazer",812,"Desporto Comunitário"
40314,27,"Desporto e Lazer",813,"Lazer"
43203,26,"Transporte",781,"Transporte Aéreo"
40642,15,"Urbanismo",451,"Infraestrutura Urbana "
40642,26,"Transporte",781,"Transporte Aéreo"
40419,15,"Urbanismo",452,"Serviços Urbanos"
40251,18,"Gestão Ambiental",541,"Preservação e Conservação Ambiental"
40061,20,"Agricultura",608,"Promoção da Produção Agropecuária"
39207,18,"Gestão Ambiental",544,"Recursos Hídricos"
44978,15,"Urbanismo",451,"Infraestrutura Urbana "
38665,10,"Saúde",301,"Atenção Básica"
38535,20,"Agricultura",608,"Promoção da Produção Agropecuária"
37704,10,"Saúde",302,"Assistência Hospitalar e Ambulatorial"
38684,20,"Agricultura",608,"Promoção da Produção Agropecuária"
46851,10,"Saúde",302,"Assistência Hospitalar e Ambulatorial"
42592,17,"Saneamento",512,"Saneamento Básico Urbano"
47109,23,"Comércio e Serviços",695,"Turismo"
44426,10,"Saúde",301,"Atenção Básica"
42340,10,"Saúde",301,"Atenção Básica"
41579,15,"Urbanismo",451,"Infraestrutura Urbana "
38057,27,"Desporto e Lazer",812,"Desporto Comunitário"
40188,8,"Assistência Social",245,"Serviços Socioassistenciais"
44074,23,"Comércio e Serviços",695,"Turismo"
47357,20,"Agricultura",606,"Extensão Rural"
46936,23,"Comércio e Serviços",695,"Turismo"
46971,20,"Agricultura",608,"Promoção da Produção Agropecuária"
45219,10,"Saúde",301,"Atenção Básica"
44424,10,"Saúde",301,"Atenção Básica"
44418,10,"Saúde",301,"Atenção Básica"
42865,10,"Saúde",302,"Assistência Hospitalar e Ambulatorial"
43527,20,"Agricultura",608,"Promoção da Produção Agropecuária"
44862,15,"Urbanismo",452,"Serviços Urbanos"
42360,10,"Saúde",302,"Assistência Hospitalar e Ambulatorial"
38367,15,"Urbanismo",452,"Serviços Urbanos"
37081,12,"Educação",368,"Educação Básica"
43589,20,"Agricultura",606,"Extensão Rural"
45956,20,"Agricultura",608,"Promoção da Produção Agropecuária"
38331,17,"Saneamento",512,"Saneamento Básico Urbano"
44998,15,"Urbanismo",453,"Transportes Coletivos Urbanos"
40351,26,"Transporte",782,"Transporte Rodoviário"
43376,8,"Assistência Social",244,"Assistência Comunitária"
45660,20,"Agricultura",605,"Abastecimento"
40557,10,"Saúde",301,"Atenção Básica"
44966,20,"Agricultura",608,"Promoção da Produção Agropecuária"
47425,23,"Comércio e Serviços",695,"Turismo"
46230,20,"Agricultura",607,"Irrigação"
45202,10,"Saúde",301,"Atenção Básica"
41822,20,"Agricultura",608,"Promoção da Produção Agropecuária"
39423,10,"Saúde",302,"Assistência Hospitalar e Ambulatorial"
38037,12,"Educação",361,"Ensino Fundamental"
44081,15,"Urbanismo",451,"Infraestrutura Urbana "
44107,6,"Segurança Pública",183,"Informação e Inteligência"
44171,8,"Assistência Social",243,"Assistência à Criança e ao Adolescente"
44171,12,"Educação",361,"Ensino Fundamental"
44129,15,"Urbanismo",451,"Infraestrutura Urbana "
45032,10,"Saúde",301,"Atenção Básica"
45977,6,"Segurança Pública",182,"Defesa Civil"
39277,10,"Saúde",301,"Atenção Básica"
44537,8,"Assistência Social",245,"Serviços Socioassistenciais"
46453,10,"Saúde",301,"Atenção Básica"
43170,23,"Comércio e Serviços",695,"Turismo"
43213,15,"Urbanismo",451,"Infraestrutura Urbana "
43248,15,"Urbanismo",451,"Infraestrutura Urbana "
40129,10,"Saúde",301,"Atenção Básica"
45521,10,"Saúde",302,"Assistência Hospitalar e Ambulatorial"
43557,10,"Saúde",302,"Assistência Hospitalar e Ambulatorial"
41636,20,"Agricultura",606,"Extensão Rural"
39571,20,"Agricultura",606,"Extensão Rural"
38606,10,"Saúde",301,"Atenção Básica"
46939,10,"Saúde",306,"Alimentação e Nutrição"
45286,15,"Urbanismo",451,"Infraestrutura Urbana "
44079,15,"Urbanismo",451,"Infraestrutura Urbana "
45515,20,"Agricultura",608,"Promoção da Produção Agropecuária"
43687,8,"Assistência Social",244,"Assistência Comunitária"
43523,8,"Assistência Social",244,"Assistência Comunitária"
40668,15,"Urbanismo",452,"Serviços Urbanos"
44039,15,"Urbanismo",451,"Infraestrutura Urbana "
47331,27,"Desporto e Lazer",811,"Desporto de Rendimento"
47331,27,"Desporto e Lazer",812,"Desporto Comunitário"
47331,27,"Desporto e Lazer",813,"Lazer"
44937,12,"Educação",365,"Educação Infantil"
38149,23,"Comércio e Serviços",695,"Turismo"
44895,8,"Assistência Social",245,"Serviços Socioassistenciais"
44175,10,"Saúde",301,"Atenção Básica"
41258,10,"Saúde",301,"Atenção Básica"
42242,12,"Educação",365,"Educação Infantil"
43906,10,"Saúde",301,"Atenção Básica"
45564,17,"Saneamento",512,"Saneamento Básico Urbano"
45579,17,"Saneamento",512,"Saneamento Básico Urbano"
37859,10,"Saúde",302,"Assistência Hospitalar e Ambulatorial"
39793,15,"Urbanismo",451,"Infraestrutura Urbana "
40391,23,"Comércio e Serviços",695,"Turismo"
41244,17,"Saneamento",512,"Saneamento Básico Urbano"
47439,18,"Gestão Ambiental",542,"Controle Ambiental"
45128,26,"Transporte",782,"Transporte Rodoviário"
39879,20,"Agricultura",608,"Promoção da Produção Agropecuária"
45826,27,"Desporto e Lazer",812,"Desporto Comunitário"
45826,27,"Desporto e Lazer",813,"Lazer"
46123,18,"Gestão Ambiental",541,"Preservação e Conservação Ambiental"
42460,10,"Saúde",302,"Assistência Hospitalar e Ambulatorial"
41150,15,"Urbanismo",451,"Infraestrutura Urbana "
41247,27,"Desporto e Lazer",813,"Lazer"
41247,27,"Desporto e Lazer",812,"Desporto Comunitário"
45682,22,"Indústria",661,"Promoção Industrial"
43373,10,"Saúde",301,"Atenção Básica"
46309,10,"Saúde",302,"Assistência Hospitalar e Ambulatorial"
44247,8,"Assistência Social",245,"Serviços Socioassistenciais"
39564,10,"Saúde",302,"Assistência Hospitalar e Ambulatorial"
44656,12,"Educação",365,"Educação Infantil"
38067,20,"Agricultura",608,"Promoção da Produção Agropecuária"
45645,8,"Assistência Social",245,"Serviços Socioassistenciais"
42746,20,"Agricultura",608,"Promoção da Produção Agropecuária"
46038,8,"Assistência Social",244,"Assistência Comunitária"
45440,26,"Transporte",782,"Transporte Rodoviário"
42632,15,"Urbanismo",451,"Infraestrutura Urbana "
43171,10,"Saúde",302,"Assistência Hospitalar e Ambulatorial"
46158,10,"Saúde",301,"Atenção Básica"
46540,12,"Educação",368,"Educação Básica"
37819,10,"Saúde",301,"Atenção Básica"
38893,10,"Saúde",301,"Atenção Básica"
40318,8,"Assistência Social",245,"Serviços Socioassistenciais"
40318,16,"Habitação",482,"Habitação Urbana"
40318,23,"Comércio e Serviços",695,"Turismo"
40318,11,"Trabalho",333,"Empregabilidade"
40318,15,"Urbanismo",451,"Infraestrutura Urbana "
45713,12,"Educação",361,"Ensino Fundamental"
42417,12,"Educação",361,"Ensino Fundamental"
41936,10,"Saúde",302,"Assistência Hospitalar e Ambulatorial"
45910,12,"Educação",361,"Ensino Fundamental"
42578,15,"Urbanismo",452,"Serviços Urbanos"
37708,10,"Saúde",302,"Assistência Hospitalar e Ambulatorial"
46110,15,"Urbanismo",451,"Infraestrutura Urbana "
37762,23,"Comércio e Serviços",695,"Turismo"
40916,23,"Comércio e Serviços",695,"Turismo"
42952,20,"Agricultura",608,"Promoção da Produção Agropecuária"
37697,10,"Saúde",301,"Atenção Básica"
38223,15,"Urbanismo",451,"Infraestrutura Urbana "
38235,12,"Educação",368,"Educação Básica"
37230,26,"Transporte",782,"Transporte Rodoviário"
37229,8,"Assistência Social",244,"Assistência Comunitária"
37225,15,"Urbanismo",127,"Ordenamento Territorial"
44590,8,"Assistência Social",245,"Serviços Socioassistenciais"
40880,18,"Gestão Ambiental",544,"Recursos Hídricos"
41048,10,"Saúde",302,"Assistência Hospitalar e Ambulatorial"
44940,15,"Urbanismo",451,"Infraestrutura Urbana "
41673,17,"Saneamento",511,"Saneamento Básico Rural"
45052,20,"Agricultura",608,"Promoção da Produção Agropecuária"
45052,18,"Gestão Ambiental",541,"Preservação e Conservação Ambiental"
45190,11,"Trabalho",332,"Relações de Trabalho"
38632,27,"Desporto e Lazer",813,"Lazer"
45531,27,"Desporto e Lazer",811,"Desporto de Rendimento"
45369,12,"Educação",361,"Ensino Fundamental"
45369,12,"Educação",365,"Educação Infantil"
45480,10,"Saúde",302,"Assistência Hospitalar e Ambulatorial"
46742,27,"Desporto e Lazer",813,"Lazer"
46373,15,"Urbanismo",451,"Infraestrutura Urbana "
43467,15,"Urbanismo",451,"Infraestrutura Urbana "
46821,12,"Educação",361,"Ensino Fundamental"
44647,10,"Saúde",301,"Atenção Básica"
41215,20,"Agricultura",606,"Extensão Rural"
45820,8,"Assistência Social",245,"Serviços Socioassistenciais"
46460,10,"Saúde",301,"Atenção Básica"
38347,8,"Assistência Social",244,"Assistência Comunitária"
44955,10,"Saúde",301,"Atenção Básica"
41435,23,"Comércio e Serviços",695,"Turismo"
46690,8,"Assistência Social",243,"Assistência à Criança e ao Adolescente"
46712,15,"Urbanismo",452,"Serviços Urbanos"
46721,15,"Urbanismo",451,"Infraestrutura Urbana "
46755,19,"Ciência e Tecnologia",572,"Desenvolvimento Tecnológico e Engenharia"
46765,15,"Urbanismo",452,"Serviços Urbanos"
46777,15,"Urbanismo",452,"Serviços Urbanos"
46777,15,"Urbanismo",451,"Infraestrutura Urbana "
46789,19,"Ciência e Tecnologia",572,"Desenvolvimento Tecnológico e Engenharia"
39872,27,"Desporto e Lazer",812,"Desporto Comunitário"
41834,20,"Agricultura",605,"Abastecimento"
38004,10,"Saúde",302,"Assistência Hospitalar e Ambulatorial"
40308,8,"Assistência Social",245,"Serviços Socioassistenciais"
40308,15,"Urbanismo",451,"Infraestrutura Urbana "
40308,15,"Urbanismo",452,"Serviços Urbanos"
41607,20,"Agricultura",608,"Promoção da Produção Agropecuária"
37568,10,"Saúde",302,"Assistência Hospitalar e Ambulatorial"
40828,12,"Educação",361,"Ensino Fundamental"
42266,10,"Saúde",302,"Assistência Hospitalar e Ambulatorial"
45366,10,"Saúde",301,"Atenção Básica"
38165,18,"Gestão Ambiental",544,"Recursos Hídricos"
38140,10,"Saúde",301,"Atenção Básica"
47455,10,"Saúde",305,"Vigilância Epidemiológica"
38746,12,"Educação",365,"Educação Infantil"
42832,8,"Assistência Social",244,"Assistência Comunitária"
40031,15,"Urbanismo",451,"Infraestrutura Urbana "
37343,27,"Desporto e Lazer",812,"Desporto Comunitário"
37355,8,"Assistência Social",243,"Assistência à Criança e ao Adolescente"
39007,12,"Educação",365,"Educação Infantil"
44681,18,"Gestão Ambiental",541,"Preservação e Conservação Ambiental"
37017,15,"Urbanismo",451,"Infraestrutura Urbana "
46286,10,"Saúde",302,"Assistência Hospitalar e Ambulatorial"
42374,10,"Saúde",301,"Atenção Básica"
39766,20,"Agricultura",608,"Promoção da Produção Agropecuária"
47377,15,"Urbanismo",451,"Infraestrutura Urbana "
44225,20,"Agricultura",608,"Promoção da Produção Agropecuária"
40091,8,"Assistência Social",245,"Serviços Socioassistenciais"
39937,23,"Comércio e Serviços",695,"Turismo"
42624,16,"Habitação",482,"Habitação Urbana"
42761,20,"Agricultura",608,"Promoção da Produção Agropecuária"
40587,16,"Habitação",482,"Habitação Urbana"
43436,10,"Saúde",301,"Atenção Básica"
40769,17,"Saneamento",512,"Saneamento Básico Urbano"
43010,20,"Agricultura",608,"Promoção da Produção Agropecuária"
43425,20,"Agricultura",608,"Promoção da Produção Agropecuária"
39734,10,"Saúde",301,"Atenção Básica"
39724,10,"Saúde",301,"Atenção Básica"
44078,10,"Saúde",301,"Atenção Básica"
44132,12,"Educação",361,"Ensino Fundamental"
44950,18,"Gestão Ambiental",541,"Preservação e Conservação Ambiental"
46412,18,"Gestão Ambiental",544,"Recursos Hídricos"
47301,10,"Saúde",301,"Atenção Básica"
37878,10,"Saúde",302,"Assistência Hospitalar e Ambulatorial"
37896,10,"Saúde",302,"Assistência Hospitalar e Ambulatorial"
43225,13,"Cultura",392,"Difusão Cultural"
44275,13,"Cultura",392,"Difusão Cultural"
39337,15,"Urbanismo",451,"Infraestrutura Urbana "
45663,27,"Desporto e Lazer",812,"Desporto Comunitário"
46274,27,"Desporto e Lazer",813,"Lazer"
43360,17,"Saneamento",512,"Saneamento Básico Urbano"
41659,10,"Saúde",301,"Atenção Básica"
39957,23,"Comércio e Serviços",695,"Turismo"
41261,25,"Energia",752,"Energia Elétrica"
44415,15,"Urbanismo",451,"Infraestrutura Urbana "
41605,8,"Assistência Social",244,"Assistência Comunitária"
45398,20,"Agricultura",608,"Promoção da Produção Agropecuária"
37899,18,"Gestão Ambiental",544,"Recursos Hídricos"
37910,18,"Gestão Ambiental",544,"Recursos Hídricos"
43283,15,"Urbanismo",451,"Infraestrutura Urbana "
38156,22,"Indústria",661,"Promoção Industrial"
45857,10,"Saúde",302,"Assistência Hospitalar e Ambulatorial"
40884,18,"Gestão Ambiental",541,"Preservação e Conservação Ambiental"
47335,10,"Saúde",301,"Atenção Básica"
45545,10,"Saúde",302,"Assistência Hospitalar e Ambulatorial"
43861,10,"Saúde",301,"Atenção Básica"
45439,10,"Saúde",301,"Atenção Básica"
46076,20,"Agricultura",606,"Extensão Rural"
40706,26,"Transporte",782,"Transporte Rodoviário"
43854,6,"Segurança Pública",181,"Policiamento"
46563,23,"Comércio e Serviços",695,"Turismo"
44103,10,"Saúde",302,"Assistência Hospitalar e Ambulatorial"
42910,10,"Saúde",301,"Atenção Básica"
38558,12,"Educação",361,"Ensino Fundamental"
45596,10,"Saúde",301,"Atenção Básica"
44571,20,"Agricultura",605,"Abastecimento"
44568,20,"Agricultura",608,"Promoção da Produção Agropecuária"
39668,15,"Urbanismo",451,"Infraestrutura Urbana "
41792,10,"Saúde",302,"Assistência Hospitalar e Ambulatorial"
45243,10,"Saúde",303,"Suporte Profilático e Terapêutico"
44141,17,"Saneamento",512,"Saneamento Básico Urbano"
37679,12,"Educação",368,"Educação Básica"
44504,18,"Gestão Ambiental",544,"Recursos Hídricos"
44509,20,"Agricultura",608,"Promoção da Produção Agropecuária"
44513,10,"Saúde",301,"Atenção Básica"
42996,18,"Gestão Ambiental",542,"Controle Ambiental"
47094,26,"Transporte",782,"Transporte Rodoviário"
46416,10,"Saúde",301,"Atenção Básica"
43472,20,"Agricultura",608,"Promoção da Produção Agropecuária"
38831,10,"Saúde",302,"Assistência Hospitalar e Ambulatorial"
44401,10,"Saúde",302,"Assistência Hospitalar e Ambulatorial"
44422,17,"Saneamento",511,"Saneamento Básico Rural"
38196,27,"Desporto e Lazer",811,"Desporto de Rendimento"
38213,23,"Comércio e Serviços",695,"Turismo"
46530,15,"Urbanismo",451,"Infraestrutura Urbana "
45262,26,"Transporte",782,"Transporte Rodoviário"
44920,10,"Saúde",301,"Atenção Básica"
44911,15,"Urbanismo",451,"Infraestrutura Urbana "
44251,13,"Cultura",392,"Difusão Cultural"
45621,10,"Saúde",302,"Assistência Hospitalar e Ambulatorial"
46474,20,"Agricultura",608,"Promoção da Produção Agropecuária"
45508,18,"Gestão Ambiental",543,"Recuperação de Áreas Degradadas"
46951,23,"Comércio e Serviços",695,"Turismo"
46858,10,"Saúde",301,"Atenção Básica"
46866,10,"Saúde",302,"Assistência Hospitalar e Ambulatorial"
40782,10,"Saúde",301,"Atenção Básica"
46486,15,"Urbanismo",451,"Infraestrutura Urbana "
44220,23,"Comércio e Serviços",695,"Turismo"
37888,10,"Saúde",301,"Atenção Básica"
42541,17,"Saneamento",512,"Saneamento Básico Urbano"
46968,12,"Educação",365,"Educação Infantil"
42894,10,"Saúde",301,"Atenção Básica"
46681,23,"Comércio e Serviços",695,"Turismo"
44336,23,"Comércio e Serviços",695,"Turismo"
37293,10,"Saúde",302,"Assistência Hospitalar e Ambulatorial"
45628,10,"Saúde",301,"Atenção Básica"
45628,10,"Saúde",303,"Suporte Profilático e Terapêutico"
46783,20,"Agricultura",608,"Promoção da Produção Agropecuária"
46732,17,"Saneamento",512,"Saneamento Básico Urbano"
46191,15,"Urbanismo",453,"Transportes Coletivos Urbanos"
40854,23,"Comércio e Serviços",695,"Turismo"
43776,12,"Educação",361,"Ensino Fundamental"
39744,20,"Agricultura",608,"Promoção da Produção Agropecuária"
46792,10,"Saúde",301,"Atenção Básica"
40167,23,"Comércio e Serviços",695,"Turismo"
42391,15,"Urbanismo",451,"Infraestrutura Urbana "
41691,10,"Saúde",301,"Atenção Básica"
46719,10,"Saúde",302,"Assistência Hospitalar e Ambulatorial"
40585,17,"Saneamento",512,"Saneamento Básico Urbano"
37576,15,"Urbanismo",451,"Infraestrutura Urbana "
43032,27,"Desporto e Lazer",813,"Lazer"
44323,23,"Comércio e Serviços",695,"Turismo"
38340,10,"Saúde",302,"Assistência Hospitalar e Ambulatorial"
46476,15,"Urbanismo",451,"Infraestrutura Urbana "
46694,15,"Urbanismo",451,"Infraestrutura Urbana "
38968,20,"Agricultura",608,"Promoção da Produção Agropecuária"
42958,12,"Educação",365,"Educação Infantil"
41419,10,"Saúde",301,"Atenção Básica"
43734,15,"Urbanismo",451,"Infraestrutura Urbana "
44295,20,"Agricultura",606,"Extensão Rural"
44295,20,"Agricultura",608,"Promoção da Produção Agropecuária"
42239,18,"Gestão Ambiental",543,"Recuperação de Áreas Degradadas"
38265,20,"Agricultura",608,"Promoção da Produção Agropecuária"
42178,12,"Educação",368,"Educação Básica"
37481,10,"Saúde",301,"Atenção Básica"
46538,23,"Comércio e Serviços",695,"Turismo"
39849,27,"Desporto e Lazer",813,"Lazer"
40593,10,"Saúde",301,"Atenção Básica"
45670,8,"Assistência Social",243,"Assistência à Criança e ao Adolescente"
45670,8,"Assistência Social",242,"Assistência ao Portador de Deficiência"
45670,8,"Assistência Social",245,"Serviços Socioassistenciais"
38844,15,"Urbanismo",452,"Serviços Urbanos"
45990,18,"Gestão Ambiental",541,"Preservação e Conservação Ambiental"
44407,20,"Agricultura",606,"Extensão Rural"
42303,20,"Agricultura",606,"Extensão Rural"
45790,17,"Saneamento",511,"Saneamento Básico Rural"
42041,17,"Saneamento",511,"Saneamento Básico Rural"
38749,10,"Saúde",302,"Assistência Hospitalar e Ambulatorial"
44539,20,"Agricultura",608,"Promoção da Produção Agropecuária"
39160,19,"Ciência e Tecnologia",571,"Desenvolvimento Científico"
42088,12,"Educação",361,"Ensino Fundamental"
44538,19,"Ciência e Tecnologia",573,"Difusão do Conhecimento Científico e Tecnológico"
44149,15,"Urbanismo",451,"Infraestrutura Urbana "
40601,8,"Assistência Social",244,"Assistência Comunitária"
40831,10,"Saúde",302,"Assistência Hospitalar e Ambulatorial"
36973,15,"Urbanismo",451,"Infraestrutura Urbana "
41651,15,"Urbanismo",451,"Infraestrutura Urbana "
46549,8,"Assistência Social",244,"Assistência Comunitária"
38650,20,"Agricultura",608,"Promoção da Produção Agropecuária"
38607,23,"Comércio e Serviços",695,"Turismo"
39407,26,"Transporte",782,"Transporte Rodoviário"
46779,10,"Saúde",301,"Atenção Básica"
46941,23,"Comércio e Serviços",695,"Turismo"
46526,17,"Saneamento",512,"Saneamento Básico Urbano"
41660,15,"Urbanismo",452,"Serviços Urbanos"
40277,26,"Transporte",782,"Transporte Rodoviário"
43223,8,"Assistência Social",244,"Assistência Comunitária"
45658,15,"Urbanismo",452,"Serviços Urbanos"
45658,15,"Urbanismo",453,"Transportes Coletivos Urbanos"
42124,10,"Saúde",301,"Atenção Básica"
42293,12,"Educação",361,"Ensino Fundamental"
42368,6,"Segurança Pública",181,"Policiamento"
37323,15,"Urbanismo",451,"Infraestrutura Urbana "
42744,10,"Saúde",301,"Atenção Básica"
43805,10,"Saúde",301,"Atenção Básica"
47348,13,"Cultura",392,"Difusão Cultural"
47348,23,"Comércio e Serviços",695,"Turismo"
39094,27,"Desporto e Lazer",812,"Desporto Comunitário"
42472,10,"Saúde",302,"Assistência Hospitalar e Ambulatorial"
39532,23,"Comércio e Serviços",695,"Turismo"
39556,15,"Urbanismo",451,"Infraestrutura Urbana "
39561,17,"Saneamento",511,"Saneamento Básico Rural"
43741,15,"Urbanismo",451,"Infraestrutura Urbana "
43741,27,"Desporto e Lazer",813,"Lazer"
42506,20,"Agricultura",608,"Promoção da Produção Agropecuária"
43168,17,"Saneamento",511,"Saneamento Básico Rural"
43230,26,"Transporte",782,"Transporte Rodoviário"
43313,17,"Saneamento",511,"Saneamento Básico Rural"
44261,8,"Assistência Social",244,"Assistência Comunitária"
44290,15,"Urbanismo",451,"Infraestrutura Urbana "
39235,6,"Segurança Pública",182,"Defesa Civil"
38744,15,"Urbanismo",451,"Infraestrutura Urbana "
39011,12,"Educação",365,"Educação Infantil"
43695,12,"Educação",361,"Ensino Fundamental"
39114,12,"Educação",361,"Ensino Fundamental"
45536,10,"Saúde",301,"Atenção Básica"
46881,10,"Saúde",301,"Atenção Básica"
46823,15,"Urbanismo",451,"Infraestrutura Urbana "
47270,10,"Saúde",302,"Assistência Hospitalar e Ambulatorial"
40156,26,"Transporte",782,"Transporte Rodoviário"
45815,10,"Saúde",301,"Atenção Básica"
40473,20,"Agricultura",605,"Abastecimento"
44349,6,"Segurança Pública",183,"Informação e Inteligência"
42496,15,"Urbanismo",451,"Infraestrutura Urbana "
39129,18,"Gestão Ambiental",542,"Controle Ambiental"
42750,26,"Transporte",785,"Transportes Especiais"
38019,15,"Urbanismo",127,"Ordenamento Territorial"
47097,8,"Assistência Social",243,"Assistência à Criança e ao Adolescente"
47097,8,"Assistência Social",245,"Serviços Socioassistenciais"
46061,18,"Gestão Ambiental",541,"Preservação e Conservação Ambiental"
46567,26,"Transporte",782,"Transporte Rodoviário"
45404,10,"Saúde",301,"Atenção Básica"
44196,10,"Saúde",301,"Atenção Básica"
46617,18,"Gestão Ambiental",541,"Preservação e Conservação Ambiental"
46638,23,"Comércio e Serviços",695,"Turismo"
37516,6,"Segurança Pública",183,"Informação e Inteligência"
41633,10,"Saúde",301,"Atenção Básica"
40106,20,"Agricultura",608,"Promoção da Produção Agropecuária"
39528,15,"Urbanismo",451,"Infraestrutura Urbana "
40634,20,"Agricultura",608,"Promoção da Produção Agropecuária"
40098,12,"Educação",361,"Ensino Fundamental"
38502,8,"Assistência Social",243,"Assistência à Criança e ao Adolescente"
45847,8,"Assistência Social",244,"Assistência Comunitária"
45859,10,"Saúde",301,"Atenção Básica"
45915,8,"Assistência Social",244,"Assistência Comunitária"
45933,10,"Saúde",301,"Atenção Básica"
45766,10,"Saúde",302,"Assistência Hospitalar e Ambulatorial"
43571,10,"Saúde",302,"Assistência Hospitalar e Ambulatorial"
46392,12,"Educação",368,"Educação Básica"
45672,8,"Assistência Social",245,"Serviços Socioassistenciais"
45916,6,"Segurança Pública",183,"Informação e Inteligência"
46587,12,"Educação",361,"Ensino Fundamental"
45607,12,"Educação",368,"Educação Básica"
44574,10,"Saúde",301,"Atenção Básica"
40092,15,"Urbanismo",451,"Infraestrutura Urbana "
38527,10,"Saúde",301,"Atenção Básica"
38527,10,"Saúde",303,"Suporte Profilático e Terapêutico"
38565,10,"Saúde",302,"Assistência Hospitalar e Ambulatorial"
38678,8,"Assistência Social",243,"Assistência à Criança e ao Adolescente"
44552,20,"Agricultura",608,"Promoção da Produção Agropecuária"
42774,10,"Saúde",302,"Assistência Hospitalar e Ambulatorial"
44577,20,"Agricultura",605,"Abastecimento"
41157,10,"Saúde",301,"Atenção Básica"
41157,10,"Saúde",302,"Assistência Hospitalar e Ambulatorial"
45271,10,"Saúde",301,"Atenção Básica"
44611,10,"Saúde",302,"Assistência Hospitalar e Ambulatorial"
38323,10,"Saúde",301,"Atenção Básica"
41370,15,"Urbanismo",451,"Infraestrutura Urbana "
41373,15,"Urbanismo",451,"Infraestrutura Urbana "
38836,12,"Educação",364,"Ensino Superior"
39640,8,"Assistência Social",245,"Serviços Socioassistenciais"
46860,23,"Comércio e Serviços",695,"Turismo"
37573,15,"Urbanismo",452,"Serviços Urbanos"
44790,10,"Saúde",304,"Vigilância Sanitária"
38283,8,"Assistência Social",245,"Serviços Socioassistenciais"
47007,6,"Segurança Pública",181,"Policiamento"
46996,6,"Segurança Pública",182,"Defesa Civil"
44683,6,"Segurança Pública",182,"Defesa Civil"
45741,10,"Saúde",301,"Atenção Básica"
44533,23,"Comércio e Serviços",695,"Turismo"
46767,10,"Saúde",301,"Atenção Básica"
39618,10,"Saúde",301,"Atenção Básica"
40183,27,"Desporto e Lazer",812,"Desporto Comunitário"
44729,20,"Agricultura",608,"Promoção da Produção Agropecuária"
46411,23,"Comércio e Serviços",695,"Turismo"
43525,20,"Agricultura",608,"Promoção da Produção Agropecuária"
41350,26,"Transporte",784,"Transporte Hidroviário"
38096,20,"Agricultura",608,"Promoção da Produção Agropecuária"
46492,12,"Educação",365,"Educação Infantil"
46492,12,"Educação",366,"Educação de Jovens e Adultos"
46492,12,"Educação",361,"Ensino Fundamental"
36998,15,"Urbanismo",451,"Infraestrutura Urbana "
46343,10,"Saúde",301,"Atenção Básica"
46161,10,"Saúde",301,"Atenção Básica"
45252,12,"Educação",361,"Ensino Fundamental"
45252,12,"Educação",362,"Ensino Médio"
45252,12,"Educação",365,"Educação Infantil"
40914,12,"Educação",367,"Educação Especial"
39386,10,"Saúde",301,"Atenção Básica"
39400,22,"Indústria",661,"Promoção Industrial"
42687,10,"Saúde",302,"Assistência Hospitalar e Ambulatorial"
39200,20,"Agricultura",608,"Promoção da Produção Agropecuária"
43338,10,"Saúde",301,"Atenção Básica"
42903,13,"Cultura",392,"Difusão Cultural"
44776,10,"Saúde",302,"Assistência Hospitalar e Ambulatorial"
37461,17,"Saneamento",512,"Saneamento Básico Urbano"
41228,17,"Saneamento",512,"Saneamento Básico Urbano"
40909,23,"Comércio e Serviços",695,"Turismo"
40943,10,"Saúde",302,"Assistência Hospitalar e Ambulatorial"
43610,19,"Ciência e Tecnologia",571,"Desenvolvimento Científico"
43191,13,"Cultura",392,"Difusão Cultural"
44346,20,"Agricultura",605,"Abastecimento"
39580,17,"Saneamento",512,"Saneamento Básico Urbano"
42008,20,"Agricultura",608,"Promoção da Produção Agropecuária"
41154,20,"Agricultura",608,"Promoção da Produção Agropecuária"
42772,10,"Saúde",301,"Atenção Básica"
46366,10,"Saúde",303,"Suporte Profilático e Terapêutico"
46366,10,"Saúde",301,"Atenção Básica"
46280,15,"Urbanismo",451,"Infraestrutura Urbana "
44525,18,"Gestão Ambiental",541,"Preservação e Conservação Ambiental"
42218,23,"Comércio e Serviços",695,"Turismo"
44366,10,"Saúde",301,"Atenção Básica"
44359,10,"Saúde",301,"Atenção Básica"
44214,13,"Cultura",392,"Difusão Cultural"
46600,8,"Assistência Social",245,"Serviços Socioassistenciais"
37296,10,"Saúde",302,"Assistência Hospitalar e Ambulatorial"
38278,20,"Agricultura",608,"Promoção da Produção Agropecuária"
40535,18,"Gestão Ambiental",544,"Recursos Hídricos"
37187,15,"Urbanismo",451,"Infraestrutura Urbana "
46985,12,"Educação",363,"Ensino Profissional"
41640,8,"Assistência Social",244,"Assistência Comunitária"
37788,17,"Saneamento",512,"Saneamento Básico Urbano"
40870,10,"Saúde",301,"Atenção Básica"
39250,15,"Urbanismo",451,"Infraestrutura Urbana "
43533,10,"Saúde",301,"Atenção Básica"
40185,23,"Comércio e Serviços",695,"Turismo"
43676,18,"Gestão Ambiental",541,"Preservação e Conservação Ambiental"
43676,18,"Gestão Ambiental",542,"Controle Ambiental"
43859,11,"Trabalho",332,"Relações de Trabalho"
45907,10,"Saúde",302,"Assistência Hospitalar e Ambulatorial"
45907,10,"Saúde",305,"Vigilância Epidemiológica"
44922,15,"Urbanismo",451,"Infraestrutura Urbana "
38041,12,"Educação",361,"Ensino Fundamental"
38127,8,"Assistência Social",244,"Assistência Comunitária"
40219,15,"Urbanismo",451,"Infraestrutura Urbana "
37607,15,"Urbanismo",451,"Infraestrutura Urbana "
37607,27,"Desporto e Lazer",813,"Lazer"
45215,23,"Comércio e Serviços",695,"Turismo"
42171,10,"Saúde",302,"Assistência Hospitalar e Ambulatorial"
46590,15,"Urbanismo",451,"Infraestrutura Urbana "
46250,10,"Saúde",301,"Atenção Básica"
42893,17,"Saneamento",512,"Saneamento Básico Urbano"
37586,8,"Assistência Social",244,"Assistência Comunitária"
40289,18,"Gestão Ambiental",541,"Preservação e Conservação Ambiental"
40296,18,"Gestão Ambiental",541,"Preservação e Conservação Ambiental"
43617,27,"Desporto e Lazer",812,"Desporto Comunitário"
43644,17,"Saneamento",512,"Saneamento Básico Urbano"
44727,8,"Assistência Social",244,"Assistência Comunitária"
40494,20,"Agricultura",606,"Extensão Rural"
41653,19,"Ciência e Tecnologia",573,"Difusão do Conhecimento Científico e Tecnológico"
39353,20,"Agricultura",608,"Promoção da Produção Agropecuária"
40731,27,"Desporto e Lazer",812,"Desporto Comunitário"
41013,10,"Saúde",301,"Atenção Básica"
44684,8,"Assistência Social",245,"Serviços Socioassistenciais"
47225,10,"Saúde",302,"Assistência Hospitalar e Ambulatorial"
40339,10,"Saúde",301,"Atenção Básica"
43308,17,"Saneamento",512,"Saneamento Básico Urbano"
45917,18,"Gestão Ambiental",542,"Controle Ambiental"
46168,18,"Gestão Ambiental",542,"Controle Ambiental"
45898,15,"Urbanismo",452,"Serviços Urbanos"
43907,10,"Saúde",302,"Assistência Hospitalar e Ambulatorial"
41542,18,"Gestão Ambiental",544,"Recursos Hídricos"
40672,10,"Saúde",301,"Atenção Básica"
40331,15,"Urbanismo",127,"Ordenamento Territorial"
37162,10,"Saúde",301,"Atenção Básica"
37167,10,"Saúde",301,"Atenção Básica"
42286,8,"Assistência Social",245,"Serviços Socioassistenciais"
43277,13,"Cultura",392,"Difusão Cultural"
38373,15,"Urbanismo",451,"Infraestrutura Urbana "
42285,12,"Educação",368,"Educação Básica"
43079,15,"Urbanismo",451,"Infraestrutura Urbana "
43483,10,"Saúde",301,"Atenção Básica"
43539,10,"Saúde",301,"Atenção Básica"
45359,10,"Saúde",302,"Assistência Hospitalar e Ambulatorial"
41105,10,"Saúde",302,"Assistência Hospitalar e Ambulatorial"
40191,18,"Gestão Ambiental",541,"Preservação e Conservação Ambiental"
40430,8,"Assistência Social",244,"Assistência Comunitária"
40939,12,"Educação",368,"Educação Básica"
38707,10,"Saúde",302,"Assistência Hospitalar e Ambulatorial"
44868,10,"Saúde",301,"Atenção Básica"
44868,10,"Saúde",302,"Assistência Hospitalar e Ambulatorial"
37119,8,"Assistência Social",244,"Assistência Comunitária"
38384,10,"Saúde",301,"Atenção Básica"
38381,20,"Agricultura",608,"Promoção da Produção Agropecuária"
44491,20,"Agricultura",608,"Promoção da Produção Agropecuária"
37133,8,"Assistência Social",245,"Serviços Socioassistenciais"
44591,26,"Transporte",782,"Transporte Rodoviário"
44163,10,"Saúde",301,"Atenção Básica"
46503,13,"Cultura",392,"Difusão Cultural"
46503,23,"Comércio e Serviços",695,"Turismo"
38485,15,"Urbanismo",451,"Infraestrutura Urbana "
38610,10,"Saúde",301,"Atenção Básica"
38111,10,"Saúde",301,"Atenção Básica"
43681,12,"Educação",361,"Ensino Fundamental"
43681,12,"Educação",365,"Educação Infantil"
41352,20,"Agricultura",608,"Promoção da Produção Agropecuária"
41358,20,"Agricultura",608,"Promoção da Produção Agropecuária"
41794,10,"Saúde",302,"Assistência Hospitalar e Ambulatorial"
37951,18,"Gestão Ambiental",544,"Recursos Hídricos"
46044,15,"Urbanismo",451,"Infraestrutura Urbana "
47378,10,"Saúde",301,"Atenção Básica"
40794,26,"Transporte",782,"Transporte Rodoviário"
43834,20,"Agricultura",608,"Promoção da Produção Agropecuária"
42655,12,"Educação",365,"Educação Infantil"
42655,12,"Educação",361,"Ensino Fundamental"
39560,15,"Urbanismo",451,"Infraestrutura Urbana "
40406,15,"Urbanismo",451,"Infraestrutura Urbana "
39975,20,"Agricultura",608,"Promoção da Produção Agropecuária"
46234,18,"Gestão Ambiental",543,"Recuperação de Áreas Degradadas"
43235,10,"Saúde",301,"Atenção Básica"
37916,6,"Segurança Pública",182,"Defesa Civil"
37979,6,"Segurança Pública",182,"Defesa Civil"
42652,10,"Saúde",301,"Atenção Básica"
39794,15,"Urbanismo",127,"Ordenamento Territorial"
44770,10,"Saúde",301,"Atenção Básica"
39220,20,"Agricultura",608,"Promoção da Produção Agropecuária"
47264,10,"Saúde",301,"Atenção Básica"
38845,27,"Desporto e Lazer",813,"Lazer"
45598,27,"Desporto e Lazer",812,"Desporto Comunitário"
37387,26,"Transporte",782,"Transporte Rodoviário"
43485,8,"Assistência Social",245,"Serviços Socioassistenciais"
39747,10,"Saúde",301,"Atenção Básica"
45591,15,"Urbanismo",452,"Serviços Urbanos"
45332,20,"Agricultura",608,"Promoção da Produção Agropecuária"
37613,10,"Saúde",302,"Assistência Hospitalar e Ambulatorial"
44448,15,"Urbanismo",452,"Serviços Urbanos"
40142,10,"Saúde",305,"Vigilância Epidemiológica"
42882,23,"Comércio e Serviços",695,"Turismo"
44873,12,"Educação",361,"Ensino Fundamental"
40034,20,"Agricultura",608,"Promoção da Produção Agropecuária"
44766,14,"Direitos da Cidadania",422,"Direitos Individuais, Coletivos e Difusos"
44058,20,"Agricultura",608,"Promoção da Produção Agropecuária"
38461,15,"Urbanismo",451,"Infraestrutura Urbana "
40082,20,"Agricultura",608,"Promoção da Produção Agropecuária"
38774,8,"Assistência Social",244,"Assistência Comunitária"
40265,15,"Urbanismo",451,"Infraestrutura Urbana "
43243,12,"Educação",361,"Ensino Fundamental"
43243,12,"Educação",365,"Educação Infantil"
42840,15,"Urbanismo",451,"Infraestrutura Urbana "
42781,27,"Desporto e Lazer",812,"Desporto Comunitário"
44524,10,"Saúde",301,"Atenção Básica"
44517,20,"Agricultura",606,"Extensão Rural"
47178,10,"Saúde",301,"Atenção Básica"
45625,10,"Saúde",301,"Atenção Básica"
39222,15,"Urbanismo",451,"Infraestrutura Urbana "
38028,15,"Urbanismo",451,"Infraestrutura Urbana "
46251,10,"Saúde",301,"Atenção Básica"
37272,17,"Saneamento",512,"Saneamento Básico Urbano"
41819,10,"Saúde",302,"Assistência Hospitalar e Ambulatorial"
44382,20,"Agricultura",608,"Promoção da Produção Agropecuária"
44341,26,"Transporte",785,"Transportes Especiais"
44367,12,"Educação",367,"Educação Especial"
44296,18,"Gestão Ambiental",544,"Recursos Hídricos"
41686,22,"Indústria",661,"Promoção Industrial"
46999,8,"Assistência Social",244,"Assistência Comunitária"
42758,10,"Saúde",302,"Assistência Hospitalar e Ambulatorial"
44254,20,"Agricultura",605,"Abastecimento"
44277,8,"Assistência Social",245,"Serviços Socioassistenciais"
46954,23,"Comércio e Serviços",695,"Turismo"
43147,10,"Saúde",302,"Assistência Hospitalar e Ambulatorial"
46307,10,"Saúde",301,"Atenção Básica"
46428,10,"Saúde",301,"Atenção Básica"
44624,20,"Agricultura",608,"Promoção da Produção Agropecuária"
46081,23,"Comércio e Serviços",695,"Turismo"
39955,15,"Urbanismo",451,"Infraestrutura Urbana "
46660,23,"Comércio e Serviços",691,"Promoção Comercial"
44749,15,"Urbanismo",451,"Infraestrutura Urbana "
42698,8,"Assistência Social",244,"Assistência Comunitária"
47161,8,"Assistência Social",243,"Assistência à Criança e ao Adolescente"
44671,27,"Desporto e Lazer",812,"Desporto Comunitário"
44886,15,"Urbanismo",452,"Serviços Urbanos"
40344,8,"Assistência Social",245,"Serviços Socioassistenciais"
37507,12,"Educação",361,"Ensino Fundamental"
41972,10,"Saúde",302,"Assistência Hospitalar e Ambulatorial"
36975,8,"Assistência Social",245,"Serviços Socioassistenciais"
39178,10,"Saúde",301,"Atenção Básica"
43750,15,"Urbanismo",451,"Infraestrutura Urbana "
44750,10,"Saúde",302,"Assistência Hospitalar e Ambulatorial"
47232,10,"Saúde",302,"Assistência Hospitalar e Ambulatorial"
37617,23,"Comércio e Serviços",695,"Turismo"
44449,18,"Gestão Ambiental",542,"Controle Ambiental"
44828,10,"Saúde",301,"Atenção Básica"
43629,20,"Agricultura",608,"Promoção da Produção Agropecuária"
42939,20,"Agricultura",608,"Promoção da Produção Agropecuária"
46383,10,"Saúde",302,"Assistência Hospitalar e Ambulatorial"
39529,20,"Agricultura",606,"Extensão Rural"
39600,10,"Saúde",301,"Atenção Básica"
46176,8,"Assistência Social",244,"Assistência Comunitária"
40664,10,"Saúde",301,"Atenção Básica"
40304,15,"Urbanismo",453,"Transportes Coletivos Urbanos"
40405,12,"Educação",361,"Ensino Fundamental"
40696,15,"Urbanismo",452,"Serviços Urbanos"
38713,14,"Direitos da Cidadania",422,"Direitos Individuais, Coletivos e Difusos"
46187,15,"Urbanismo",451,"Infraestrutura Urbana "
45307,10,"Saúde",301,"Atenção Básica"
46510,10,"Saúde",301,"Atenção Básica"
44152,10,"Saúde",301,"Atenção Básica"
39262,10,"Saúde",302,"Assistência Hospitalar e Ambulatorial"
43354,8,"Assistência Social",245,"Serviços Socioassistenciais"
45176,15,"Urbanismo",451,"Infraestrutura Urbana "
39351,8,"Assistência Social",244,"Assistência Comunitária"
46070,15,"Urbanismo",451,"Infraestrutura Urbana "
40956,12,"Educação",365,"Educação Infantil"
47433,27,"Desporto e Lazer",812,"Desporto Comunitário"
39458,10,"Saúde",302,"Assistência Hospitalar e Ambulatorial"
41696,10,"Saúde",302,"Assistência Hospitalar e Ambulatorial"
41454,13,"Cultura",391,"Patrimônio Histórico, Artístico e Arqueológico"
43493,10,"Saúde",302,"Assistência Hospitalar e Ambulatorial"
43422,10,"Saúde",302,"Assistência Hospitalar e Ambulatorial"
40444,27,"Desporto e Lazer",812,"Desporto Comunitário"
45264,12,"Educação",365,"Educação Infantil"
41799,10,"Saúde",301,"Atenção Básica"
40499,10,"Saúde",302,"Assistência Hospitalar e Ambulatorial"
40615,15,"Urbanismo",452,"Serviços Urbanos"
40550,18,"Gestão Ambiental",544,"Recursos Hídricos"
40149,15,"Urbanismo",451,"Infraestrutura Urbana "
45947,27,"Desporto e Lazer",812,"Desporto Comunitário"
39796,10,"Saúde",301,"Atenção Básica"
47230,10,"Saúde",302,"Assistência Hospitalar e Ambulatorial"
46330,18,"Gestão Ambiental",544,"Recursos Hídricos"
37638,15,"Urbanismo",451,"Infraestrutura Urbana "
45338,10,"Saúde",302,"Assistência Hospitalar e Ambulatorial"
41628,18,"Gestão Ambiental",544,"Recursos Hídricos"
43862,15,"Urbanismo",451,"Infraestrutura Urbana "
46049,20,"Agricultura",608,"Promoção da Produção Agropecuária"
46023,8,"Assistência Social",245,"Serviços Socioassistenciais"
43027,13,"Cultura",391,"Patrimônio Histórico, Artístico e Arqueológico"
45335,23,"Comércio e Serviços",695,"Turismo"
42403,8,"Assistência Social",244,"Assistência Comunitária"
39102,10,"Saúde",301,"Atenção Básica"
38991,10,"Saúde",301,"Atenção Básica"
44351,15,"Urbanismo",451,"Infraestrutura Urbana "
40112,10,"Saúde",301,"Atenção Básica"
41422,20,"Agricultura",605,"Abastecimento"
41422,13,"Cultura",391,"Patrimônio Histórico, Artístico e Arqueológico"
39840,10,"Saúde",301,"Atenção Básica"
45426,27,"Desporto e Lazer",813,"Lazer"
45462,23,"Comércio e Serviços",695,"Turismo"
45511,10,"Saúde",302,"Assistência Hospitalar e Ambulatorial"
45542,8,"Assistência Social",245,"Serviços Socioassistenciais"
46009,10,"Saúde",301,"Atenção Básica"
46111,10,"Saúde",302,"Assistência Hospitalar e Ambulatorial"
37014,20,"Agricultura",608,"Promoção da Produção Agropecuária"
38020,12,"Educação",361,"Ensino Fundamental"
45647,20,"Agricultura",608,"Promoção da Produção Agropecuária"
40467,17,"Saneamento",511,"Saneamento Básico Rural"
40507,20,"Agricultura",608,"Promoção da Produção Agropecuária"
47525,15,"Urbanismo",451,"Infraestrutura Urbana "
48423,15,"Urbanismo",451,"Infraestrutura Urbana "
49994,15,"Urbanismo",451,"Infraestrutura Urbana "
49879,10,"Saúde",301,"Atenção Básica"
50464,15,"Urbanismo",451,"Infraestrutura Urbana "
48862,27,"Desporto e Lazer",812,"Desporto Comunitário"
48383,15,"Urbanismo",451,"Infraestrutura Urbana "
48252,15,"Urbanismo",451,"Infraestrutura Urbana "
50168,15,"Urbanismo",451,"Infraestrutura Urbana "
47639,17,"Saneamento",512,"Saneamento Básico Urbano"
50013,10,"Saúde",301,"Atenção Básica"
50013,10,"Saúde",302,"Assistência Hospitalar e Ambulatorial"
49746,10,"Saúde",301,"Atenção Básica"
48215,10,"Saúde",301,"Atenção Básica"
47897,15,"Urbanismo",451,"Infraestrutura Urbana "
49603,15,"Urbanismo",451,"Infraestrutura Urbana "
50334,23,"Comércio e Serviços",695,"Turismo"
48117,12,"Educação",361,"Ensino Fundamental"
50152,15,"Urbanismo",451,"Infraestrutura Urbana "
50150,15,"Urbanismo",451,"Infraestrutura Urbana "
49519,15,"Urbanismo",451,"Infraestrutura Urbana "
48032,20,"Agricultura",608,"Promoção da Produção Agropecuária"
49001,15,"Urbanismo",451,"Infraestrutura Urbana "
48626,12,"Educação",365,"Educação Infantil"
48711,10,"Saúde",301,"Atenção Básica"
49062,10,"Saúde",301,"Atenção Básica"
47755,21,"Organização Agrária",631,"Reforma Agrária"
48116,23,"Comércio e Serviços",695,"Turismo"
50072,20,"Agricultura",608,"Promoção da Produção Agropecuária"
49182,13,"Cultura",392,"Difusão Cultural"
49212,6,"Segurança Pública",181,"Policiamento"
48582,10,"Saúde",301,"Atenção Básica"
47958,6,"Segurança Pública",181,"Policiamento"
49742,27,"Desporto e Lazer",812,"Desporto Comunitário"
49742,27,"Desporto e Lazer",813,"Lazer"
49447,27,"Desporto e Lazer",812,"Desporto Comunitário"
49373,27,"Desporto e Lazer",812,"Desporto Comunitário"
48354,12,"Educação",361,"Ensino Fundamental"
49188,23,"Comércio e Serviços",695,"Turismo"
48279,10,"Saúde",302,"Assistência Hospitalar e Ambulatorial"
49741,20,"Agricultura",608,"Promoção da Produção Agropecuária"
49292,6,"Segurança Pública",181,"Policiamento"
49241,22,"Indústria",661,"Promoção Industrial"
48696,6,"Segurança Pública",183,"Informação e Inteligência"
50453,12,"Educação",368,"Educação Básica"
50234,12,"Educação",368,"Educação Básica"
48334,8,"Assistência Social",245,"Serviços Socioassistenciais"
47800,6,"Segurança Pública",181,"Policiamento"
50221,8,"Assistência Social",245,"Serviços Socioassistenciais"
50494,8,"Assistência Social",244,"Assistência Comunitária"
47544,17,"Saneamento",511,"Saneamento Básico Rural"
47997,8,"Assistência Social",245,"Serviços Socioassistenciais"
48467,8,"Assistência Social",245,"Serviços Socioassistenciais"
50231,15,"Urbanismo",451,"Infraestrutura Urbana "
50164,8,"Assistência Social",245,"Serviços Socioassistenciais"
49815,8,"Assistência Social",245,"Serviços Socioassistenciais"
48054,8,"Assistência Social",243,"Assistência à Criança e ao Adolescente"
49507,15,"Urbanismo",451,"Infraestrutura Urbana "
49936,6,"Segurança Pública",182,"Defesa Civil"
49963,12,"Educação",368,"Educação Básica"
48990,17,"Saneamento",512,"Saneamento Básico Urbano"
49527,13,"Cultura",392,"Difusão Cultural"
48068,8,"Assistência Social",245,"Serviços Socioassistenciais"
48841,8,"Assistência Social",245,"Serviços Socioassistenciais"
50285,13,"Cultura",392,"Difusão Cultural"
50253,23,"Comércio e Serviços",695,"Turismo"
49589,10,"Saúde",301,"Atenção Básica"
47949,23,"Comércio e Serviços",695,"Turismo"
49365,15,"Urbanismo",451,"Infraestrutura Urbana "
47516,10,"Saúde",301,"Atenção Básica"
47808,20,"Agricultura",608,"Promoção da Produção Agropecuária"
48272,23,"Comércio e Serviços",695,"Turismo"
48370,20,"Agricultura",608,"Promoção da Produção Agropecuária"
49656,15,"Urbanismo",451,"Infraestrutura Urbana "
50184,15,"Urbanismo",127,"Ordenamento Territorial"
49580,23,"Comércio e Serviços",695,"Turismo"
49646,17,"Saneamento",512,"Saneamento Básico Urbano"
48880,23,"Comércio e Serviços",695,"Turismo"
47526,17,"Saneamento",512,"Saneamento Básico Urbano"
48809,17,"Saneamento",512,"Saneamento Básico Urbano"
48399,27,"Desporto e Lazer",812,"Desporto Comunitário"
48972,27,"Desporto e Lazer",812,"Desporto Comunitário"
49915,15,"Urbanismo",451,"Infraestrutura Urbana "
49460,17,"Saneamento",512,"Saneamento Básico Urbano"
48067,8,"Assistência Social",245,"Serviços Socioassistenciais"
49364,8,"Assistência Social",244,"Assistência Comunitária"
48443,20,"Agricultura",608,"Promoção da Produção Agropecuária"
50089,8,"Assistência Social",245,"Serviços Socioassistenciais"
50532,8,"Assistência Social",244,"Assistência Comunitária"
48486,15,"Urbanismo",451,"Infraestrutura Urbana "
49790,8,"Assistência Social",245,"Serviços Socioassistenciais"
49295,8,"Assistência Social",245,"Serviços Socioassistenciais"
50497,18,"Gestão Ambiental",542,"Controle Ambiental"
47530,20,"Agricultura",608,"Promoção da Produção Agropecuária"
49760,8,"Assistência Social",245,"Serviços Socioassistenciais"
47870,10,"Saúde",302,"Assistência Hospitalar e Ambulatorial"
49729,10,"Saúde",301,"Atenção Básica"
50385,6,"Segurança Pública",181,"Policiamento"
49340,15,"Urbanismo",451,"Infraestrutura Urbana "
49372,15,"Urbanismo",451,"Infraestrutura Urbana "
49115,20,"Agricultura",608,"Promoção da Produção Agropecuária"
47596,10,"Saúde",301,"Atenção Básica"
48341,18,"Gestão Ambiental",544,"Recursos Hídricos"
47617,10,"Saúde",301,"Atenção Básica"
49231,20,"Agricultura",606,"Extensão Rural"
49231,20,"Agricultura",608,"Promoção da Produção Agropecuária"
49627,12,"Educação",368,"Educação Básica"
47620,10,"Saúde",302,"Assistência Hospitalar e Ambulatorial"
49138,15,"Urbanismo",451,"Infraestrutura Urbana "
48345,15,"Urbanismo",451,"Infraestrutura Urbana "
47679,23,"Comércio e Serviços",695,"Turismo"
48855,20,"Agricultura",608,"Promoção da Produção Agropecuária"
48804,15,"Urbanismo",451,"Infraestrutura Urbana "
48064,10,"Saúde",301,"Atenção Básica"
49637,15,"Urbanismo",451,"Infraestrutura Urbana "
47967,20,"Agricultura",608,"Promoção da Produção Agropecuária"
50157,20,"Agricultura",606,"Extensão Rural"
49388,20,"Agricultura",608,"Promoção da Produção Agropecuária"
48995,17,"Saneamento",512,"Saneamento Básico Urbano"
49643,13,"Cultura",392,"Difusão Cultural"
49421,20,"Agricultura",608,"Promoção da Produção Agropecuária"
49297,8,"Assistência Social",245,"Serviços Socioassistenciais"
49126,8,"Assistência Social",244,"Assistência Comunitária"
49429,27,"Desporto e Lazer",812,"Desporto Comunitário"
49140,20,"Agricultura",608,"Promoção da Produção Agropecuária"
50417,17,"Saneamento",511,"Saneamento Básico Rural"
49975,13,"Cultura",392,"Difusão Cultural"
50321,10,"Saúde",301,"Atenção Básica"
50142,8,"Assistência Social",245,"Serviços Socioassistenciais"
49299,20,"Agricultura",608,"Promoção da Produção Agropecuária"
49567,27,"Desporto e Lazer",812,"Desporto Comunitário"
49093,20,"Agricultura",608,"Promoção da Produção Agropecuária"
48239,20,"Agricultura",608,"Promoção da Produção Agropecuária"
50092,27,"Desporto e Lazer",812,"Desporto Comunitário"
48977,27,"Desporto e Lazer",813,"Lazer"
47634,20,"Agricultura",608,"Promoção da Produção Agropecuária"
49254,27,"Desporto e Lazer",812,"Desporto Comunitário"
49254,27,"Desporto e Lazer",813,"Lazer"
50220,23,"Comércio e Serviços",695,"Turismo"
49689,23,"Comércio e Serviços",695,"Turismo"
47736,20,"Agricultura",608,"Promoção da Produção Agropecuária"
49582,27,"Desporto e Lazer",813,"Lazer"
49040,20,"Agricultura",608,"Promoção da Produção Agropecuária"
49874,27,"Desporto e Lazer",813,"Lazer"
50093,15,"Urbanismo",451,"Infraestrutura Urbana "
49665,27,"Desporto e Lazer",812,"Desporto Comunitário"
49524,27,"Desporto e Lazer",812,"Desporto Comunitário"
50286,20,"Agricultura",608,"Promoção da Produção Agropecuária"
50299,23,"Comércio e Serviços",695,"Turismo"
50028,20,"Agricultura",608,"Promoção da Produção Agropecuária"
50440,13,"Cultura",391,"Patrimônio Histórico, Artístico e Arqueológico"
49264,12,"Educação",361,"Ensino Fundamental"
49264,12,"Educação",365,"Educação Infantil"
49264,12,"Educação",368,"Educação Básica"
49943,23,"Comércio e Serviços",695,"Turismo"
49867,23,"Comércio e Serviços",695,"Turismo"
50443,27,"Desporto e Lazer",812,"Desporto Comunitário"
50340,20,"Agricultura",608,"Promoção da Produção Agropecuária"
48874,27,"Desporto e Lazer",813,"Lazer"
48946,27,"Desporto e Lazer",813,"Lazer"
48123,20,"Agricultura",608,"Promoção da Produção Agropecuária"
49374,27,"Desporto e Lazer",812,"Desporto Comunitário"
49413,27,"Desporto e Lazer",813,"Lazer"
49489,27,"Desporto e Lazer",812,"Desporto Comunitário"
49128,15,"Urbanismo",451,"Infraestrutura Urbana "
49728,23,"Comércio e Serviços",695,"Turismo"
48831,10,"Saúde",301,"Atenção Básica"
47873,15,"Urbanismo",451,"Infraestrutura Urbana "
49555,27,"Desporto e Lazer",813,"Lazer"
48052,12,"Educação",365,"Educação Infantil"
49294,15,"Urbanismo",127,"Ordenamento Territorial"
49924,17,"Saneamento",512,"Saneamento Básico Urbano"
48706,23,"Comércio e Serviços",695,"Turismo"
50406,20,"Agricultura",608,"Promoção da Produção Agropecuária"
50130,17,"Saneamento",512,"Saneamento Básico Urbano"
47590,23,"Comércio e Serviços",695,"Turismo"
49718,27,"Desporto e Lazer",812,"Desporto Comunitário"
48897,27,"Desporto e Lazer",812,"Desporto Comunitário"
49105,27,"Desporto e Lazer",812,"Desporto Comunitário"
49820,27,"Desporto e Lazer",812,"Desporto Comunitário"
50296,20,"Agricultura",608,"Promoção da Produção Agropecuária"
48843,10,"Saúde",301,"Atenção Básica"
50202,27,"Desporto e Lazer",812,"Desporto Comunitário"
50045,12,"Educação",365,"Educação Infantil"
50194,20,"Agricultura",608,"Promoção da Produção Agropecuária"
47609,27,"Desporto e Lazer",812,"Desporto Comunitário"
48282,20,"Agricultura",608,"Promoção da Produção Agropecuária"
50185,12,"Educação",361,"Ensino Fundamental"
50185,12,"Educação",365,"Educação Infantil"
48077,20,"Agricultura",608,"Promoção da Produção Agropecuária"
49284,23,"Comércio e Serviços",695,"Turismo"
48559,18,"Gestão Ambiental",544,"Recursos Hídricos"
50196,12,"Educação",365,"Educação Infantil"
48128,15,"Urbanismo",451,"Infraestrutura Urbana "
47844,10,"Saúde",304,"Vigilância Sanitária"
48303,15,"Urbanismo",451,"Infraestrutura Urbana "
50435,12,"Educação",361,"Ensino Fundamental"
50435,12,"Educação",365,"Educação Infantil"
50435,12,"Educação",367,"Educação Especial"
50435,12,"Educação",368,"Educação Básica"
47860,8,"Assistência Social",245,"Serviços Socioassistenciais"
48821,20,"Agricultura",608,"Promoção da Produção Agropecuária"
49274,6,"Segurança Pública",181,"Policiamento"
50075,18,"Gestão Ambiental",544,"Recursos Hídricos"
49165,15,"Urbanismo",451,"Infraestrutura Urbana "
48004,27,"Desporto e Lazer",812,"Desporto Comunitário"
47527,27,"Desporto e Lazer",812,"Desporto Comunitário"
48425,27,"Desporto e Lazer",812,"Desporto Comunitário"
48346,27,"Desporto e Lazer",813,"Lazer"
47557,27,"Desporto e Lazer",812,"Desporto Comunitário"
47909,27,"Desporto e Lazer",813,"Lazer"
48418,27,"Desporto e Lazer",812,"Desporto Comunitário"
48418,27,"Desporto e Lazer",813,"Lazer"
48130,27,"Desporto e Lazer",812,"Desporto Comunitário"
47630,27,"Desporto e Lazer",813,"Lazer"
48723,27,"Desporto e Lazer",813,"Lazer"
49446,10,"Saúde",301,"Atenção Básica"
49272,6,"Segurança Pública",181,"Policiamento"
49290,6,"Segurança Pública",181,"Policiamento"
48079,27,"Desporto e Lazer",813,"Lazer"
48514,27,"Desporto e Lazer",812,"Desporto Comunitário"
48638,15,"Urbanismo",451,"Infraestrutura Urbana "
49334,27,"Desporto e Lazer",813,"Lazer"
49849,15,"Urbanismo",451,"Infraestrutura Urbana "
48305,20,"Agricultura",608,"Promoção da Produção Agropecuária"
48108,18,"Gestão Ambiental",542,"Controle Ambiental"
49279,12,"Educação",365,"Educação Infantil"
48488,27,"Desporto e Lazer",812,"Desporto Comunitário"
48481,27,"Desporto e Lazer",812,"Desporto Comunitário"
48000,27,"Desporto e Lazer",813,"Lazer"
49286,6,"Segurança Pública",181,"Policiamento"
48453,27,"Desporto e Lazer",812,"Desporto Comunitário"
49508,10,"Saúde",301,"Atenção Básica"
49044,12,"Educação",368,"Educação Básica"
50419,10,"Saúde",126,"Tecnologia da Informação"
47838,20,"Agricultura",608,"Promoção da Produção Agropecuária"
50265,27,"Desporto e Lazer",812,"Desporto Comunitário"
50265,27,"Desporto e Lazer",813,"Lazer"
49084,10,"Saúde",301,"Atenção Básica"
48949,20,"Agricultura",608,"Promoção da Produção Agropecuária"
49916,15,"Urbanismo",451,"Infraestrutura Urbana "
48799,10,"Saúde",301,"Atenção Básica"
49712,20,"Agricultura",606,"Extensão Rural"
49712,20,"Agricultura",608,"Promoção da Produção Agropecuária"
48541,10,"Saúde",301,"Atenção Básica"
50159,20,"Agricultura",608,"Promoção da Produção Agropecuária"
47577,27,"Desporto e Lazer",813,"Lazer"
50422,10,"Saúde",301,"Atenção Básica"
49187,10,"Saúde",301,"Atenção Básica"
49237,20,"Agricultura",608,"Promoção da Produção Agropecuária"
47734,10,"Saúde",301,"Atenção Básica"
50043,10,"Saúde",301,"Atenção Básica"
50057,20,"Agricultura",608,"Promoção da Produção Agropecuária"
47540,17,"Saneamento",512,"Saneamento Básico Urbano"
47569,8,"Assistência Social",245,"Serviços Socioassistenciais"
47832,8,"Assistência Social",244,"Assistência Comunitária"
50477,27,"Desporto e Lazer",813,"Lazer"
49261,10,"Saúde",301,"Atenção Básica"
47671,8,"Assistência Social",245,"Serviços Socioassistenciais"
49644,20,"Agricultura",608,"Promoção da Produção Agropecuária"
47812,10,"Saúde",301,"Atenção Básica"
50446,20,"Agricultura",608,"Promoção da Produção Agropecuária"
50461,10,"Saúde",301,"Atenção Básica"
50344,20,"Agricultura",608,"Promoção da Produção Agropecuária"
49118,15,"Urbanismo",451,"Infraestrutura Urbana "
47529,15,"Urbanismo",451,"Infraestrutura Urbana "
50209,10,"Saúde",301,"Atenção Básica"
48820,10,"Saúde",301,"Atenção Básica"
47743,18,"Gestão Ambiental",542,"Controle Ambiental"
48742,12,"Educação",367,"Educação Especial"
47834,17,"Saneamento",512,"Saneamento Básico Urbano"
49448,12,"Educação",361,"Ensino Fundamental"
49448,12,"Educação",365,"Educação Infantil"
47840,13,"Cultura",392,"Difusão Cultural"
50472,20,"Agricultura",608,"Promoção da Produção Agropecuária"
50473,20,"Agricultura",608,"Promoção da Produção Agropecuária"
48326,8,"Assistência Social",245,"Serviços Socioassistenciais"
47837,17,"Saneamento",512,"Saneamento Básico Urbano"
47843,20,"Agricultura",608,"Promoção da Produção Agropecuária"
50397,10,"Saúde",301,"Atenção Básica"
48866,20,"Agricultura",608,"Promoção da Produção Agropecuária"
49599,10,"Saúde",301,"Atenção Básica"
48747,20,"Agricultura",608,"Promoção da Produção Agropecuária"
49383,17,"Saneamento",512,"Saneamento Básico Urbano"
49036,8,"Assistência Social",245,"Serviços Socioassistenciais"
50392,10,"Saúde",301,"Atenção Básica"
47788,13,"Cultura",392,"Difusão Cultural"
48464,10,"Saúde",301,"Atenção Básica"
47673,27,"Desporto e Lazer",813,"Lazer"
50106,20,"Agricultura",608,"Promoção da Produção Agropecuária"
47649,20,"Agricultura",608,"Promoção da Produção Agropecuária"
49420,10,"Saúde",301,"Atenção Básica"
49333,10,"Saúde",301,"Atenção Básica"
49765,15,"Urbanismo",451,"Infraestrutura Urbana "
49974,23,"Comércio e Serviços",695,"Turismo"
48468,15,"Urbanismo",451,"Infraestrutura Urbana "
47638,10,"Saúde",301,"Atenção Básica"
47885,12,"Educação",361,"Ensino Fundamental"
49090,10,"Saúde",301,"Atenção Básica"
50357,10,"Saúde",301,"Atenção Básica"
48746,20,"Agricultura",608,"Promoção da Produção Agropecuária"
50084,8,"Assistência Social",245,"Serviços Socioassistenciais"
50293,10,"Saúde",301,"Atenção Básica"
49535,10,"Saúde",301,"Atenção Básica"
49878,10,"Saúde",301,"Atenção Básica"
47725,10,"Saúde",302,"Assistência Hospitalar e Ambulatorial"
47725,10,"Saúde",303,"Suporte Profilático e Terapêutico"
48240,10,"Saúde",301,"Atenção Básica"
49497,8,"Assistência Social",244,"Assistência Comunitária"
47825,10,"Saúde",301,"Atenção Básica"
50186,12,"Educação",367,"Educação Especial"
50186,12,"Educação",361,"Ensino Fundamental"
50186,12,"Educação",365,"Educação Infantil"
49721,10,"Saúde",301,"Atenção Básica"
49256,10,"Saúde",301,"Atenção Básica"
48848,15,"Urbanismo",451,"Infraestrutura Urbana "
47597,15,"Urbanismo",451,"Infraestrutura Urbana "
47803,20,"Agricultura",608,"Promoção da Produção Agropecuária"
49324,10,"Saúde",301,"Atenção Básica"
49248,13,"Cultura",392,"Difusão Cultural"
48828,15,"Urbanismo",451,"Infraestrutura Urbana "
50545,13,"Cultura",392,"Difusão Cultural"
47833,10,"Saúde",301,"Atenção Básica"
49722,18,"Gestão Ambiental",541,"Preservação e Conservação Ambiental"
47699,12,"Educação",365,"Educação Infantil"
48770,10,"Saúde",301,"Atenção Básica"
49141,18,"Gestão Ambiental",542,"Controle Ambiental"
49275,13,"Cultura",392,"Difusão Cultural"
47841,15,"Urbanismo",451,"Infraestrutura Urbana "
49892,15,"Urbanismo",451,"Infraestrutura Urbana "
49456,20,"Agricultura",608,"Promoção da Produção Agropecuária"
47959,15,"Urbanismo",451,"Infraestrutura Urbana "
47697,17,"Saneamento",511,"Saneamento Básico Rural"
50192,17,"Saneamento",512,"Saneamento Básico Urbano"
50290,17,"Saneamento",512,"Saneamento Básico Urbano"
48201,10,"Saúde",301,"Atenção Básica"
48011,10,"Saúde",301,"Atenção Básica"
47827,10,"Saúde",301,"Atenção Básica"
47524,15,"Urbanismo",451,"Infraestrutura Urbana "
47849,15,"Urbanismo",451,"Infraestrutura Urbana "
47848,10,"Saúde",302,"Assistência Hospitalar e Ambulatorial"
49276,20,"Agricultura",608,"Promoção da Produção Agropecuária"
48056,15,"Urbanismo",451,"Infraestrutura Urbana "
49313,15,"Urbanismo",451,"Infraestrutura Urbana "
49509,20,"Agricultura",608,"Promoção da Produção Agropecuária"
50437,20,"Agricultura",608,"Promoção da Produção Agropecuária"
49478,20,"Agricultura",608,"Promoção da Produção Agropecuária"
49185,15,"Urbanismo",451,"Infraestrutura Urbana "
47586,23,"Comércio e Serviços",695,"Turismo"
48273,10,"Saúde",302,"Assistência Hospitalar e Ambulatorial"
48312,6,"Segurança Pública",181,"Policiamento"
47574,8,"Assistência Social",245,"Serviços Socioassistenciais"
49604,10,"Saúde",302,"Assistência Hospitalar e Ambulatorial"
50113,23,"Comércio e Serviços",695,"Turismo"
47565,10,"Saúde",302,"Assistência Hospitalar e Ambulatorial"
47872,15,"Urbanismo",451,"Infraestrutura Urbana "
49466,15,"Urbanismo",451,"Infraestrutura Urbana "
50287,15,"Urbanismo",451,"Infraestrutura Urbana "
47568,27,"Desporto e Lazer",812,"Desporto Comunitário"
49875,18,"Gestão Ambiental",544,"Recursos Hídricos"
48529,10,"Saúde",302,"Assistência Hospitalar e Ambulatorial"
50242,18,"Gestão Ambiental",542,"Controle Ambiental"
48287,10,"Saúde",302,"Assistência Hospitalar e Ambulatorial"
48788,6,"Segurança Pública",181,"Policiamento"
48544,6,"Segurança Pública",181,"Policiamento"
47797,6,"Segurança Pública",181,"Policiamento"
50245,18,"Gestão Ambiental",542,"Controle Ambiental"
49042,18,"Gestão Ambiental",544,"Recursos Hídricos"
48416,10,"Saúde",302,"Assistência Hospitalar e Ambulatorial"
48008,15,"Urbanismo",451,"Infraestrutura Urbana "
49702,6,"Segurança Pública",183,"Informação e Inteligência"
49675,12,"Educação",361,"Ensino Fundamental"
49675,12,"Educação",365,"Educação Infantil"
49325,10,"Saúde",302,"Assistência Hospitalar e Ambulatorial"
49404,6,"Segurança Pública",181,"Policiamento"
50369,20,"Agricultura",608,"Promoção da Produção Agropecuária"
50338,25,"Energia",752,"Energia Elétrica"
48340,10,"Saúde",302,"Assistência Hospitalar e Ambulatorial"
50017,10,"Saúde",302,"Assistência Hospitalar e Ambulatorial"
48985,18,"Gestão Ambiental",541,"Preservação e Conservação Ambiental"
48775,10,"Saúde",301,"Atenção Básica"
50170,10,"Saúde",302,"Assistência Hospitalar e Ambulatorial"
48212,10,"Saúde",302,"Assistência Hospitalar e Ambulatorial"
50523,10,"Saúde",302,"Assistência Hospitalar e Ambulatorial"
50476,18,"Gestão Ambiental",541,"Preservação e Conservação Ambiental"
48915,10,"Saúde",301,"Atenção Básica"
47718,20,"Agricultura",608,"Promoção da Produção Agropecuária"
48422,23,"Comércio e Serviços",695,"Turismo"
47680,20,"Agricultura",608,"Promoção da Produção Agropecuária"
50530,8,"Assistência Social",244,"Assistência Comunitária"
50530,8,"Assistência Social",245,"Serviços Socioassistenciais"
50128,10,"Saúde",302,"Assistência Hospitalar e Ambulatorial"
49714,10,"Saúde",301,"Atenção Básica"
48343,15,"Urbanismo",451,"Infraestrutura Urbana "
49699,15,"Urbanismo",451,"Infraestrutura Urbana "
49758,10,"Saúde",302,"Assistência Hospitalar e Ambulatorial"
47688,10,"Saúde",301,"Atenção Básica"
49091,20,"Agricultura",608,"Promoção da Produção Agropecuária"
48960,10,"Saúde",302,"Assistência Hospitalar e Ambulatorial"
50485,18,"Gestão Ambiental",544,"Recursos Hídricos"
48607,10,"Saúde",301,"Atenção Básica"
49537,10,"Saúde",302,"Assistência Hospitalar e Ambulatorial"
48677,10,"Saúde",302,"Assistência Hospitalar e Ambulatorial"
50019,15,"Urbanismo",451,"Infraestrutura Urbana "
49842,6,"Segurança Pública",181,"Policiamento"
47790,6,"Segurança Pública",181,"Policiamento"
48477,15,"Urbanismo",451,"Infraestrutura Urbana "
49614,18,"Gestão Ambiental",544,"Recursos Hídricos"
49814,6,"Segurança Pública",181,"Policiamento"
48384,15,"Urbanismo",453,"Transportes Coletivos Urbanos"
48886,17,"Saneamento",511,"Saneamento Básico Rural"
48953,6,"Segurança Pública",181,"Policiamento"
49812,6,"Segurança Pública",181,"Policiamento"
50373,17,"Saneamento",512,"Saneamento Básico Urbano"
50119,20,"Agricultura",608,"Promoção da Produção Agropecuária"
48139,15,"Urbanismo",451,"Infraestrutura Urbana "
47629,23,"Comércio e Serviços",695,"Turismo"
47672,18,"Gestão Ambiental",542,"Controle Ambiental"
50063,18,"Gestão Ambiental",544,"Recursos Hídricos"
48086,20,"Agricultura",608,"Promoção da Produção Agropecuária"
50439,10,"Saúde",301,"Atenção Básica"
50281,10,"Saúde",301,"Atenção Básica"
47805,12,"Educação",361,"Ensino Fundamental"
48962,6,"Segurança Pública",181,"Policiamento"
50550,17,"Saneamento",512,"Saneamento Básico Urbano"
49326,6,"Segurança Pública",181,"Policiamento"
49553,6,"Segurança Pública",181,"Policiamento"
50111,10,"Saúde",301,"Atenção Básica"
48157,23,"Comércio e Serviços",695,"Turismo"
47754,23,"Comércio e Serviços",695,"Turismo"
48065,6,"Segurança Pública",181,"Policiamento"
49240,15,"Urbanismo",451,"Infraestrutura Urbana "
47752,15,"Urbanismo",451,"Infraestrutura Urbana "
47883,18,"Gestão Ambiental",544,"Recursos Hídricos"
49745,15,"Urbanismo",451,"Infraestrutura Urbana "
50260,10,"Saúde",301,"Atenção Básica"
48017,10,"Saúde",301,"Atenção Básica"
50051,10,"Saúde",301,"Atenção Básica"
49257,19,"Ciência e Tecnologia",571,"Desenvolvimento Científico"
49257,19,"Ciência e Tecnologia",572,"Desenvolvimento Tecnológico e Engenharia"
49408,20,"Agricultura",605,"Abastecimento"
47759,15,"Urbanismo",453,"Transportes Coletivos Urbanos"
49041,12,"Educação",361,"Ensino Fundamental"
49685,10,"Saúde",301,"Atenção Básica"
50495,8,"Assistência Social",245,"Serviços Socioassistenciais"
49573,8,"Assistência Social",245,"Serviços Socioassistenciais"
50551,17,"Saneamento",511,"Saneamento Básico Rural"
47946,8,"Assistência Social",245,"Serviços Socioassistenciais"
49439,8,"Assistência Social",245,"Serviços Socioassistenciais"
50359,8,"Assistência Social",244,"Assistência Comunitária"
50237,10,"Saúde",302,"Assistência Hospitalar e Ambulatorial"
48686,10,"Saúde",301,"Atenção Básica"
48648,10,"Saúde",301,"Atenção Básica"
50233,23,"Comércio e Serviços",695,"Turismo"
50039,10,"Saúde",301,"Atenção Básica"
50115,8,"Assistência Social",245,"Serviços Socioassistenciais"
49242,15,"Urbanismo",451,"Infraestrutura Urbana "
49389,10,"Saúde",301,"Atenção Básica"
50149,23,"Comércio e Serviços",695,"Turismo"
50133,23,"Comércio e Serviços",695,"Turismo"
47975,20,"Agricultura",607,"Irrigação"
50208,8,"Assistência Social",244,"Assistência Comunitária"
50208,8,"Assistência Social",245,"Serviços Socioassistenciais"
49827,13,"Cultura",392,"Difusão Cultural"
48136,23,"Comércio e Serviços",695,"Turismo"
50065,12,"Educação",368,"Educação Básica"
48705,10,"Saúde",302,"Assistência Hospitalar e Ambulatorial"
47703,6,"Segurança Pública",183,"Informação e Inteligência"
49593,20,"Agricultura",605,"Abastecimento"
49593,20,"Agricultura",608,"Promoção da Produção Agropecuária"
49967,11,"Trabalho",334,"Fomento ao Trabalho"
47593,8,"Assistência Social",244,"Assistência Comunitária"
48105,15,"Urbanismo",451,"Infraestrutura Urbana "
49268,23,"Comércio e Serviços",695,"Turismo"
48620,16,"Habitação",482,"Habitação Urbana"
49686,20,"Agricultura",608,"Promoção da Produção Agropecuária"
48987,8,"Assistência Social",243,"Assistência à Criança e ao Adolescente"
48987,8,"Assistência Social",245,"Serviços Socioassistenciais"
48956,8,"Assistência Social",245,"Serviços Socioassistenciais"
49888,23,"Comércio e Serviços",695,"Turismo"
49135,8,"Assistência Social",245,"Serviços Socioassistenciais"
48373,23,"Comércio e Serviços",695,"Turismo"
47822,12,"Educação",361,"Ensino Fundamental"
48599,8,"Assistência Social",245,"Serviços Socioassistenciais"
48929,18,"Gestão Ambiental",544,"Recursos Hídricos"
47855,23,"Comércio e Serviços",695,"Turismo"
48759,20,"Agricultura",608,"Promoção da Produção Agropecuária"
50025,6,"Segurança Pública",183,"Informação e Inteligência"
47632,13,"Cultura",392,"Difusão Cultural"
47859,20,"Agricultura",608,"Promoção da Produção Agropecuária"
48901,23,"Comércio e Serviços",695,"Turismo"
47760,20,"Agricultura",608,"Promoção da Produção Agropecuária"
47700,15,"Urbanismo",451,"Infraestrutura Urbana "
49086,17,"Saneamento",511,"Saneamento Básico Rural"
49348,23,"Comércio e Serviços",695,"Turismo"
49898,20,"Agricultura",608,"Promoção da Produção Agropecuária"
47802,12,"Educação",368,"Educação Básica"
47857,12,"Educação",368,"Educação Básica"
48494,10,"Saúde",301,"Atenção Básica"
50289,20,"Agricultura",608,"Promoção da Produção Agropecuária"
49628,20,"Agricultura",608,"Promoção da Produção Agropecuária"
48010,27,"Desporto e Lazer",812,"Desporto Comunitário"
49092,20,"Agricultura",608,"Promoção da Produção Agropecuária"
50252,23,"Comércio e Serviços",695,"Turismo"
50037,18,"Gestão Ambiental",541,"Preservação e Conservação Ambiental"
49351,10,"Saúde",301,"Atenção Básica"
49008,15,"Urbanismo",451,"Infraestrutura Urbana "
47733,10,"Saúde",301,"Atenção Básica"
47554,12,"Educação",361,"Ensino Fundamental"
47666,12,"Educação",361,"Ensino Fundamental"
48536,15,"Urbanismo",127,"Ordenamento Territorial"
47536,20,"Agricultura",608,"Promoção da Produção Agropecuária"
48840,27,"Desporto e Lazer",813,"Lazer"
47715,23,"Comércio e Serviços",695,"Turismo"
48683,20,"Agricultura",608,"Promoção da Produção Agropecuária"
49734,20,"Agricultura",608,"Promoção da Produção Agropecuária"
47687,10,"Saúde",302,"Assistência Hospitalar e Ambulatorial"
49253,13,"Cultura",391,"Patrimônio Histórico, Artístico e Arqueológico"
49253,13,"Cultura",392,"Difusão Cultural"
47891,20,"Agricultura",608,"Promoção da Produção Agropecuária"
49252,17,"Saneamento",511,"Saneamento Básico Rural"
49904,18,"Gestão Ambiental",544,"Recursos Hídricos"
47858,20,"Agricultura",608,"Promoção da Produção Agropecuária"
48789,18,"Gestão Ambiental",544,"Recursos Hídricos"
48090,20,"Agricultura",608,"Promoção da Produção Agropecuária"
49184,20,"Agricultura",608,"Promoção da Produção Agropecuária"
50272,20,"Agricultura",608,"Promoção da Produção Agropecuária"
49546,23,"Comércio e Serviços",691,"Promoção Comercial"
49514,20,"Agricultura",608,"Promoção da Produção Agropecuária"
48765,20,"Agricultura",608,"Promoção da Produção Agropecuária"
48583,8,"Assistência Social",245,"Serviços Socioassistenciais"
50506,12,"Educação",362,"Ensino Médio"
48798,14,"Direitos da Cidadania",422,"Direitos Individuais, Coletivos e Difusos"
50317,10,"Saúde",302,"Assistência Hospitalar e Ambulatorial"
48585,20,"Agricultura",608,"Promoção da Produção Agropecuária"
47863,20,"Agricultura",608,"Promoção da Produção Agropecuária"
49101,20,"Agricultura",608,"Promoção da Produção Agropecuária"
50509,12,"Educação",362,"Ensino Médio"
49657,8,"Assistência Social",245,"Serviços Socioassistenciais"
48012,20,"Agricultura",608,"Promoção da Produção Agropecuária"
49366,23,"Comércio e Serviços",695,"Turismo"
49032,27,"Desporto e Lazer",812,"Desporto Comunitário"
49877,20,"Agricultura",608,"Promoção da Produção Agropecuária"
48026,12,"Educação",365,"Educação Infantil"
49222,12,"Educação",368,"Educação Básica"
47878,20,"Agricultura",608,"Promoção da Produção Agropecuária"
50033,23,"Comércio e Serviços",695,"Turismo"
48974,20,"Agricultura",608,"Promoção da Produção Agropecuária"
49549,8,"Assistência Social",245,"Serviços Socioassistenciais"
47745,20,"Agricultura",608,"Promoção da Produção Agropecuária"
49030,10,"Saúde",302,"Assistência Hospitalar e Ambulatorial"
49073,20,"Agricultura",608,"Promoção da Produção Agropecuária"
50213,23,"Comércio e Serviços",695,"Turismo"
47502,18,"Gestão Ambiental",544,"Recursos Hídricos"
49219,23,"Comércio e Serviços",695,"Turismo"
49949,20,"Agricultura",608,"Promoção da Produção Agropecuária"
48885,12,"Educação",368,"Educação Básica"
48708,10,"Saúde",301,"Atenção Básica"
47876,20,"Agricultura",608,"Promoção da Produção Agropecuária"
48963,23,"Comércio e Serviços",695,"Turismo"
49700,8,"Assistência Social",244,"Assistência Comunitária"
49494,15,"Urbanismo",451,"Infraestrutura Urbana "
49235,12,"Educação",361,"Ensino Fundamental"
48114,18,"Gestão Ambiental",544,"Recursos Hídricos"
49205,23,"Comércio e Serviços",695,"Turismo"
49841,8,"Assistência Social",245,"Serviços Socioassistenciais"
48493,10,"Saúde",302,"Assistência Hospitalar e Ambulatorial"
47906,10,"Saúde",302,"Assistência Hospitalar e Ambulatorial"
49786,15,"Urbanismo",127,"Ordenamento Territorial"
48786,10,"Saúde",305,"Vigilância Epidemiológica"
48189,10,"Saúde",301,"Atenção Básica"
50431,20,"Agricultura",608,"Promoção da Produção Agropecuária"
49305,12,"Educação",365,"Educação Infantil"
47589,10,"Saúde",301,"Atenção Básica"
49592,10,"Saúde",301,"Atenção Básica"
50121,8,"Assistência Social",245,"Serviços Socioassistenciais"
49631,23,"Comércio e Serviços",695,"Turismo"
48135,20,"Agricultura",605,"Abastecimento"
48200,23,"Comércio e Serviços",695,"Turismo"
50153,23,"Comércio e Serviços",695,"Turismo"
48389,10,"Saúde",302,"Assistência Hospitalar e Ambulatorial"
48637,12,"Educação",361,"Ensino Fundamental"
47869,20,"Agricultura",608,"Promoção da Produção Agropecuária"
47683,12,"Educação",361,"Ensino Fundamental"
49748,8,"Assistência Social",245,"Serviços Socioassistenciais"
48137,17,"Saneamento",512,"Saneamento Básico Urbano"
48732,21,"Organização Agrária",631,"Reforma Agrária"
47793,6,"Segurança Pública",181,"Policiamento"
47801,6,"Segurança Pública",181,"Policiamento"
48199,23,"Comércio e Serviços",695,"Turismo"
48230,20,"Agricultura",608,"Promoção da Produção Agropecuária"
48941,12,"Educação",368,"Educação Básica"
49080,23,"Comércio e Serviços",695,"Turismo"
49473,10,"Saúde",302,"Assistência Hospitalar e Ambulatorial"
50351,10,"Saúde",301,"Atenção Básica"
49022,15,"Urbanismo",451,"Infraestrutura Urbana "
48327,10,"Saúde",301,"Atenção Básica"
49017,13,"Cultura",392,"Difusão Cultural"
49903,15,"Urbanismo",451,"Infraestrutura Urbana "
49609,13,"Cultura",392,"Difusão Cultural"
49609,23,"Comércio e Serviços",695,"Turismo"
48325,10,"Saúde",302,"Assistência Hospitalar e Ambulatorial"
48335,20,"Agricultura",608,"Promoção da Produção Agropecuária"
49380,10,"Saúde",301,"Atenção Básica"
49190,10,"Saúde",302,"Assistência Hospitalar e Ambulatorial"
47541,27,"Desporto e Lazer",812,"Desporto Comunitário"
47541,27,"Desporto e Lazer",813,"Lazer"
50546,10,"Saúde",302,"Assistência Hospitalar e Ambulatorial"
50562,12,"Educação",361,"Ensino Fundamental"
50553,17,"Saneamento",512,"Saneamento Básico Urbano"
49050,20,"Agricultura",608,"Promoção da Produção Agropecuária"
48574,12,"Educação",361,"Ensino Fundamental"
47508,12,"Educação",361,"Ensino Fundamental"
47508,12,"Educação",365,"Educação Infantil"
47508,12,"Educação",366,"Educação de Jovens e Adultos"
48247,10,"Saúde",302,"Assistência Hospitalar e Ambulatorial"
50271,10,"Saúde",301,"Atenção Básica"
50590,10,"Saúde",301,"Atenção Básica"
50298,13,"Cultura",392,"Difusão Cultural"
47591,17,"Saneamento",512,"Saneamento Básico Urbano"
49202,20,"Agricultura",608,"Promoção da Produção Agropecuária"
50376,10,"Saúde",301,"Atenção Básica"
50048,10,"Saúde",302,"Assistência Hospitalar e Ambulatorial"
48907,10,"Saúde",302,"Assistência Hospitalar e Ambulatorial"
50420,13,"Cultura",391,"Patrimônio Histórico, Artístico e Arqueológico"
50420,13,"Cultura",392,"Difusão Cultural"
47875,10,"Saúde",302,"Assistência Hospitalar e Ambulatorial"
47771,8,"Assistência Social",241,"Assistência ao Idoso"
49884,10,"Saúde",302,"Assistência Hospitalar e Ambulatorial"
48390,10,"Saúde",302,"Assistência Hospitalar e Ambulatorial"
47854,12,"Educação",368,"Educação Básica"
50448,20,"Agricultura",606,"Extensão Rural"
49471,12,"Educação",361,"Ensino Fundamental"
50188,10,"Saúde",302,"Assistência Hospitalar e Ambulatorial"
48192,12,"Educação",361,"Ensino Fundamental"
48192,12,"Educação",365,"Educação Infantil"
48148,15,"Urbanismo",452,"Serviços Urbanos"
49371,12,"Educação",361,"Ensino Fundamental"
48883,10,"Saúde",302,"Assistência Hospitalar e Ambulatorial"
50310,20,"Agricultura",608,"Promoção da Produção Agropecuária"
50146,20,"Agricultura",606,"Extensão Rural"
50380,13,"Cultura",392,"Difusão Cultural"
47898,15,"Urbanismo",451,"Infraestrutura Urbana "
48460,10,"Saúde",301,"Atenção Básica"
50042,8,"Assistência Social",244,"Assistência Comunitária"
47896,12,"Educação",361,"Ensino Fundamental"
48506,8,"Assistência Social",245,"Serviços Socioassistenciais"
48924,12,"Educação",368,"Educação Básica"
47881,8,"Assistência Social",244,"Assistência Comunitária"
49483,10,"Saúde",302,"Assistência Hospitalar e Ambulatorial"
47911,18,"Gestão Ambiental",541,"Preservação e Conservação Ambiental"
48250,15,"Urbanismo",451,"Infraestrutura Urbana "
49523,12,"Educação",368,"Educação Básica"
47868,10,"Saúde",302,"Assistência Hospitalar e Ambulatorial"
49225,19,"Ciência e Tecnologia",571,"Desenvolvimento Científico"
49505,21,"Organização Agrária",631,"Reforma Agrária"
48910,20,"Agricultura",608,"Promoção da Produção Agropecuária"
49532,20,"Agricultura",608,"Promoção da Produção Agropecuária"
47719,10,"Saúde",302,"Assistência Hospitalar e Ambulatorial"
49679,20,"Agricultura",608,"Promoção da Produção Agropecuária"
48836,23,"Comércio e Serviços",695,"Turismo"
47820,20,"Agricultura",608,"Promoção da Produção Agropecuária"
48776,13,"Cultura",392,"Difusão Cultural"
48783,20,"Agricultura",608,"Promoção da Produção Agropecuária"
49087,23,"Comércio e Serviços",695,"Turismo"
48043,10,"Saúde",302,"Assistência Hospitalar e Ambulatorial"
49216,15,"Urbanismo",451,"Infraestrutura Urbana "
50307,23,"Comércio e Serviços",695,"Turismo"
48337,15,"Urbanismo",451,"Infraestrutura Urbana "
48936,23,"Comércio e Serviços",695,"Turismo"
47659,15,"Urbanismo",451,"Infraestrutura Urbana "
49716,23,"Comércio e Serviços",695,"Turismo"
49119,23,"Comércio e Serviços",695,"Turismo"
48308,10,"Saúde",301,"Atenção Básica"
48308,10,"Saúde",303,"Suporte Profilático e Terapêutico"
48308,10,"Saúde",305,"Vigilância Epidemiológica"
48308,10,"Saúde",306,"Alimentação e Nutrição"
48191,21,"Organização Agrária",631,"Reforma Agrária"
47503,15,"Urbanismo",451,"Infraestrutura Urbana "
50244,13,"Cultura",392,"Difusão Cultural"
49866,11,"Trabalho",334,"Fomento ao Trabalho"
47678,8,"Assistência Social",245,"Serviços Socioassistenciais"
50066,18,"Gestão Ambiental",541,"Preservação e Conservação Ambiental"
48926,23,"Comércio e Serviços",695,"Turismo"
48894,15,"Urbanismo",451,"Infraestrutura Urbana "
48917,23,"Comércio e Serviços",695,"Turismo"
49440,10,"Saúde",302,"Assistência Hospitalar e Ambulatorial"
50264,10,"Saúde",302,"Assistência Hospitalar e Ambulatorial"
49059,10,"Saúde",302,"Assistência Hospitalar e Ambulatorial"
48902,23,"Comércio e Serviços",695,"Turismo"
48578,23,"Comércio e Serviços",695,"Turismo"
50563,10,"Saúde",302,"Assistência Hospitalar e Ambulatorial"
48991,23,"Comércio e Serviços",695,"Turismo"
47572,10,"Saúde",302,"Assistência Hospitalar e Ambulatorial"
48667,15,"Urbanismo",451,"Infraestrutura Urbana "
50463,6,"Segurança Pública",181,"Policiamento"
47640,13,"Cultura",392,"Difusão Cultural"
47646,13,"Cultura",392,"Difusão Cultural"
48639,13,"Cultura",392,"Difusão Cultural"
49258,15,"Urbanismo",451,"Infraestrutura Urbana "
48802,23,"Comércio e Serviços",695,"Turismo"
48649,6,"Segurança Pública",181,"Policiamento"
49098,15,"Urbanismo",451,"Infraestrutura Urbana "
49696,6,"Segurança Pública",183,"Informação e Inteligência"
50191,27,"Desporto e Lazer",813,"Lazer"
47893,8,"Assistência Social",245,"Serviços Socioassistenciais"
49399,10,"Saúde",301,"Atenção Básica"
49856,15,"Urbanismo",451,"Infraestrutura Urbana "
47887,8,"Assistência Social",245,"Serviços Socioassistenciais"
50322,13,"Cultura",392,"Difusão Cultural"
49788,10,"Saúde",302,"Assistência Hospitalar e Ambulatorial"
48837,27,"Desporto e Lazer",812,"Desporto Comunitário"
48600,10,"Saúde",302,"Assistência Hospitalar e Ambulatorial"
47501,16,"Habitação",482,"Habitação Urbana"
50468,6,"Segurança Pública",183,"Informação e Inteligência"
49400,15,"Urbanismo",451,"Infraestrutura Urbana "
47916,12,"Educação",361,"Ensino Fundamental"
49503,6,"Segurança Pública",181,"Policiamento"
50105,10,"Saúde",302,"Assistência Hospitalar e Ambulatorial"
49973,10,"Saúde",302,"Assistência Hospitalar e Ambulatorial"
47811,10,"Saúde",302,"Assistência Hospitalar e Ambulatorial"
49680,10,"Saúde",301,"Atenção Básica"
49055,18,"Gestão Ambiental",541,"Preservação e Conservação Ambiental"
49114,6,"Segurança Pública",182,"Defesa Civil"
48091,10,"Saúde",302,"Assistência Hospitalar e Ambulatorial"
49940,12,"Educação",368,"Educação Básica"
47865,6,"Segurança Pública",181,"Policiamento"
47944,12,"Educação",368,"Educação Básica"
50304,6,"Segurança Pública",181,"Policiamento"
49193,13,"Cultura",391,"Patrimônio Histórico, Artístico e Arqueológico"
49193,13,"Cultura",392,"Difusão Cultural"
49793,10,"Saúde",302,"Assistência Hospitalar e Ambulatorial"
49369,10,"Saúde",301,"Atenção Básica"
50492,26,"Transporte",785,"Transportes Especiais"
49852,10,"Saúde",302,"Assistência Hospitalar e Ambulatorial"
49096,18,"Gestão Ambiental",541,"Preservação e Conservação Ambiental"
49747,27,"Desporto e Lazer",812,"Desporto Comunitário"
49705,23,"Comércio e Serviços",695,"Turismo"
48147,12,"Educação",365,"Educação Infantil"
48417,13,"Cultura",392,"Difusão Cultural"
49624,12,"Educação",361,"Ensino Fundamental"
50297,6,"Segurança Pública",181,"Policiamento"
50478,14,"Direitos da Cidadania",422,"Direitos Individuais, Coletivos e Difusos"
50478,14,"Direitos da Cidadania",423,"Assistência aos Povos Indígenas"
50479,13,"Cultura",392,"Difusão Cultural"
50049,10,"Saúde",302,"Assistência Hospitalar e Ambulatorial"
48839,12,"Educação",361,"Ensino Fundamental"
48202,12,"Educação",365,"Educação Infantil"
47763,6,"Segurança Pública",182,"Defesa Civil"
49929,10,"Saúde",302,"Assistência Hospitalar e Ambulatorial"
49445,6,"Segurança Pública",181,"Policiamento"
49455,6,"Segurança Pública",181,"Policiamento"
50598,17,"Saneamento",512,"Saneamento Básico Urbano"
49309,15,"Urbanismo",451,"Infraestrutura Urbana "
47826,10,"Saúde",301,"Atenção Básica"
48772,15,"Urbanismo",451,"Infraestrutura Urbana "
47889,8,"Assistência Social",244,"Assistência Comunitária"
47889,8,"Assistência Social",245,"Serviços Socioassistenciais"
49116,6,"Segurança Pública",183,"Informação e Inteligência"
49243,15,"Urbanismo",127,"Ordenamento Territorial"
49179,12,"Educação",361,"Ensino Fundamental"
48805,15,"Urbanismo",451,"Infraestrutura Urbana "
49245,17,"Saneamento",512,"Saneamento Básico Urbano"
49778,12,"Educação",368,"Educação Básica"
47542,17,"Saneamento",512,"Saneamento Básico Urbano"
48681,8,"Assistência Social",245,"Serviços Socioassistenciais"
50531,8,"Assistência Social",245,"Serviços Socioassistenciais"
48347,10,"Saúde",302,"Assistência Hospitalar e Ambulatorial"
49616,18,"Gestão Ambiental",542,"Controle Ambiental"
50488,13,"Cultura",391,"Patrimônio Histórico, Artístico e Arqueológico"
50543,6,"Segurança Pública",181,"Policiamento"
50132,23,"Comércio e Serviços",695,"Turismo"
47710,8,"Assistência Social",245,"Serviços Socioassistenciais"
47712,10,"Saúde",302,"Assistência Hospitalar e Ambulatorial"
49671,10,"Saúde",302,"Assistência Hospitalar e Ambulatorial"
47511,17,"Saneamento",512,"Saneamento Básico Urbano"
50544,6,"Segurança Pública",181,"Policiamento"
47905,8,"Assistência Social",245,"Serviços Socioassistenciais"
49099,8,"Assistência Social",245,"Serviços Socioassistenciais"
48248,10,"Saúde",302,"Assistência Hospitalar e Ambulatorial"
50228,18,"Gestão Ambiental",541,"Preservação e Conservação Ambiental"
47899,20,"Agricultura",608,"Promoção da Produção Agropecuária"
50230,8,"Assistência Social",245,"Serviços Socioassistenciais"
47903,20,"Agricultura",608,"Promoção da Produção Agropecuária"
47532,10,"Saúde",302,"Assistência Hospitalar e Ambulatorial"
48049,15,"Urbanismo",451,"Infraestrutura Urbana "
47912,10,"Saúde",302,"Assistência Hospitalar e Ambulatorial"
47809,10,"Saúde",302,"Assistência Hospitalar e Ambulatorial"
47624,17,"Saneamento",512,"Saneamento Básico Urbano"
47973,17,"Saneamento",512,"Saneamento Básico Urbano"
49422,17,"Saneamento",512,"Saneamento Básico Urbano"
49997,18,"Gestão Ambiental",541,"Preservação e Conservação Ambiental"
47861,8,"Assistência Social",245,"Serviços Socioassistenciais"
47746,18,"Gestão Ambiental",542,"Controle Ambiental"
48879,23,"Comércio e Serviços",695,"Turismo"
49485,6,"Segurança Pública",181,"Policiamento"
47513,12,"Educação",368,"Educação Básica"
48818,8,"Assistência Social",245,"Serviços Socioassistenciais"
50109,17,"Saneamento",512,"Saneamento Básico Urbano"
48170,15,"Urbanismo",451,"Infraestrutura Urbana "
47757,18,"Gestão Ambiental",541,"Preservação e Conservação Ambiental"
47663,10,"Saúde",301,"Atenção Básica"
50584,23,"Comércio e Serviços",695,"Turismo"
47514,20,"Agricultura",608,"Promoção da Produção Agropecuária"
47579,15,"Urbanismo",451,"Infraestrutura Urbana "
47623,12,"Educação",361,"Ensino Fundamental"
48357,27,"Desporto e Lazer",812,"Desporto Comunitário"
50160,15,"Urbanismo",451,"Infraestrutura Urbana "
47732,15,"Urbanismo",451,"Infraestrutura Urbana "
48911,18,"Gestão Ambiental",542,"Controle Ambiental"
49259,10,"Saúde",301,"Atenção Básica"
48164,8,"Assistência Social",245,"Serviços Socioassistenciais"
50269,23,"Comércio e Serviços",695,"Turismo"
47691,20,"Agricultura",608,"Promoção da Produção Agropecuária"
47721,20,"Agricultura",605,"Abastecimento"
47721,20,"Agricultura",608,"Promoção da Produção Agropecuária"
47721,20,"Agricultura",609,"Defesa Agropecuária"
47915,10,"Saúde",302,"Assistência Hospitalar e Ambulatorial"
47927,10,"Saúde",302,"Assistência Hospitalar e Ambulatorial"
50591,20,"Agricultura",608,"Promoção da Produção Agropecuária"
48313,15,"Urbanismo",451,"Infraestrutura Urbana "
47664,20,"Agricultura",608,"Promoção da Produção Agropecuária"
48913,8,"Assistência Social",244,"Assistência Comunitária"
47798,10,"Saúde",302,"Assistência Hospitalar e Ambulatorial"
48225,18,"Gestão Ambiental",544,"Recursos Hídricos"
47773,10,"Saúde",301,"Atenção Básica"
47914,10,"Saúde",301,"Atenção Básica"
47564,10,"Saúde",301,"Atenção Básica"
49123,8,"Assistência Social",244,"Assistência Comunitária"
49336,15,"Urbanismo",451,"Infraestrutura Urbana "
49590,10,"Saúde",302,"Assistência Hospitalar e Ambulatorial"
47698,27,"Desporto e Lazer",813,"Lazer"
48981,15,"Urbanismo",451,"Infraestrutura Urbana "
49836,8,"Assistência Social",245,"Serviços Socioassistenciais"
47920,8,"Assistência Social",245,"Serviços Socioassistenciais"
48954,10,"Saúde",301,"Atenção Básica"
47884,10,"Saúde",302,"Assistência Hospitalar e Ambulatorial"
49302,10,"Saúde",301,"Atenção Básica"
47943,18,"Gestão Ambiental",541,"Preservação e Conservação Ambiental"
50311,12,"Educação",361,"Ensino Fundamental"
50179,17,"Saneamento",511,"Saneamento Básico Rural"
48824,18,"Gestão Ambiental",542,"Controle Ambiental"
47950,18,"Gestão Ambiental",541,"Preservação e Conservação Ambiental"
47937,15,"Urbanismo",451,"Infraestrutura Urbana "
49690,12,"Educação",361,"Ensino Fundamental"
48878,15,"Urbanismo",451,"Infraestrutura Urbana "
47917,6,"Segurança Pública",181,"Policiamento"
49282,15,"Urbanismo",451,"Infraestrutura Urbana "
50107,10,"Saúde",301,"Atenção Básica"
49327,8,"Assistência Social",241,"Assistência ao Idoso"
47504,10,"Saúde",301,"Atenção Básica"
47922,20,"Agricultura",608,"Promoção da Produção Agropecuária"
50467,27,"Desporto e Lazer",812,"Desporto Comunitário"
50467,27,"Desporto e Lazer",813,"Lazer"
48392,27,"Desporto e Lazer",812,"Desporto Comunitário"
47692,20,"Agricultura",608,"Promoção da Produção Agropecuária"
47618,20,"Agricultura",608,"Promoção da Produção Agropecuária"
49244,20,"Agricultura",608,"Promoção da Produção Agropecuária"
47603,10,"Saúde",301,"Atenção Básica"
47603,10,"Saúde",302,"Assistência Hospitalar e Ambulatorial"
47600,20,"Agricultura",608,"Promoção da Produção Agropecuária"
47818,27,"Desporto e Lazer",812,"Desporto Comunitário"
47942,27,"Desporto e Lazer",813,"Lazer"
50415,20,"Agricultura",608,"Promoção da Produção Agropecuária"
47573,15,"Urbanismo",451,"Infraestrutura Urbana "
47722,20,"Agricultura",608,"Promoção da Produção Agropecuária"
47674,10,"Saúde",301,"Atenção Básica"
49218,15,"Urbanismo",451,"Infraestrutura Urbana "
49006,6,"Segurança Pública",181,"Policiamento"
47948,20,"Agricultura",608,"Promoção da Produção Agropecuária"
47969,23,"Comércio e Serviços",695,"Turismo"
47930,10,"Saúde",301,"Atenção Básica"
47989,8,"Assistência Social",243,"Assistência à Criança e ao Adolescente"
47578,20,"Agricultura",608,"Promoção da Produção Agropecuária"
47779,20,"Agricultura",608,"Promoção da Produção Agropecuária"
48815,20,"Agricultura",608,"Promoção da Produção Agropecuária"
48039,12,"Educação",361,"Ensino Fundamental"
48039,12,"Educação",365,"Educação Infantil"
47660,10,"Saúde",301,"Atenção Básica"
50540,23,"Comércio e Serviços",695,"Turismo"
47931,20,"Agricultura",608,"Promoção da Produção Agropecuária"
50349,27,"Desporto e Lazer",813,"Lazer"
49207,13,"Cultura",392,"Difusão Cultural"
48051,12,"Educação",361,"Ensino Fundamental"
48051,12,"Educação",368,"Educação Básica"
48035,8,"Assistência Social",245,"Serviços Socioassistenciais"
47961,6,"Segurança Pública",181,"Policiamento"
48060,13,"Cultura",392,"Difusão Cultural"
49385,12,"Educação",368,"Educação Básica"
47552,15,"Urbanismo",451,"Infraestrutura Urbana "
50557,27,"Desporto e Lazer",813,"Lazer"
49201,15,"Urbanismo",451,"Infraestrutura Urbana "
47768,10,"Saúde",302,"Assistência Hospitalar e Ambulatorial"
50225,15,"Urbanismo",451,"Infraestrutura Urbana "
47952,20,"Agricultura",608,"Promoção da Produção Agropecuária"
48013,10,"Saúde",301,"Atenção Básica"
49636,27,"Desporto e Lazer",813,"Lazer"
47960,6,"Segurança Pública",181,"Policiamento"
47941,15,"Urbanismo",451,"Infraestrutura Urbana "
48934,12,"Educação",365,"Educação Infantil"
47856,12,"Educação",361,"Ensino Fundamental"
48650,12,"Educação",365,"Educação Infantil"
47608,10,"Saúde",302,"Assistência Hospitalar e Ambulatorial"
47964,15,"Urbanismo",451,"Infraestrutura Urbana "
49246,10,"Saúde",301,"Atenção Básica"
47982,10,"Saúde",302,"Assistência Hospitalar e Ambulatorial"
49688,10,"Saúde",301,"Atenção Básica"
47587,15,"Urbanismo",451,"Infraestrutura Urbana "
47830,10,"Saúde",301,"Atenção Básica"
47518,15,"Urbanismo",451,"Infraestrutura Urbana "
47547,23,"Comércio e Serviços",695,"Turismo"
47902,23,"Comércio e Serviços",695,"Turismo"
47957,6,"Segurança Pública",181,"Policiamento"
49693,16,"Habitação",482,"Habitação Urbana"
47813,19,"Ciência e Tecnologia",573,"Difusão do Conhecimento Científico e Tecnológico"
47835,8,"Assistência Social",245,"Serviços Socioassistenciais"
48819,20,"Agricultura",608,"Promoção da Produção Agropecuária"
47693,10,"Saúde",301,"Atenção Básica"
48517,27,"Desporto e Lazer",812,"Desporto Comunitário"
49894,12,"Educação",365,"Educação Infantil"
47740,6,"Segurança Pública",181,"Policiamento"
47651,20,"Agricultura",608,"Promoção da Produção Agropecuária"
49109,8,"Assistência Social",245,"Serviços Socioassistenciais"
47595,10,"Saúde",302,"Assistência Hospitalar e Ambulatorial"
47717,20,"Agricultura",608,"Promoção da Produção Agropecuária"
49432,27,"Desporto e Lazer",813,"Lazer"
47847,10,"Saúde",301,"Atenção Básica"
49618,27,"Desporto e Lazer",812,"Desporto Comunitário"
50549,8,"Assistência Social",245,"Serviços Socioassistenciais"
47520,15,"Urbanismo",451,"Infraestrutura Urbana "
47780,17,"Saneamento",512,"Saneamento Básico Urbano"
47968,20,"Agricultura",608,"Promoção da Produção Agropecuária"
48057,17,"Saneamento",511,"Saneamento Básico Rural"
47956,20,"Agricultura",608,"Promoção da Produção Agropecuária"
49652,10,"Saúde",301,"Atenção Básica"
49520,10,"Saúde",301,"Atenção Básica"
48520,10,"Saúde",301,"Atenção Básica"
49197,10,"Saúde",301,"Atenção Básica"
47628,22,"Indústria",661,"Promoção Industrial"
47974,8,"Assistência Social",244,"Assistência Comunitária"
47995,20,"Agricultura",608,"Promoção da Produção Agropecuária"
48509,20,"Agricultura",608,"Promoção da Produção Agropecuária"
49630,15,"Urbanismo",452,"Serviços Urbanos"
49647,12,"Educação",368,"Educação Básica"
47955,12,"Educação",365,"Educação Infantil"
47955,12,"Educação",367,"Educação Especial"
47955,12,"Educação",368,"Educação Básica"
50456,18,"Gestão Ambiental",544,"Recursos Hídricos"
49131,23,"Comércio e Serviços",695,"Turismo"
49615,10,"Saúde",301,"Atenção Básica"
49620,10,"Saúde",301,"Atenção Básica"
49629,10,"Saúde",301,"Atenção Básica"
49651,10,"Saúde",302,"Assistência Hospitalar e Ambulatorial"
49664,20,"Agricultura",608,"Promoção da Produção Agropecuária"
50002,10,"Saúde",301,"Atenção Básica"
49127,12,"Educação",368,"Educação Básica"
48393,15,"Urbanismo",451,"Infraestrutura Urbana "
49150,10,"Saúde",302,"Assistência Hospitalar e Ambulatorial"
49161,23,"Comércio e Serviços",695,"Turismo"
49596,12,"Educação",361,"Ensino Fundamental"
49155,10,"Saúde",302,"Assistência Hospitalar e Ambulatorial"
49502,20,"Agricultura",606,"Extensão Rural"
49149,15,"Urbanismo",451,"Infraestrutura Urbana "
49137,18,"Gestão Ambiental",544,"Recursos Hídricos"
49196,20,"Agricultura",608,"Promoção da Produção Agropecuária"
49645,27,"Desporto e Lazer",813,"Lazer"
49113,18,"Gestão Ambiental",542,"Controle Ambiental"
50541,10,"Saúde",302,"Assistência Hospitalar e Ambulatorial"
50277,27,"Desporto e Lazer",812,"Desporto Comunitário"
49806,10,"Saúde",302,"Assistência Hospitalar e Ambulatorial"
49159,10,"Saúde",301,"Atenção Básica"
49151,10,"Saúde",302,"Assistência Hospitalar e Ambulatorial"
49171,23,"Comércio e Serviços",695,"Turismo"
50256,10,"Saúde",301,"Atenção Básica"
49166,15,"Urbanismo",451,"Infraestrutura Urbana "
48404,15,"Urbanismo",451,"Infraestrutura Urbana "
49529,10,"Saúde",301,"Atenção Básica"
48265,20,"Agricultura",608,"Promoção da Produção Agropecuária"
49417,15,"Urbanismo",451,"Infraestrutura Urbana "
49174,10,"Saúde",302,"Assistência Hospitalar e Ambulatorial"
49192,8,"Assistência Social",245,"Serviços Socioassistenciais"
49513,15,"Urbanismo",451,"Infraestrutura Urbana "
49761,8,"Assistência Social",244,"Assistência Comunitária"
49761,8,"Assistência Social",245,"Serviços Socioassistenciais"
49538,18,"Gestão Ambiental",544,"Recursos Hídricos"
50558,20,"Agricultura",608,"Promoção da Produção Agropecuária"
50279,20,"Agricultura",608,"Promoção da Produção Agropecuária"
49142,15,"Urbanismo",451,"Infraestrutura Urbana "
49209,27,"Desporto e Lazer",813,"Lazer"
49528,12,"Educação",365,"Educação Infantil"
49988,23,"Comércio e Serviços",695,"Turismo"
49854,27,"Desporto e Lazer",812,"Desporto Comunitário"
50408,20,"Agricultura",608,"Promoção da Produção Agropecuária"
49189,15,"Urbanismo",451,"Infraestrutura Urbana "
47923,15,"Urbanismo",451,"Infraestrutura Urbana "
48787,15,"Urbanismo",451,"Infraestrutura Urbana "
49176,12,"Educação",361,"Ensino Fundamental"
49176,12,"Educação",365,"Educação Infantil"
49195,15,"Urbanismo",451,"Infraestrutura Urbana "
48615,17,"Saneamento",512,"Saneamento Básico Urbano"
49784,8,"Assistência Social",245,"Serviços Socioassistenciais"
48023,6,"Segurança Pública",181,"Policiamento"
49167,20,"Agricultura",608,"Promoção da Produção Agropecuária"
49181,8,"Assistência Social",245,"Serviços Socioassistenciais"
49130,20,"Agricultura",608,"Promoção da Produção Agropecuária"
49198,27,"Desporto e Lazer",812,"Desporto Comunitário"
49168,20,"Agricultura",608,"Promoção da Produção Agropecuária"
47986,10,"Saúde",301,"Atenção Básica"
49158,15,"Urbanismo",451,"Infraestrutura Urbana "
49172,10,"Saúde",302,"Assistência Hospitalar e Ambulatorial"
49697,10,"Saúde",301,"Atenção Básica"
49144,10,"Saúde",302,"Assistência Hospitalar e Ambulatorial"
49170,18,"Gestão Ambiental",541,"Preservação e Conservação Ambiental"
49221,20,"Agricultura",608,"Promoção da Produção Agropecuária"
47708,15,"Urbanismo",451,"Infraestrutura Urbana "
47985,15,"Urbanismo",451,"Infraestrutura Urbana "
49525,12,"Educação",361,"Ensino Fundamental"
49220,20,"Agricultura",608,"Promoção da Produção Agropecuária"
48016,6,"Segurança Pública",183,"Informação e Inteligência"
49783,8,"Assistência Social",245,"Serviços Socioassistenciais"
49516,15,"Urbanismo",451,"Infraestrutura Urbana "
47965,13,"Cultura",392,"Difusão Cultural"
47965,23,"Comércio e Serviços",695,"Turismo"
50009,20,"Agricultura",608,"Promoção da Produção Agropecuária"
49203,23,"Comércio e Serviços",695,"Turismo"
49332,14,"Direitos da Cidadania",422,"Direitos Individuais, Coletivos e Difusos"
49739,13,"Cultura",392,"Difusão Cultural"
48149,12,"Educação",365,"Educação Infantil"
49607,10,"Saúde",301,"Atenção Básica"
49623,10,"Saúde",301,"Atenção Básica"
49217,15,"Urbanismo",451,"Infraestrutura Urbana "
49132,15,"Urbanismo",451,"Infraestrutura Urbana "
49492,10,"Saúde",301,"Atenção Básica"
47947,20,"Agricultura",608,"Promoção da Produção Agropecuária"
49829,8,"Assistência Social",244,"Assistência Comunitária"
48645,10,"Saúde",301,"Atenção Básica"
48589,15,"Urbanismo",451,"Infraestrutura Urbana "
47921,20,"Agricultura",608,"Promoção da Produção Agropecuária"
48258,15,"Urbanismo",451,"Infraestrutura Urbana "
49551,18,"Gestão Ambiental",544,"Recursos Hídricos"
50216,10,"Saúde",301,"Atenção Básica"
49649,13,"Cultura",392,"Difusão Cultural"
49543,12,"Educação",364,"Ensino Superior"
49641,23,"Comércio e Serviços",695,"Turismo"
49554,10,"Saúde",301,"Atenção Básica"
49548,18,"Gestão Ambiental",544,"Recursos Hídricos"
50232,15,"Urbanismo",451,"Infraestrutura Urbana "
50232,26,"Transporte",782,"Transporte Rodoviário"
49698,10,"Saúde",303,"Suporte Profilático e Terapêutico"
49238,12,"Educação",361,"Ensino Fundamental"
49536,10,"Saúde",302,"Assistência Hospitalar e Ambulatorial"
49982,10,"Saúde",302,"Assistência Hospitalar e Ambulatorial"
48598,17,"Saneamento",512,"Saneamento Básico Urbano"
49211,15,"Urbanismo",451,"Infraestrutura Urbana "
48858,26,"Transporte",782,"Transporte Rodoviário"
49255,10,"Saúde",301,"Atenção Básica"
49229,10,"Saúde",302,"Assistência Hospitalar e Ambulatorial"
49768,8,"Assistência Social",244,"Assistência Comunitária"
50266,15,"Urbanismo",451,"Infraestrutura Urbana "
49173,23,"Comércio e Serviços",691,"Promoção Comercial"
49208,20,"Agricultura",608,"Promoção da Produção Agropecuária"
49239,8,"Assistência Social",245,"Serviços Socioassistenciais"
49895,8,"Assistência Social",244,"Assistência Comunitária"
49895,8,"Assistência Social",245,"Serviços Socioassistenciais"
50554,8,"Assistência Social",245,"Serviços Socioassistenciais"
49862,8,"Assistência Social",244,"Assistência Comunitária"
49269,14,"Direitos da Cidadania",423,"Assistência aos Povos Indígenas"
49271,10,"Saúde",302,"Assistência Hospitalar e Ambulatorial"
49845,27,"Desporto e Lazer",812,"Desporto Comunitário"
49210,20,"Agricultura",608,"Promoção da Produção Agropecuária"
47998,15,"Urbanismo",451,"Infraestrutura Urbana "
50235,27,"Desporto e Lazer",811,"Desporto de Rendimento"
49541,27,"Desporto e Lazer",813,"Lazer"
50303,15,"Urbanismo",451,"Infraestrutura Urbana "
49622,20,"Agricultura",608,"Promoção da Produção Agropecuária"
50552,12,"Educação",361,"Ensino Fundamental"
50137,23,"Comércio e Serviços",695,"Turismo"
49704,23,"Comércio e Serviços",695,"Turismo"
49966,20,"Agricultura",608,"Promoção da Produção Agropecuária"
49545,23,"Comércio e Serviços",695,"Turismo"
49648,12,"Educação",365,"Educação Infantil"
49287,10,"Saúde",301,"Atenção Básica"
48547,10,"Saúde",302,"Assistência Hospitalar e Ambulatorial"
49233,20,"Agricultura",608,"Promoção da Produção Agropecuária"
49711,20,"Agricultura",608,"Promoção da Produção Agropecuária"
49727,15,"Urbanismo",451,"Infraestrutura Urbana "
50294,17,"Saneamento",512,"Saneamento Básico Urbano"
49621,18,"Gestão Ambiental",541,"Preservação e Conservação Ambiental"
50401,27,"Desporto e Lazer",811,"Desporto de Rendimento"
50401,27,"Desporto e Lazer",812,"Desporto Comunitário"
49226,15,"Urbanismo",451,"Infraestrutura Urbana "
49617,17,"Saneamento",512,"Saneamento Básico Urbano"
49280,15,"Urbanismo",451,"Infraestrutura Urbana "
48665,15,"Urbanismo",451,"Infraestrutura Urbana "
48523,23,"Comércio e Serviços",695,"Turismo"
49773,10,"Saúde",301,"Atenção Básica"
48205,15,"Urbanismo",127,"Ordenamento Territorial"
49633,6,"Segurança Pública",181,"Policiamento"
49574,10,"Saúde",301,"Atenção Básica"
49288,10,"Saúde",301,"Atenção Básica"
49635,10,"Saúde",302,"Assistência Hospitalar e Ambulatorial"
50224,10,"Saúde",302,"Assistência Hospitalar e Ambulatorial"
49993,23,"Comércio e Serviços",695,"Turismo"
47963,18,"Gestão Ambiental",541,"Preservação e Conservação Ambiental"
49619,10,"Saúde",302,"Assistência Hospitalar e Ambulatorial"
49669,8,"Assistência Social",245,"Serviços Socioassistenciais"
50589,10,"Saúde",301,"Atenção Básica"
50600,10,"Saúde",301,"Atenção Básica"
49107,10,"Saúde",302,"Assistência Hospitalar e Ambulatorial"
48007,15,"Urbanismo",451,"Infraestrutura Urbana "
48040,15,"Urbanismo",451,"Infraestrutura Urbana "
48036,12,"Educação",361,"Ensino Fundamental"
47993,23,"Comércio e Serviços",695,"Turismo"
49427,8,"Assistência Social",244,"Assistência Comunitária"
49236,8,"Assistência Social",245,"Serviços Socioassistenciais"
48061,15,"Urbanismo",451,"Infraestrutura Urbana "
49962,18,"Gestão Ambiental",542,"Controle Ambiental"
48440,20,"Agricultura",608,"Promoção da Produção Agropecuária"
48014,18,"Gestão Ambiental",544,"Recursos Hídricos"
48041,12,"Educação",368,"Educação Básica"
49598,23,"Comércio e Serviços",695,"Turismo"
48028,10,"Saúde",301,"Atenção Básica"
49175,20,"Agricultura",605,"Abastecimento"
48003,15,"Urbanismo",127,"Ordenamento Territorial"
49985,10,"Saúde",301,"Atenção Básica"
49070,10,"Saúde",301,"Atenção Básica"
48058,15,"Urbanismo",451,"Infraestrutura Urbana "
49552,15,"Urbanismo",451,"Infraestrutura Urbana "
48172,22,"Indústria",661,"Promoção Industrial"
48063,20,"Agricultura",608,"Promoção da Produção Agropecuária"
48021,20,"Agricultura",608,"Promoção da Produção Agropecuária"
48047,15,"Urbanismo",451,"Infraestrutura Urbana "
48045,12,"Educação",361,"Ensino Fundamental"
48372,27,"Desporto e Lazer",812,"Desporto Comunitário"
48033,17,"Saneamento",512,"Saneamento Básico Urbano"
48084,6,"Segurança Pública",181,"Policiamento"
48029,10,"Saúde",301,"Atenção Básica"
48088,15,"Urbanismo",451,"Infraestrutura Urbana "
49566,8,"Assistência Social",245,"Serviços Socioassistenciais"
50486,18,"Gestão Ambiental",541,"Preservação e Conservação Ambiental"
50197,10,"Saúde",301,"Atenção Básica"
48027,20,"Agricultura",608,"Promoção da Produção Agropecuária"
48613,12,"Educação",361,"Ensino Fundamental"
49770,15,"Urbanismo",451,"Infraestrutura Urbana "
49953,23,"Comércio e Serviços",691,"Promoção Comercial"
48001,20,"Agricultura",608,"Promoção da Produção Agropecuária"
48073,20,"Agricultura",608,"Promoção da Produção Agropecuária"
48066,10,"Saúde",301,"Atenção Básica"
48456,8,"Assistência Social",245,"Serviços Socioassistenciais"
48078,8,"Assistência Social",245,"Serviços Socioassistenciais"
48042,10,"Saúde",302,"Assistência Hospitalar e Ambulatorial"
48092,10,"Saúde",301,"Atenção Básica"
49154,20,"Agricultura",608,"Promoção da Produção Agropecuária"
50556,10,"Saúde",302,"Assistência Hospitalar e Ambulatorial"
47978,26,"Transporte",782,"Transporte Rodoviário"
48053,8,"Assistência Social",244,"Assistência Comunitária"
48019,10,"Saúde",302,"Assistência Hospitalar e Ambulatorial"
48690,19,"Ciência e Tecnologia",573,"Difusão do Conhecimento Científico e Tecnológico"
50167,17,"Saneamento",511,"Saneamento Básico Rural"
50214,20,"Agricultura",608,"Promoção da Produção Agropecuária"
47991,18,"Gestão Ambiental",541,"Preservação e Conservação Ambiental"
47612,10,"Saúde",302,"Assistência Hospitalar e Ambulatorial"
47994,20,"Agricultura",608,"Promoção da Produção Agropecuária"
48104,15,"Urbanismo",451,"Infraestrutura Urbana "
48038,25,"Energia",752,"Energia Elétrica"
48594,20,"Agricultura",606,"Extensão Rural"
48050,15,"Urbanismo",451,"Infraestrutura Urbana "
48002,20,"Agricultura",608,"Promoção da Produção Agropecuária"
48044,20,"Agricultura",608,"Promoção da Produção Agropecuária"
47990,15,"Urbanismo",451,"Infraestrutura Urbana "
49608,8,"Assistência Social",243,"Assistência à Criança e ao Adolescente"
49608,8,"Assistência Social",245,"Serviços Socioassistenciais"
48071,13,"Cultura",392,"Difusão Cultural"
48160,20,"Agricultura",608,"Promoção da Produção Agropecuária"
48059,17,"Saneamento",512,"Saneamento Básico Urbano"
49411,10,"Saúde",302,"Assistência Hospitalar e Ambulatorial"
48030,17,"Saneamento",512,"Saneamento Básico Urbano"
49267,12,"Educação",365,"Educação Infantil"
48988,10,"Saúde",301,"Atenção Básica"
50161,17,"Saneamento",511,"Saneamento Básico Rural"
50158,17,"Saneamento",511,"Saneamento Básico Rural"
48475,12,"Educação",365,"Educação Infantil"
47599,27,"Desporto e Lazer",813,"Lazer"
48024,10,"Saúde",301,"Atenção Básica"
48006,15,"Urbanismo",451,"Infraestrutura Urbana "
48153,15,"Urbanismo",451,"Infraestrutura Urbana "
48099,10,"Saúde",301,"Atenção Básica"
48115,10,"Saúde",301,"Atenção Básica"
47979,8,"Assistência Social",245,"Serviços Socioassistenciais"
48076,20,"Agricultura",608,"Promoção da Produção Agropecuária"
48100,20,"Agricultura",608,"Promoção da Produção Agropecuária"
48725,8,"Assistência Social",244,"Assistência Comunitária"
48109,15,"Urbanismo",451,"Infraestrutura Urbana "
48718,10,"Saúde",302,"Assistência Hospitalar e Ambulatorial"
48184,15,"Urbanismo",127,"Ordenamento Territorial"
47984,23,"Comércio e Serviços",695,"Turismo"
48075,20,"Agricultura",608,"Promoção da Produção Agropecuária"
49821,23,"Comércio e Serviços",695,"Turismo"
48118,10,"Saúde",302,"Assistência Hospitalar e Ambulatorial"
48173,15,"Urbanismo",451,"Infraestrutura Urbana "
48082,12,"Educação",368,"Educação Básica"
49124,10,"Saúde",301,"Atenção Básica"
48083,27,"Desporto e Lazer",813,"Lazer"
48381,17,"Saneamento",512,"Saneamento Básico Urbano"
48111,15,"Urbanismo",451,"Infraestrutura Urbana "
48617,12,"Educação",361,"Ensino Fundamental"
48094,15,"Urbanismo",451,"Infraestrutura Urbana "
48124,8,"Assistência Social",245,"Serviços Socioassistenciais"
48233,15,"Urbanismo",451,"Infraestrutura Urbana "
49011,15,"Urbanismo",451,"Infraestrutura Urbana "
47977,11,"Trabalho",334,"Fomento ao Trabalho"
47981,27,"Desporto e Lazer",813,"Lazer"
49067,23,"Comércio e Serviços",695,"Turismo"
48089,20,"Agricultura",608,"Promoção da Produção Agropecuária"
48034,8,"Assistência Social",245,"Serviços Socioassistenciais"
48015,10,"Saúde",301,"Atenção Básica"
48098,23,"Comércio e Serviços",695,"Turismo"
48087,20,"Agricultura",608,"Promoção da Produção Agropecuária"
50038,8,"Assistência Social",245,"Serviços Socioassistenciais"
48151,18,"Gestão Ambiental",541,"Preservação e Conservação Ambiental"
48143,14,"Direitos da Cidadania",422,"Direitos Individuais, Coletivos e Difusos"
48131,10,"Saúde",301,"Atenção Básica"
49129,15,"Urbanismo",451,"Infraestrutura Urbana "
47621,15,"Urbanismo",451,"Infraestrutura Urbana "
49106,20,"Agricultura",608,"Promoção da Produção Agropecuária"
49658,17,"Saneamento",512,"Saneamento Básico Urbano"
48112,15,"Urbanismo",451,"Infraestrutura Urbana "
48948,20,"Agricultura",608,"Promoção da Produção Agropecuária"
49463,12,"Educação",361,"Ensino Fundamental"
49987,8,"Assistência Social",245,"Serviços Socioassistenciais"
48085,20,"Agricultura",608,"Promoção da Produção Agropecuária"
47988,20,"Agricultura",608,"Promoção da Produção Agropecuária"
49890,15,"Urbanismo",451,"Infraestrutura Urbana "
48055,10,"Saúde",302,"Assistência Hospitalar e Ambulatorial"
48126,15,"Urbanismo",451,"Infraestrutura Urbana "
48072,23,"Comércio e Serviços",695,"Turismo"
50537,12,"Educação",361,"Ensino Fundamental"
50537,12,"Educação",365,"Educação Infantil"
49285,10,"Saúde",302,"Assistência Hospitalar e Ambulatorial"
48102,10,"Saúde",302,"Assistência Hospitalar e Ambulatorial"
48564,10,"Saúde",302,"Assistência Hospitalar e Ambulatorial"
48174,15,"Urbanismo",451,"Infraestrutura Urbana "
49871,10,"Saúde",302,"Assistência Hospitalar e Ambulatorial"
49674,10,"Saúde",302,"Assistência Hospitalar e Ambulatorial"
49585,10,"Saúde",302,"Assistência Hospitalar e Ambulatorial"
49557,15,"Urbanismo",451,"Infraestrutura Urbana "
49586,20,"Agricultura",608,"Promoção da Produção Agropecuária"
50206,10,"Saúde",301,"Atenção Básica"
48196,8,"Assistência Social",245,"Serviços Socioassistenciais"
48871,17,"Saneamento",512,"Saneamento Básico Urbano"
48872,13,"Cultura",392,"Difusão Cultural"
49642,20,"Agricultura",608,"Promoção da Produção Agropecuária"
49014,15,"Urbanismo",451,"Infraestrutura Urbana "
49014,15,"Urbanismo",452,"Serviços Urbanos"
48206,12,"Educação",365,"Educação Infantil"
48206,12,"Educação",361,"Ensino Fundamental"
48873,15,"Urbanismo",451,"Infraestrutura Urbana "
48186,8,"Assistência Social",245,"Serviços Socioassistenciais"
48186,8,"Assistência Social",244,"Assistência Comunitária"
48101,13,"Cultura",392,"Difusão Cultural"
48178,20,"Agricultura",608,"Promoção da Produção Agropecuária"
50177,13,"Cultura",392,"Difusão Cultural"
48144,10,"Saúde",301,"Atenção Básica"
49654,10,"Saúde",302,"Assistência Hospitalar e Ambulatorial"
50469,10,"Saúde",302,"Assistência Hospitalar e Ambulatorial"
48182,20,"Agricultura",605,"Abastecimento"
48122,23,"Comércio e Serviços",695,"Turismo"
48121,10,"Saúde",302,"Assistência Hospitalar e Ambulatorial"
48103,10,"Saúde",302,"Assistência Hospitalar e Ambulatorial"
47996,10,"Saúde",301,"Atenção Básica"
48093,13,"Cultura",392,"Difusão Cultural"
48195,23,"Comércio e Serviços",695,"Turismo"
49097,10,"Saúde",301,"Atenção Básica"
47652,15,"Urbanismo",451,"Infraestrutura Urbana "
48207,20,"Agricultura",608,"Promoção da Produção Agropecuária"
47987,27,"Desporto e Lazer",811,"Desporto de Rendimento"
49990,27,"Desporto e Lazer",812,"Desporto Comunitário"
49206,23,"Comércio e Serviços",695,"Turismo"
49206,27,"Desporto e Lazer",812,"Desporto Comunitário"
49206,27,"Desporto e Lazer",813,"Lazer"
48208,10,"Saúde",301,"Atenção Básica"
50427,10,"Saúde",301,"Atenção Básica"
48500,8,"Assistência Social",244,"Assistência Comunitária"
49296,8,"Assistência Social",244,"Assistência Comunitária"
50200,18,"Gestão Ambiental",542,"Controle Ambiental"
50046,15,"Urbanismo",451,"Infraestrutura Urbana "
49559,15,"Urbanismo",451,"Infraestrutura Urbana "
49291,23,"Comércio e Serviços",695,"Turismo"
49861,10,"Saúde",301,"Atenção Básica"
50524,20,"Agricultura",606,"Extensão Rural"
50524,20,"Agricultura",608,"Promoção da Produção Agropecuária"
47716,8,"Assistência Social",244,"Assistência Comunitária"
47767,15,"Urbanismo",451,"Infraestrutura Urbana "
47661,8,"Assistência Social",244,"Assistência Comunitária"
49682,23,"Comércio e Serviços",695,"Turismo"
48356,23,"Comércio e Serviços",695,"Turismo"
48134,8,"Assistência Social",245,"Serviços Socioassistenciais"
49561,8,"Assistência Social",245,"Serviços Socioassistenciais"
49298,18,"Gestão Ambiental",544,"Recursos Hídricos"
48214,10,"Saúde",301,"Atenção Básica"
49825,20,"Agricultura",606,"Extensão Rural"
50363,10,"Saúde",302,"Assistência Hospitalar e Ambulatorial"
49926,27,"Desporto e Lazer",812,"Desporto Comunitário"
48185,23,"Comércio e Serviços",695,"Turismo"
49303,20,"Agricultura",608,"Promoção da Produção Agropecuária"
49824,12,"Educação",361,"Ensino Fundamental"
49824,12,"Educação",365,"Educação Infantil"
48198,15,"Urbanismo",127,"Ordenamento Territorial"
49984,19,"Ciência e Tecnologia",571,"Desenvolvimento Científico"
49984,19,"Ciência e Tecnologia",572,"Desenvolvimento Tecnológico e Engenharia"
50001,19,"Ciência e Tecnologia",571,"Desenvolvimento Científico"
50001,19,"Ciência e Tecnologia",572,"Desenvolvimento Tecnológico e Engenharia"
50001,19,"Ciência e Tecnologia",573,"Difusão do Conhecimento Científico e Tecnológico"
50410,12,"Educação",361,"Ensino Fundamental"
49673,10,"Saúde",302,"Assistência Hospitalar e Ambulatorial"
48133,15,"Urbanismo",451,"Infraestrutura Urbana "
48249,15,"Urbanismo",451,"Infraestrutura Urbana "
48232,10,"Saúde",301,"Atenção Básica"
48221,8,"Assistência Social",245,"Serviços Socioassistenciais"
48223,20,"Agricultura",608,"Promoção da Produção Agropecuária"
48213,10,"Saúde",302,"Assistência Hospitalar e Ambulatorial"
48187,10,"Saúde",301,"Atenção Básica"
48228,18,"Gestão Ambiental",544,"Recursos Hídricos"
48218,8,"Assistência Social",245,"Serviços Socioassistenciais"
48251,13,"Cultura",392,"Difusão Cultural"
48216,8,"Assistência Social",244,"Assistência Comunitária"
48227,8,"Assistência Social",245,"Serviços Socioassistenciais"
48219,20,"Agricultura",608,"Promoção da Produção Agropecuária"
48244,20,"Agricultura",608,"Promoção da Produção Agropecuária"
48242,27,"Desporto e Lazer",812,"Desporto Comunitário"
48242,27,"Desporto e Lazer",813,"Lazer"
48231,13,"Cultura",392,"Difusão Cultural"
49909,23,"Comércio e Serviços",691,"Promoção Comercial"
47584,18,"Gestão Ambiental",544,"Recursos Hídricos"
47918,20,"Agricultura",608,"Promoção da Produção Agropecuária"
47880,8,"Assistência Social",244,"Assistência Comunitária"
48817,15,"Urbanismo",451,"Infraestrutura Urbana "
48719,15,"Urbanismo",451,"Infraestrutura Urbana "
48236,23,"Comércio e Serviços",695,"Turismo"
48241,23,"Comércio e Serviços",695,"Turismo"
49317,8,"Assistência Social",245,"Serviços Socioassistenciais"
48220,8,"Assistência Social",245,"Serviços Socioassistenciais"
48253,10,"Saúde",301,"Atenção Básica"
48255,10,"Saúde",301,"Atenção Básica"
48180,10,"Saúde",301,"Atenção Básica"
48188,8,"Assistência Social",244,"Assistência Comunitária"
48898,12,"Educação",361,"Ensino Fundamental"
48234,10,"Saúde",302,"Assistência Hospitalar e Ambulatorial"
48238,10,"Saúde",302,"Assistência Hospitalar e Ambulatorial"
48245,10,"Saúde",301,"Atenção Básica"
48414,27,"Desporto e Lazer",812,"Desporto Comunitário"
49362,15,"Urbanismo",451,"Infraestrutura Urbana "
48181,10,"Saúde",301,"Atenção Básica"
48283,10,"Saúde",301,"Atenção Básica"
48285,10,"Saúde",302,"Assistência Hospitalar e Ambulatorial"
48321,8,"Assistência Social",244,"Assistência Comunitária"
48294,16,"Habitação",482,"Habitação Urbana"
49659,15,"Urbanismo",451,"Infraestrutura Urbana "
48419,27,"Desporto e Lazer",813,"Lazer"
50030,15,"Urbanismo",127,"Ordenamento Territorial"
49942,10,"Saúde",301,"Atenção Básica"
48328,19,"Ciência e Tecnologia",571,"Desenvolvimento Científico"
48328,19,"Ciência e Tecnologia",572,"Desenvolvimento Tecnológico e Engenharia"
48302,15,"Urbanismo",451,"Infraestrutura Urbana "
48297,8,"Assistência Social",245,"Serviços Socioassistenciais"
48246,20,"Agricultura",608,"Promoção da Produção Agropecuária"
48322,15,"Urbanismo",451,"Infraestrutura Urbana "
48132,6,"Segurança Pública",182,"Defesa Civil"
48437,20,"Agricultura",608,"Promoção da Produção Agropecuária"
50316,8,"Assistência Social",245,"Serviços Socioassistenciais"
49822,10,"Saúde",301,"Atenção Básica"
49831,10,"Saúde",126,"Tecnologia da Informação"
49992,8,"Assistência Social",245,"Serviços Socioassistenciais"
48754,10,"Saúde",301,"Atenção Básica"
48353,10,"Saúde",301,"Atenção Básica"
48237,10,"Saúde",301,"Atenção Básica"
48320,20,"Agricultura",605,"Abastecimento"
48097,15,"Urbanismo",451,"Infraestrutura Urbana "
48319,10,"Saúde",302,"Assistência Hospitalar e Ambulatorial"
48256,8,"Assistência Social",245,"Serviços Socioassistenciais"
49979,15,"Urbanismo",451,"Infraestrutura Urbana "
49533,27,"Desporto e Lazer",812,"Desporto Comunitário"
48318,10,"Saúde",301,"Atenção Básica"
49560,15,"Urbanismo",451,"Infraestrutura Urbana "
50180,12,"Educação",361,"Ensino Fundamental"
50180,12,"Educação",362,"Ensino Médio"
50180,12,"Educação",368,"Educação Básica"
49839,15,"Urbanismo",451,"Infraestrutura Urbana "
48275,10,"Saúde",301,"Atenção Básica"
48292,18,"Gestão Ambiental",544,"Recursos Hídricos"
48146,10,"Saúde",302,"Assistência Hospitalar e Ambulatorial"
48642,10,"Saúde",302,"Assistência Hospitalar e Ambulatorial"
48286,20,"Agricultura",608,"Promoção da Produção Agropecuária"
49319,10,"Saúde",301,"Atenção Básica"
48304,18,"Gestão Ambiental",541,"Preservação e Conservação Ambiental"
48793,10,"Saúde",302,"Assistência Hospitalar e Ambulatorial"
50172,17,"Saneamento",511,"Saneamento Básico Rural"
48755,10,"Saúde",302,"Assistência Hospitalar e Ambulatorial"
48295,18,"Gestão Ambiental",542,"Controle Ambiental"
48366,23,"Comércio e Serviços",695,"Turismo"
48355,10,"Saúde",301,"Atenção Básica"
48401,8,"Assistência Social",245,"Serviços Socioassistenciais"
48409,12,"Educação",365,"Educação Infantil"
48317,10,"Saúde",303,"Suporte Profilático e Terapêutico"
48375,12,"Educação",365,"Educação Infantil"
48998,8,"Assistência Social",245,"Serviços Socioassistenciais"
48324,15,"Urbanismo",451,"Infraestrutura Urbana "
48970,27,"Desporto e Lazer",813,"Lazer"
48333,27,"Desporto e Lazer",812,"Desporto Comunitário"
48257,18,"Gestão Ambiental",541,"Preservação e Conservação Ambiental"
49083,10,"Saúde",302,"Assistência Hospitalar e Ambulatorial"
50542,6,"Segurança Pública",181,"Policiamento"
48430,10,"Saúde",301,"Atenção Básica"
48314,10,"Saúde",301,"Atenção Básica"
48300,20,"Agricultura",608,"Promoção da Produção Agropecuária"
48339,10,"Saúde",301,"Atenção Básica"
48397,13,"Cultura",392,"Difusão Cultural"
48368,10,"Saúde",301,"Atenção Básica"
49512,15,"Urbanismo",451,"Infraestrutura Urbana "
48365,10,"Saúde",301,"Atenção Básica"
48378,20,"Agricultura",608,"Promoção da Produção Agropecuária"
48396,15,"Urbanismo",451,"Infraestrutura Urbana "
48310,20,"Agricultura",608,"Promoção da Produção Agropecuária"
48387,12,"Educação",361,"Ensino Fundamental"
48387,12,"Educação",365,"Educação Infantil"
48371,15,"Urbanismo",127,"Ordenamento Territorial"
48436,27,"Desporto e Lazer",812,"Desporto Comunitário"
48336,15,"Urbanismo",127,"Ordenamento Territorial"
48138,27,"Desporto e Lazer",812,"Desporto Comunitário"
48522,12,"Educação",361,"Ensino Fundamental"
48280,20,"Agricultura",608,"Promoção da Produção Agropecuária"
48394,10,"Saúde",301,"Atenção Básica"
48586,8,"Assistência Social",245,"Serviços Socioassistenciais"
49961,10,"Saúde",302,"Assistência Hospitalar e Ambulatorial"
48262,8,"Assistência Social",245,"Serviços Socioassistenciais"
48350,12,"Educação",361,"Ensino Fundamental"
48350,12,"Educação",362,"Ensino Médio"
48350,12,"Educação",365,"Educação Infantil"
48364,12,"Educação",361,"Ensino Fundamental"
48364,12,"Educação",365,"Educação Infantil"
48348,8,"Assistência Social",243,"Assistência à Criança e ao Adolescente"
48161,27,"Desporto e Lazer",813,"Lazer"
50241,27,"Desporto e Lazer",812,"Desporto Comunitário"
50241,15,"Urbanismo",451,"Infraestrutura Urbana "
48363,20,"Agricultura",608,"Promoção da Produção Agropecuária"
48445,15,"Urbanismo",451,"Infraestrutura Urbana "
48427,12,"Educação",368,"Educação Básica"
48360,10,"Saúde",301,"Atenção Básica"
48609,20,"Agricultura",608,"Promoção da Produção Agropecuária"
48309,20,"Agricultura",608,"Promoção da Produção Agropecuária"
48263,8,"Assistência Social",244,"Assistência Comunitária"
48307,8,"Assistência Social",244,"Assistência Comunitária"
48140,10,"Saúde",301,"Atenção Básica"
48367,10,"Saúde",301,"Atenção Básica"
50154,23,"Comércio e Serviços",695,"Turismo"
49409,8,"Assistência Social",245,"Serviços Socioassistenciais"
48299,17,"Saneamento",512,"Saneamento Básico Urbano"
48359,18,"Gestão Ambiental",541,"Preservação e Conservação Ambiental"
49776,10,"Saúde",301,"Atenção Básica"
49730,20,"Agricultura",608,"Promoção da Produção Agropecuária"
49844,10,"Saúde",301,"Atenção Básica"
50309,8,"Assistência Social",245,"Serviços Socioassistenciais"
48145,10,"Saúde",301,"Atenção Básica"
48444,20,"Agricultura",608,"Promoção da Produção Agropecuária"
48048,20,"Agricultura",608,"Promoção da Produção Agropecuária"
48537,20,"Agricultura",608,"Promoção da Produção Agropecuária"
48395,8,"Assistência Social",245,"Serviços Socioassistenciais"
49684,8,"Assistência Social",244,"Assistência Comunitária"
49853,12,"Educação",365,"Educação Infantil"
48939,10,"Saúde",301,"Atenção Básica"
49338,8,"Assistência Social",245,"Serviços Socioassistenciais"
49349,20,"Agricultura",608,"Promoção da Produção Agropecuária"
49687,21,"Organização Agrária",632,"Colonização"
48260,23,"Comércio e Serviços",695,"Turismo"
48260,20,"Agricultura",606,"Extensão Rural"
48260,20,"Agricultura",608,"Promoção da Produção Agropecuária"
49666,15,"Urbanismo",244,"Assistência Comunitária"
48424,27,"Desporto e Lazer",813,"Lazer"
48412,14,"Direitos da Cidadania",422,"Direitos Individuais, Coletivos e Difusos"
48351,12,"Educação",361,"Ensino Fundamental"
49300,15,"Urbanismo",451,"Infraestrutura Urbana "
48152,18,"Gestão Ambiental",541,"Preservação e Conservação Ambiental"
48243,20,"Agricultura",608,"Promoção da Produção Agropecuária"
48533,8,"Assistência Social",244,"Assistência Comunitária"
48296,15,"Urbanismo",451,"Infraestrutura Urbana "
48602,20,"Agricultura",608,"Promoção da Produção Agropecuária"
48478,26,"Transporte",782,"Transporte Rodoviário"
47684,15,"Urbanismo",451,"Infraestrutura Urbana "
48377,15,"Urbanismo",451,"Infraestrutura Urbana "
47709,15,"Urbanismo",451,"Infraestrutura Urbana "
48362,12,"Educação",368,"Educação Básica"
49021,8,"Assistência Social",244,"Assistência Comunitária"
49575,10,"Saúde",301,"Atenção Básica"
48344,12,"Educação",361,"Ensino Fundamental"
48344,12,"Educação",365,"Educação Infantil"
48344,12,"Educação",368,"Educação Básica"
48330,20,"Agricultura",608,"Promoção da Produção Agropecuária"
49328,15,"Urbanismo",127,"Ordenamento Territorial"
50332,15,"Urbanismo",451,"Infraestrutura Urbana "
49306,20,"Agricultura",608,"Promoção da Produção Agropecuária"
50313,8,"Assistência Social",245,"Serviços Socioassistenciais"
50561,14,"Direitos da Cidadania",422,"Direitos Individuais, Coletivos e Difusos"
49353,8,"Assistência Social",244,"Assistência Comunitária"
49312,20,"Agricultura",608,"Promoção da Produção Agropecuária"
48391,8,"Assistência Social",244,"Assistência Comunitária"
48376,23,"Comércio e Serviços",695,"Turismo"
48209,20,"Agricultura",605,"Abastecimento"
48519,15,"Urbanismo",451,"Infraestrutura Urbana "
48479,15,"Urbanismo",451,"Infraestrutura Urbana "
48516,20,"Agricultura",606,"Extensão Rural"
48835,23,"Comércio e Serviços",695,"Turismo"
48810,15,"Urbanismo",451,"Infraestrutura Urbana "
47706,10,"Saúde",301,"Atenção Básica"
48261,15,"Urbanismo",451,"Infraestrutura Urbana "
47766,10,"Saúde",126,"Tecnologia da Informação"
48158,15,"Urbanismo",451,"Infraestrutura Urbana "
49331,10,"Saúde",301,"Atenção Básica"
49564,10,"Saúde",301,"Atenção Básica"
49335,10,"Saúde",301,"Atenção Básica"
48349,20,"Agricultura",608,"Promoção da Produção Agropecuária"
48267,10,"Saúde",301,"Atenção Básica"
48543,12,"Educação",361,"Ensino Fundamental"
48543,12,"Educação",365,"Educação Infantil"
48543,12,"Educação",368,"Educação Básica"
48369,20,"Agricultura",608,"Promoção da Produção Agropecuária"
48264,15,"Urbanismo",451,"Infraestrutura Urbana "
50421,11,"Trabalho",334,"Fomento ao Trabalho"
50452,11,"Trabalho",334,"Fomento ao Trabalho"
49774,8,"Assistência Social",245,"Serviços Socioassistenciais"
49311,12,"Educação",365,"Educação Infantil"
49314,13,"Cultura",392,"Difusão Cultural"
50219,15,"Urbanismo",451,"Infraestrutura Urbana "
48306,8,"Assistência Social",243,"Assistência à Criança e ao Adolescente"
48311,15,"Urbanismo",451,"Infraestrutura Urbana "
49579,23,"Comércio e Serviços",691,"Promoção Comercial"
47886,27,"Desporto e Lazer",812,"Desporto Comunitário"
47785,27,"Desporto e Lazer",812,"Desporto Comunitário"
48388,15,"Urbanismo",451,"Infraestrutura Urbana "
48469,17,"Saneamento",512,"Saneamento Básico Urbano"
49568,6,"Segurança Pública",181,"Policiamento"
48429,23,"Comércio e Serviços",691,"Promoção Comercial"
48429,23,"Comércio e Serviços",695,"Turismo"
50169,8,"Assistência Social",245,"Serviços Socioassistenciais"
48156,12,"Educação",361,"Ensino Fundamental"
49320,20,"Agricultura",605,"Abastecimento"
50268,10,"Saúde",302,"Assistência Hospitalar e Ambulatorial"
49694,10,"Saúde",301,"Atenção Básica"
48426,23,"Comércio e Serviços",695,"Turismo"
49095,10,"Saúde",301,"Atenção Básica"
49095,10,"Saúde",305,"Vigilância Epidemiológica"
48447,8,"Assistência Social",245,"Serviços Socioassistenciais"
48274,10,"Saúde",301,"Atenção Básica"
49550,20,"Agricultura",608,"Promoção da Produção Agropecuária"
48197,15,"Urbanismo",451,"Infraestrutura Urbana "
48179,27,"Desporto e Lazer",811,"Desporto de Rendimento"
48179,27,"Desporto e Lazer",812,"Desporto Comunitário"
48179,27,"Desporto e Lazer",813,"Lazer"
47519,27,"Desporto e Lazer",813,"Lazer"
48938,15,"Urbanismo",451,"Infraestrutura Urbana "
48527,10,"Saúde",301,"Atenção Básica"
49577,15,"Urbanismo",451,"Infraestrutura Urbana "
49565,6,"Segurança Pública",181,"Policiamento"
49323,12,"Educação",365,"Educação Infantil"
49653,8,"Assistência Social",245,"Serviços Socioassistenciais"
49950,15,"Urbanismo",451,"Infraestrutura Urbana "
49717,8,"Assistência Social",245,"Serviços Socioassistenciais"
49717,8,"Assistência Social",244,"Assistência Comunitária"
48271,17,"Saneamento",512,"Saneamento Básico Urbano"
49695,23,"Comércio e Serviços",695,"Turismo"
49562,10,"Saúde",301,"Atenção Básica"
48386,17,"Saneamento",511,"Saneamento Básico Rural"
49763,20,"Agricultura",608,"Promoção da Produção Agropecuária"
49315,10,"Saúde",301,"Atenção Básica"
48407,10,"Saúde",302,"Assistência Hospitalar e Ambulatorial"
48154,15,"Urbanismo",451,"Infraestrutura Urbana "
48438,23,"Comércio e Serviços",695,"Turismo"
48466,20,"Agricultura",608,"Promoção da Produção Agropecuária"
48502,20,"Agricultura",608,"Promoção da Produção Agropecuária"
48451,15,"Urbanismo",451,"Infraestrutura Urbana "
49667,20,"Agricultura",608,"Promoção da Produção Agropecuária"
50470,13,"Cultura",392,"Difusão Cultural"
48431,20,"Agricultura",608,"Promoção da Produção Agropecuária"
48446,20,"Agricultura",608,"Promoção da Produção Agropecuária"
48890,10,"Saúde",302,"Assistência Hospitalar e Ambulatorial"
50324,10,"Saúde",301,"Atenção Básica"
48454,10,"Saúde",302,"Assistência Hospitalar e Ambulatorial"
48731,17,"Saneamento",512,"Saneamento Básico Urbano"
48385,10,"Saúde",301,"Atenção Básica"
48420,8,"Assistência Social",244,"Assistência Comunitária"
48420,8,"Assistência Social",245,"Serviços Socioassistenciais"
48428,14,"Direitos da Cidadania",422,"Direitos Individuais, Coletivos e Difusos"
48448,10,"Saúde",305,"Vigilância Epidemiológica"
48441,10,"Saúde",302,"Assistência Hospitalar e Ambulatorial"
48379,10,"Saúde",301,"Atenção Básica"
48439,23,"Comércio e Serviços",695,"Turismo"
48402,20,"Agricultura",608,"Promoção da Produção Agropecuária"
48398,10,"Saúde",301,"Atenção Básica"
48465,10,"Saúde",301,"Atenção Básica"
48266,17,"Saneamento",512,"Saneamento Básico Urbano"
48571,6,"Segurança Pública",182,"Defesa Civil"
48432,12,"Educação",361,"Ensino Fundamental"
48432,12,"Educação",365,"Educação Infantil"
48455,13,"Cultura",392,"Difusão Cultural"
48604,27,"Desporto e Lazer",812,"Desporto Comunitário"
49976,18,"Gestão Ambiental",541,"Preservação e Conservação Ambiental"
50521,8,"Assistência Social",243,"Assistência à Criança e ao Adolescente"
48433,13,"Cultura",392,"Difusão Cultural"
48433,27,"Desporto e Lazer",813,"Lazer"
48408,8,"Assistência Social",245,"Serviços Socioassistenciais"
48155,15,"Urbanismo",451,"Infraestrutura Urbana "
48540,10,"Saúde",301,"Atenção Básica"
48655,10,"Saúde",301,"Atenção Básica"
48458,10,"Saúde",305,"Vigilância Epidemiológica"
49605,10,"Saúde",302,"Assistência Hospitalar e Ambulatorial"
50212,10,"Saúde",301,"Atenção Básica"
48685,15,"Urbanismo",451,"Infraestrutura Urbana "
48780,20,"Agricultura",606,"Extensão Rural"
48442,23,"Comércio e Serviços",695,"Turismo"
47588,15,"Urbanismo",451,"Infraestrutura Urbana "
48070,15,"Urbanismo",451,"Infraestrutura Urbana "
48229,20,"Agricultura",608,"Promoção da Produção Agropecuária"
50518,15,"Urbanismo",451,"Infraestrutura Urbana "
48289,20,"Agricultura",608,"Promoção da Produção Agropecuária"
48472,6,"Segurança Pública",182,"Defesa Civil"
48669,8,"Assistência Social",245,"Serviços Socioassistenciais"
48415,15,"Urbanismo",451,"Infraestrutura Urbana "
48656,15,"Urbanismo",451,"Infraestrutura Urbana "
48616,12,"Educação",366,"Educação de Jovens e Adultos"
49709,23,"Comércio e Serviços",695,"Turismo"
50489,10,"Saúde",301,"Atenção Básica"
50127,23,"Comércio e Serviços",695,"Turismo"
48504,10,"Saúde",301,"Atenção Básica"
49322,10,"Saúde",301,"Atenção Básica"
49873,17,"Saneamento",511,"Saneamento Básico Rural"
49873,17,"Saneamento",512,"Saneamento Básico Urbano"
49927,27,"Desporto e Lazer",812,"Desporto Comunitário"
49927,27,"Desporto e Lazer",813,"Lazer"
48511,15,"Urbanismo",451,"Infraestrutura Urbana "
48450,15,"Urbanismo",451,"Infraestrutura Urbana "
50533,8,"Assistência Social",245,"Serviços Socioassistenciais"
49382,27,"Desporto e Lazer",812,"Desporto Comunitário"
49378,15,"Urbanismo",451,"Infraestrutura Urbana "
49394,6,"Segurança Pública",181,"Policiamento"
49342,6,"Segurança Pública",183,"Informação e Inteligência"
49744,10,"Saúde",301,"Atenção Básica"
49960,15,"Urbanismo",451,"Infraestrutura Urbana "
49344,17,"Saneamento",511,"Saneamento Básico Rural"
48461,23,"Comércio e Serviços",695,"Turismo"
49379,10,"Saúde",301,"Atenção Básica"
49363,10,"Saúde",301,"Atenção Básica"
49337,10,"Saúde",301,"Atenção Básica"
48162,14,"Direitos da Cidadania",422,"Direitos Individuais, Coletivos e Difusos"
49381,10,"Saúde",301,"Atenção Básica"
48159,10,"Saúde",301,"Atenção Básica"
49346,10,"Saúde",302,"Assistência Hospitalar e Ambulatorial"
50500,10,"Saúde",301,"Atenção Básica"
49701,10,"Saúde",301,"Atenção Básica"
49941,15,"Urbanismo",451,"Infraestrutura Urbana "
49027,15,"Urbanismo",451,"Infraestrutura Urbana "
48278,20,"Agricultura",606,"Extensão Rural"
48557,15,"Urbanismo",451,"Infraestrutura Urbana "
48449,20,"Agricultura",608,"Promoção da Produção Agropecuária"
49048,15,"Urbanismo",451,"Infraestrutura Urbana "
48269,10,"Saúde",301,"Atenção Básica"
49384,20,"Agricultura",606,"Extensão Rural"
49384,20,"Agricultura",608,"Promoção da Produção Agropecuária"
48291,20,"Agricultura",608,"Promoção da Produção Agropecuária"
48563,17,"Saneamento",512,"Saneamento Básico Urbano"
49367,20,"Agricultura",608,"Promoção da Produção Agropecuária"
49370,6,"Segurança Pública",181,"Policiamento"
49576,13,"Cultura",392,"Difusão Cultural"
49676,13,"Cultura",392,"Difusão Cultural"
49676,23,"Comércio e Serviços",695,"Turismo"
49361,12,"Educação",361,"Ensino Fundamental"
49518,13,"Cultura",391,"Patrimônio Histórico, Artístico e Arqueológico"
49518,13,"Cultura",392,"Difusão Cultural"
49706,23,"Comércio e Serviços",691,"Promoção Comercial"
49707,19,"Ciência e Tecnologia",571,"Desenvolvimento Científico"
49707,12,"Educação",364,"Ensino Superior"
48484,10,"Saúde",301,"Atenção Básica"
50507,12,"Educação",365,"Educação Infantil"
48270,10,"Saúde",302,"Assistência Hospitalar e Ambulatorial"
48270,15,"Urbanismo",451,"Infraestrutura Urbana "
48270,17,"Saneamento",512,"Saneamento Básico Urbano"
50499,12,"Educação",361,"Ensino Fundamental"
50198,6,"Segurança Pública",181,"Policiamento"
48492,8,"Assistência Social",245,"Serviços Socioassistenciais"
49359,15,"Urbanismo",451,"Infraestrutura Urbana "
48462,15,"Urbanismo",451,"Infraestrutura Urbana "
50403,18,"Gestão Ambiental",544,"Recursos Hídricos"
48167,15,"Urbanismo",451,"Infraestrutura Urbana "
48168,20,"Agricultura",608,"Promoção da Produção Agropecuária"
48268,8,"Assistência Social",245,"Serviços Socioassistenciais"
49355,8,"Assistência Social",245,"Serviços Socioassistenciais"
48482,10,"Saúde",302,"Assistência Hospitalar e Ambulatorial"
49358,18,"Gestão Ambiental",544,"Recursos Hídricos"
49345,8,"Assistência Social",245,"Serviços Socioassistenciais"
49377,8,"Assistência Social",245,"Serviços Socioassistenciais"
48524,10,"Saúde",302,"Assistência Hospitalar e Ambulatorial"
49339,20,"Agricultura",608,"Promoção da Produção Agropecuária"
50471,6,"Segurança Pública",181,"Policiamento"
50120,20,"Agricultura",608,"Promoção da Produção Agropecuária"
50430,15,"Urbanismo",451,"Infraestrutura Urbana "
50511,12,"Educação",365,"Educação Infantil"
49350,10,"Saúde",301,"Atenção Básica"
50174,13,"Cultura",392,"Difusão Cultural"
49937,15,"Urbanismo",451,"Infraestrutura Urbana "
48226,15,"Urbanismo",451,"Infraestrutura Urbana "
48434,15,"Urbanismo",451,"Infraestrutura Urbana "
49703,13,"Cultura",392,"Difusão Cultural"
48259,15,"Urbanismo",451,"Infraestrutura Urbana "
47850,15,"Urbanismo",451,"Infraestrutura Urbana "
48281,27,"Desporto e Lazer",812,"Desporto Comunitário"
49650,23,"Comércio e Serviços",695,"Turismo"
49569,6,"Segurança Pública",181,"Policiamento"
49587,15,"Urbanismo",451,"Infraestrutura Urbana "
49356,20,"Agricultura",608,"Promoção da Produção Agropecuária"
49571,23,"Comércio e Serviços",695,"Turismo"
48653,27,"Desporto e Lazer",811,"Desporto de Rendimento"
48169,27,"Desporto e Lazer",812,"Desporto Comunitário"
48899,12,"Educação",361,"Ensino Fundamental"
49376,10,"Saúde",301,"Atenção Básica"
50384,10,"Saúde",302,"Assistência Hospitalar e Ambulatorial"
49414,10,"Saúde",301,"Atenção Básica"
49357,15,"Urbanismo",451,"Infraestrutura Urbana "
48473,15,"Urbanismo",451,"Infraestrutura Urbana "
48724,15,"Urbanismo",451,"Infraestrutura Urbana "
48474,15,"Urbanismo",451,"Infraestrutura Urbana "
48194,27,"Desporto e Lazer",813,"Lazer"
48315,20,"Agricultura",608,"Promoção da Produção Agropecuária"
47932,20,"Agricultura",605,"Abastecimento"
48288,15,"Urbanismo",451,"Infraestrutura Urbana "
48597,15,"Urbanismo",451,"Infraestrutura Urbana "
48483,15,"Urbanismo",451,"Infraestrutura Urbana "
48906,20,"Agricultura",608,"Promoção da Produção Agropecuária"
49724,10,"Saúde",302,"Assistência Hospitalar e Ambulatorial"
49611,15,"Urbanismo",451,"Infraestrutura Urbana "
49347,10,"Saúde",301,"Atenção Básica"
49581,23,"Comércio e Serviços",695,"Turismo"
49612,23,"Comércio e Serviços",695,"Turismo"
49725,10,"Saúde",302,"Assistência Hospitalar e Ambulatorial"
49662,12,"Educação",361,"Ensino Fundamental"
48177,6,"Segurança Pública",182,"Defesa Civil"
48507,15,"Urbanismo",451,"Infraestrutura Urbana "
48521,15,"Urbanismo",451,"Infraestrutura Urbana "
48510,15,"Urbanismo",451,"Infraestrutura Urbana "
48512,20,"Agricultura",605,"Abastecimento"
48487,20,"Agricultura",608,"Promoção da Produção Agropecuária"
48997,12,"Educação",361,"Ensino Fundamental"
48491,8,"Assistência Social",245,"Serviços Socioassistenciais"
48495,15,"Urbanismo",453,"Transportes Coletivos Urbanos"
48610,20,"Agricultura",608,"Promoção da Produção Agropecuária"
49848,10,"Saúde",301,"Atenção Básica"
48515,18,"Gestão Ambiental",544,"Recursos Hídricos"
48171,15,"Urbanismo",452,"Serviços Urbanos"
48532,10,"Saúde",302,"Assistência Hospitalar e Ambulatorial"
48471,23,"Comércio e Serviços",695,"Turismo"
48496,15,"Urbanismo",451,"Infraestrutura Urbana "
48498,10,"Saúde",301,"Atenção Básica"
50061,27,"Desporto e Lazer",811,"Desporto de Rendimento"
50061,27,"Desporto e Lazer",813,"Lazer"
48513,20,"Agricultura",608,"Promoção da Produção Agropecuária"
48508,20,"Agricultura",606,"Extensão Rural"
49932,27,"Desporto e Lazer",811,"Desporto de Rendimento"
49932,27,"Desporto e Lazer",812,"Desporto Comunitário"
49932,27,"Desporto e Lazer",813,"Lazer"
48501,20,"Agricultura",608,"Promoção da Produção Agropecuária"
48530,27,"Desporto e Lazer",813,"Lazer"
48476,15,"Urbanismo",451,"Infraestrutura Urbana "
48535,20,"Agricultura",608,"Promoção da Produção Agropecuária"
48545,23,"Comércio e Serviços",695,"Turismo"
48480,23,"Comércio e Serviços",695,"Turismo"
48587,10,"Saúde",301,"Atenção Básica"
48743,12,"Educação",367,"Educação Especial"
48743,13,"Cultura",392,"Difusão Cultural"
48552,8,"Assistência Social",245,"Serviços Socioassistenciais"
48526,23,"Comércio e Serviços",695,"Turismo"
48892,20,"Agricultura",608,"Promoção da Produção Agropecuária"
48900,12,"Educação",361,"Ensino Fundamental"
48525,27,"Desporto e Lazer",812,"Desporto Comunitário"
50006,10,"Saúde",301,"Atenção Básica"
48771,15,"Urbanismo",127,"Ordenamento Territorial"
48528,20,"Agricultura",608,"Promoção da Produção Agropecuária"
49199,15,"Urbanismo",451,"Infraestrutura Urbana "
48556,10,"Saúde",301,"Atenção Básica"
48538,10,"Saúde",301,"Atenção Básica"
48518,15,"Urbanismo",451,"Infraestrutura Urbana "
48518,27,"Desporto e Lazer",813,"Lazer"
50143,8,"Assistência Social",244,"Assistência Comunitária"
50143,8,"Assistência Social",245,"Serviços Socioassistenciais"
48555,15,"Urbanismo",451,"Infraestrutura Urbana "
48691,12,"Educação",365,"Educação Infantil"
48548,18,"Gestão Ambiental",544,"Recursos Hídricos"
50123,20,"Agricultura",608,"Promoção da Produção Agropecuária"
49012,18,"Gestão Ambiental",541,"Preservação e Conservação Ambiental"
50536,8,"Assistência Social",245,"Serviços Socioassistenciais"
48560,12,"Educação",367,"Educação Especial"
49677,20,"Agricultura",608,"Promoção da Produção Agropecuária"
49368,23,"Comércio e Serviços",695,"Turismo"
48623,10,"Saúde",301,"Atenção Básica"
48485,10,"Saúde",301,"Atenção Básica"
49251,6,"Segurança Pública",181,"Policiamento"
49262,6,"Segurança Pública",181,"Policiamento"
49081,20,"Agricultura",608,"Promoção da Produção Agropecuária"
49148,15,"Urbanismo",452,"Serviços Urbanos"
47908,20,"Agricultura",605,"Abastecimento"
47729,18,"Gestão Ambiental",544,"Recursos Hídricos"
48463,20,"Agricultura",608,"Promoção da Produção Agropecuária"
48993,15,"Urbanismo",451,"Infraestrutura Urbana "
49749,23,"Comércio e Serviços",695,"Turismo"
49723,8,"Assistência Social",245,"Serviços Socioassistenciais"
48554,17,"Saneamento",512,"Saneamento Básico Urbano"
49678,15,"Urbanismo",451,"Infraestrutura Urbana "
48568,12,"Educação",365,"Educação Infantil"
49731,23,"Comércio e Serviços",695,"Turismo"
50134,8,"Assistência Social",244,"Assistência Comunitária"
48814,14,"Direitos da Cidadania",422,"Direitos Individuais, Coletivos e Difusos"
49732,10,"Saúde",301,"Atenção Básica"
49733,20,"Agricultura",608,"Promoção da Produção Agropecuária"
49625,10,"Saúde",301,"Atenção Básica"
48624,23,"Comércio e Serviços",695,"Turismo"
50327,27,"Desporto e Lazer",813,"Lazer"
48999,12,"Educação",365,"Educação Infantil"
49521,6,"Segurança Pública",181,"Policiamento"
48565,12,"Educação",361,"Ensino Fundamental"
50239,15,"Urbanismo",451,"Infraestrutura Urbana "
50163,20,"Agricultura",608,"Promoção da Produção Agropecuária"
48622,17,"Saneamento",512,"Saneamento Básico Urbano"
48593,8,"Assistência Social",245,"Serviços Socioassistenciais"
50548,8,"Assistência Social",244,"Assistência Comunitária"
50548,8,"Assistência Social",245,"Serviços Socioassistenciais"
48628,10,"Saúde",301,"Atenção Básica"
48562,10,"Saúde",302,"Assistência Hospitalar e Ambulatorial"
48579,20,"Agricultura",608,"Promoção da Produção Agropecuária"
48603,12,"Educação",367,"Educação Especial"
49470,15,"Urbanismo",451,"Infraestrutura Urbana "
48631,6,"Segurança Pública",182,"Defesa Civil"
48631,6,"Segurança Pública",183,"Informação e Inteligência"
48531,23,"Comércio e Serviços",695,"Turismo"
48606,10,"Saúde",301,"Atenção Básica"
47676,20,"Agricultura",608,"Promoção da Produção Agropecuária"
48672,10,"Saúde",301,"Atenção Básica"
48657,12,"Educação",361,"Ensino Fundamental"
49354,8,"Assistência Social",245,"Serviços Socioassistenciais"
48647,12,"Educação",368,"Educação Básica"
48647,27,"Desporto e Lazer",812,"Desporto Comunitário"
48625,27,"Desporto e Lazer",812,"Desporto Comunitário"
49472,23,"Comércio e Serviços",695,"Turismo"
48612,27,"Desporto e Lazer",812,"Desporto Comunitário"
48612,27,"Desporto e Lazer",813,"Lazer"
48572,10,"Saúde",302,"Assistência Hospitalar e Ambulatorial"
48601,27,"Desporto e Lazer",812,"Desporto Comunitário"
49390,20,"Agricultura",608,"Promoção da Produção Agropecuária"
48577,10,"Saúde",302,"Assistência Hospitalar e Ambulatorial"
50331,12,"Educação",361,"Ensino Fundamental"
50251,12,"Educação",365,"Educação Infantil"
48654,20,"Agricultura",608,"Promoção da Produção Agropecuária"
49601,10,"Saúde",301,"Atenção Básica"
48662,12,"Educação",368,"Educação Básica"
49738,12,"Educação",363,"Ensino Profissional"
48703,14,"Direitos da Cidadania",422,"Direitos Individuais, Coletivos e Difusos"
48331,20,"Agricultura",605,"Abastecimento"
48605,23,"Comércio e Serviços",695,"Turismo"
48592,15,"Urbanismo",451,"Infraestrutura Urbana "
48592,15,"Urbanismo",452,"Serviços Urbanos"
48621,13,"Cultura",392,"Difusão Cultural"
48611,12,"Educação",361,"Ensino Fundamental"
48590,15,"Urbanismo",452,"Serviços Urbanos"
48710,10,"Saúde",301,"Atenção Básica"
48670,8,"Assistência Social",242,"Assistência ao Portador de Deficiência"
48670,8,"Assistência Social",245,"Serviços Socioassistenciais"
48591,10,"Saúde",301,"Atenção Básica"
48687,10,"Saúde",301,"Atenção Básica"
48850,10,"Saúde",302,"Assistência Hospitalar e Ambulatorial"
48573,12,"Educação",361,"Ensino Fundamental"
50249,15,"Urbanismo",451,"Infraestrutura Urbana "
48695,15,"Urbanismo",451,"Infraestrutura Urbana "
48575,12,"Educação",361,"Ensino Fundamental"
48713,10,"Saúde",301,"Atenção Básica"
49493,15,"Urbanismo",451,"Infraestrutura Urbana "
50016,23,"Comércio e Serviços",695,"Turismo"
50238,12,"Educação",361,"Ensino Fundamental"
50238,12,"Educação",365,"Educação Infantil"
48715,15,"Urbanismo",244,"Assistência Comunitária"
48595,16,"Habitação",482,"Habitação Urbana"
48576,15,"Urbanismo",451,"Infraestrutura Urbana "
49004,15,"Urbanismo",451,"Infraestrutura Urbana "
48581,12,"Educação",361,"Ensino Fundamental"
48888,20,"Agricultura",608,"Promoção da Produção Agropecuária"
48785,12,"Educação",361,"Ensino Fundamental"
48785,12,"Educação",368,"Educação Básica"
50519,8,"Assistência Social",245,"Serviços Socioassistenciais"
48569,15,"Urbanismo",451,"Infraestrutura Urbana "
49531,10,"Saúde",301,"Atenção Básica"
48668,15,"Urbanismo",451,"Infraestrutura Urbana "
48634,10,"Saúde",301,"Atenção Básica"
48596,12,"Educação",368,"Educação Básica"
48707,12,"Educação",368,"Educação Básica"
48664,20,"Agricultura",606,"Extensão Rural"
48664,20,"Agricultura",608,"Promoção da Produção Agropecuária"
49951,20,"Agricultura",608,"Promoção da Produção Agropecuária"
49597,20,"Agricultura",608,"Promoção da Produção Agropecuária"
48660,10,"Saúde",301,"Atenção Básica"
49713,10,"Saúde",301,"Atenção Básica"
48627,18,"Gestão Ambiental",541,"Preservação e Conservação Ambiental"
48663,10,"Saúde",301,"Atenção Básica"
48584,12,"Educação",361,"Ensino Fundamental"
48958,10,"Saúde",301,"Atenção Básica"
48632,10,"Saúde",301,"Atenção Básica"
48688,8,"Assistência Social",245,"Serviços Socioassistenciais"
48753,15,"Urbanismo",451,"Infraestrutura Urbana "
48674,15,"Urbanismo",451,"Infraestrutura Urbana "
48570,27,"Desporto e Lazer",812,"Desporto Comunitário"
48659,15,"Urbanismo",451,"Infraestrutura Urbana "
49754,27,"Desporto e Lazer",813,"Lazer"
48763,12,"Educação",361,"Ensino Fundamental"
49752,23,"Comércio e Serviços",695,"Turismo"
49945,10,"Saúde",301,"Atenção Básica"
49945,10,"Saúde",302,"Assistência Hospitalar e Ambulatorial"
48737,18,"Gestão Ambiental",544,"Recursos Hídricos"
50058,12,"Educação",361,"Ensino Fundamental"
48749,10,"Saúde",301,"Atenção Básica"
48661,15,"Urbanismo",451,"Infraestrutura Urbana "
49391,18,"Gestão Ambiental",541,"Preservação e Conservação Ambiental"
48697,8,"Assistência Social",245,"Serviços Socioassistenciais"
48635,27,"Desporto e Lazer",813,"Lazer"
48757,8,"Assistência Social",244,"Assistência Comunitária"
50362,8,"Assistência Social",245,"Serviços Socioassistenciais"
48807,8,"Assistência Social",245,"Serviços Socioassistenciais"
48726,15,"Urbanismo",451,"Infraestrutura Urbana "
50515,15,"Urbanismo",451,"Infraestrutura Urbana "
47864,15,"Urbanismo",451,"Infraestrutura Urbana "
49751,10,"Saúde",301,"Atenção Básica"
48630,13,"Cultura",392,"Difusão Cultural"
48745,8,"Assistência Social",244,"Assistência Comunitária"
48716,27,"Desporto e Lazer",812,"Desporto Comunitário"
48580,6,"Segurança Pública",181,"Policiamento"
49487,27,"Desporto e Lazer",812,"Desporto Comunitário"
49020,13,"Cultura",392,"Difusão Cultural"
48699,17,"Saneamento",511,"Saneamento Básico Rural"
48678,27,"Desporto e Lazer",812,"Desporto Comunitário"
48680,8,"Assistência Social",245,"Serviços Socioassistenciais"
50034,15,"Urbanismo",451,"Infraestrutura Urbana "
48676,20,"Agricultura",608,"Promoção da Produção Agropecuária"
49939,8,"Assistência Social",243,"Assistência à Criança e ao Adolescente"
48986,10,"Saúde",302,"Assistência Hospitalar e Ambulatorial"
49442,10,"Saúde",301,"Atenção Básica"
48619,15,"Urbanismo",451,"Infraestrutura Urbana "
50525,8,"Assistência Social",245,"Serviços Socioassistenciais"
48741,13,"Cultura",392,"Difusão Cultural"
48698,20,"Agricultura",608,"Promoção da Produção Agropecuária"
48709,13,"Cultura",392,"Difusão Cultural"
49626,10,"Saúde",301,"Atenção Básica"
48730,10,"Saúde",301,"Atenção Básica"
48739,10,"Saúde",302,"Assistência Hospitalar e Ambulatorial"
48720,15,"Urbanismo",451,"Infraestrutura Urbana "
48744,18,"Gestão Ambiental",542,"Controle Ambiental"
49459,27,"Desporto e Lazer",813,"Lazer"
48636,10,"Saúde",302,"Assistência Hospitalar e Ambulatorial"
48933,23,"Comércio e Serviços",695,"Turismo"
49931,10,"Saúde",128,"Formação de Recursos Humanos"
48751,10,"Saúde",302,"Assistência Hospitalar e Ambulatorial"
49019,10,"Saúde",302,"Assistência Hospitalar e Ambulatorial"
48861,20,"Agricultura",608,"Promoção da Produção Agropecuária"
48700,10,"Saúde",301,"Atenção Básica"
48702,15,"Urbanismo",451,"Infraestrutura Urbana "
48782,15,"Urbanismo",451,"Infraestrutura Urbana "
49234,23,"Comércio e Serviços",695,"Turismo"
49215,23,"Comércio e Serviços",695,"Turismo"
48781,20,"Agricultura",606,"Extensão Rural"
49743,12,"Educação",361,"Ensino Fundamental"
49743,12,"Educação",368,"Educação Básica"
48684,23,"Comércio e Serviços",695,"Turismo"
49833,13,"Cultura",392,"Difusão Cultural"
48774,15,"Urbanismo",451,"Infraestrutura Urbana "
49756,15,"Urbanismo",451,"Infraestrutura Urbana "
48614,17,"Saneamento",511,"Saneamento Básico Rural"
49771,10,"Saúde",301,"Atenção Básica"
48712,8,"Assistência Social",244,"Assistência Comunitária"
49957,18,"Gestão Ambiental",541,"Preservação e Conservação Ambiental"
49766,15,"Urbanismo",451,"Infraestrutura Urbana "
49757,8,"Assistência Social",245,"Serviços Socioassistenciais"
49046,10,"Saúde",301,"Atenção Básica"
49392,15,"Urbanismo",452,"Serviços Urbanos"
48717,12,"Educação",361,"Ensino Fundamental"
48758,15,"Urbanismo",451,"Infraestrutura Urbana "
48692,23,"Comércio e Serviços",695,"Turismo"
49779,10,"Saúde",301,"Atenção Básica"
48761,23,"Comércio e Serviços",695,"Turismo"
49767,15,"Urbanismo",451,"Infraestrutura Urbana "
48750,23,"Comércio e Serviços",695,"Turismo"
48673,15,"Urbanismo",451,"Infraestrutura Urbana "
48658,10,"Saúde",301,"Atenção Básica"
47570,10,"Saúde",301,"Atenção Básica"
50056,8,"Assistência Social",245,"Serviços Socioassistenciais"
48762,10,"Saúde",301,"Atenção Básica"
48773,15,"Urbanismo",451,"Infraestrutura Urbana "
50054,27,"Desporto e Lazer",812,"Desporto Comunitário"
49804,10,"Saúde",302,"Assistência Hospitalar e Ambulatorial"
48679,13,"Cultura",392,"Difusão Cultural"
49402,20,"Agricultura",605,"Abastecimento"
49785,10,"Saúde",301,"Atenção Básica"
49782,8,"Assistência Social",244,"Assistência Comunitária"
49775,8,"Assistência Social",245,"Serviços Socioassistenciais"
49393,27,"Desporto e Lazer",813,"Lazer"
50391,10,"Saúde",302,"Assistência Hospitalar e Ambulatorial"
49772,6,"Segurança Pública",181,"Policiamento"
48752,23,"Comércio e Serviços",695,"Turismo"
49800,20,"Agricultura",606,"Extensão Rural"
48735,10,"Saúde",301,"Atenção Básica"
49810,12,"Educação",361,"Ensino Fundamental"
49401,15,"Urbanismo",451,"Infraestrutura Urbana "
47953,10,"Saúde",301,"Atenção Básica"
47613,10,"Saúde",301,"Atenção Básica"
48106,10,"Saúde",301,"Atenção Básica"
48738,10,"Saúde",301,"Atenção Básica"
48550,10,"Saúde",301,"Atenção Básica"
48722,8,"Assistência Social",245,"Serviços Socioassistenciais"
49864,15,"Urbanismo",451,"Infraestrutura Urbana "
50059,17,"Saneamento",512,"Saneamento Básico Urbano"
49796,20,"Agricultura",608,"Promoção da Produção Agropecuária"
49398,23,"Comércio e Serviços",695,"Turismo"
49639,6,"Segurança Pública",181,"Policiamento"
49639,6,"Segurança Pública",182,"Defesa Civil"
49639,6,"Segurança Pública",183,"Informação e Inteligência"
50547,10,"Saúde",302,"Assistência Hospitalar e Ambulatorial"
50077,10,"Saúde",301,"Atenção Básica"
49805,10,"Saúde",301,"Atenção Básica"
48768,20,"Agricultura",608,"Promoção da Produção Agropecuária"
50064,17,"Saneamento",512,"Saneamento Básico Urbano"
49896,12,"Educação",368,"Educação Básica"
49791,13,"Cultura",392,"Difusão Cultural"
50514,8,"Assistência Social",245,"Serviços Socioassistenciais"
49075,12,"Educação",361,"Ensino Fundamental"
49075,12,"Educação",365,"Educação Infantil"
48801,15,"Urbanismo",451,"Infraestrutura Urbana "
49249,6,"Segurança Pública",181,"Policiamento"
48729,15,"Urbanismo",451,"Infraestrutura Urbana "
48865,21,"Organização Agrária",631,"Reforma Agrária"
49263,6,"Segurança Pública",181,"Policiamento"
49938,15,"Urbanismo",451,"Infraestrutura Urbana "
48927,10,"Saúde",301,"Atenção Básica"
48760,8,"Assistência Social",245,"Serviços Socioassistenciais"
48790,10,"Saúde",302,"Assistência Hospitalar e Ambulatorial"
49204,14,"Direitos da Cidadania",422,"Direitos Individuais, Coletivos e Difusos"
48766,27,"Desporto e Lazer",812,"Desporto Comunitário"
49558,8,"Assistência Social",245,"Serviços Socioassistenciais"
50444,8,"Assistência Social",243,"Assistência à Criança e ao Adolescente"
48796,26,"Transporte",782,"Transporte Rodoviário"
48829,8,"Assistência Social",244,"Assistência Comunitária"
48120,10,"Saúde",301,"Atenção Básica"
48406,10,"Saúde",301,"Atenção Básica"
47627,15,"Urbanismo",451,"Infraestrutura Urbana "
48973,15,"Urbanismo",451,"Infraestrutura Urbana "
50516,10,"Saúde",302,"Assistência Hospitalar e Ambulatorial"
48918,17,"Saneamento",512,"Saneamento Básico Urbano"
49817,6,"Segurança Pública",181,"Policiamento"
49265,6,"Segurança Pública",181,"Policiamento"
49868,17,"Saneamento",512,"Saneamento Básico Urbano"
48733,10,"Saúde",301,"Atenção Básica"
49780,10,"Saúde",301,"Atenção Básica"
49797,15,"Urbanismo",451,"Infraestrutura Urbana "
50510,8,"Assistência Social",245,"Serviços Socioassistenciais"
48803,12,"Educação",361,"Ensino Fundamental"
48816,10,"Saúde",301,"Atenção Básica"
50517,23,"Comércio e Serviços",695,"Turismo"
49859,12,"Educação",361,"Ensino Fundamental"
49403,10,"Saúde",301,"Atenção Básica"
49787,10,"Saúde",302,"Assistência Hospitalar e Ambulatorial"
50125,12,"Educação",368,"Educação Básica"
50432,8,"Assistência Social",241,"Assistência ao Idoso"
49808,10,"Saúde",302,"Assistência Hospitalar e Ambulatorial"
47668,10,"Saúde",301,"Atenção Básica"
48110,10,"Saúde",301,"Atenção Básica"
49826,8,"Assistência Social",245,"Serviços Socioassistenciais"
48503,15,"Urbanismo",451,"Infraestrutura Urbana "
48293,15,"Urbanismo",451,"Infraestrutura Urbana "
48852,15,"Urbanismo",451,"Infraestrutura Urbana "
49375,15,"Urbanismo",451,"Infraestrutura Urbana "
49395,15,"Urbanismo",451,"Infraestrutura Urbana "
49830,10,"Saúde",301,"Atenção Básica"
49781,10,"Saúde",301,"Atenção Básica"
49857,15,"Urbanismo",451,"Infraestrutura Urbana "
50325,12,"Educação",361,"Ensino Fundamental"
49995,23,"Comércio e Serviços",695,"Turismo"
48806,20,"Agricultura",608,"Promoção da Produção Agropecuária"
49260,14,"Direitos da Cidadania",422,"Direitos Individuais, Coletivos e Difusos"
49818,20,"Agricultura",608,"Promoção da Produção Agropecuária"
49789,15,"Urbanismo",451,"Infraestrutura Urbana "
50029,15,"Urbanismo",451,"Infraestrutura Urbana "
48784,8,"Assistência Social",245,"Serviços Socioassistenciais"
48797,20,"Agricultura",608,"Promoção da Produção Agropecuária"
48795,15,"Urbanismo",451,"Infraestrutura Urbana "
47731,18,"Gestão Ambiental",542,"Controle Ambiental"
48005,15,"Urbanismo",451,"Infraestrutura Urbana "
50099,15,"Urbanismo",451,"Infraestrutura Urbana "
48965,22,"Indústria",661,"Promoção Industrial"
50328,15,"Urbanismo",452,"Serviços Urbanos"
47604,17,"Saneamento",512,"Saneamento Básico Urbano"
49792,20,"Agricultura",608,"Promoção da Produção Agropecuária"
47775,20,"Agricultura",608,"Promoção da Produção Agropecuária"
47615,15,"Urbanismo",453,"Transportes Coletivos Urbanos"
47507,23,"Comércio e Serviços",695,"Turismo"
47509,10,"Saúde",302,"Assistência Hospitalar e Ambulatorial"
47548,18,"Gestão Ambiental",544,"Recursos Hídricos"
49424,8,"Assistência Social",245,"Serviços Socioassistenciais"
47510,23,"Comércio e Serviços",695,"Turismo"
47605,8,"Assistência Social",244,"Assistência Comunitária"
48069,20,"Agricultura",608,"Promoção da Produção Agropecuária"
49104,22,"Indústria",662,"Produção Industrial"
48190,12,"Educação",361,"Ensino Fundamental"
50095,20,"Agricultura",608,"Promoção da Produção Agropecuária"
50024,8,"Assistência Social",245,"Serviços Socioassistenciais"
47926,27,"Desporto e Lazer",812,"Desporto Comunitário"
47926,27,"Desporto e Lazer",813,"Lazer"
49735,23,"Comércio e Serviços",695,"Turismo"
49458,14,"Direitos da Cidadania",422,"Direitos Individuais, Coletivos e Difusos"
50405,23,"Comércio e Serviços",695,"Turismo"
49955,23,"Comércio e Serviços",695,"Turismo"
47962,10,"Saúde",301,"Atenção Básica"
47506,17,"Saneamento",512,"Saneamento Básico Urbano"
49838,17,"Saneamento",512,"Saneamento Básico Urbano"
50490,15,"Urbanismo",451,"Infraestrutura Urbana "
48608,15,"Urbanismo",451,"Infraestrutura Urbana "
47711,15,"Urbanismo",451,"Infraestrutura Urbana "
48316,15,"Urbanismo",451,"Infraestrutura Urbana "
49925,20,"Agricultura",608,"Promoção da Produção Agropecuária"
49891,10,"Saúde",301,"Atenção Básica"
50508,10,"Saúde",301,"Atenção Básica"
48967,10,"Saúde",302,"Assistência Hospitalar e Ambulatorial"
50484,10,"Saúde",305,"Vigilância Epidemiológica"
47643,10,"Saúde",302,"Assistência Hospitalar e Ambulatorial"
47535,10,"Saúde",301,"Atenção Básica"
48976,23,"Comércio e Serviços",695,"Turismo"
49418,10,"Saúde",301,"Atenção Básica"
50270,8,"Assistência Social",245,"Serviços Socioassistenciais"
49840,8,"Assistência Social",245,"Serviços Socioassistenciais"
49594,13,"Cultura",392,"Difusão Cultural"
49715,27,"Desporto e Lazer",812,"Desporto Comunitário"
49715,27,"Desporto e Lazer",813,"Lazer"
50258,8,"Assistência Social",245,"Serviços Socioassistenciais"
47549,15,"Urbanismo",451,"Infraestrutura Urbana "
47534,20,"Agricultura",608,"Promoção da Produção Agropecuária"
48553,20,"Agricultura",608,"Promoção da Produção Agropecuária"
48342,17,"Saneamento",512,"Saneamento Básico Urbano"
47515,15,"Urbanismo",451,"Infraestrutura Urbana "
48812,6,"Segurança Pública",183,"Informação e Inteligência"
47531,15,"Urbanismo",451,"Infraestrutura Urbana "
48505,8,"Assistência Social",245,"Serviços Socioassistenciais"
47882,19,"Ciência e Tecnologia",573,"Difusão do Conhecimento Científico e Tecnológico"
47543,20,"Agricultura",608,"Promoção da Produção Agropecuária"
47528,10,"Saúde",301,"Atenção Básica"
47553,10,"Saúde",302,"Assistência Hospitalar e Ambulatorial"
47538,10,"Saúde",301,"Atenção Básica"
47560,16,"Habitação",481,"Habitação Rural"
47560,16,"Habitação",482,"Habitação Urbana"
47561,20,"Agricultura",608,"Promoção da Produção Agropecuária"
47563,8,"Assistência Social",245,"Serviços Socioassistenciais"
49501,8,"Assistência Social",245,"Serviços Socioassistenciais"
47616,17,"Saneamento",512,"Saneamento Básico Urbano"
47585,20,"Agricultura",608,"Promoção da Produção Agropecuária"
47567,10,"Saúde",301,"Atenção Básica"
47583,18,"Gestão Ambiental",544,"Recursos Hídricos"
47581,8,"Assistência Social",245,"Serviços Socioassistenciais"
47556,18,"Gestão Ambiental",544,"Recursos Hídricos"
48499,10,"Saúde",302,"Assistência Hospitalar e Ambulatorial"
47594,10,"Saúde",302,"Assistência Hospitalar e Ambulatorial"
48567,15,"Urbanismo",451,"Infraestrutura Urbana "
47580,8,"Assistência Social",244,"Assistência Comunitária"
47970,20,"Agricultura",608,"Promoção da Produção Agropecuária"
47592,10,"Saúde",302,"Assistência Hospitalar e Ambulatorial"
47575,20,"Agricultura",608,"Promoção da Produção Agropecuária"
47976,10,"Saúde",302,"Assistência Hospitalar e Ambulatorial"
47562,15,"Urbanismo",451,"Infraestrutura Urbana "
50243,15,"Urbanismo",452,"Serviços Urbanos"
47610,15,"Urbanismo",451,"Infraestrutura Urbana "
47611,12,"Educação",361,"Ensino Fundamental"
47602,20,"Agricultura",608,"Promoção da Produção Agropecuária"
47619,10,"Saúde",301,"Atenção Básica"
47601,10,"Saúde",301,"Atenção Básica"
49799,15,"Urbanismo",451,"Infraestrutura Urbana "
47607,10,"Saúde",301,"Atenção Básica"
50323,20,"Agricultura",608,"Promoção da Produção Agropecuária"
48129,15,"Urbanismo",451,"Infraestrutura Urbana "
49304,12,"Educação",361,"Ensino Fundamental"
47598,10,"Saúde",302,"Assistência Hospitalar e Ambulatorial"
50587,8,"Assistência Social",245,"Serviços Socioassistenciais"
48119,11,"Trabalho",332,"Relações de Trabalho"
47606,17,"Saneamento",511,"Saneamento Básico Rural"
49310,12,"Educação",361,"Ensino Fundamental"
49769,10,"Saúde",301,"Atenção Básica"
49595,10,"Saúde",302,"Assistência Hospitalar e Ambulatorial"
49847,10,"Saúde",301,"Atenção Básica"
48176,15,"Urbanismo",451,"Infraestrutura Urbana "
48298,15,"Urbanismo",451,"Infraestrutura Urbana "
49583,15,"Urbanismo",451,"Infraestrutura Urbana "
49443,8,"Assistência Social",245,"Serviços Socioassistenciais"
50375,23,"Comércio e Serviços",695,"Turismo"
49638,10,"Saúde",301,"Atenção Básica"
49415,10,"Saúde",301,"Atenção Básica"
49434,17,"Saneamento",511,"Saneamento Básico Rural"
49613,15,"Urbanismo",451,"Infraestrutura Urbana "
49437,18,"Gestão Ambiental",541,"Preservação e Conservação Ambiental"
49436,10,"Saúde",301,"Atenção Básica"
49423,20,"Agricultura",608,"Promoção da Produção Agropecuária"
47625,10,"Saúde",302,"Assistência Hospitalar e Ambulatorial"
49798,14,"Direitos da Cidadania",422,"Direitos Individuais, Coletivos e Difusos"
49865,27,"Desporto e Lazer",812,"Desporto Comunitário"
49835,10,"Saúde",301,"Atenção Básica"
49832,10,"Saúde",302,"Assistência Hospitalar e Ambulatorial"
47631,16,"Habitação",482,"Habitação Urbana"
47662,27,"Desporto e Lazer",812,"Desporto Comunitário"
47622,10,"Saúde",301,"Atenção Básica"
47992,6,"Segurança Pública",181,"Policiamento"
47992,6,"Segurança Pública",182,"Defesa Civil"
47992,6,"Segurança Pública",183,"Informação e Inteligência"
48769,15,"Urbanismo",451,"Infraestrutura Urbana "
47635,8,"Assistência Social",245,"Serviços Socioassistenciais"
47642,8,"Assistência Social",245,"Serviços Socioassistenciais"
47658,10,"Saúde",301,"Atenção Básica"
47681,27,"Desporto e Lazer",812,"Desporto Comunitário"
47720,10,"Saúde",302,"Assistência Hospitalar e Ambulatorial"
47689,20,"Agricultura",608,"Promoção da Produção Agropecuária"
47739,27,"Desporto e Lazer",813,"Lazer"
48142,15,"Urbanismo",451,"Infraestrutura Urbana "
47637,18,"Gestão Ambiental",541,"Preservação e Conservação Ambiental"
47633,15,"Urbanismo",451,"Infraestrutura Urbana "
47871,8,"Assistência Social",245,"Serviços Socioassistenciais"
48332,13,"Cultura",392,"Difusão Cultural"
47791,19,"Ciência e Tecnologia",571,"Desenvolvimento Científico"
47667,15,"Urbanismo",451,"Infraestrutura Urbana "
47645,15,"Urbanismo",451,"Infraestrutura Urbana "
47645,15,"Urbanismo",452,"Serviços Urbanos"
47636,17,"Saneamento",512,"Saneamento Básico Urbano"
48833,15,"Urbanismo",451,"Infraestrutura Urbana "
49273,15,"Urbanismo",451,"Infraestrutura Urbana "
48813,15,"Urbanismo",451,"Infraestrutura Urbana "
48856,20,"Agricultura",608,"Promoção da Produção Agropecuária"
49270,6,"Segurança Pública",181,"Policiamento"
48811,18,"Gestão Ambiental",544,"Recursos Hídricos"
49283,6,"Segurança Pública",181,"Policiamento"
48845,10,"Saúde",301,"Atenção Básica"
48794,15,"Urbanismo",452,"Serviços Urbanos"
47669,20,"Agricultura",608,"Promoção da Produção Agropecuária"
49293,14,"Direitos da Cidadania",422,"Direitos Individuais, Coletivos e Difusos"
47647,10,"Saúde",302,"Assistência Hospitalar e Ambulatorial"
49281,12,"Educação",363,"Ensino Profissional"
48834,10,"Saúde",302,"Assistência Hospitalar e Ambulatorial"
47713,10,"Saúde",301,"Atenção Básica"
47648,13,"Cultura",392,"Difusão Cultural"
49419,15,"Urbanismo",451,"Infraestrutura Urbana "
49419,15,"Urbanismo",452,"Serviços Urbanos"
47888,15,"Urbanismo",451,"Infraestrutura Urbana "
49433,6,"Segurança Pública",181,"Policiamento"
47895,6,"Segurança Pública",181,"Policiamento"
49277,12,"Educação",364,"Ensino Superior"
49683,10,"Saúde",301,"Atenção Básica"
49668,10,"Saúde",301,"Atenção Básica"
49430,8,"Assistência Social",245,"Serviços Socioassistenciais"
50361,8,"Assistência Social",244,"Assistência Comunitária"
49462,27,"Desporto e Lazer",812,"Desporto Comunitário"
49438,23,"Comércio e Serviços",695,"Turismo"
47866,20,"Agricultura",608,"Promoção da Produção Agropecuária"
49947,18,"Gestão Ambiental",541,"Preservação e Conservação Ambiental"
49071,10,"Saúde",301,"Atenção Básica"
48823,20,"Agricultura",608,"Promoção da Produção Agropecuária"
49416,13,"Cultura",392,"Difusão Cultural"
49632,20,"Agricultura",608,"Promoção da Produção Agropecuária"
48546,10,"Saúde",301,"Atenção Básica"
48727,15,"Urbanismo",451,"Infraestrutura Urbana "
48235,15,"Urbanismo",451,"Infraestrutura Urbana "
48113,15,"Urbanismo",451,"Infraestrutura Urbana "
50333,15,"Urbanismo",451,"Infraestrutura Urbana "
49435,26,"Transporte",781,"Transporte Aéreo"
49899,20,"Agricultura",608,"Promoção da Produção Agropecuária"
48826,10,"Saúde",301,"Atenção Básica"
50475,8,"Assistência Social",244,"Assistência Comunitária"
49902,8,"Assistência Social",245,"Serviços Socioassistenciais"
48062,10,"Saúde",302,"Assistência Hospitalar e Ambulatorial"
50081,23,"Comércio e Serviços",695,"Turismo"
49851,6,"Segurança Pública",182,"Defesa Civil"
49886,17,"Saneamento",512,"Saneamento Básico Urbano"
48825,20,"Agricultura",605,"Abastecimento"
50005,10,"Saúde",302,"Assistência Hospitalar e Ambulatorial"
49883,10,"Saúde",301,"Atenção Básica"
49858,23,"Comércio e Serviços",695,"Turismo"
49476,10,"Saúde",302,"Assistência Hospitalar e Ambulatorial"
47670,15,"Urbanismo",451,"Infraestrutura Urbana "
47675,10,"Saúde",301,"Atenção Básica"
47682,17,"Saneamento",512,"Saneamento Básico Urbano"
48435,8,"Assistência Social",245,"Serviços Socioassistenciais"
47723,8,"Assistência Social",244,"Assistência Comunitária"
47929,10,"Saúde",301,"Atenção Básica"
47940,10,"Saúde",301,"Atenção Básica"
47695,17,"Saneamento",512,"Saneamento Básico Urbano"
50014,20,"Agricultura",608,"Promoção da Produção Agropecuária"
49143,11,"Trabalho",333,"Empregabilidade"
47879,12,"Educação",365,"Educação Infantil"
47879,12,"Educação",361,"Ensino Fundamental"
47738,20,"Agricultura",608,"Promoção da Produção Agropecuária"
48080,10,"Saúde",302,"Assistência Hospitalar e Ambulatorial"
47702,17,"Saneamento",512,"Saneamento Básico Urbano"
47656,12,"Educação",361,"Ensino Fundamental"
49468,12,"Educação",361,"Ensino Fundamental"
49506,12,"Educação",361,"Ensino Fundamental"
49457,23,"Comércio e Serviços",695,"Turismo"
47657,15,"Urbanismo",127,"Ordenamento Territorial"
47653,17,"Saneamento",512,"Saneamento Básico Urbano"
48832,20,"Agricultura",608,"Promoção da Produção Agropecuária"
48081,15,"Urbanismo",452,"Serviços Urbanos"
47794,15,"Urbanismo",452,"Serviços Urbanos"
47892,15,"Urbanismo",451,"Infraestrutura Urbana "
47701,20,"Agricultura",608,"Promoção da Produção Agropecuária"
48838,10,"Saúde",301,"Atenção Básica"
50101,20,"Agricultura",608,"Promoção da Produção Agropecuária"
50097,15,"Urbanismo",451,"Infraestrutura Urbana "
48876,8,"Assistência Social",245,"Serviços Socioassistenciais"
47704,15,"Urbanismo",451,"Infraestrutura Urbana "
48846,15,"Urbanismo",451,"Infraestrutura Urbana "
48884,20,"Agricultura",608,"Promoção da Produção Agropecuária"
50181,18,"Gestão Ambiental",542,"Controle Ambiental"
48827,8,"Assistência Social",245,"Serviços Socioassistenciais"
49777,15,"Urbanismo",451,"Infraestrutura Urbana "
49602,12,"Educação",361,"Ensino Fundamental"
48882,20,"Agricultura",608,"Promoção da Produção Agropecuária"
48847,23,"Comércio e Serviços",695,"Turismo"
48830,10,"Saúde",301,"Atenção Básica"
49425,15,"Urbanismo",451,"Infraestrutura Urbana "
48887,20,"Agricultura",606,"Extensão Rural"
47954,10,"Saúde",301,"Atenção Básica"
49397,6,"Segurança Pública",182,"Defesa Civil"
49534,15,"Urbanismo",451,"Infraestrutura Urbana "
47521,15,"Urbanismo",451,"Infraestrutura Urbana "
48869,10,"Saúde",302,"Assistência Hospitalar e Ambulatorial"
47784,12,"Educação",365,"Educação Infantil"
47839,10,"Saúde",301,"Atenção Básica"
49600,6,"Segurança Pública",181,"Policiamento"
50020,15,"Urbanismo",451,"Infraestrutura Urbana "
49663,8,"Assistência Social",244,"Assistência Comunitária"
49452,17,"Saneamento",512,"Saneamento Básico Urbano"
48992,27,"Desporto e Lazer",813,"Lazer"
49692,17,"Saneamento",512,"Saneamento Básico Urbano"
49855,27,"Desporto e Lazer",812,"Desporto Comunitário"
49876,12,"Educação",361,"Ensino Fundamental"
49681,12,"Educação",362,"Ensino Médio"
50079,8,"Assistência Social",245,"Serviços Socioassistenciais"
48944,10,"Saúde",302,"Assistência Hospitalar e Ambulatorial"
48877,17,"Saneamento",512,"Saneamento Básico Urbano"
47933,15,"Urbanismo",451,"Infraestrutura Urbana "
49450,12,"Educação",361,"Ensino Fundamental"
47728,10,"Saúde",301,"Atenção Básica"
49570,23,"Comércio e Serviços",695,"Turismo"
49850,8,"Assistência Social",245,"Serviços Socioassistenciais"
47726,8,"Assistência Social",245,"Serviços Socioassistenciais"
49454,27,"Desporto e Lazer",812,"Desporto Comunitário"
48891,13,"Cultura",392,"Difusão Cultural"
47747,23,"Comércio e Serviços",691,"Promoção Comercial"
50339,12,"Educação",365,"Educação Infantil"
47694,10,"Saúde",301,"Atenção Básica"
48950,10,"Saúde",302,"Assistência Hospitalar e Ambulatorial"
49499,20,"Agricultura",608,"Promoção da Produção Agropecuária"
49465,20,"Agricultura",608,"Promoção da Produção Agropecuária"
50187,8,"Assistência Social",245,"Serviços Socioassistenciais"
47758,12,"Educação",368,"Educação Básica"
49556,10,"Saúde",302,"Assistência Hospitalar e Ambulatorial"
48889,10,"Saúde",301,"Atenção Básica"
48764,8,"Assistência Social",245,"Serviços Socioassistenciais"
48895,12,"Educação",361,"Ensino Fundamental"
47654,15,"Urbanismo",451,"Infraestrutura Urbana "
49885,15,"Urbanismo",451,"Infraestrutura Urbana "
48046,15,"Urbanismo",451,"Infraestrutura Urbana "
47523,15,"Urbanismo",451,"Infraestrutura Urbana "
50087,13,"Cultura",392,"Difusão Cultural"
49863,15,"Urbanismo",451,"Infraestrutura Urbana "
48808,15,"Urbanismo",451,"Infraestrutura Urbana "
50423,8,"Assistência Social",245,"Serviços Socioassistenciais"
49169,27,"Desporto e Lazer",812,"Desporto Comunitário"
49889,23,"Comércio e Serviços",695,"Turismo"
49881,10,"Saúde",301,"Atenção Básica"
49907,10,"Saúde",301,"Atenção Básica"
48905,18,"Gestão Ambiental",541,"Preservação e Conservação Ambiental"
49906,8,"Assistência Social",245,"Serviços Socioassistenciais"
49934,15,"Urbanismo",451,"Infraestrutura Urbana "
49911,15,"Urbanismo",451,"Infraestrutura Urbana "
49117,15,"Urbanismo",127,"Ordenamento Territorial"
49912,15,"Urbanismo",451,"Infraestrutura Urbana "
49464,12,"Educação",365,"Educação Infantil"
49901,15,"Urbanismo",451,"Infraestrutura Urbana "
49872,23,"Comércio e Serviços",691,"Promoção Comercial"
47685,15,"Urbanismo",451,"Infraestrutura Urbana "
50314,10,"Saúde",301,"Atenção Básica"
50147,6,"Segurança Pública",181,"Policiamento"
48777,21,"Organização Agrária",631,"Reforma Agrária"
48489,15,"Urbanismo",451,"Infraestrutura Urbana "
49227,15,"Urbanismo",451,"Infraestrutura Urbana "
49918,14,"Direitos da Cidadania",422,"Direitos Individuais, Coletivos e Difusos"
50255,15,"Urbanismo",127,"Ordenamento Territorial"
50205,12,"Educação",361,"Ensino Fundamental"
50205,12,"Educação",365,"Educação Infantil"
50205,12,"Educação",368,"Educação Básica"
49908,10,"Saúde",301,"Atenção Básica"
49913,15,"Urbanismo",451,"Infraestrutura Urbana "
49917,15,"Urbanismo",451,"Infraestrutura Urbana "
50535,10,"Saúde",301,"Atenção Básica"
50135,10,"Saúde",301,"Atenção Básica"
49762,10,"Saúde",301,"Atenção Básica"
49914,10,"Saúde",301,"Atenção Básica"
48875,15,"Urbanismo",451,"Infraestrutura Urbana "
49920,18,"Gestão Ambiental",541,"Preservação e Conservação Ambiental"
49480,15,"Urbanismo",451,"Infraestrutura Urbana "
47705,26,"Transporte",782,"Transporte Rodoviário"
48864,15,"Urbanismo",451,"Infraestrutura Urbana "
47816,12,"Educação",365,"Educação Infantil"
49461,10,"Saúde",301,"Atenção Básica"
47696,10,"Saúde",302,"Assistência Hospitalar e Ambulatorial"
49526,20,"Agricultura",606,"Extensão Rural"
49526,20,"Agricultura",608,"Promoção da Produção Agropecuária"
48857,15,"Urbanismo",451,"Infraestrutura Urbana "
49479,10,"Saúde",302,"Assistência Hospitalar e Ambulatorial"
49517,8,"Assistência Social",245,"Serviços Socioassistenciais"
49794,8,"Assistência Social",245,"Serviços Socioassistenciais"
50007,8,"Assistência Social",245,"Serviços Socioassistenciais"
50007,8,"Assistência Social",244,"Assistência Comunitária"
50165,20,"Agricultura",608,"Promoção da Produção Agropecuária"
49488,10,"Saúde",302,"Assistência Hospitalar e Ambulatorial"
49484,12,"Educação",361,"Ensino Fundamental"
48896,23,"Comércio e Serviços",695,"Turismo"
50246,10,"Saúde",301,"Atenção Básica"
49495,20,"Agricultura",608,"Promoção da Produção Agropecuária"
49469,23,"Comércio e Serviços",695,"Turismo"
49475,10,"Saúde",302,"Assistência Hospitalar e Ambulatorial"
49498,20,"Agricultura",608,"Promoção da Produção Agropecuária"
50138,8,"Assistência Social",244,"Assistência Comunitária"
50138,11,"Trabalho",331,"Proteção e Benefícios ao Trabalhador"
50138,12,"Educação",368,"Educação Básica"
47641,15,"Urbanismo",451,"Infraestrutura Urbana "
48025,23,"Comércio e Serviços",695,"Turismo"
50276,27,"Desporto e Lazer",812,"Desporto Comunitário"
48405,20,"Agricultura",608,"Promoção da Produção Agropecuária"
49606,10,"Saúde",301,"Atenção Básica"
49026,15,"Urbanismo",451,"Infraestrutura Urbana "
49905,8,"Assistência Social",245,"Serviços Socioassistenciais"
49860,11,"Trabalho",333,"Empregabilidade"
49970,15,"Urbanismo",451,"Infraestrutura Urbana "
49944,10,"Saúde",301,"Atenção Básica"
49922,20,"Agricultura",608,"Promoção da Produção Agropecuária"
50000,20,"Agricultura",608,"Promoção da Produção Agropecuária"
50015,27,"Desporto e Lazer",812,"Desporto Comunitário"
49935,20,"Agricultura",608,"Promoção da Produção Agropecuária"
50144,8,"Assistência Social",245,"Serviços Socioassistenciais"
47846,20,"Agricultura",608,"Promoção da Produção Agropecuária"
48022,10,"Saúde",302,"Assistência Hospitalar e Ambulatorial"
47749,10,"Saúde",302,"Assistência Hospitalar e Ambulatorial"
47742,10,"Saúde",301,"Atenção Básica"
47714,6,"Segurança Pública",183,"Informação e Inteligência"
49998,12,"Educação",361,"Ensino Fundamental"
49998,12,"Educação",365,"Educação Infantil"
47823,20,"Agricultura",608,"Promoção da Produção Agropecuária"
47724,27,"Desporto e Lazer",812,"Desporto Comunitário"
48338,12,"Educação",364,"Ensino Superior"
49511,23,"Comércio e Serviços",695,"Turismo"
50527,27,"Desporto e Lazer",813,"Lazer"
47748,13,"Cultura",392,"Difusão Cultural"
47819,23,"Comércio e Serviços",695,"Turismo"
48125,12,"Educação",361,"Ensino Fundamental"
49795,8,"Assistência Social",245,"Serviços Socioassistenciais"
47730,20,"Agricultura",608,"Promoção da Produção Agropecuária"
47772,26,"Transporte",782,"Transporte Rodoviário"
47753,15,"Urbanismo",451,"Infraestrutura Urbana "
48644,15,"Urbanismo",451,"Infraestrutura Urbana "
48618,15,"Urbanismo",451,"Infraestrutura Urbana "
49969,12,"Educação",361,"Ensino Fundamental"
49496,8,"Assistência Social",245,"Serviços Socioassistenciais"
48851,15,"Urbanismo",451,"Infraestrutura Urbana "
47756,10,"Saúde",301,"Atenção Básica"
50139,10,"Saúde",126,"Tecnologia da Informação"
50139,10,"Saúde",301,"Atenção Básica"
49948,6,"Segurança Pública",182,"Defesa Civil"
50047,10,"Saúde",301,"Atenção Básica"
50050,10,"Saúde",302,"Assistência Hospitalar e Ambulatorial"
49977,23,"Comércio e Serviços",695,"Turismo"
49921,8,"Assistência Social",245,"Serviços Socioassistenciais"
49670,11,"Trabalho",333,"Empregabilidade"
49474,10,"Saúde",301,"Atenção Básica"
49946,8,"Assistência Social",245,"Serviços Socioassistenciais"
49964,27,"Desporto e Lazer",812,"Desporto Comunitário"
49954,10,"Saúde",301,"Atenção Básica"
49530,10,"Saúde",302,"Assistência Hospitalar e Ambulatorial"
50151,23,"Comércio e Serviços",695,"Turismo"
48920,10,"Saúde",301,"Atenção Básica"
48914,13,"Cultura",392,"Difusão Cultural"
49031,20,"Agricultura",608,"Promoção da Produção Agropecuária"
49223,8,"Assistência Social",244,"Assistência Comunitária"
49900,8,"Assistência Social",245,"Serviços Socioassistenciais"
48919,20,"Agricultura",608,"Promoção da Produção Agropecuária"
48966,8,"Assistência Social",244,"Assistência Comunitária"
48928,10,"Saúde",301,"Atenção Básica"
47781,26,"Transporte",782,"Transporte Rodoviário"
48989,13,"Cultura",392,"Difusão Cultural"
48925,18,"Gestão Ambiental",544,"Recursos Hídricos"
48931,10,"Saúde",301,"Atenção Básica"
48959,20,"Agricultura",608,"Promoção da Produção Agropecuária"
48961,12,"Educação",361,"Ensino Fundamental"
49278,20,"Agricultura",608,"Promoção da Produção Agropecuária"
50283,20,"Agricultura",608,"Promoção da Produção Agropecuária"
49910,8,"Assistência Social",245,"Serviços Socioassistenciais"
47737,15,"Urbanismo",451,"Infraestrutura Urbana "
47559,23,"Comércio e Serviços",695,"Turismo"
48374,8,"Assistência Social",245,"Serviços Socioassistenciais"
48922,10,"Saúde",301,"Atenção Básica"
49655,10,"Saúde",301,"Atenção Básica"
50411,12,"Educação",361,"Ensino Fundamental"
49486,14,"Direitos da Cidadania",421,"Custódia e Reintegração Social"
50026,18,"Gestão Ambiental",541,"Preservação e Conservação Ambiental"
48904,8,"Assistência Social",245,"Serviços Socioassistenciais"
49933,8,"Assistência Social",244,"Assistência Comunitária"
49134,8,"Assistência Social",245,"Serviços Socioassistenciais"
48968,27,"Desporto e Lazer",812,"Desporto Comunitário"
49224,15,"Urbanismo",451,"Infraestrutura Urbana "
49999,15,"Urbanismo",451,"Infraestrutura Urbana "
48863,20,"Agricultura",608,"Promoção da Produção Agropecuária"
48923,12,"Educação",361,"Ensino Fundamental"
48923,12,"Educação",365,"Educação Infantil"
48923,12,"Educação",368,"Educação Básica"
50414,10,"Saúde",301,"Atenção Básica"
49510,14,"Direitos da Cidadania",422,"Direitos Individuais, Coletivos e Difusos"
48909,16,"Habitação",482,"Habitação Urbana"
49136,20,"Agricultura",606,"Extensão Rural"
48980,17,"Saneamento",512,"Saneamento Básico Urbano"
48982,10,"Saúde",301,"Atenção Básica"
49002,10,"Saúde",302,"Assistência Hospitalar e Ambulatorial"
49023,27,"Desporto e Lazer",812,"Desporto Comunitário"
48868,13,"Cultura",392,"Difusão Cultural"
48943,20,"Agricultura",608,"Promoção da Produção Agropecuária"
49803,20,"Agricultura",606,"Extensão Rural"
48940,18,"Gestão Ambiental",542,"Controle Ambiental"
48930,15,"Urbanismo",451,"Infraestrutura Urbana "
49013,10,"Saúde",301,"Atenção Básica"
48942,20,"Agricultura",608,"Promoção da Produção Agropecuária"
48951,8,"Assistência Social",244,"Assistência Comunitária"
48951,8,"Assistência Social",245,"Serviços Socioassistenciais"
49100,20,"Agricultura",608,"Promoção da Produção Agropecuária"
47555,23,"Comércio e Serviços",695,"Turismo"
47913,15,"Urbanismo",451,"Infraestrutura Urbana "
48945,15,"Urbanismo",451,"Infraestrutura Urbana "
47829,15,"Urbanismo",451,"Infraestrutura Urbana "
48984,20,"Agricultura",608,"Promoção da Produção Agropecuária"
49451,20,"Agricultura",606,"Extensão Rural"
50329,10,"Saúde",301,"Atenção Básica"
49980,15,"Urbanismo",451,"Infraestrutura Urbana "
48996,10,"Saúde",302,"Assistência Hospitalar e Ambulatorial"
49989,13,"Cultura",392,"Difusão Cultural"
49956,12,"Educação",361,"Ensino Fundamental"
47735,13,"Cultura",392,"Difusão Cultural"
49477,20,"Agricultura",608,"Promoção da Produção Agropecuária"
49986,15,"Urbanismo",451,"Infraestrutura Urbana "
49089,12,"Educação",365,"Educação Infantil"
49000,10,"Saúde",302,"Assistência Hospitalar e Ambulatorial"
49958,10,"Saúde",301,"Atenção Básica"
49490,12,"Educação",368,"Educação Básica"
48975,12,"Educação",361,"Ensino Fundamental"
49016,8,"Assistência Social",245,"Serviços Socioassistenciais"
47919,23,"Comércio e Serviços",695,"Turismo"
47951,23,"Comércio e Serviços",695,"Turismo"
47551,15,"Urbanismo",451,"Infraestrutura Urbana "
48290,15,"Urbanismo",451,"Infraestrutura Urbana "
47650,15,"Urbanismo",451,"Infraestrutura Urbana "
47925,15,"Urbanismo",451,"Infraestrutura Urbana "
48969,10,"Saúde",302,"Assistência Hospitalar e Ambulatorial"
48978,23,"Comércio e Serviços",695,"Turismo"
49003,12,"Educação",361,"Ensino Fundamental"
48947,15,"Urbanismo",451,"Infraestrutura Urbana "
49807,15,"Urbanismo",451,"Infraestrutura Urbana "
49029,12,"Educação",364,"Ensino Superior"
50378,20,"Agricultura",608,"Promoção da Produção Agropecuária"
50399,12,"Educação",361,"Ensino Fundamental"
50399,12,"Educação",365,"Educação Infantil"
50399,12,"Educação",368,"Educação Básica"
48682,10,"Saúde",128,"Formação de Recursos Humanos"
48682,10,"Saúde",301,"Atenção Básica"
48935,10,"Saúde",302,"Assistência Hospitalar e Ambulatorial"
50433,27,"Desporto e Lazer",812,"Desporto Comunitário"
50201,8,"Assistência Social",242,"Assistência ao Portador de Deficiência"
50201,8,"Assistência Social",245,"Serviços Socioassistenciais"
48957,27,"Desporto e Lazer",812,"Desporto Comunitário"
50240,10,"Saúde",302,"Assistência Hospitalar e Ambulatorial"
49005,17,"Saneamento",512,"Saneamento Básico Urbano"
48952,15,"Urbanismo",452,"Serviços Urbanos"
47924,15,"Urbanismo",452,"Serviços Urbanos"
48921,8,"Assistência Social",244,"Assistência Comunitária"
49834,15,"Urbanismo",451,"Infraestrutura Urbana "
49412,15,"Urbanismo",451,"Infraestrutura Urbana "
49708,15,"Urbanismo",452,"Serviços Urbanos"
49563,15,"Urbanismo",451,"Infraestrutura Urbana "
49431,15,"Urbanismo",451,"Infraestrutura Urbana "
48881,13,"Cultura",392,"Difusão Cultural"
49010,23,"Comércio e Serviços",695,"Turismo"
49959,10,"Saúde",302,"Assistência Hospitalar e Ambulatorial"
49025,15,"Urbanismo",451,"Infraestrutura Urbana "
49125,20,"Agricultura",608,"Promoção da Produção Agropecuária"
48020,15,"Urbanismo",451,"Infraestrutura Urbana "
49981,10,"Saúde",302,"Assistência Hospitalar e Ambulatorial"
50565,10,"Saúde",301,"Atenção Básica"
47750,10,"Saúde",128,"Formação de Recursos Humanos"
49058,10,"Saúde",302,"Assistência Hospitalar e Ambulatorial"
49015,12,"Educação",368,"Educação Básica"
49978,20,"Agricultura",608,"Promoção da Produção Agropecuária"
50003,6,"Segurança Pública",183,"Informação e Inteligência"
48740,15,"Urbanismo",451,"Infraestrutura Urbana "
49467,15,"Urbanismo",451,"Infraestrutura Urbana "
49467,15,"Urbanismo",452,"Serviços Urbanos"
49819,15,"Urbanismo",451,"Infraestrutura Urbana "
49441,15,"Urbanismo",451,"Infraestrutura Urbana "
49726,15,"Urbanismo",451,"Infraestrutura Urbana "
49801,15,"Urbanismo",451,"Infraestrutura Urbana "
50018,15,"Urbanismo",451,"Infraestrutura Urbana "
47796,8,"Assistência Social",245,"Serviços Socioassistenciais"
50012,10,"Saúde",301,"Atenção Básica"
50010,8,"Assistência Social",245,"Serviços Socioassistenciais"
49028,23,"Comércio e Serviços",695,"Turismo"
49009,23,"Comércio e Serviços",695,"Turismo"
49054,12,"Educação",368,"Educação Básica"
49719,10,"Saúde",302,"Assistência Hospitalar e Ambulatorial"
48979,10,"Saúde",302,"Assistência Hospitalar e Ambulatorial"
48964,10,"Saúde",302,"Assistência Hospitalar e Ambulatorial"
50343,8,"Assistência Social",245,"Serviços Socioassistenciais"
50578,10,"Saúde",302,"Assistência Hospitalar e Ambulatorial"
47901,23,"Comércio e Serviços",695,"Turismo"
50021,23,"Comércio e Serviços",695,"Turismo"
50291,10,"Saúde",302,"Assistência Hospitalar e Ambulatorial"
47765,15,"Urbanismo",451,"Infraestrutura Urbana "
48411,15,"Urbanismo",451,"Infraestrutura Urbana "
49544,20,"Agricultura",608,"Promoção da Produção Agropecuária"
47744,15,"Urbanismo",451,"Infraestrutura Urbana "
50162,15,"Urbanismo",451,"Infraestrutura Urbana "
47787,10,"Saúde",301,"Atenção Básica"
47853,8,"Assistência Social",244,"Assistência Comunitária"
47910,6,"Segurança Pública",181,"Policiamento"
47769,17,"Saneamento",512,"Saneamento Básico Urbano"
47795,27,"Desporto e Lazer",812,"Desporto Comunitário"
48542,6,"Segurança Pública",183,"Informação e Inteligência"
50126,12,"Educação",361,"Ensino Fundamental"
50434,10,"Saúde",301,"Atenção Básica"
47762,12,"Educação",361,"Ensino Fundamental"
48074,13,"Cultura",392,"Difusão Cultural"
50353,10,"Saúde",302,"Assistência Hospitalar e Ambulatorial"
47761,23,"Comércio e Serviços",691,"Promoção Comercial"
48329,8,"Assistência Social",244,"Assistência Comunitária"
47741,18,"Gestão Ambiental",543,"Recuperação de Áreas Degradadas"
47764,10,"Saúde",301,"Atenção Básica"
48421,20,"Agricultura",605,"Abastecimento"
48791,15,"Urbanismo",451,"Infraestrutura Urbana "
49049,15,"Urbanismo",127,"Ordenamento Territorial"
49341,15,"Urbanismo",451,"Infraestrutura Urbana "
49828,20,"Agricultura",608,"Promoção da Produção Agropecuária"
49396,20,"Agricultura",608,"Promoção da Produção Agropecuária"
49407,15,"Urbanismo",452,"Serviços Urbanos"
49547,15,"Urbanismo",451,"Infraestrutura Urbana "
47934,23,"Comércio e Serviços",691,"Promoção Comercial"
48704,15,"Urbanismo",451,"Infraestrutura Urbana "
49542,20,"Agricultura",606,"Extensão Rural"
48994,10,"Saúde",301,"Atenção Básica"
50070,18,"Gestão Ambiental",544,"Recursos Hídricos"
50068,10,"Saúde",126,"Tecnologia da Informação"
50068,10,"Saúde",128,"Formação de Recursos Humanos"
50068,10,"Saúde",301,"Atenção Básica"
50068,10,"Saúde",302,"Assistência Hospitalar e Ambulatorial"
50068,10,"Saúde",303,"Suporte Profilático e Terapêutico"
50068,10,"Saúde",304,"Vigilância Sanitária"
50068,10,"Saúde",305,"Vigilância Epidemiológica"
50068,10,"Saúde",306,"Alimentação e Nutrição"
49983,18,"Gestão Ambiental",541,"Preservação e Conservação Ambiental"
50011,15,"Urbanismo",451,"Infraestrutura Urbana "
50078,15,"Urbanismo",451,"Infraestrutura Urbana "
50022,8,"Assistência Social",245,"Serviços Socioassistenciais"
50098,8,"Assistência Social",241,"Assistência ao Idoso"
50409,10,"Saúde",301,"Atenção Básica"
49038,20,"Agricultura",608,"Promoção da Produção Agropecuária"
50032,8,"Assistência Social",245,"Serviços Socioassistenciais"
47789,15,"Urbanismo",451,"Infraestrutura Urbana "
49426,15,"Urbanismo",451,"Infraestrutura Urbana "
48800,15,"Urbanismo",451,"Infraestrutura Urbana "
47945,15,"Urbanismo",451,"Infraestrutura Urbana "
48778,15,"Urbanismo",451,"Infraestrutura Urbana "
48756,15,"Urbanismo",451,"Infraestrutura Urbana "
48497,18,"Gestão Ambiental",544,"Recursos Hídricos"
49007,15,"Urbanismo",451,"Infraestrutura Urbana "
49053,10,"Saúde",301,"Atenção Básica"
49052,12,"Educação",368,"Educação Básica"
50067,8,"Assistência Social",244,"Assistência Comunitária"
48400,11,"Trabalho",331,"Proteção e Benefícios ao Trabalhador"
50004,13,"Cultura",392,"Difusão Cultural"
50052,15,"Urbanismo",451,"Infraestrutura Urbana "
50044,15,"Urbanismo",451,"Infraestrutura Urbana "
50382,10,"Saúde",301,"Atenção Básica"
50382,10,"Saúde",303,"Suporte Profilático e Terapêutico"
50060,8,"Assistência Social",245,"Serviços Socioassistenciais"
50073,15,"Urbanismo",451,"Infraestrutura Urbana "
50062,23,"Comércio e Serviços",695,"Turismo"
50358,17,"Saneamento",512,"Saneamento Básico Urbano"
50210,10,"Saúde",302,"Assistência Hospitalar e Ambulatorial"
50035,16,"Habitação",482,"Habitação Urbana"
50071,10,"Saúde",302,"Assistência Hospitalar e Ambulatorial"
49043,20,"Agricultura",605,"Abastecimento"
47777,15,"Urbanismo",451,"Infraestrutura Urbana "
47770,12,"Educação",368,"Educação Básica"
49047,10,"Saúde",301,"Atenção Básica"
49108,8,"Assistência Social",244,"Assistência Comunitária"
49764,10,"Saúde",301,"Atenção Básica"
49039,12,"Educação",361,"Ensino Fundamental"
49213,27,"Desporto e Lazer",813,"Lazer"
49887,20,"Agricultura",608,"Promoção da Produção Agropecuária"
49085,10,"Saúde",301,"Atenção Básica"
49147,8,"Assistência Social",243,"Assistência à Criança e ao Adolescente"
49063,10,"Saúde",301,"Atenção Básica"
49033,8,"Assistência Social",245,"Serviços Socioassistenciais"
48457,20,"Agricultura",608,"Promoção da Produção Agropecuária"
49061,12,"Educação",363,"Ensino Profissional"
50257,10,"Saúde",301,"Atenção Básica"
49034,15,"Urbanismo",127,"Ordenamento Territorial"
49065,20,"Agricultura",608,"Promoção da Produção Agropecuária"
49035,10,"Saúde",302,"Assistência Hospitalar e Ambulatorial"
49079,20,"Agricultura",608,"Promoção da Produção Agropecuária"
49064,17,"Saneamento",512,"Saneamento Básico Urbano"
49453,15,"Urbanismo",451,"Infraestrutura Urbana "
49661,20,"Agricultura",608,"Promoção da Produção Agropecuária"
48276,15,"Urbanismo",451,"Infraestrutura Urbana "
49491,15,"Urbanismo",451,"Infraestrutura Urbana "
49504,23,"Comércio e Serviços",695,"Turismo"
49180,15,"Urbanismo",451,"Infraestrutura Urbana "
48222,20,"Agricultura",608,"Promoção da Produção Agropecuária"
49250,15,"Urbanismo",451,"Infraestrutura Urbana "
49802,15,"Urbanismo",451,"Infraestrutura Urbana "
47904,23,"Comércio e Serviços",695,"Turismo"
49051,10,"Saúde",302,"Assistência Hospitalar e Ambulatorial"
50053,8,"Assistência Social",245,"Serviços Socioassistenciais"
50074,8,"Assistência Social",245,"Serviços Socioassistenciais"
50036,10,"Saúde",301,"Atenção Básica"
48633,27,"Desporto e Lazer",811,"Desporto de Rendimento"
49045,20,"Agricultura",608,"Promoção da Produção Agropecuária"
50259,15,"Urbanismo",451,"Infraestrutura Urbana "
49120,10,"Saúde",302,"Assistência Hospitalar e Ambulatorial"
50300,17,"Saneamento",512,"Saneamento Básico Urbano"
49122,20,"Agricultura",608,"Promoção da Produção Agropecuária"
47776,12,"Educação",362,"Ensino Médio"
49610,15,"Urbanismo",451,"Infraestrutura Urbana "
49991,20,"Agricultura",608,"Promoção da Produção Agropecuária"
48549,20,"Agricultura",606,"Extensão Rural"
47512,15,"Urbanismo",451,"Infraestrutura Urbana "
49076,8,"Assistência Social",244,"Assistência Comunitária"
49076,8,"Assistência Social",245,"Serviços Socioassistenciais"
49057,10,"Saúde",301,"Atenção Básica"
50083,18,"Gestão Ambiental",544,"Recursos Hídricos"
50100,10,"Saúde",301,"Atenção Básica"
50082,27,"Desporto e Lazer",812,"Desporto Comunitário"
50085,18,"Gestão Ambiental",544,"Recursos Hídricos"
50094,10,"Saúde",301,"Atenção Básica"
50080,10,"Saúde",302,"Assistência Hospitalar e Ambulatorial"
47806,20,"Agricultura",608,"Promoção da Produção Agropecuária"
50076,8,"Assistência Social",244,"Assistência Comunitária"
50055,15,"Urbanismo",451,"Infraestrutura Urbana "
49088,20,"Agricultura",608,"Promoção da Produção Agropecuária"
49094,8,"Assistência Social",245,"Serviços Socioassistenciais"
49110,8,"Assistência Social",245,"Serviços Socioassistenciais"
48301,15,"Urbanismo",451,"Infraestrutura Urbana "
47677,15,"Urbanismo",451,"Infraestrutura Urbana "
48860,15,"Urbanismo",451,"Infraestrutura Urbana "
49214,15,"Urbanismo",451,"Infraestrutura Urbana "
49214,15,"Urbanismo",452,"Serviços Urbanos"
48361,10,"Saúde",301,"Atenção Básica"
49755,14,"Direitos da Cidadania",422,"Direitos Individuais, Coletivos e Difusos"
50088,17,"Saneamento",512,"Saneamento Básico Urbano"
50086,8,"Assistência Social",245,"Serviços Socioassistenciais"
50090,18,"Gestão Ambiental",544,"Recursos Hídricos"
50096,8,"Assistência Social",245,"Serviços Socioassistenciais"
50102,8,"Assistência Social",245,"Serviços Socioassistenciais"
50103,8,"Assistência Social",245,"Serviços Socioassistenciais"
50104,10,"Saúde",301,"Atenção Básica"
49066,10,"Saúde",302,"Assistência Hospitalar e Ambulatorial"
50117,8,"Assistência Social",241,"Assistência ao Idoso"
49880,10,"Saúde",302,"Assistência Hospitalar e Ambulatorial"
50288,10,"Saúde",302,"Assistência Hospitalar e Ambulatorial"
49111,10,"Saúde",303,"Suporte Profilático e Terapêutico"
48037,15,"Urbanismo",451,"Infraestrutura Urbana "
49893,20,"Agricultura",608,"Promoção da Produção Agropecuária"
47505,15,"Urbanismo",451,"Infraestrutura Urbana "
48955,15,"Urbanismo",451,"Infraestrutura Urbana "
49813,15,"Urbanismo",451,"Infraestrutura Urbana "
49737,8,"Assistência Social",245,"Serviços Socioassistenciais"
50341,13,"Cultura",392,"Difusão Cultural"
49482,20,"Agricultura",609,"Defesa Agropecuária"
49072,15,"Urbanismo",452,"Serviços Urbanos"
50319,27,"Desporto e Lazer",812,"Desporto Comunitário"
47983,8,"Assistência Social",245,"Serviços Socioassistenciais"
47828,10,"Saúde",302,"Assistência Hospitalar e Ambulatorial"
49068,12,"Educação",361,"Ensino Fundamental"
47928,8,"Assistência Social",243,"Assistência à Criança e ao Adolescente"
47774,15,"Urbanismo",451,"Infraestrutura Urbana "
48646,10,"Saúde",301,"Atenção Básica"
50114,15,"Urbanismo",451,"Infraestrutura Urbana "
50116,10,"Saúde",301,"Atenção Básica"
49318,15,"Urbanismo",451,"Infraestrutura Urbana "
50110,8,"Assistência Social",245,"Serviços Socioassistenciais"
50129,10,"Saúde",301,"Atenção Básica"
50112,10,"Saúde",301,"Atenção Básica"
50108,18,"Gestão Ambiental",544,"Recursos Hídricos"
50122,23,"Comércio e Serviços",695,"Turismo"
50124,20,"Agricultura",608,"Promoção da Produção Agropecuária"
50027,8,"Assistência Social",245,"Serviços Socioassistenciais"
50136,17,"Saneamento",512,"Saneamento Básico Urbano"
50118,20,"Agricultura",608,"Promoção da Produção Agropecuária"
50131,18,"Gestão Ambiental",541,"Preservação e Conservação Ambiental"
49160,23,"Comércio e Serviços",695,"Turismo"
48534,10,"Saúde",302,"Assistência Hospitalar e Ambulatorial"
48534,10,"Saúde",305,"Vigilância Epidemiológica"
47874,12,"Educação",361,"Ensino Fundamental"
47799,15,"Urbanismo",451,"Infraestrutura Urbana "
47810,15,"Urbanismo",451,"Infraestrutura Urbana "
47831,20,"Agricultura",608,"Promoção da Produção Agropecuária"
47894,20,"Agricultura",608,"Promoção da Produção Agropecuária"
47792,10,"Saúde",301,"Atenção Básica"
47804,15,"Urbanismo",127,"Ordenamento Territorial"
49230,12,"Educação",368,"Educação Básica"
47851,18,"Gestão Ambiental",544,"Recursos Hídricos"
48018,20,"Agricultura",608,"Promoção da Produção Agropecuária"
47783,23,"Comércio e Serviços",691,"Promoção Comercial"
47821,18,"Gestão Ambiental",541,"Preservação e Conservação Ambiental"
47815,8,"Assistência Social",245,"Serviços Socioassistenciais"
49449,10,"Saúde",302,"Assistência Hospitalar e Ambulatorial"
49133,8,"Assistência Social",244,"Assistência Comunitária"
49133,8,"Assistência Social",245,"Serviços Socioassistenciais"
47817,6,"Segurança Pública",181,"Policiamento"
47845,12,"Educação",361,"Ensino Fundamental"
50041,12,"Educação",361,"Ensino Fundamental"
47814,6,"Segurança Pública",181,"Policiamento"
49157,10,"Saúde",301,"Atenção Básica"
47807,10,"Saúde",302,"Assistência Hospitalar e Ambulatorial"
48640,23,"Comércio e Serviços",695,"Turismo"
47655,23,"Comércio e Serviços",695,"Turismo"
48166,15,"Urbanismo",451,"Infraestrutura Urbana "
47852,15,"Urbanismo",451,"Infraestrutura Urbana "
47614,10,"Saúde",301,"Atenção Básica"
47626,10,"Saúde",301,"Atenção Básica"
48779,10,"Saúde",301,"Atenção Básica"
48127,10,"Saúde",301,"Atenção Básica"
49024,10,"Saúde",301,"Atenção Básica"
49330,10,"Saúde",301,"Atenção Básica"
48410,10,"Saúde",301,"Atenção Básica"
47824,10,"Saúde",301,"Atenção Básica"
47980,10,"Saúde",301,"Atenção Básica"
50173,8,"Assistência Social",245,"Serviços Socioassistenciais"
50176,20,"Agricultura",608,"Promoção da Produção Agropecuária"
50145,20,"Agricultura",608,"Promoção da Produção Agropecuária"
50166,10,"Saúde",301,"Atenção Básica"
48792,15,"Urbanismo",451,"Infraestrutura Urbana "
50280,10,"Saúde",301,"Atenção Básica"
50171,17,"Saneamento",512,"Saneamento Básico Urbano"
50371,8,"Assistência Social",245,"Serviços Socioassistenciais"
50218,10,"Saúde",301,"Atenção Básica"
50141,14,"Direitos da Cidadania",421,"Custódia e Reintegração Social"
50155,15,"Urbanismo",451,"Infraestrutura Urbana "
47707,10,"Saúde",301,"Atenção Básica"
48908,10,"Saúde",301,"Atenção Básica"
47907,10,"Saúde",301,"Atenção Básica"
48867,10,"Saúde",301,"Atenção Básica"
48107,6,"Segurança Pública",182,"Defesa Civil"
48470,10,"Saúde",301,"Atenção Básica"
48254,10,"Saúde",301,"Atenção Básica"
48210,15,"Urbanismo",451,"Infraestrutura Urbana "
48352,15,"Urbanismo",451,"Infraestrutura Urbana "
49056,10,"Saúde",301,"Atenção Básica"
48728,15,"Urbanismo",451,"Infraestrutura Urbana "
49069,10,"Saúde",301,"Atenção Básica"
50189,20,"Agricultura",608,"Promoção da Produção Agropecuária"
50193,20,"Agricultura",608,"Promoção da Produção Agropecuária"
50183,20,"Agricultura",605,"Abastecimento"
50226,11,"Trabalho",334,"Fomento ao Trabalho"
50195,10,"Saúde",301,"Atenção Básica"
50190,15,"Urbanismo",451,"Infraestrutura Urbana "
50203,10,"Saúde",302,"Assistência Hospitalar e Ambulatorial"
50215,8,"Assistência Social",245,"Serviços Socioassistenciais"
50227,10,"Saúde",302,"Assistência Hospitalar e Ambulatorial"
50182,10,"Saúde",301,"Atenção Básica"
50217,23,"Comércio e Serviços",695,"Turismo"
50178,12,"Educação",368,"Educação Básica"
49428,10,"Saúde",301,"Atenção Básica"
48163,10,"Saúde",301,"Atenção Básica"
48854,15,"Urbanismo",451,"Infraestrutura Urbana "
49077,10,"Saúde",301,"Atenção Básica"
49037,10,"Saúde",301,"Atenção Básica"
49163,10,"Saúde",301,"Atenção Básica"
48490,15,"Urbanismo",451,"Infraestrutura Urbana "
49112,10,"Saúde",301,"Atenção Básica"
49522,10,"Saúde",301,"Atenção Básica"
48671,10,"Saúde",301,"Atenção Básica"
48666,15,"Urbanismo",451,"Infraestrutura Urbana "
50207,12,"Educação",364,"Ensino Superior"
50229,15,"Urbanismo",451,"Infraestrutura Urbana "
50247,15,"Urbanismo",451,"Infraestrutura Urbana "
50223,20,"Agricultura",608,"Promoção da Produção Agropecuária"
50204,8,"Assistência Social",241,"Assistência ao Idoso"
50199,13,"Cultura",392,"Difusão Cultural"
50222,27,"Desporto e Lazer",812,"Desporto Comunitário"
50262,22,"Indústria",662,"Produção Industrial"
50211,10,"Saúde",302,"Assistência Hospitalar e Ambulatorial"
48651,15,"Urbanismo",451,"Infraestrutura Urbana "
48701,15,"Urbanismo",451,"Infraestrutura Urbana "
48358,15,"Urbanismo",451,"Infraestrutura Urbana "
50454,15,"Urbanismo",451,"Infraestrutura Urbana "
49870,15,"Urbanismo",127,"Ordenamento Territorial"
49837,15,"Urbanismo",451,"Infraestrutura Urbana "
47890,18,"Gestão Ambiental",544,"Recursos Hídricos"
49540,15,"Urbanismo",451,"Infraestrutura Urbana "
49634,20,"Agricultura",605,"Abastecimento"
49102,20,"Agricultura",608,"Promoção da Produção Agropecuária"
48932,15,"Urbanismo",451,"Infraestrutura Urbana "
49074,15,"Urbanismo",451,"Infraestrutura Urbana "
50263,27,"Desporto e Lazer",812,"Desporto Comunitário"
50273,17,"Saneamento",512,"Saneamento Básico Urbano"
50342,10,"Saúde",301,"Atenção Básica"
50305,10,"Saúde",301,"Atenção Básica"
50248,12,"Educação",368,"Educação Básica"
50386,20,"Agricultura",608,"Promoção da Produção Agropecuária"
50254,15,"Urbanismo",451,"Infraestrutura Urbana "
50370,10,"Saúde",301,"Atenção Básica"
50284,23,"Comércio e Serviços",695,"Turismo"
50295,15,"Urbanismo",451,"Infraestrutura Urbana "
50267,23,"Comércio e Serviços",695,"Turismo"
50355,11,"Trabalho",334,"Fomento ao Trabalho"
49121,15,"Urbanismo",451,"Infraestrutura Urbana "
49823,20,"Agricultura",608,"Promoção da Produção Agropecuária"
48714,20,"Agricultura",608,"Promoção da Produção Agropecuária"
49740,20,"Agricultura",608,"Promoção da Produção Agropecuária"
49191,26,"Transporte",782,"Transporte Rodoviário"
48912,26,"Transporte",782,"Transporte Rodoviário"
49710,26,"Transporte",781,"Transporte Aéreo"
50315,23,"Comércio e Serviços",695,"Turismo"
50261,6,"Segurança Pública",182,"Defesa Civil"
50301,25,"Energia",752,"Energia Elétrica"
50250,20,"Agricultura",606,"Extensão Rural"
50555,10,"Saúde",302,"Assistência Hospitalar e Ambulatorial"
50308,15,"Urbanismo",451,"Infraestrutura Urbana "
50318,12,"Educação",364,"Ensino Superior"
50346,8,"Assistência Social",245,"Serviços Socioassistenciais"
50302,10,"Saúde",302,"Assistência Hospitalar e Ambulatorial"
50275,20,"Agricultura",608,"Promoção da Produção Agropecuária"
50312,10,"Saúde",301,"Atenção Básica"
50356,10,"Saúde",301,"Atenção Básica"
50512,10,"Saúde",302,"Assistência Hospitalar e Ambulatorial"
50278,10,"Saúde",301,"Atenção Básica"
50413,23,"Comércio e Serviços",695,"Turismo"
48853,15,"Urbanismo",451,"Infraestrutura Urbana "
49843,15,"Urbanismo",451,"Infraestrutura Urbana "
50491,13,"Cultura",392,"Difusão Cultural"
50426,20,"Agricultura",608,"Promoção da Produção Agropecuária"
50425,20,"Agricultura",608,"Promoção da Produção Agropecuária"
50502,20,"Agricultura",608,"Promoção da Produção Agropecuária"
50503,20,"Agricultura",608,"Promoção da Produção Agropecuária"
50504,20,"Agricultura",608,"Promoção da Produção Agropecuária"
50345,15,"Urbanismo",127,"Ordenamento Territorial"
50320,15,"Urbanismo",451,"Infraestrutura Urbana "
50367,14,"Direitos da Cidadania",422,"Direitos Individuais, Coletivos e Difusos"
50347,18,"Gestão Ambiental",541,"Preservação e Conservação Ambiental"
50335,10,"Saúde",302,"Assistência Hospitalar e Ambulatorial"
50350,15,"Urbanismo",451,"Infraestrutura Urbana "
50450,20,"Agricultura",608,"Promoção da Produção Agropecuária"
50451,13,"Cultura",392,"Difusão Cultural"
50348,12,"Educação",361,"Ensino Fundamental"
50354,13,"Cultura",392,"Difusão Cultural"
50360,12,"Educação",361,"Ensino Fundamental"
50360,12,"Educação",365,"Educação Infantil"
50383,8,"Assistência Social",241,"Assistência ao Idoso"
49152,15,"Urbanismo",451,"Infraestrutura Urbana "
49720,26,"Transporte",781,"Transporte Aéreo"
48643,26,"Transporte",781,"Transporte Aéreo"
50404,15,"Urbanismo",451,"Infraestrutura Urbana "
50364,15,"Urbanismo",451,"Infraestrutura Urbana "
50381,15,"Urbanismo",451,"Infraestrutura Urbana "
50412,10,"Saúde",301,"Atenção Básica"
50407,20,"Agricultura",608,"Promoção da Produção Agropecuária"
50398,15,"Urbanismo",451,"Infraestrutura Urbana "
50368,8,"Assistência Social",245,"Serviços Socioassistenciais"
50365,20,"Agricultura",608,"Promoção da Produção Agropecuária"
50393,23,"Comércio e Serviços",695,"Turismo"
50416,27,"Desporto e Lazer",812,"Desporto Comunitário"
50402,8,"Assistência Social",245,"Serviços Socioassistenciais"
50442,10,"Saúde",302,"Assistência Hospitalar e Ambulatorial"
50379,15,"Urbanismo",451,"Infraestrutura Urbana "
50395,10,"Saúde",302,"Assistência Hospitalar e Ambulatorial"
50394,10,"Saúde",305,"Vigilância Epidemiológica"
50505,15,"Urbanismo",451,"Infraestrutura Urbana "
50505,15,"Urbanismo",452,"Serviços Urbanos"
50374,15,"Urbanismo",451,"Infraestrutura Urbana "
48588,15,"Urbanismo",451,"Infraestrutura Urbana "
48211,15,"Urbanismo",451,"Infraestrutura Urbana "
49591,15,"Urbanismo",451,"Infraestrutura Urbana "
47782,15,"Urbanismo",451,"Infraestrutura Urbana "
49156,15,"Urbanismo",451,"Infraestrutura Urbana "
47644,15,"Urbanismo",451,"Infraestrutura Urbana "
48694,15,"Urbanismo",451,"Infraestrutura Urbana "
47966,15,"Urbanismo",451,"Infraestrutura Urbana "
48767,15,"Urbanismo",451,"Infraestrutura Urbana "
47778,15,"Urbanismo",451,"Infraestrutura Urbana "
47690,15,"Urbanismo",451,"Infraestrutura Urbana "
47686,15,"Urbanismo",451,"Infraestrutura Urbana "
50501,10,"Saúde",301,"Atenção Básica"
50459,13,"Cultura",392,"Difusão Cultural"
50457,17,"Saneamento",512,"Saneamento Básico Urbano"
50445,20,"Agricultura",608,"Promoção da Produção Agropecuária"
50436,10,"Saúde",302,"Assistência Hospitalar e Ambulatorial"
50564,20,"Agricultura",608,"Promoção da Produção Agropecuária"
50559,12,"Educação",361,"Ensino Fundamental"
50458,15,"Urbanismo",451,"Infraestrutura Urbana "
50438,27,"Desporto e Lazer",812,"Desporto Comunitário"
50429,27,"Desporto e Lazer",813,"Lazer"
50424,20,"Agricultura",608,"Promoção da Produção Agropecuária"
50441,8,"Assistência Social",245,"Serviços Socioassistenciais"
50462,20,"Agricultura",608,"Promoção da Produção Agropecuária"
48224,15,"Urbanismo",451,"Infraestrutura Urbana "
47836,15,"Urbanismo",451,"Infraestrutura Urbana "
48849,15,"Urbanismo",451,"Infraestrutura Urbana "
50274,15,"Urbanismo",451,"Infraestrutura Urbana "
48561,15,"Urbanismo",451,"Infraestrutura Urbana "
48183,15,"Urbanismo",451,"Infraestrutura Urbana "
50336,15,"Urbanismo",451,"Infraestrutura Urbana "
50366,20,"Agricultura",605,"Abastecimento"
48413,20,"Agricultura",608,"Promoção da Produção Agropecuária"
50236,20,"Agricultura",608,"Promoção da Produção Agropecuária"
49869,26,"Transporte",782,"Transporte Rodoviário"
48822,20,"Agricultura",608,"Promoção da Produção Agropecuária"
48693,26,"Transporte",782,"Transporte Rodoviário"
50352,15,"Urbanismo",451,"Infraestrutura Urbana "
50352,27,"Desporto e Lazer",813,"Lazer"
48859,15,"Urbanismo",451,"Infraestrutura Urbana "
49660,15,"Urbanismo",451,"Infraestrutura Urbana "
48217,15,"Urbanismo",451,"Infraestrutura Urbana "
47539,15,"Urbanismo",451,"Infraestrutura Urbana "
50474,10,"Saúde",301,"Atenção Básica"
50480,20,"Agricultura",608,"Promoção da Produção Agropecuária"
50466,8,"Assistência Social",245,"Serviços Socioassistenciais"
50460,27,"Desporto e Lazer",812,"Desporto Comunitário"
50483,20,"Agricultura",608,"Promoção da Produção Agropecuária"
50482,23,"Comércio e Serviços",695,"Turismo"
50465,8,"Assistência Social",245,"Serviços Socioassistenciais"
48452,15,"Urbanismo",451,"Infraestrutura Urbana "
48031,15,"Urbanismo",451,"Infraestrutura Urbana "
50418,20,"Agricultura",605,"Abastecimento"
49139,15,"Urbanismo",127,"Ordenamento Territorial"
50388,15,"Urbanismo",451,"Infraestrutura Urbana "
49164,15,"Urbanismo",451,"Infraestrutura Urbana "
48380,23,"Comércio e Serviços",695,"Turismo"
48403,15,"Urbanismo",451,"Infraestrutura Urbana "
49145,15,"Urbanismo",127,"Ordenamento Territorial"
49183,15,"Urbanismo",451,"Infraestrutura Urbana "
48566,15,"Urbanismo",127,"Ordenamento Territorial"
49177,15,"Urbanismo",451,"Infraestrutura Urbana "
50389,15,"Urbanismo",452,"Serviços Urbanos"
49816,15,"Urbanismo",451,"Infraestrutura Urbana "
47935,15,"Urbanismo",451,"Infraestrutura Urbana "
49162,15,"Urbanismo",451,"Infraestrutura Urbana "
47900,15,"Urbanismo",451,"Infraestrutura Urbana "
48204,15,"Urbanismo",451,"Infraestrutura Urbana "
47862,15,"Urbanismo",451,"Infraestrutura Urbana "
49082,10,"Saúde",301,"Atenção Básica"
47545,10,"Saúde",301,"Atenção Básica"
48734,10,"Saúde",301,"Atenção Básica"
48736,10,"Saúde",301,"Atenção Básica"
49146,10,"Saúde",301,"Atenção Básica"
48903,10,"Saúde",301,"Atenção Básica"
48689,10,"Saúde",301,"Atenção Básica"
49578,10,"Saúde",301,"Atenção Básica"
48277,10,"Saúde",301,"Atenção Básica"
50487,8,"Assistência Social",245,"Serviços Socioassistenciais"
50496,20,"Agricultura",605,"Abastecimento"
50493,17,"Saneamento",512,"Saneamento Básico Urbano"
47550,10,"Saúde",301,"Atenção Básica"
48893,10,"Saúde",301,"Atenção Básica"
48323,10,"Saúde",301,"Atenção Básica"
50282,10,"Saúde",301,"Atenção Básica"
50008,10,"Saúde",301,"Atenção Básica"
49930,23,"Comércio e Serviços",695,"Turismo"
