codigo_ibge,nome_municipio,nome_uf,sigla_uf,codigo_ibge_uf,populacao_2022,pib_2021
2504108,Carrapateira,Paraíba,PB,25,2312,39801594
1718451,Pugmil,Tocantins,TO,17,2193,127927329
2104206,Fortuna,Maranhão,MA,21,16976,214306894
5219902,São Francisco de Goiás,Goiás,GO,52,6378,173868772
2708600,São Miguel dos Campos,Alagoas,AL,27,51990,1594206456
1703883,Carmolândia,Tocantins,TO,17,2201,73171830
1501782,Breu Branco,Pará,PA,15,45712,802220696
4316204,Rondinha,Rio Grande do Sul,RS,43,4991,227715902
4317558,Santo Antônio do Palma,Rio Grande do Sul,RS,43,2091,112424775
4209508,Laurentino,Santa Catarina,SC,42,7932,536260959.99999994
3104106,Arceburgo,Minas Gerais,MG,31,9177,460319032
1720804,Sítio Novo do Tocantins,Tocantins,TO,17,10830,179636724
4202107,Barra Velha,Santa Catarina,SC,42,45369,2468504623
4217808,Taió,Santa Catarina,SC,42,18310,1038272967
4319307,São Paulo das Missões,Rio Grande do Sul,RS,43,5846,214702705
3112802,Capitólio,Minas Gerais,MG,31,10380,443828847
1301159,Careiro da Várzea,Amazonas,AM,13,19637,418937788
3513009,Cotia,São Paulo,SP,35,274413,19060773462
3120870,Curral de Dentro,Minas Gerais,MG,31,7406,94746856
5215652,Palestina de Goiás,Goiás,GO,52,3132,259527745
3532827,Nova Campina,São Paulo,SP,35,8497,260753457
3502507,Aparecida,São Paulo,SP,35,32569,1369698939
4311429,Lajeado do Bugre,Rio Grande do Sul,RS,43,2601,65433099
2701407,Campo Alegre,Alagoas,AL,27,32106,884684562
1707108,Divinópolis do Tocantins,Tocantins,TO,17,7024,323158738
3302601,Mangaratiba,Rio de Janeiro,RJ,33,41220,3443660051
4318002,São Borja,Rio Grande do Sul,RS,43,59676,2550388196
3117207,Conceição das Pedras,Minas Gerais,MG,31,2772,78789510
3156403,Romaria,Minas Gerais,MG,31,3386,288148365
1501758,Brejo Grande do Araguaia,Pará,PA,15,6783,143221297
3200409,Anchieta,Espírito Santo,ES,32,29984,2317578734
5106281,Novo São Joaquim,Mato Grosso,MT,51,6919,930871638
2307403,Jucás,Ceará,CE,23,23922,390389763
3543303,Ribeirão Pires,São Paulo,SP,35,115559,4853228612
2412609,São Paulo do Potengi,Rio Grande do Norte,RN,24,16786,290640338
2802700,Ilha das Flores,Sergipe,SE,28,8321,118392187
2906899,Caraíbas,Bahia,BA,29,9940,123402399
3107802,Bom Jesus do Galho,Minas Gerais,MG,31,14536,221367799
2312809,Senador Sá,Ceará,CE,23,7262,82269622
4308607,Garibaldi,Rio Grande do Sul,RS,43,34335,3565441782
1500404,Alenquer,Pará,PA,15,69377,1578583750
4116703,Nova Aurora,Paraná,PR,41,13765,1040812716
3542008,Quintana,São Paulo,SP,35,7038,371696180
2404309,Governador Dix-Sept Rosado,Rio Grande do Norte,RN,24,11938,595842144
3139250,Mamonas,Minas Gerais,MG,31,5997,79982589
2509800,Mulungu,Paraíba,PB,25,8791,111589121
3106507,Berilo,Minas Gerais,MG,31,9826,139373005
1505205,Oeiras do Pará,Pará,PA,15,33844,535992101.99999994
4202156,Belmonte,Santa Catarina,SC,42,2658,86050263
3128303,Guaranésia,Minas Gerais,MG,31,19150,811249322
1303700,Santo Antônio do Içá,Amazonas,AM,13,28211,354277121
5005806,Nioaque,Mato Grosso do Sul,MS,50,13220,618784393
3114600,Carrancas,Minas Gerais,MG,31,4049,174306657
3545100,Salmourão,São Paulo,SP,35,4808,114823550
3306107,Valença,Rio de Janeiro,RJ,33,68088,3104488799
3144672,Nova Belém,Minas Gerais,MG,31,3151,133537753
2806206,Salgado,Sergipe,SE,28,20279,320943343
2611903,Rio Formoso,Pernambuco,PE,26,20009,374545251
2100956,Arame,Maranhão,MA,21,25517,320623290
5106299,Paranaíta,Mato Grosso,MT,51,11671,833109069
3148806,Pedra do Anta,Minas Gerais,MG,31,3311,65218353
2928802,Santo Estêvão,Bahia,BA,29,52276,1295366193
4106704,Cruzeiro do Sul,Paraná,PR,41,4494,281275104
3532801,Nova Aliança,São Paulo,SP,35,6693,361490478
4311403,Lajeado,Rio Grande do Sul,RS,43,93646,6705226542
2403004,Cruzeta,Rio Grande do Norte,RN,24,8005,154741950
4312757,Nova Alvorada,Rio Grande do Sul,RS,43,3163,201942301
4204707,Cunha Porã,Santa Catarina,SC,42,10953,1090030707
5208400,Goianápolis,Goiás,GO,52,13967,396359317
2511509,Pilar,Paraíba,PB,25,12311,158900966
2200905,Aroazes,Piauí,PI,22,5369,69489390
3119401,Coronel Fabriciano,Minas Gerais,MG,31,104736,2387845824
2210904,Socorro do Piauí,Piauí,PI,22,4141,52907478
3158201,Santa Maria do Suaçuí,Minas Gerais,MG,31,12788,223266132
3168200,Tapiraí,Minas Gerais,MG,31,1690,70280891
3535903,Paranapuã,São Paulo,SP,35,4031,160652727
2919058,Lajedo do Tabocal,Bahia,BA,29,7494,102349698
3300258,Arraial do Cabo,Rio de Janeiro,RJ,33,30986,9335373871
3138807,Luz,Minas Gerais,MG,31,17875,863686116
3522802,Itaporanga,São Paulo,SP,35,14085,408306917
1507003,Santo Antônio do Tauá,Pará,PA,15,27461,687291270
3121308,Descoberto,Minas Gerais,MG,31,4928,116297582
4118501,Pato Branco,Paraná,PR,41,91836,5817896335
3525904,Jundiaí,São Paulo,SP,35,443221,65418378096
2906873,Capim Grosso,Bahia,BA,29,33235,801015808
5207105,Diorama,Goiás,GO,52,2062,121730795
3118106,Congonhas do Norte,Minas Gerais,MG,31,4831,63888712
4301404,Arvorezinha,Rio Grande do Sul,RS,43,10322,404652153
3534609,Osvaldo Cruz,São Paulo,SP,35,31272,1615247661
4202131,Bela Vista do Toldo,Santa Catarina,SC,42,5872,277735033
2922755,Nova Ibiá,Bahia,BA,29,6501,127888329
2308708,Morada Nova,Ceará,CE,23,61443,1877981945
2504157,Casserengue,Paraíba,PB,25,6889,83914327
2911402,Glória,Bahia,BA,29,15524,297614829
2921401,Mirangaba,Bahia,BA,29,15734,167190994
3151602,Planura,Minas Gerais,MG,31,11145,843200535
3161601,São Geraldo da Piedade,Minas Gerais,MG,31,3305,53463223
4203402,Campo Belo do Sul,Santa Catarina,SC,42,7257,401476284
4121109,Quinta do Sol,Paraná,PR,41,5001,314953109
2918001,Jequié,Bahia,BA,29,158813,3882706960
5218607,Rialma,Goiás,GO,52,12165,410814324
3516101,Florínea,São Paulo,SP,35,3851,216161178
3508207,Buritizal,São Paulo,SP,35,4356,305567589
4108502,General Carneiro,Paraná,PR,41,11062,437293913
4318051,São Domingos do Sul,Rio Grande do Sul,RS,43,2754,130564498
3506904,Bofete,São Paulo,SP,35,10460,309772994
2111409,São Luís Gonzaga do Maranhão,Maranhão,MA,21,17818,198314829
3532868,Nova Castilho,São Paulo,SP,35,1062,91227505
2406700,Lajes,Rio Grande do Norte,RN,24,9866,632669645
4313201,Nova Petrópolis,Rio Grande do Sul,RS,43,23300,1103618078
2501500,Bananeiras,Paraíba,PB,25,23134,370979522
3539400,Piratininga,São Paulo,SP,35,15108,389654818
4111902,Jaguapitã,Paraná,PR,41,15122,1452483418
3142007,Mirabela,Minas Gerais,MG,31,13651,193762204
2931905,Tucano,Bahia,BA,29,48736,823511194
4320206,Seberi,Rio Grande do Sul,RS,43,11950,827495705
2413508,Serrinha,Rio Grande do Norte,RN,24,6436,92367949
4208203,Itajaí,Santa Catarina,SC,42,264054,48195908536
2910107,Dom Basílio,Bahia,BA,29,11884,177242569
3524600,Jacupiranga,São Paulo,SP,35,16097,698900817
2920106,Mairi,Bahia,BA,29,17674,211982299
2204402,Gilbués,Piauí,PI,22,10892,490465138
4117214,Nova Santa Bárbara,Paraná,PR,41,4184,131608565
2405405,Japi,Rio Grande do Norte,RN,24,5117,69177462
3161650,São Geraldo do Baixio,Minas Gerais,MG,31,3143,56810761
3150307,Piedade do Rio Grande,Minas Gerais,MG,31,4604,135157704
3160306,Santo Antônio do Jacinto,Minas Gerais,MG,31,10327,131043645
2900900,Almadina,Bahia,BA,29,5218,79710606
3100203,Abaeté,Minas Gerais,MG,31,22675,641970992
4303202,Cacique Doble,Rio Grande do Sul,RS,43,4603,154022394
3153400,Presidente Olegário,Minas Gerais,MG,31,18765,904882533
2805802,Riachão do Dantas,Sergipe,SE,28,18313,419338643
2907301,Castro Alves,Bahia,BA,29,24712,431937994
2905503,Caldeirão Grande,Bahia,BA,29,13080,138754744
1720853,Sucupira,Tocantins,TO,17,1577,310361254
3163409,São José do Goiabal,Minas Gerais,MG,31,5396,87323239
4101903,Assaí,Paraná,PR,41,13797,637193778
5217302,Pirenópolis,Goiás,GO,52,26690,830089050
3538105,Pindorama,São Paulo,SP,35,14542,733295538
4110607,Iporã,Paraná,PR,41,15746,850007477
3203502,Montanha,Espírito Santo,ES,32,18900,564548960
2206209,Miguel Alves,Piauí,PI,22,32150,421897051
4113700,Londrina,Paraná,PR,41,555965,27999537379
2210938,Sussuapara,Piauí,PI,22,6220,85293366
3122603,Dom Joaquim,Minas Gerais,MG,31,4899,81864373
3152105,Ponte Nova,Minas Gerais,MG,31,57776,2594058940
3162104,São Gotardo,Minas Gerais,MG,31,40910,1555360957
4117222,Nova Santa Rosa,Paraná,PR,41,8322,484275344
3113305,Carangola,Minas Gerais,MG,31,31240,780302918
3130903,Inhapim,Minas Gerais,MG,31,22692,543259654
3528700,Marabá Paulista,São Paulo,SP,35,4573,201667809
3156452,Rosário da Limeira,Minas Gerais,MG,31,4734,90798137
4308656,Garruchos,Rio Grande do Sul,RS,43,2688,134739375
4307708,Esteio,Rio Grande do Sul,RS,43,76137,3998587375
3105004,Baldim,Minas Gerais,MG,31,7492,132125412.00000001
3511508,Cerquilho,São Paulo,SP,35,44695,2891327658
2303907,Chaval,Ceará,CE,23,12462,141210890
5104526,Ipiranga do Norte,Mato Grosso,MT,51,7815,2175037191
4314506,Pinheiro Machado,Rio Grande do Sul,RS,43,11214,357895602
2310704,Pentecoste,Ceará,CE,23,37813,522218356
2904209,Botuporã,Bahia,BA,29,11024,132224666.99999999
3306156,Varre-Sai,Rio de Janeiro,RJ,33,10207,407915097
4319372,São Pedro do Butiá,Rio Grande do Sul,RS,43,3070,139485247
3142908,Monte Azul,Minas Gerais,MG,31,20328,325957625
4100608,Alto Paraná,Paraná,PR,41,13909,562666681
5103254,Colniza,Mato Grosso,MT,51,25766,852175362
3532843,Nova Canaã Paulista,São Paulo,SP,35,2032,57172272
4103701,Cambé,Paraná,PR,41,107208,6771172732
2602100,Bom Conselho,Pernambuco,PE,26,44294,801671252
3553104,Taiaçu,São Paulo,SP,35,5677,155640314
2610202,Panelas,Pernambuco,PE,26,22991,239945488
1703008,Babaçulândia,Tocantins,TO,17,7880,169441279
2501534,Baraúna,Paraíba,PB,25,4762,62002341
2112704,Vargem Grande,Maranhão,MA,21,43261,467351106
4304507,Canguçu,Rio Grande do Sul,RS,43,49680,1825527908
4115457,Marquinho,Paraná,PR,41,4504,134982203
3147501,Passabém,Minas Gerais,MG,31,1600,30001890
3500808,Alfredo Marcondes,São Paulo,SP,35,4445,158136921
2400802,Angicos,Rio Grande do Norte,RN,24,11632,257919437
4117206,Nova Olímpia,Paraná,PR,41,5833,132741265.00000001
3124401,Espírito Santo do Dourado,Minas Gerais,MG,31,6611,151055758
5003207,Corumbá,Mato Grosso do Sul,MS,50,96268,4187429397
1703057,Bandeirantes do Tocantins,Tocantins,TO,17,3407,249695907
3541604,Promissão,São Paulo,SP,35,35131,3349680915
2302602,Camocim,Ceará,CE,23,62326,982886784
3510203,Capão Bonito,São Paulo,SP,35,46337,1668881584
5204904,Campos Belos,Goiás,GO,52,18108,404844061
2303956,Chorozinho,Ceará,CE,23,20163,268765642
3137502,Lagoa Formosa,Minas Gerais,MG,31,18904,713683216
3129608,Ibiaí,Minas Gerais,MG,31,6286,123723762
4210605,Massaranduba,Santa Catarina,SC,42,17162,1050211472.0000001
2209401,Santo Antônio de Lisboa,Piauí,PI,22,5839,97848542
4319356,São Pedro da Serra,Rio Grande do Sul,RS,43,3548,122650888
3505609,Barrinha,São Paulo,SP,35,32092,737580107
3303955,Pinheiral,Rio de Janeiro,RJ,33,24298,1187696530
2107704,Paraibano,Maranhão,MA,21,18274,210302091
1703073,Barra do Ouro,Tocantins,TO,17,4476,100382078
3115904,Chácara,Minas Gerais,MG,31,3075,62303794
3305703,Sumidouro,Rio de Janeiro,RJ,33,15206,733840978
4113734,Luiziana,Paraná,PR,41,6690,599341015
3540309,Pontes Gestal,São Paulo,SP,35,2387,152498657
4108551,Godoy Moreira,Paraná,PR,41,2977,96133019
4107207,Dois Vizinhos,Paraná,PR,41,44869,2609172747
3304409,Rio Claro,Rio de Janeiro,RJ,33,17401,577431358
1508100,Tucuruí,Pará,PA,15,91306,5457108081
4309951,Ibirapuitã,Rio Grande do Sul,RS,43,3723,188101758
4124202,Santo Antônio do Caiuá,Paraná,PR,41,2493,70026829
4117255,Nova Prata do Iguaçu,Paraná,PR,41,12699,560124346
2207504,Palmeirais,Piauí,PI,22,13264,167663224
5213004,Maurilândia,Goiás,GO,52,10304,327507996
5104500,Indiavaí,Mato Grosso,MT,51,2213,109660036
5203609,Brazabrantes,Goiás,GO,52,3992,106412044
2700102,Água Branca,Alagoas,AL,27,19008,246052188
3169505,Tumiritinga,Minas Gerais,MG,31,5886,94509950
2202711,Cocal de Telha,Piauí,PI,22,4911,60324432
1300706,Boca do Acre,Amazonas,AM,13,35447,661734760
5107602,Rondonópolis,Mato Grosso,MT,51,244911,16568249913
2210979,Tanque do Piauí,Piauí,PI,22,2316,44035038
4319364,São Pedro das Missões,Rio Grande do Sul,RS,43,1757,72910985
2908606,Conde,Bahia,BA,29,23654,365281648
4219606,Xavantina,Santa Catarina,SC,42,3653,249449508
3541653,Quadra,São Paulo,SP,35,3405,209960369
2109908,Santa Inês,Maranhão,MA,21,85014,1837615351
2309201,Nova Olinda,Ceará,CE,23,15399,206839413
3106101,Belmiro Braga,Minas Gerais,MG,31,3244,79257657
2612802,Santa Terezinha,Pernambuco,PE,26,10244,122738896
2202729,Cocal dos Alves,Piauí,PI,22,6386,73414113
4212403,Pedras Grandes,Santa Catarina,SC,42,4245,305366304
5204953,Campos Verdes,Goiás,GO,52,4005,80964078
5006903,Porto Murtinho,Mato Grosso do Sul,MS,50,12859,571510637
3159308,Santa Rita de Jacutinga,Minas Gerais,MG,31,4755,87242025
3305752,Tanguá,Rio de Janeiro,RJ,33,31086,858814524
4119806,Planalto,Paraná,PR,41,14374,526047929
5206701,Damianópolis,Goiás,GO,52,3770,59529127
3129657,Ibiracatu,Minas Gerais,MG,31,5081,62187813
2804508,Nossa Senhora da Glória,Sergipe,SE,28,41212,1048319704
1714302,Nazaré,Tocantins,TO,17,4521,78447133
4107256,Douradina,Paraná,PR,41,9161,859149606
2611507,Quipapá,Pernambuco,PE,26,17928,211463129
1502202,Capanema,Pará,PA,15,70394,1883282118
2703205,Igreja Nova,Alagoas,AL,27,21372,697571556
3202207,Fundão,Espírito Santo,ES,32,18014,595414657
2303931,Choró,Ceará,CE,23,12113,211479258
2412203,São José de Mipibu,Rio Grande do Norte,RN,24,47286,1457800063
2413557,Serrinha dos Pintos,Rio Grande do Norte,RN,24,4659,64721869
5205406,Ceres,Goiás,GO,52,22046,986057140
4110656,Iracema do Oeste,Paraná,PR,41,2343,126065431
4109609,Guaratuba,Paraná,PR,41,42062,1220949312
4211108,Monte Castelo,Santa Catarina,SC,42,7736,285959084
4314548,Pinto Bandeira,Rio Grande do Sul,RS,43,2723,93134270
1600204,Calçoene,Amapá,AP,16,10612,295400671
4201703,Ascurra,Santa Catarina,SC,42,8319,315202085
2508505,Livramento,Paraíba,PB,25,6877,83601537
4126801,Tapejara,Paraná,PR,41,15869,731142879
3545159,Saltinho,São Paulo,SP,35,8161,471342306
3137536,Lagoa Grande,Minas Gerais,MG,31,8969,312254152
2501575,Barra de Santana,Paraíba,PB,25,8059,115120585
2605202,Escada,Pernambuco,PE,26,59891,1582303161
2108603,Pinheiro,Maranhão,MA,21,84621,1332999976
3527405,Lucélia,São Paulo,SP,35,20061,600068339
2200954,Aroeiras do Itaim,Piauí,PI,22,2690,31539906
2210953,Tamboril do Piauí,Piauí,PI,22,2949,39133590
3202256,Governador Lindenberg,Espírito Santo,ES,32,11009,428412966
2202703,Cocal,Piauí,PI,22,28212,351832437
3542909,Ribeirão Bonito,São Paulo,SP,35,10989,494054078
5108907,Nova Maringá,Mato Grosso,MT,51,5846,1490869448
3517406,Guaíra,São Paulo,SP,35,39279,3233958320
3526100,Juquiá,São Paulo,SP,35,17154,446417514
2403905,Francisco Dantas,Rio Grande do Norte,RN,24,2700,42580021
4204756,Cunhataí,Santa Catarina,SC,42,1968,106831281
2209450,Santo Antônio dos Milagres,Piauí,PI,22,2138,25284397
4314555,Pirapó,Rio Grande do Sul,RS,43,2260,72015695
4206504,Guaramirim,Santa Catarina,SC,42,46711,3136749682
3123106,Dores de Guanhães,Minas Gerais,MG,31,5029,190470271
4321501,Torres,Rio Grande do Sul,RS,43,41751,1835529325
1508126,Ulianópolis,Pará,PA,15,37972,2344285426
4320230,Sede Nova,Rio Grande do Sul,RS,43,2704,122594738
2101400,Balsas,Maranhão,MA,21,101767,7529798468
2928000,Santaluz,Bahia,BA,29,37834,678132686
2921450,Mirante,Bahia,BA,29,10187,102821862
2510204,Nova Olinda,Paraíba,PB,25,5787,69482458
4117297,Novo Itacolomi,Paraná,PR,41,3125,124922572
4205209,Erval Velho,Santa Catarina,SC,42,4885,253179087
3101508,Além Paraíba,Minas Gerais,MG,31,30717,1045758927
2709103,Taquarana,Alagoas,AL,27,19032,664758758
2100105,Afonso Cunha,Maranhão,MA,21,6144,105581152
2805406,Poço Redondo,Sergipe,SE,28,33439,763538928
3204807,São José do Calçado,Espírito Santo,ES,32,10878,230811784
1101203,Ministro Andreazza,Rondônia,RO,11,6466,440281632
2923209,Oliveira dos Brejinhos,Bahia,BA,29,20715,420123901
3547700,Santo Anastácio,São Paulo,SP,35,17963,630472796
1504802,Monte Alegre,Pará,PA,15,60012,1227318864
5104542,Itanhangá,Mato Grosso,MT,51,7539,856165704
2408508,Ouro Branco,Rio Grande do Norte,RN,24,4913,80889348
2512002,Pocinhos,Paraíba,PB,25,17469,334111865
2202752,Colônia do Gurguéia,Piauí,PI,22,6150,92948879
5104559,Itaúba,Mato Grosso,MT,51,5020,666706687
2500205,Aguiar,Paraíba,PB,25,5003,68585332
5200803,Alvorada do Norte,Goiás,GO,52,8446,223108934
5003256,Costa Rica,Mato Grosso do Sul,MS,50,26037,3341491280
1600238,Ferreira Gomes,Amapá,AP,16,6666,557990114
3546405,Santa Cruz do Rio Pardo,São Paulo,SP,35,46442,4319822468
3152131,Ponto Chique,Minas Gerais,MG,31,3747,63930732
2207553,Paquetá,Piauí,PI,22,3813,53216600
2407203,Macau,Rio Grande do Norte,RN,24,27369,1315679541
3549508,São José da Bela Vista,São Paulo,SP,35,7626,336021818
2902708,Barra,Bahia,BA,29,51092,558492724
5213053,Mimoso de Goiás,Goiás,GO,52,2614,179168053
2607802,Itaquitinga,Pernambuco,PE,26,16554,223249412
3550308,São Paulo,São Paulo,SP,35,11451999,1066825104983
2502003,Belém do Brejo do Cruz,Paraíba,PB,25,6268,93159633
2515906,Serraria,Paraíba,PB,25,4885,79578973
5219100,Santa Bárbara de Goiás,Goiás,GO,52,6149,183431007
4307302,Erval Seco,Rio Grande do Sul,RS,43,6787,299811189
4117271,Nova Tebas,Paraná,PR,41,6848,237201942
2930600,Serrolândia,Bahia,BA,29,13335,153750111
4113759,Lunardelli,Paraná,PR,41,4872,147289656
2202737,Coivaras,Piauí,PI,22,4117,50028670
2303501,Cascavel,Ceará,CE,23,72720,1334364346
4315800,Roca Sales,Rio Grande do Sul,RS,43,10418,626610876
3125705,Felixlândia,Minas Gerais,MG,31,13978,315867475
1721307,Tupiratins,Tocantins,TO,17,1874,48416708
4112405,Japurá,Paraná,PR,41,9144,441907453
3503000,Aramina,São Paulo,SP,35,5420,219178923
3303104,Natividade,Rio de Janeiro,RJ,33,15074,408435620
3548203,Santo Antônio do Pinhal,São Paulo,SP,35,7133,191747438
3518701,Guarujá,São Paulo,SP,35,287634,11536359008
3170404,Unaí,Minas Gerais,MG,31,86619,5221529413
4218301,Três Barras,Santa Catarina,SC,42,19746,2060109557
4207809,Irani,Santa Catarina,SC,42,10195,339803198
2919926,Madre de Deus,Bahia,BA,29,18504,710438473
1600212,Cutias,Amapá,AP,16,4461,115359475
4320263,Segredo,Rio Grande do Sul,RS,43,6009,181685939
2517209,Vieirópolis,Paraíba,PB,25,4864,59242478
5220207,São Miguel do Araguaia,Goiás,GO,52,21900,880801580
3132701,Itambacuri,Minas Gerais,MG,31,21042,415054966
2302206,Beberibe,Ceará,CE,23,53114,1445504852
4306007,Crissiumal,Rio Grande do Sul,RS,43,12886,500660437
1720002,Santa Terezinha do Tocantins,Tocantins,TO,17,2406,46685867
2505907,Emas,Paraíba,PB,25,3011,46041690
4309100,Gramado,Rio Grande do Sul,RS,43,40134,3565829854
2915809,Itambé,Bahia,BA,29,24394,403897700
2925808,Queimadas,Bahia,BA,29,25988,321603264
4322806,Veranópolis,Rio Grande do Sul,RS,43,24021,2395417386
4120705,Quatiguá,Paraná,PR,41,8099,244506540
2507200,Itatuba,Paraíba,PB,25,10499,211521807
2508554,Logradouro,Paraíba,PB,25,4797,65569293.99999999
3102803,Andrelândia,Minas Gerais,MG,31,11927,340782313
2932408,Uibaí,Bahia,BA,29,13432,177264992
2305308,Ibiapina,Ceará,CE,23,23965,431904938
4125506,São José dos Pinhais,Paraná,PR,41,329628,33957963934
2800605,Barra dos Coqueiros,Sergipe,SE,28,41511,2478981558
5205455,Cezarina,Goiás,GO,52,8090,533170015
5001508,Bandeirantes,Mato Grosso do Sul,MS,50,7940,1001346231
2906006,Campo Formoso,Bahia,BA,29,71377,1617786003
4217006,São Ludgero,Santa Catarina,SC,42,13509,1241477563
3112000,Candeias,Minas Gerais,MG,31,14001,442692446
4102406,Bandeirantes,Paraná,PR,41,31273,1362233291
2107308,Nova Iorque,Maranhão,MA,21,4320,53435727
3146206,Ouro Verde de Minas,Minas Gerais,MG,31,5757,87363263
2914505,Irará,Bahia,BA,29,28043,385665422
2924504,Pindaí,Bahia,BA,29,14731,285212565
4306072,Cristal do Sul,Rio Grande do Sul,RS,43,2692,98786982
2929305,São Gonçalo dos Campos,Bahia,BA,29,39513,1673385933
1703909,Caseara,Tocantins,TO,17,4847,474487896
2409803,Pedro Velho,Rio Grande do Norte,RN,24,13824,200896313
3136207,João Monlevade,Minas Gerais,MG,31,80187,4286349250
3154705,Ribeirão Vermelho,Minas Gerais,MG,31,4080,132863041.99999999
3164704,São Sebastião do Paraíso,Minas Gerais,MG,31,71796,2834250036
3129202,Heliodora,Minas Gerais,MG,31,6134,156943337
2106003,Lima Campos,Maranhão,MA,21,11297,237816923
2804102,Moita Bonita,Sergipe,SE,28,11050,280139710
5213087,Minaçu,Goiás,GO,52,27075,1286496521
3533304,Nova Luzitânia,São Paulo,SP,35,2837,70079780
2909901,Curaçá,Bahia,BA,29,34180,499931719
2919900,Macururé,Bahia,BA,29,7256,80971997
3157807,Santa Luzia,Minas Gerais,MG,31,219132,6608096770
3167806,Soledade de Minas,Minas Gerais,MG,31,5613,104146834
2407252,Major Sales,Rio Grande do Norte,RN,24,3924,65725153.00000001
4125555,São Manoel do Paraná,Paraná,PR,41,2138,83030479
5108956,Nova Monte Verde,Mato Grosso,MT,51,8313,441951196
3104601,Astolfo Dutra,Minas Gerais,MG,31,14138,453515717
3532009,Morungaba,São Paulo,SP,35,13720,765640893
2611533,Quixaba,Pernambuco,PE,26,6554,75901864
1600279,Laranjal do Jari,Amapá,AP,16,35114,1335225460
2709152,Teotônio Vilela,Alagoas,AL,27,38053,941856206
4127304,Terra Rica,Paraná,PR,41,14842,539546294
3152170,Ponto dos Volantes,Minas Gerais,MG,31,10883,149416361
3523305,Itariri,São Paulo,SP,35,15528,400626557
1503507,Irituia,Pará,PA,15,30955,377734549
5005004,Jardim,Mato Grosso do Sul,MS,50,23981,1130237391
3552700,Tabatinga,São Paulo,SP,35,14769,512361457
1400100,Boa Vista,Roraima,RR,14,413486,18234168562
3166501,Serra Azul de Minas,Minas Gerais,MG,31,3792,56048560
5214804,Nova Aurora,Goiás,GO,52,2101,71369034
2918605,Jussiape,Bahia,BA,29,7379,87227640
2515930,Sertãozinho,Paraíba,PB,25,5054,71174834
2919959,Maetinga,Bahia,BA,29,6973,81860129
2929370,São José do Jacuípe,Bahia,BA,29,10187,154211160
2603926,Carnaubeira da Penha,Pernambuco,PE,26,12239,107059281
2100154,Água Doce do Maranhão,Maranhão,MA,21,12142,130745967
5106307,Paranatinga,Mato Grosso,MT,51,26423,2920746389
3513900,Divinolândia,São Paulo,SP,35,11158,528584116.00000006
3535101,Palmares Paulista,São Paulo,SP,35,9650,209646424
3109204,Buenópolis,Minas Gerais,MG,31,9150,191748182
3148004,Patos de Minas,Minas Gerais,MG,31,159235,8151368621
3522000,Itaju,São Paulo,SP,35,3618,308304551
3117702,Conceição do Rio Verde,Minas Gerais,MG,31,12541,352054354
3504305,Avaí,São Paulo,SP,35,4483,500953319
5221502,Turvânia,Goiás,GO,52,4480,359273563
2305332,Ibicuitinga,Ceará,CE,23,11611,150877496
3512605,Coronel Macedo,São Paulo,SP,35,4280,165849194
2200103,Agricolândia,Piauí,PI,22,4940,57335342
2701902,Chã Preta,Alagoas,AL,27,5910,289693121
2210102,São José do Peixe,Piauí,PI,22,3297,50038985
2616506,Xexéu,Pernambuco,PE,26,11611,201330448
2916708,Itaquara,Bahia,BA,29,8153,105757568
3525102,Jardinópolis,São Paulo,SP,35,45282,2398612345
3138005,Laranjal,Minas Gerais,MG,31,5963,116195241
4128625,Alto Paraíso,Paraná,PR,41,3055,147760207
2508109,Lagoa,Paraíba,PB,25,4415,65991205
3515707,Ferraz de Vasconcelos,São Paulo,SP,35,179198,5523980573
2614600,Tabira,Pernambuco,PE,26,27681,358222771
2306603,Itatira,Ceará,CE,23,20424,236127745
3109253,Bugre,Minas Gerais,MG,31,4041,56472007
4318903,São Luiz Gonzaga,Rio Grande do Sul,RS,43,34752,1712989662
3128808,Guidoval,Minas Gerais,MG,31,7131,134343372
1304237,Tonantins,Amazonas,AM,13,19247,214602356
2801900,Cumbe,Sergipe,SE,28,3824,82670980
2606507,Iati,Pernambuco,PE,26,17165,236012709
2615201,Terra Nova,Pernambuco,PE,26,8920,125359398
5213905,Mossâmedes,Goiás,GO,52,4654,170963243
1508159,Uruará,Pará,PA,15,43558,1057793926
1600253,Itaubal,Amapá,AP,16,5599,132722739.99999999
2202778,Colônia do Piauí,Piauí,PI,22,6994,82383059
3506102,Bebedouro,São Paulo,SP,35,76373,5343661449
3159357,Santa Rita de Minas,Minas Gerais,MG,31,6773,208455674
1716109,Paraíso do Tocantins,Tocantins,TO,17,52360,2288330406
3171709,Virgínia,Minas Gerais,MG,31,8908,238862597
2414001,Tangará,Rio Grande do Norte,RN,24,13281,225000067
2502052,Bernardino Batista,Paraíba,PB,25,3504,53720819
2901403,Angical,Bahia,BA,29,13732,229298219
2404804,Ipueira,Rio Grande do Norte,RN,24,2035,42669397
3141603,Mercês,Minas Gerais,MG,31,10373,189388298
5106315,Novo Santo Antônio,Mato Grosso,MT,51,2015,71502683
3556206,Valinhos,São Paulo,SP,35,126373,10200700888
5200829,Amaralina,Goiás,GO,52,3268,124600604
2613305,São Joaquim do Monte,Pernambuco,PE,26,20037,258411314
2403509,Espírito Santo,Rio Grande do Norte,RN,24,10620,126681844
4128633,Doutor Ulysses,Paraná,PR,41,5697,116147313
5205497,Cidade Ocidental,Goiás,GO,52,91767,1351012615
4109658,Honório Serpa,Paraná,PR,41,4941,386520653
4306056,Cristal,Rio Grande do Sul,RS,43,7299,300530225
1304203,Tefé,Amazonas,AM,13,73669,1619516978
4128609,Verê,Paraná,PR,41,7932,606828158
3131406,Ipiaçu,Minas Gerais,MG,31,3775,230520968
4322855,Vespasiano Corrêa,Rio Grande do Sul,RS,43,1818,104348308
3529203,Martinópolis,São Paulo,SP,35,24881,949416286
2603900,Carnaíba,Pernambuco,PE,26,18644,212891122
2921054,Matina,Bahia,BA,29,10330,123261011
4310207,Ijuí,Rio Grande do Sul,RS,43,84780,6105244061
5007406,Rio Verde de Mato Grosso,Mato Grosso do Sul,MS,50,19818,926596607
2900108,Abaíra,Bahia,BA,29,7301,84853976
2929354,São José da Vitória,Bahia,BA,29,5315,71407246
3514403,Dracena,São Paulo,SP,35,45474,1855223877
5000203,Água Clara,Mato Grosso do Sul,MS,50,16741,1544633286
4111100,Itambé,Paraná,PR,41,6111,276022490
2705804,Olho d'Água do Casado,Alagoas,AL,27,8349,100591910
3544707,Sagres,São Paulo,SP,35,2474,72625441
2512036,Poço Dantas,Paraíba,PB,25,3830,56713300
4207858,Irati,Santa Catarina,SC,42,2069,78559622
3519204,Iacri,São Paulo,SP,35,6131,372133574
4214805,Rio do Sul,Santa Catarina,SC,42,72587,4621903114
3112059,Cantagalo,Minas Gerais,MG,31,3974,63289423
2932457,Umburanas,Bahia,BA,29,13642,238955363
2921906,Mucugê,Bahia,BA,29,12137,599591173
3140308,Marliéria,Minas Gerais,MG,31,4592,67778906
5214838,Nova Crixás,Goiás,GO,52,12815,932185498
2201408,Barro Duro,Piauí,PI,22,6640,104884555
2211407,Várzea Grande,Piauí,PI,22,4417,54664274
3143401,Monte Sião,Minas Gerais,MG,31,24089,723677875
2513307,Santa Helena,Paraíba,PB,25,5865,84255792
2311207,Potengi,Ceará,CE,23,8833,120981423
2704500,Maragogi,Alagoas,AL,27,32174,1219925956
3201803,Divino de São Lourenço,Espírito Santo,ES,32,5083,101957606
4323309,Vila Flores,Rio Grande do Sul,RS,43,3646,376708951
4309126,Gramado dos Loureiros,Rio Grande do Sul,RS,43,2014,87589213
3102852,Angelândia,Minas Gerais,MG,31,7718,193853189
1718501,Recursolândia,Tocantins,TO,17,3421,101804662
1507904,Soure,Pará,PA,15,24204,338748476
4300208,Ajuricaba,Rio Grande do Sul,RS,43,6720,383524803
5205471,Chapadão do Céu,Goiás,GO,52,12870,2486006102
2707602,Quebrangulo,Alagoas,AL,27,11080,195017776
3133204,Itanhomi,Minas Gerais,MG,31,11128,178778400
4123824,Santa Lúcia,Paraná,PR,41,3644,158188010
4101101,Andirá,Paraná,PR,41,19878,861172558
4315008,Porto Lucena,Rio Grande do Sul,RS,43,4360,128971832
2301802,Baixio,Ceará,CE,23,5704,72488073
2515971,Sobrado,Paraíba,PB,25,8236,135261631
3103306,Aracitaba,Minas Gerais,MG,31,2049,40166056
2902302,Aratuípe,Bahia,BA,29,8677,107370357
3170438,União de Minas,Minas Gerais,MG,31,3828,187678535
3301603,Duas Barras,Rio de Janeiro,RJ,33,10980,285448057
1507953,Tailândia,Pará,PA,15,72493,2023567633
3146255,Padre Carvalho,Minas Gerais,MG,31,5058,68448346
1506609,Santa Maria do Pará,Pará,PA,15,24624,570081228
2503308,Cachoeira dos Índios,Paraíba,PB,25,9151,153125239
4213500,Porto Belo,Santa Catarina,SC,42,27688,2090678166
4101150,Ângulo,Paraná,PR,41,3235,179777974
3120904,Curvelo,Minas Gerais,MG,31,80665,2706326327
2103802,Dom Pedro,Maranhão,MA,21,23053,314607700
2300507,Alcântaras,Ceará,CE,23,11369,115642521
3551405,Serra Azul,São Paulo,SP,35,12746,269296727
4216602,São José,Santa Catarina,SC,42,270299,15575672162
4305009,Catuípe,Rio Grande do Sul,RS,43,8674,425026002
5209804,Hidrolina,Goiás,GO,52,3545,110996861
2928059,Santa Luzia,Bahia,BA,29,13896,165145314
2800670,Boquim,Sergipe,SE,28,24636,436636496
3300308,Barra do Piraí,Rio de Janeiro,RJ,33,92883,3225723098
4315057,Porto Mauá,Rio Grande do Sul,RS,43,2142,79556903
4207007,Içara,Santa Catarina,SC,42,59035,4878273748
2203206,Curimatá,Piauí,PI,22,11270,186259286
2600203,Afrânio,Pernambuco,PE,26,18674,271667780
4323358,Vila Lângaro,Rio Grande do Sul,RS,43,2079,155270798
4215307,Salete,Santa Catarina,SC,42,7489,383453011
3110301,Caldas,Minas Gerais,MG,31,14217,372573576
3501301,Álvares Machado,São Paulo,SP,35,27255,859771399
1507961,Terra Alta,Pará,PA,15,10400,114730932
5002803,Caracol,Mato Grosso do Sul,MS,50,5036,251147647
2102507,Cajari,Maranhão,MA,21,16412,155103283
3532058,Motuca,São Paulo,SP,35,4034,171027138
5103700,Feliz Natal,Mato Grosso,MT,51,10521,1151310745
2301851,Banabuiú,Ceará,CE,23,17195,318578722
2105609,Joselândia,Maranhão,MA,21,14924,139773509
2208007,Picos,Piauí,PI,22,83090,2456681525
4218350,Treviso,Santa Catarina,SC,42,3782,198899904
4317608,Santo Antônio da Patrulha,Rio Grande do Sul,RS,43,42947,2178830731
5105002,Jauru,Mato Grosso,MT,51,8367,371424149
2915403,Itaju do Colônia,Bahia,BA,29,6037,110196786
3172202,Wenceslau Braz,Minas Gerais,MG,31,2356,43766829
4123808,Santa Izabel do Oeste,Paraná,PR,41,14070,514078556
2311264,Quiterianópolis,Ceará,CE,23,20213,249898465
4200408,Água Doce,Santa Catarina,SC,42,6508,747811766
5001102,Aquidauana,Mato Grosso do Sul,MS,50,46803,1437450670
5204102,Cachoeira Alta,Goiás,GO,52,11513,365149751
4309159,Gramado Xavier,Rio Grande do Sul,RS,43,3304,124279775
3531605,Monte Castelo,São Paulo,SP,35,4222,161947180
2512077,Poço de José de Moura,Paraíba,PB,25,4006,61655267
1304260,Uarini,Amazonas,AM,13,14431,265245826
3144706,Nova Era,Minas Gerais,MG,31,17438,480775333
3519253,Iaras,São Paulo,SP,35,8010,326006583
2514602,São José do Bonfim,Paraíba,PB,25,3242,41022329
3105707,Barra Longa,Minas Gerais,MG,31,5666,101736250
2924108,Pedrão,Bahia,BA,29,6235,68923760
3127503,Gonzaga,Minas Gerais,MG,31,5230,92850186
5201702,Aragarças,Goiás,GO,52,18390,360573464
3115102,Cássia,Minas Gerais,MG,31,17155,519892094
4114203,Mandaguari,Paraná,PR,41,36716,2916499996
3521606,Irapuru,São Paulo,SP,35,7085,142421744
2612000,Sairé,Pernambuco,PE,26,10887,204199246
2305357,Icapuí,Ceará,CE,23,21433,453185342
1400175,Cantá,Roraima,RR,14,18682,498394212
3134509,Itutinga,Minas Gerais,MG,31,4217,221742319
2311231,Potiretama,Ceará,CE,23,5974,104345252
1718550,Riachinho,Tocantins,TO,17,3960,75295342
2104305,Godofredo Viana,Maranhão,MA,21,10186,855185573
2914109,Ipupiara,Bahia,BA,29,9935,138063549
5214879,Nova Iguaçu de Goiás,Goiás,GO,52,3010,72974500
4306908,Encruzilhada do Sul,Rio Grande do Sul,RS,43,23819,1189528484
3149309,Pedro Leopoldo,Minas Gerais,MG,31,62580,2514376518
2304004,Coreaú,Ceará,CE,23,20953,265519454.00000003
4316303,Roque Gonzales,Rio Grande do Sul,RS,43,6576,396753067
2504603,Conde,Paraíba,PB,25,27605,1648300158
2516409,Tacima,Paraíba,PB,25,8010,106669944
2602605,Brejo da Madre de Deus,Pernambuco,PE,26,48648,530034971
4202206,Benedito Novo,Santa Catarina,SC,42,10520,496824432
2107357,Nova Olinda do Maranhão,Maranhão,MA,21,14314,171963416
3112901,Caputira,Minas Gerais,MG,31,8936,196871684
1301654,Guajará,Amazonas,AM,13,13815,184646312
2109106,Presidente Dutra,Maranhão,MA,21,45155,990072543
2307908,Martinópole,Ceará,CE,23,10846,125471874
4128658,Virmond,Paraná,PR,41,3811,241579027
4104204,Campo Largo,Paraná,PR,41,136327,7070392747
1704105,Centenário,Tocantins,TO,17,2131,109325329
3530300,Mirassol,São Paulo,SP,35,63337,3345887627
1713957,Muricilândia,Tocantins,TO,17,3367,79966335
1300300,Autazes,Amazonas,AM,13,41564,584989752
3170479,Uruana de Minas,Minas Gerais,MG,31,3282,96142125
4119004,Pérola d'Oeste,Paraná,PR,41,6221,270487390
3555802,Urânia,São Paulo,SP,35,8833,366620323
2601300,Barra de Guabiraba,Pernambuco,PE,26,12263,197016750
2506400,Gurinhém,Paraíba,PB,25,13766,201226502
3156502,Rubelita,Minas Gerais,MG,31,5679,85774927
3520301,Iguape,São Paulo,SP,35,29115,1896850188
3139300,Manga,Minas Gerais,MG,31,18886,315779368
4126009,São Sebastião da Amoreira,Paraná,PR,41,8063,277568679
1500909,Augusto Corrêa,Pará,PA,15,44573,490156571
3543402,Ribeirão Preto,São Paulo,SP,35,698642,52306819755
3554508,Tietê,São Paulo,SP,35,37663,2954947719
2606101,Glória do Goitá,Pernambuco,PE,26,29347,626114211
4116802,Nova Cantu,Paraná,PR,41,6790,341725195
3542107,Rafard,São Paulo,SP,35,8965,594930466
3540804,Potirendaba,São Paulo,SP,35,18496,1017222502
1400159,Bonfim,Roraima,RR,14,13923,772903212
1505304,Oriximiná,Pará,PA,15,68294,1739412002
3116407,Claraval,Minas Gerais,MG,31,4658,261983450
3507407,Borborema,São Paulo,SP,35,14226,704920778
2700607,Barra de São Miguel,Alagoas,AL,27,7944,304435563
2209906,São João da Serra,Piauí,PI,22,6114,72738064
2901007,Amargosa,Bahia,BA,29,36521,608765198
2309706,Pacatuba,Ceará,CE,23,81524,1714352398
5213509,Monte Alegre de Goiás,Goiás,GO,52,6692,141790415
3306206,Vassouras,Rio de Janeiro,RJ,33,33976,1472879543
2203255,Curralinhos,Piauí,PI,22,4413,53723384
2928901,São Desidério,Bahia,BA,29,32828,8525861620.999999
4106803,Cruz Machado,Paraná,PR,41,15978,507964016
3532900,Nova Europa,São Paulo,SP,35,9311,556399529
5108105,Tesouro,Mato Grosso,MT,51,3025,326968260
4311502,Lavras do Sul,Rio Grande do Sul,RS,43,7157,369844902
1502707,Conceição do Araguaia,Pará,PA,15,44617,985296160
2511608,Pilões,Paraíba,PB,25,6815,133896434.00000001
1504000,Limoeiro do Ajuru,Pará,PA,15,29569,601991050
3119500,Coronel Murta,Minas Gerais,MG,31,8200,116044225
1507979,Terra Santa,Pará,PA,15,18782,590339138
4315073,Porto Vera Cruz,Rio Grande do Sul,RS,43,1560,48373040
3522901,Itapuí,São Paulo,SP,35,13659,1311337801
4215356,Saltinho,Santa Catarina,SC,42,3632,115351402
5214861,Nova Glória,Goiás,GO,52,8310,196167995
4120358,Pranchita,Paraná,PR,41,5737,378687142
2102556,Campestre do Maranhão,Maranhão,MA,21,12301,303257204
2404853,Itajá,Rio Grande do Norte,RN,24,7292,179987862
3204005,Pancas,Espírito Santo,ES,32,18893,467081705
2514651,São José do Brejo do Cruz,Paraíba,PB,25,1699,36303497
3118205,Conquista,Minas Gerais,MG,31,6694,671619125
2931103,Tanquinho,Bahia,BA,29,7717,83841325
4301503,Augusto Pestana,Rio Grande do Sul,RS,43,7149,350687048
3120102,Couto de Magalhães de Minas,Minas Gerais,MG,31,4245,76758203
2704104,Lagoa da Canoa,Alagoas,AL,27,18457,333779640
2501609,Barra de Santa Rosa,Paraíba,PB,25,12904,187974683
3537701,Piacatu,São Paulo,SP,35,5519,160075041
2411809,São Fernando,Rio Grande do Norte,RN,24,3492,77560131
2110237,Santana do Maranhão,Maranhão,MA,21,10567,115747680
2707206,Poço das Trincheiras,Alagoas,AL,27,12518,146801249
5106372,Pedra Preta,Mato Grosso,MT,51,18066,1490775394
3108800,Braúnas,Minas Gerais,MG,31,4441,224250483
2203230,Currais,Piauí,PI,22,4854,569945797
3151701,Poço Fundo,Minas Gerais,MG,31,16390,548879382
3161700,São Gonçalo do Abaeté,Minas Gerais,MG,31,7375,376328720
2911907,Iaçu,Bahia,BA,29,24607,309737081
1506203,Salinópolis,Pará,PA,15,44772,802287288
3536406,Paulicéia,São Paulo,SP,35,7955,322393938
5107297,São José do Povo,Mato Grosso,MT,51,2875,70175759
2515104,São Sebastião de Lagoa de Roça,Paraíba,PB,25,11040,133992679
2904753,Buritirama,Bahia,BA,29,19589,191820251
3142106,Miradouro,Minas Gerais,MG,31,8968,206069010
2513356,Santa Inês,Paraíba,PB,25,3227,40015277
3508702,Caconde,São Paulo,SP,35,17101,554109419
3539509,Pitangueiras,São Paulo,SP,35,33674,1830159520
4208302,Itapema,Santa Catarina,SC,42,75940,3799730364
3111606,Campos Gerais,Minas Gerais,MG,31,26105,841149655
2110203,Santa Rita,Maranhão,MA,21,37035,364745718
2204501,Guadalupe,Piauí,PI,22,10270,584966191
3143450,Montezuma,Minas Gerais,MG,31,6888,104692052
4306957,Entre Rios do Sul,Rio Grande do Sul,RS,43,2685,209711318
4120333,Prado Ferreira,Paraná,PR,41,3709,207954973
3150406,Piedade dos Gerais,Minas Gerais,MG,31,5019,128442059
1101708,Urupá,Rondônia,RO,11,10725,370213664
3160405,Santo Antônio do Monte,Minas Gerais,MG,31,27295,942155374
2920601,Maragogipe,Bahia,BA,29,35859,479211800
4104253,Campo Magro,Paraná,PR,41,30160,700582723
2505105,Cuité,Paraíba,PB,25,19719,273446913
3528809,Maracaí,São Paulo,SP,35,12673,1039675675
3155207,Rio Espera,Minas Gerais,MG,31,5429,75489424
2927200,Ruy Barbosa,Bahia,BA,29,28282,537945952
2609204,Maraial,Pernambuco,PE,26,9359,110045031
3165206,São Tomé das Letras,Minas Gerais,MG,31,6904,159505662
2923704,Paratinga,Bahia,BA,29,29252,327812862
4322004,Triunfo,Rio Grande do Sul,RS,43,27498,7571335466
4100301,Agudos do Sul,Paraná,PR,41,10233,279388380
3205309,Vitória,Espírito Santo,ES,32,322869,28257606334
4320701,Sobradinho,Rio Grande do Sul,RS,43,14226,523240067
3538204,Pinhalzinho,São Paulo,SP,35,15224,416404895
4312807,Nova Araçá,Rio Grande do Sul,RS,43,4954,474774986
4110706,Irati,Paraná,PR,41,59250,2816144413
2512903,Rio Tinto,Paraíba,PB,25,24581,393103959
2910602,Esplanada,Bahia,BA,29,32554,810979757
3145802,Onça de Pitangui,Minas Gerais,MG,31,2969,82367437
1701309,Aragominas,Tocantins,TO,17,5290,113907856
2917201,Ituaçu,Bahia,BA,29,17914,341991049
4306924,Engenho Velho,Rio Grande do Sul,RS,43,1296,50748221
4115507,Marumbi,Paraná,PR,41,4699,134313245
2913705,Inhambupe,Bahia,BA,29,33790,728056798
3122702,Dom Silvério,Minas Gerais,MG,31,5228,128825538
3102001,Alterosa,Minas Gerais,MG,31,13915,332255680
1500958,Aurora do Pará,Pará,PA,15,23774,390415051
3113404,Caratinga,Minas Gerais,MG,31,87360,2871549040
2405900,João Dias,Rio Grande do Norte,RN,24,2076,33800199
1100403,Alto Paraíso,Rondônia,RO,11,16320,667923438
2922409,Mutuípe,Bahia,BA,29,20037,511682019
3135803,Jequitinhonha,Minas Gerais,MG,31,24007,383947895
3105103,Bambuí,Minas Gerais,MG,31,23546,861015624
4123402,Santa Fé,Paraná,PR,41,11378,449905935
5212204,Jussara,Goiás,GO,52,19620,884366458
4314605,Piratini,Rio Grande do Sul,RS,43,17504,744360817
3540853,Pracinha,São Paulo,SP,35,2578,44001326
2912400,Ibipeba,Bahia,BA,29,16603,201180984
2310803,Pereiro,Ceará,CE,23,15274,663694295
4302808,Caçapava do Sul,Rio Grande do Sul,RS,43,32515,1175802486
2502904,Brejo dos Santos,Paraíba,PB,25,5742,79111285
4100707,Alto Piquiri,Paraná,PR,41,9727,488593684
2208601,Prata do Piauí,Piauí,PI,22,3042,43355371
2909109,Coribe,Bahia,BA,29,13990,207786048
2209955,São João da Varjota,Piauí,PI,22,4383,45939771
2919108,Lamarão,Bahia,BA,29,9015,83252481
4306932,Entre-Ijuís,Rio Grande do Sul,RS,43,9158,478944287
4105508,Cianorte,Paraná,PR,41,79527,3986696636
3553203,Taiúva,São Paulo,SP,35,6548,188353340
2610301,Paranatama,Pernambuco,PE,26,12199,306363566
4122107,Rio Bom,Paraná,PR,41,3197,118815326
2407708,Montanhas,Rio Grande do Norte,RN,24,11444,158962089
2205805,Luzilândia,Piauí,PI,22,25375,318552488
5202809,Avelinópolis,Goiás,GO,52,2868,83608255
3157005,Salinas,Minas Gerais,MG,31,40178,903694482
3167004,Serranos,Minas Gerais,MG,31,1990,48320015
2105658,Junco do Maranhão,Maranhão,MA,21,5146,71490623
2112803,Viana,Maranhão,MA,21,51442,608731449
2313807,Uruburetama,Ceará,CE,23,20189,445293758
2208650,Queimada Nova,Piauí,PI,22,8738,188827842
3145851,Oratórios,Minas Gerais,MG,31,4917,84109064
3550803,São Sebastião da Grama,São Paulo,SP,35,10441,481876411
3126208,Formoso,Minas Gerais,MG,31,7949,536208050.00000006
4304606,Canoas,Rio Grande do Sul,RS,43,347657,29166696701
4209607,Lauro Müller,Santa Catarina,SC,42,14381,481730009
3147600,Passa Quatro,Minas Gerais,MG,31,15515,739446951
2616183,Vertente do Lério,Pernambuco,PE,26,7558,93451810
4217907,Tangará,Santa Catarina,SC,42,8143,760284682
4319406,São Pedro do Sul,Rio Grande do Sul,RS,43,15577,505803240
3503901,Arujá,São Paulo,SP,35,86678,10426127299
4117305,Ortigueira,Paraná,PR,41,24192,3592270012
1501402,Belém,Pará,PA,15,1303403,40536061655
2203271,Curral Novo do Piauí,Piauí,PI,22,5073,98620067
3513108,Cravinhos,São Paulo,SP,35,33281,2357353267
4106852,Cruzmaltina,Paraná,PR,41,2892,189223664
1502756,Concórdia do Pará,Pará,PA,15,26881,520831786
2701100,Branquinha,Alagoas,AL,27,9603,849267199
2907806,Cícero Dantas,Bahia,BA,29,30907,503222235
3502606,Aparecida d'Oeste,São Paulo,SP,35,4086,225793852
2402204,Canguaretama,Rio Grande do Norte,RN,24,29668,615957002
3137601,Lagoa Santa,Minas Gerais,MG,31,75145,2825380370
5212253,Lagoa Santa,Goiás,GO,52,1390,67251224
2110278,Santo Amaro do Maranhão,Maranhão,MA,21,13949,131657557
5106828,Porto Esperidião,Mato Grosso,MT,51,10204,323734076
2410504,Rafael Fernandes,Rio Grande do Norte,RN,24,5432,61865250
3302700,Maricá,Rio de Janeiro,RJ,33,197277,134092033649
4210704,Matos Costa,Santa Catarina,SC,42,2761,77764272
1707207,Dois Irmãos do Tocantins,Tocantins,TO,17,6327,289148640
4318101,São Francisco de Assis,Rio Grande do Sul,RS,43,17618,592569470
2507705,Juazeirinho,Paraíba,PB,25,17007,259621583
1501451,Belterra,Pará,PA,15,18099,352843834
3505708,Barueri,São Paulo,SP,35,316473,71646709835
2906501,Candeias,Bahia,BA,29,72382,5750025525
2304905,Groaíras,Ceará,CE,23,10910,135967164
3305802,Teresópolis,Rio de Janeiro,RJ,33,165123,7104545886
3200508,Apiacá,Espírito Santo,ES,32,7223,146814376
2801108,Canhoba,Sergipe,SE,28,3791,95134774
1719004,Santa Tereza do Tocantins,Tocantins,TO,17,2781,57245632
4107306,Doutor Camargo,Paraná,PR,41,6327,242635313
2312502,São João do Jaguaribe,Ceará,CE,23,5855,137067978
3304508,Rio das Flores,Rio de Janeiro,RJ,33,8954,338695003
3503950,Aspásia,São Paulo,SP,35,1842,65850757
3120151,Crisólita,Minas Gerais,MG,31,5265,92301657
2404002,Frutuoso Gomes,Rio Grande do Norte,RN,24,4122,58993607
2604403,Chã de Alegria,Pernambuco,PE,26,12984,190272542
2207603,Parnaguá,Piauí,PI,22,10103,133948954.99999999
4308706,Gaurama,Rio Grande do Sul,RS,43,5665,349015734
4304614,Canudos do Vale,Rio Grande do Sul,RS,43,1656,66952744.00000001
1302108,Japurá,Amazonas,AM,13,8858,145336660
5211800,Jaraguá,Goiás,GO,52,45223,1205295699
2106904,Monção,Maranhão,MA,21,27751,280367441
3114709,Carvalhópolis,Minas Gerais,MG,31,3341,86223977
2929800,Saúde,Bahia,BA,29,10478,120917660
3128006,Guanhães,Minas Gerais,MG,31,32244,1284431621
5208509,Goiandira,Goiás,GO,52,4973,210732246
4219705,Xaxim,Santa Catarina,SC,42,31918,1737477331
3168309,Taquaraçu de Minas,Minas Gerais,MG,31,4224,84702935
3160454,Santo Antônio do Retiro,Minas Gerais,MG,31,6629,84684187
2603108,Cachoeirinha,Pernambuco,PE,26,19899,290338482
3507456,Borebi,São Paulo,SP,35,2713,118452374
3202306,Guaçuí,Espírito Santo,ES,32,29358,783590315
2928505,Santa Terezinha,Bahia,BA,29,10441,165368920
3148905,Pedra do Indaiá,Minas Gerais,MG,31,4112,133810483
2412302,São José do Campestre,Rio Grande do Norte,RN,24,11121,165229860
4124707,São Jerônimo da Serra,Paraná,PR,41,10830,349305515
3509205,Cajamar,São Paulo,SP,35,92689,28984601766
4204806,Curitibanos,Santa Catarina,SC,42,40045,2003887722
1600709,Tartarugalzinho,Amapá,AP,16,12945,329305202
5106802,Porto dos Gaúchos,Mato Grosso,MT,51,5593,1444695035
3158300,Santana da Vargem,Minas Gerais,MG,31,6691,258302543
5209457,Guarinos,Goiás,GO,52,2161,73546692
2919157,Lapão,Bahia,BA,29,25736,381812078
3138906,Machacalis,Minas Gerais,MG,31,6487,136850056
3102050,Alto Caparaó,Minas Gerais,MG,31,5795,131678025
3121407,Desterro de Entre Rios,Minas Gerais,MG,31,7653,249744801
5215306,Orizona,Goiás,GO,52,16399,1147584372
5221197,Terezópolis de Goiás,Goiás,GO,52,7944,258448263
3528858,Marapoama,São Paulo,SP,35,3292,163561590
4212908,Pinhalzinho,Santa Catarina,SC,42,21972,1941701252
4122172,Rio Branco do Ivaí,Paraná,PR,41,3808,174699513
2308401,Missão Velha,Ceará,CE,23,36822,598260814
4306973,Erebango,Rio Grande do Sul,RS,43,3054,152045966
4118600,Paula Freitas,Paraná,PR,41,5666,488531529
4214003,Presidente Getúlio,Santa Catarina,SC,42,20010,1091871499
2108702,Pio XII,Maranhão,MA,21,21886,269344518
3534708,Ourinhos,São Paulo,SP,35,103970,4902761910
1200609,Tarauacá,Acre,AC,12,43467,932079699
2803708,Macambira,Sergipe,SE,28,6838,136318076
5205901,Corumbaíba,Goiás,GO,52,9164,1081678378
2702405,Delmiro Gouveia,Alagoas,AL,27,51318,911191361
1709807,Ipueiras,Tocantins,TO,17,1590,71887131
4211603,Nova Veneza,Santa Catarina,SC,42,13664,1333549260
2301000,Aquiraz,Ceará,CE,23,80645,4851008175
3204054,Pedro Canário,Espírito Santo,ES,32,21522,545057105
1100452,Buritis,Rondônia,RO,11,27992,1221007917
2202802,Conceição do Canindé,Piauí,PI,22,4932,88408485
3524709,Jaguariúna,São Paulo,SP,35,59347,14680877677
4203501,Campo Erê,Santa Catarina,SC,42,9623,532118702.00000006
5218706,Rianápolis,Goiás,GO,52,3980,125402078
3516200,Franca,São Paulo,SP,35,352536,14375667458
4108601,Goioerê,Paraná,PR,41,28437,1335666436
2111508,São Mateus do Maranhão,Maranhão,MA,21,38829,586547764
3547809,Santo André,São Paulo,SP,35,748919,36931350665
4313300,Nova Prata,Rio Grande do Sul,RS,43,25692,1559275729
4206603,Guarujá do Sul,Santa Catarina,SC,42,4829,262918153.99999997
3123205,Dores do Indaiá,Minas Gerais,MG,31,12630,398845159
2310852,Pindoretama,Ceará,CE,23,23391,363293819
2103000,Caxias,Maranhão,MA,21,156973,2696021094
4112959,Juranda,Paraná,PR,41,7771,497086538
2605707,Floresta,Pernambuco,PE,26,30137,583258526
2510303,Nova Palmeira,Paraíba,PB,25,4259,54633272
4205308,Faxinal dos Guedes,Santa Catarina,SC,42,11192,845386994
2413607,Severiano Melo,Rio Grande do Norte,RN,24,5487,96870433
2615706,Triunfo,Pernambuco,PE,26,14705,202205413
2209971,São João do Arraial,Piauí,PI,22,8186,95903704
2807204,Siriri,Sergipe,SE,28,7834,201981259
4122156,Rio Bonito do Iguaçu,Paraná,PR,41,13929,514284564
3145877,Orizânia,Minas Gerais,MG,31,8437,146987657
2205854,Madeiro,Piauí,PI,22,8032,87321820
4101606,Arapoti,Paraná,PR,41,25777,1632919107
2112852,Vila Nova dos Martírios,Maranhão,MA,21,10362,191495299
1502764,Cumaru do Norte,Pará,PA,15,14036,479032200
4301552,Áurea,Rio Grande do Sul,RS,43,3396,177755631
4313359,Nova Roma do Sul,Rio Grande do Sul,RS,43,3466,206673612
3100302,Abre Campo,Minas Gerais,MG,31,13927,331512387
4303301,Caibaté,Rio Grande do Sul,RS,43,4704,180411933
4304655,Capão do Cipó,Rio Grande do Sul,RS,43,3119,220125611
4217956,Tigrinhos,Santa Catarina,SC,42,2329,88349107
3153509,Alto Jequitibá,Minas Gerais,MG,31,8397,160652947
2204550,Guaribas,Piauí,PI,22,4276,60293962
3163508,São José do Jacuri,Minas Gerais,MG,31,6197,157540742
4110300,Inajá,Paraná,PR,41,2536,76239164
2500304,Alagoa Grande,Paraíba,PB,25,26062,367231922
5217401,Pires do Rio,Goiás,GO,52,32373,1928361815
1502772,Curionópolis,Pará,PA,15,19950,737805926
3546504,Santa Ernestina,São Paulo,SP,35,6118,152154555
3203601,Mucurici,Espírito Santo,ES,32,5466,136014650
2206308,Miguel Leão,Piauí,PI,22,1318,34693387
2930709,Simões Filho,Bahia,BA,29,114559,8508321271
5000708,Anastácio,Mato Grosso do Sul,MS,50,24114,783841000
2905206,Caetité,Bahia,BA,29,52012,1216743242
4216255,São João do Oeste,Santa Catarina,SC,42,6295,463168420
3162203,São João Batista do Glória,Minas Gerais,MG,31,7652,294819325
3509254,Cajati,São Paulo,SP,35,28515,1987670371
4304622,Capão Bonito do Sul,Rio Grande do Sul,RS,43,1733,223070869
1101757,Vale do Anari,Rondônia,RO,11,7788,257310753
2304954,Guaiúba,Ceará,CE,23,24325,315521952
3511607,Cesário Lange,São Paulo,SP,35,19048,1215884112
4323804,Xangri-lá,Rio Grande do Sul,RS,43,16463,914703994
4315909,Rodeio Bonito,Rio Grande do Sul,RS,43,6654,301149817
5003751,Eldorado,Mato Grosso do Sul,MS,50,11386,704591974
4307401,Esmeralda,Rio Grande do Sul,RS,43,3195,363781013
5219209,Santa Cruz de Goiás,Goiás,GO,52,3002,293229492
2303600,Catarina,Ceará,CE,23,10243,151958554
2708303,São José da Laje,Alagoas,AL,27,20813,816992894
3548708,São Bernardo do Campo,São Paulo,SP,35,810729,71965791185
2206357,Milton Brandão,Piauí,PI,22,6542,67924822
4313334,Nova Ramada,Rio Grande do Sul,RS,43,2163,204996501
3518800,Guarulhos,São Paulo,SP,35,1291771,97557673612
3551900,Severínia,São Paulo,SP,35,14576,340596560
3112109,Caparaó,Minas Gerais,MG,31,5048,129595914
4304630,Capão da Canoa,Rio Grande do Sul,RS,43,63594,2588160821
2302305,Bela Cruz,Ceará,CE,23,32775,381568119
4306106,Cruz Alta,Rio Grande do Sul,RS,43,58913,4399886112
5105507,Vila Bela da Santíssima Trindade,Mato Grosso,MT,51,16774,946662625
3500907,Altair,São Paulo,SP,35,3451,210528680
3102902,Antônio Carlos,Minas Gerais,MG,31,11095,412676149
3124500,Estiva,Minas Gerais,MG,31,11502,572583861
1500131,Abel Figueiredo,Pará,PA,15,6136,131077033
3541307,Presidente Epitácio,São Paulo,SP,35,39505,1521762210
3510302,Capela do Alto,São Paulo,SP,35,22866,536047966
5106851,Porto Estrela,Mato Grosso,MT,51,3224,99846604
4102901,Bituruna,Paraná,PR,41,15533,656377314
3305406,Sapucaia,Rio de Janeiro,RJ,33,17729,1227720856
2307106,Jardim,Ceará,CE,23,27411,369628250
4304689,Capela de Santana,Rio Grande do Sul,RS,43,11159,315947179
1716653,Pequizeiro,Tocantins,TO,17,4921,129255835
3170909,Varzelândia,Minas Gerais,MG,31,18840,235097915
2802403,Gararu,Sergipe,SE,28,11096,217566187
5220702,Sítio d'Abadia,Goiás,GO,52,2927,104247756
3146305,Padre Paraíso,Minas Gerais,MG,31,17334,254680841
5204607,Campestre de Goiás,Goiás,GO,52,3755,78260089
3119906,Córrego do Bom Jesus,Minas Gerais,MG,31,4272,65482796
4108650,Goioxim,Paraná,PR,41,6566,308612143
5210562,Itaguari,Goiás,GO,52,4963,126630316
4210308,Major Vieira,Santa Catarina,SC,42,7425,417208898
5214002,Mozarlândia,Goiás,GO,52,14750,1366985928
4313391,Novo Cabrais,Rio Grande do Sul,RS,43,3568,131684470
4116000,Miraselva,Paraná,PR,41,1966,69393856
2209104,Santa Cruz do Piauí,Piauí,PI,22,5831,78052527
3534757,Ouroeste,São Paulo,SP,35,10294,670735495
3107505,Bom Jardim de Minas,Minas Gerais,MG,31,6783,152444959
1303403,Parintins,Amazonas,AM,13,96372,1656948637
3136306,João Pinheiro,Minas Gerais,MG,31,46801,2562731629
3154804,Rio Acima,Minas Gerais,MG,31,10261,260362073
3129301,Iapu,Minas Gerais,MG,31,12030,206568559
3164803,São Sebastião do Rio Preto,Minas Gerais,MG,31,1259,31554982
1500107,Abaetetuba,Pará,PA,15,158188,2441092172
5104203,Guiratinga,Mato Grosso,MT,51,10966,706015521
4114708,Maria Helena,Paraná,PR,41,5865,176407211
3304102,Porciúncula,Rio de Janeiro,RJ,33,17288,559253262
4211652,Novo Horizonte,Santa Catarina,SC,42,2643,160908453
2804201,Monte Alegre de Sergipe,Sergipe,SE,28,14336,337201188
3530805,Mogi Mirim,São Paulo,SP,35,92558,8092719130
4304697,Capitão,Rio Grande do Sul,RS,43,2921,88568866
2509503,Montadas,Paraíba,PB,25,5812,68334855
3533403,Nova Odessa,São Paulo,SP,35,62019,5613296888
3169604,Tupaciguara,Minas Gerais,MG,31,25470,1400211470
1715705,Palmeirante,Tocantins,TO,17,4798,247596663
3540002,Pompéia,São Paulo,SP,35,20196,2509065063
4219309,Videira,Santa Catarina,SC,42,55466,4129522675
4104709,Carlópolis,Paraná,PR,41,16905,575813719
3106200,Belo Horizonte,Minas Gerais,MG,31,2315560,130197670721
3532108,Murutinga do Sul,São Paulo,SP,35,3737,113474072
2612901,São Benedito do Sul,Pernambuco,PE,26,13113,129076270
5006606,Ponta Porã,Mato Grosso do Sul,MS,50,92017,6069789697
3304110,Porto Real,Rio de Janeiro,RJ,33,20373,3205582336
3523404,Itatiba,São Paulo,SP,35,121590,10327467002
3159407,Santa Rita de Ibitipoca,Minas Gerais,MG,31,3301,72264345
4119905,Ponta Grossa,Paraná,PR,41,358371,25583325309
4106001,Congonhinhas,Paraná,PR,41,8320,309516653
2611606,Recife,Pernambuco,PE,26,1488920,66351304596
1715754,Palmeirópolis,Tocantins,TO,17,6975,218426105
5203302,Bela Vista de Goiás,Goiás,GO,52,34445,1983166350
2908309,Conceição do Almeida,Bahia,BA,29,15794,236506602
4205357,Flor do Sertão,Santa Catarina,SC,42,1783,95652975
2926806,Rio do Antônio,Bahia,BA,29,13146,143762314
2614709,Tacaimbó,Pernambuco,PE,26,13738,221749403
3520806,Inúbia Paulista,São Paulo,SP,35,3615,176722809
4304663,Capão do Leão,Rio Grande do Sul,RS,43,26487,854021503
4109708,Ibaiti,Paraná,PR,41,28830,1236456989
3109303,Buritis,Minas Gerais,MG,31,24030,1446138643
3117801,Conceição dos Ouros,Minas Gerais,MG,31,10880,308533225
3504404,Avanhandava,São Paulo,SP,35,11263,295754756
4127809,Tomazina,Paraná,PR,41,8426,350464580
3512704,Corumbataí,São Paulo,SP,35,4195,354603601
2916807,Itarantim,Bahia,BA,29,17052,375539977
5208103,Formoso,Goiás,GO,52,4660,133519621.00000001
4304671,Capivari do Sul,Rio Grande do Sul,RS,43,3991,399404821
3525607,João Ramalho,São Paulo,SP,35,4371,186999917
1505809,Portel,Pará,PA,15,62503,1153539866
2306702,Jaguaretama,Ceará,CE,23,17232,316966522
2703700,Jaramataia,Alagoas,AL,27,4985,81576596
4313375,Nova Santa Rita,Rio Grande do Sul,RS,43,29024,3229383162
4127858,Três Barras do Paraná,Paraná,PR,41,11135,453549650
3108008,Bom Sucesso,Minas Gerais,MG,31,17151,468362537
2401800,Brejinho,Rio Grande do Norte,RN,24,12202,168163439
2411007,Rodolfo Fernandes,Rio Grande do Norte,RN,24,4242,67765383
3527504,Lucianópolis,São Paulo,SP,35,2372,138654329
2901908,Aporá,Bahia,BA,29,15922,191757869
2930758,Sítio do Mato,Bahia,BA,29,13408,154007500
5208152,Gameleira de Goiás,Goiás,GO,52,3456,244381602
4108205,Formosa do Oeste,Paraná,PR,41,7635,405548522
3534302,Orlândia,São Paulo,SP,35,38319,3247647904
2101509,Barão de Grajaú,Maranhão,MA,21,18984,309909634
4119954,Pontal do Paraná,Paraná,PR,41,30425,809708324
4113429,Lidianópolis,Paraná,PR,41,3938,146836824
2921104,Medeiros Neto,Bahia,BA,29,22194,505591940
3141702,Mesquita,Minas Gerais,MG,31,5040,73562303
3556305,Valparaíso,São Paulo,SP,35,24241,1426927115
2613404,São José da Coroa Grande,Pernambuco,PE,26,18825,389471128
3517505,Guapiaçu,São Paulo,SP,35,21711,1134076670
5007935,Sonora,Mato Grosso do Sul,MS,50,14516,1489092586
2703759,Jequiá da Praia,Alagoas,AL,27,9470,456621174
3518859,Guatapará,São Paulo,SP,35,7320,353798145
2111573,São Pedro dos Crentes,Maranhão,MA,21,5783,103928129
4109757,Ibema,Paraná,PR,41,6218,208091029
3201001,Boa Esperança,Espírito Santo,ES,32,13608,372418310
3526209,Juquitiba,São Paulo,SP,35,27404,660665184
2911105,Formosa do Rio Preto,Bahia,BA,29,25899,5334932831
3131505,Ipuiúna,Minas Gerais,MG,31,9135,223413372
3529302,Matão,São Paulo,SP,35,79033,7646780494
3101607,Alfenas,Minas Gerais,MG,31,78970,3669898617
2100204,Alcântara,Maranhão,MA,21,18467,170260679
3524303,Jaboticabal,São Paulo,SP,35,71821,4156253295
5218789,Rio Quente,Goiás,GO,52,3864,579153561
2209153,Santa Cruz dos Milagres,Piauí,PI,22,3435,51689944
2406403,Lagoa de Velhos,Rio Grande do Norte,RN,24,2567,48943874
2608800,Lajedo,Pernambuco,PE,26,39582,706467145
2805505,Poço Verde,Sergipe,SE,28,21794,388823218
3204906,São Mateus,Espírito Santo,ES,32,123752,4355437433
3304144,Queimados,Rio de Janeiro,RJ,33,140523,4938811914
5108600,Vila Rica,Mato Grosso,MT,51,19888,920620833
3130002,Ibituruna,Minas Gerais,MG,31,2698,72846420
2414902,Viçosa,Rio Grande do Norte,RN,24,1822,29716758
3519303,Ibaté,São Paulo,SP,35,32178,1516837474
3117836,Cônego Marinho,Minas Gerais,MG,31,7237,78704701
3547403,Santa Rita d'Oeste,São Paulo,SP,35,2733,105525401
4310702,Itatiba do Sul,Rio Grande do Sul,RS,43,3208,85113004
3140407,Marmelópolis,Minas Gerais,MG,31,3200,61730152
2201507,Batalha,Piauí,PI,22,26300,306176407
5007901,Sidrolândia,Mato Grosso do Sul,MS,50,47118,4102346427
2211506,Vera Mendes,Piauí,PI,22,3185,38796279
2900603,Aiquara,Bahia,BA,29,4447,75418036
2901957,Apuarema,Bahia,BA,29,6913,90728526
3163102,São José da Varginha,Minas Gerais,MG,31,4536,136883647
2311306,Quixadá,Ceará,CE,23,84168,1424438375
2903706,Boa Nova,Bahia,BA,29,13690,144910467
4312005,Mariano Moro,Rio Grande do Sul,RS,43,1858,71582525
4206652,Guatambú,Santa Catarina,SC,42,8425,617585465
2512101,Pombal,Paraíba,PB,25,32473,594290116
4300703,Anta Gorda,Rio Grande do Sul,RS,43,5957,333257468
2202851,Coronel José Dias,Piauí,PI,22,4250,55718041
2405108,Jandaíra,Rio Grande do Norte,RN,24,6562,363648175
2408201,Nísia Floresta,Rio Grande do Norte,RN,24,31942,573358225
3546108,Santa Clara d'Oeste,São Paulo,SP,35,2598,130552835
4315107,Porto Xavier,Rio Grande do Sul,RS,43,9938,230081527
3153103,Presidente Bernardes,Minas Gerais,MG,31,4850,80595987
2907004,Cardeal da Silva,Bahia,BA,29,8365,140042098
4113403,Leópolis,Paraná,PR,41,3752,226118022
2301901,Barbalha,Ceará,CE,23,75033,1646403799
3304151,Quissamã,Rio de Janeiro,RJ,33,22393,5669643953
3103405,Araçuaí,Minas Gerais,MG,31,34297,1081893247
2902401,Aurelino Leal,Bahia,BA,29,11179,180021295
3145000,Nova Ponte,Minas Gerais,MG,31,14598,1581647938
4101655,Arapuã,Paraná,PR,41,3527,154285064
4306130,Cruzaltense,Rio Grande do Sul,RS,43,1635,104945418
4103404,Cafeara,Paraná,PR,41,2627,121532272
4116059,Missal,Paraná,PR,41,11064,496708391
3133709,Itatiaiuçu,Minas Gerais,MG,31,12966,2434575301
3204955,São Roque do Canaã,Espírito Santo,ES,32,10886,301801416
4302006,Barros Cassal,Rio Grande do Sul,RS,43,9296,274473968
2502102,Boa Ventura,Paraíba,PB,25,5207,63600867
2103901,Duque Bacelar,Maranhão,MA,21,10223,108747560
2300606,Altaneira,Ceará,CE,23,6782,92127661
3135001,Jaguaraçu,Minas Gerais,MG,31,3092,157329176
1721000,Palmas,Tocantins,TO,17,302692,14168468841
3125804,Fernandes Tourinho,Minas Gerais,MG,31,2789,55720249
4219358,Vitor Meireles,Santa Catarina,SC,42,5370,193745239
2310001,Palhano,Ceará,CE,23,9346,125161588
3145059,Nova Porteirinha,Minas Gerais,MG,31,6706,158901010
2205003,Itainópolis,Piauí,PI,22,10790,126851491
4305587,Colinas,Rio Grande do Sul,RS,43,2423,90397865
2600302,Agrestina,Pernambuco,PE,26,23779,368076202
3304128,Quatis,Rio de Janeiro,RJ,33,13682,400781407
3133758,Itaú de Minas,Minas Gerais,MG,31,14406,899162734
4315958,Rolador,Rio Grande do Sul,RS,43,2291,91405286
4218400,Treze de Maio,Santa Catarina,SC,42,7362,255516011
4207908,Irineópolis,Santa Catarina,SC,42,10285,636425684
2102606,Cândido Mendes,Maranhão,MA,21,19932,204525824
3503109,Arandu,São Paulo,SP,35,6885,217238409
3135050,Jaíba,Minas Gerais,MG,31,37660,969913796
4307450,Esperança do Sul,Rio Grande do Sul,RS,43,3226,101345983
1711803,Juarina,Tocantins,TO,17,2243,55559934
3300803,Cachoeiras de Macacu,Rio de Janeiro,RJ,33,56943,1702401841
2916856,Itatim,Bahia,BA,29,15737,513400981
2706802,Piaçabuçu,Alagoas,AL,27,15908,480483992
3132800,Itambé do Mato Dentro,Minas Gerais,MG,31,2142,43137654
4113452,Lindoeste,Paraná,PR,41,5175,249057300
2112001,Tasso Fragoso,Maranhão,MA,21,8862,2616708223
2313005,Solonópole,Ceará,CE,23,18179,370692762
4215802,São Bento do Sul,Santa Catarina,SC,42,83277,5038223340
2303659,Catunda,Ceará,CE,23,10444,137704171
1710508,Itacajá,Tocantins,TO,17,6819,199694145
5103809,Figueirópolis D'Oeste,Mato Grosso,MT,51,3187,112556915
2208106,Pimenteiras,Piauí,PI,22,11341,120257038
3511201,Catiguá,São Paulo,SP,35,7003,196946443
4309209,Gravataí,Rio Grande do Sul,RS,43,265074,15545558074
2400505,Alexandria,Rio Grande do Norte,RN,24,13640,209116995
3550001,São Luiz do Paraitinga,São Paulo,SP,35,10337,252579139
2401859,Caiçara do Norte,Rio Grande do Norte,RN,24,6293,119610708
2932507,Una,Bahia,BA,29,18131,453710985
2305407,Icó,Ceará,CE,23,62642,923966364
2110708,São Domingos do Maranhão,Maranhão,MA,21,34034,479851630
2800704,Brejo Grande,Sergipe,SE,28,7841,122925634
4103453,Cafelândia,Paraná,PR,41,18997,2697733865
1301704,Humaitá,Amazonas,AM,13,57473,926065113
5105580,Marcelândia,Mato Grosso,MT,51,11396,1029291947
4322509,Vacaria,Rio Grande do Sul,RS,43,64197,3701332670
5102504,Cáceres,Mato Grosso,MT,51,89681,2795729007
3101631,Alfredo Vasconcelos,Minas Gerais,MG,31,6931,176964207
4309258,Guabiju,Rio Grande do Sul,RS,43,1417,107683668
4125209,São Jorge d'Oeste,Paraná,PR,41,9378,531520961
3503158,Arapeí,São Paulo,SP,35,2330,53235830
2107407,Olho d'Água das Cunhãs,Maranhão,MA,21,17919,225754685
2514701,São José do Sabugi,Paraíba,PB,25,4138,129590582
3144805,Nova Lima,Minas Gerais,MG,31,111697,12447551060
2930766,Sítio do Quinto,Bahia,BA,29,14773,168209084
2411056,Tibau,Rio Grande do Norte,RN,24,5382,155094561
5007976,Taquarussu,Mato Grosso do Sul,MS,50,3625,215369240
3127602,Gouveia,Minas Gerais,MG,31,11331,205956861
5201801,Aragoiânia,Goiás,GO,52,11890,237888678
3553708,Taquaritinga,São Paulo,SP,35,52260,2307144805
5211008,Itapirapuã,Goiás,GO,52,8007,300250649
3533007,Nova Granada,São Paulo,SP,35,19419,732340979
2929008,São Félix,Bahia,BA,29,11026,198066092
2106102,Loreto,Maranhão,MA,21,11597,390947299
1709005,Goiatins,Tocantins,TO,17,12433,309167291
2919603,Macajuba,Bahia,BA,29,10454,108591993
3167905,Tabuleiro,Minas Gerais,MG,31,4014,86584822
5107305,São José do Rio Claro,Mato Grosso,MT,51,14911,1683035797
2504702,Congo,Paraíba,PB,25,4933,85464512
3154408,Ressaquinha,Minas Gerais,MG,31,4548,507031621
3117876,Confins,Minas Gerais,MG,31,7350,1617016921
5214051,Mundo Novo,Goiás,GO,52,6189,319879696
1400209,Caracaraí,Roraima,RR,14,20957,637454154
3104700,Ataléia,Minas Gerais,MG,31,13736,259695786
2107456,Olinda Nova do Maranhão,Maranhão,MA,21,13577,132761494
1503200,Igarapé-Açu,Pará,PA,15,35797,599285535
2930774,Sobradinho,Bahia,BA,29,25475,908544285
3523008,Itapura,São Paulo,SP,35,3979,209348725
2109205,Presidente Juscelino,Maranhão,MA,21,11356,102457802
2909604,Crisópolis,Bahia,BA,29,19729,262119649
3514957,Embaúba,São Paulo,SP,35,2323,93031653
5218391,Professor Jamil,Goiás,GO,52,3649,86823042
2918308,Jitaúna,Bahia,BA,29,14355,253022524
5214903,Nova Roma,Goiás,GO,52,3076,80909862
4212106,Palmitos,Santa Catarina,SC,42,15626,1211264223
5204656,Campinaçu,Goiás,GO,52,3708,135964665
1707702,Filadélfia,Tocantins,TO,17,7712,161706815
3148103,Patrocínio,Minas Gerais,MG,31,89826,4895785022
3119955,Córrego Fundo,Minas Gerais,MG,31,6133,508107647
5206404,Crixás,Goiás,GO,52,17065,611858852
3130051,Icaraí de Minas,Minas Gerais,MG,31,10677,126584470
4312054,Marques de Souza,Rio Grande do Sul,RS,43,3969,137494749
4204004,Catanduvas,Santa Catarina,SC,42,10566,676611076
5107354,São José do Xingu,Mato Grosso,MT,51,5964,843182106
4310751,Ivorá,Rio Grande do Sul,RS,43,1929,53952316
2200202,Água Branca,Piauí,PI,22,17573,303532260
3512308,Conchas,São Paulo,SP,35,15232,551103139
2210201,São José do Piauí,Piauí,PI,22,6597,81016530
2201556,Bela Vista do Piauí,Piauí,PI,22,4091,63282643
5007950,Tacuru,Mato Grosso do Sul,MS,50,10808,378151187
4202701,Botuverá,Santa Catarina,SC,42,5363,554189345
5205109,Catalão,Goiás,GO,52,114427,10345992501
3138104,Lassance,Minas Gerais,MG,31,7124,231341775
2508208,Lagoa de Dentro,Paraíba,PB,25,7819,104436685
2606200,Goiana,Pernambuco,PE,26,81055,13893622950
3543907,Rio Claro,São Paulo,SP,35,201418,15427116506
4127882,Tunas do Paraná,Paraná,PR,41,6219,142466834
3557204,Chavantes,São Paulo,SP,35,12211,477220027
3128907,Guimarânia,Minas Gerais,MG,31,8478,359323698
4109302,Guaraniaçu,Paraná,PR,41,13735,604224361
2616209,Vertentes,Pernambuco,PE,26,21959,228836328
3116506,Claro dos Poções,Minas Gerais,MG,31,7166,113053412
2200251,Alagoinha do Piauí,Piauí,PI,22,6819,80787107
3506201,Bento de Abreu,São Paulo,SP,35,2606,288020154
4201406,Araranguá,Santa Catarina,SC,42,71922,3023099859
2414100,Tenente Ananias,Rio Grande do Norte,RN,24,10262,142794667
2502151,Boa Vista,Paraíba,PB,25,6377,319446395
5008404,Vicentina,Mato Grosso do Sul,MS,50,6336,384733891
4126504,Sertanópolis,Paraná,PR,41,15930,863930912
3542602,Registro,São Paulo,SP,35,59947,2931914980
2404903,Itaú,Rio Grande do Norte,RN,24,5320,90976149
2403608,Extremoz,Rio Grande do Norte,RN,24,61635,986507921
2806800,São Domingos,Sergipe,SE,28,10327,161344544
3545704,Santa Albertina,São Paulo,SP,35,6393,333896991
3131109,Inimutaba,Minas Gerais,MG,31,7371,109322158
4322541,Vale Real,Rio Grande do Sul,RS,43,6058,298091166
2929057,São Félix do Coribe,Bahia,BA,29,15194,276484259
3158805,Santana do Jacaré,Minas Gerais,MG,31,4214,129242426
2705507,Murici,Alagoas,AL,27,25187,1080388857
3140001,Mariana,Minas Gerais,MG,31,61387,4656946097
4321204,Taquara,Rio Grande do Sul,RS,43,53242,1815774920
4322558,Vanini,Rio Grande do Sul,RS,43,2004,81723911
4214508,Rio do Campo,Santa Catarina,SC,42,6452,265322667.00000003
2109239,Presidente Médici,Maranhão,MA,21,4696,74488448
2414159,Tenente Laurentino Cruz,Rio Grande do Norte,RN,24,5891,120492659
1504505,Melgaço,Pará,PA,15,27881,347498563
2513406,Santa Luzia,Paraíba,PB,25,14959,573425022
2931202,Taperoá,Bahia,BA,29,18044,254682252
2704203,Limoeiro de Anadia,Alagoas,AL,27,24740,806003029
1400233,Caroebe,Roraima,RR,14,10656,317377066
3171402,Vieiras,Minas Gerais,MG,31,3700,69384765
3537800,Piedade,São Paulo,SP,35,52970,1839652070
1507607,São Miguel do Guamá,Pará,PA,15,52894,1132578033
5200506,Aloândia,Goiás,GO,52,1973,66408229.00000001
4128302,Uniflor,Paraná,PR,41,2136,131664600
3544400,Rubiácea,São Paulo,SP,35,2700,88678676
3135076,Jampruca,Minas Gerais,MG,31,4296,84853381
3500550,Águas de Santa Bárbara,São Paulo,SP,35,7177,375561879
4322525,Vale Verde,Rio Grande do Sul,RS,43,3150,156860172
4313805,Palmitinho,Rio Grande do Sul,RS,43,7839,265325492.00000003
4103479,Cafezal do Sul,Paraná,PR,41,4473,199025998
3549201,São João das Duas Pontes,São Paulo,SP,35,2580,72713498
1506302,Salvaterra,Pará,PA,15,24129,270697647
2202455,Capitão Gervásio Oliveira,Piauí,PI,22,3974,58704333
3528007,Macatuba,São Paulo,SP,35,16829,691847287
2515203,São Sebastião do Umbuzeiro,Paraíba,PB,25,3279,46471719
2503407,Cacimba de Areia,Paraíba,PB,25,3291,45668953
3154457,Riachinho,Minas Gerais,MG,31,6863,187878471
4303806,Campinas do Sul,Rio Grande do Sul,RS,43,5284,294874639
2607505,Itaíba,Pernambuco,PE,26,32650,390249465
4213203,Pomerode,Santa Catarina,SC,42,34289,3184672108
3508801,Cafelândia,São Paulo,SP,35,16654,930635174
3518008,Guarani d'Oeste,São Paulo,SP,35,1968,48665285
3170107,Uberaba,Minas Gerais,MG,31,337836,23689376514
3551108,Sarapuí,São Paulo,SP,35,10369,270123317
4323002,Viamão,Rio Grande do Sul,RS,43,224112,5545183665
5200555,Alto Horizonte,Goiás,GO,52,6072,623005660
3538709,Piracicaba,São Paulo,SP,35,423323,44351587750
4121703,Reserva,Paraná,PR,41,24573,764370781
4112108,Jandaia do Sul,Paraná,PR,41,21408,962904172
2920700,Maraú,Bahia,BA,29,24527,434712147
4218004,Tijucas,Santa Catarina,SC,42,51592,3687049288
2505204,Cuitegi,Paraíba,PB,25,6730,87664047
2918357,João Dourado,Bahia,BA,29,24854,347834875
2609303,Mirandiba,Pernambuco,PE,26,14166,221207024
4316428,Sagrada Família,Rio Grande do Sul,RS,43,2480,67102486.00000001
2925501,Prado,Bahia,BA,29,35003,776982130
3132404,Itajubá,Minas Gerais,MG,31,93073,4497959389
4322533,Vale do Sol,Rio Grande do Sul,RS,43,9897,380488696
4102109,Astorga,Paraná,PR,41,25475,1164815716
2301950,Barreira,Ceará,CE,23,22392,289444512
4320800,Soledade,Rio Grande do Sul,RS,43,29991,1312842494
2105708,Lago da Pedra,Maranhão,MA,21,44403,621148067
3160900,São Brás do Suaçuí,Minas Gerais,MG,31,3989,100031822
2910701,Euclides da Cunha,Bahia,BA,29,61456,959547942
3110004,Caeté,Minas Gerais,MG,31,38776,1004130960
3145901,Ouro Branco,Minas Gerais,MG,31,38724,4310767094
2917300,Ituberá,Bahia,BA,29,21902,420872854
4317707,Santo Antônio das Missões,Rio Grande do Sul,RS,43,10300,433322536
3100807,Aguanil,Minas Gerais,MG,31,4357,111493611
2915502,Itajuípe,Bahia,BA,29,18781,382794967
3531308,Monte Alto,São Paulo,SP,35,47574,3062782095
3102100,Alto Rio Doce,Minas Gerais,MG,31,10891,222896994
3150901,Piranguçu,Minas Gerais,MG,31,6041,118615379
4121752,Reserva do Iguaçu,Paraná,PR,41,6553,257839287
4120408,Presidente Castelo Branco,Paraná,PR,41,4336,197135572
4123501,Santa Helena,Paraná,PR,41,25492,1641044228
5103858,Gaúcha do Norte,Mato Grosso,MT,51,8642,1385921341
4316436,Saldanha Marinho,Rio Grande do Sul,RS,43,2575,170088539
3164431,São Sebastião da Vargem Alegre,Minas Gerais,MG,31,3113,64187178
5212303,Leopoldo de Bulhões,Goiás,GO,52,8745,452341998
3144409,Natércia,Minas Gerais,MG,31,4691,133965140.00000001
2924207,Pedro Alexandre,Bahia,BA,29,13954,178830493
3162708,São João do Paraíso,Minas Gerais,MG,31,23910,343636949
2208700,Redenção do Gurguéia,Piauí,PI,22,8394,125613461
1713601,Monte do Carmo,Tocantins,TO,17,5694,398704688
3115201,Conceição da Barra de Minas,Minas Gerais,MG,31,3560,87501098
2201572,Belém do Piauí,Piauí,PI,22,3423,47523323
3521309,Ipuã,São Paulo,SP,35,14454,589809580
2927309,Salinas da Margarida,Bahia,BA,29,14987,250080573
4122206,Rio Branco do Sul,Paraná,PR,41,37558,1850825583
2104404,Gonçalves Dias,Maranhão,MA,21,17206,187079581
2914208,Irajuba,Bahia,BA,29,6101,81309529
2612109,Salgadinho,Pernambuco,PE,26,5727,76618902
2205904,Manoel Emídio,Piauí,PI,22,5209,69456569
3152709,Prados,Minas Gerais,MG,31,9048,257819322
2706000,Olivença,Alagoas,AL,27,10812,135133823
3149408,Pedro Teixeira,Minas Gerais,MG,31,1810,37357277
3113909,Carmo da Cachoeira,Minas Gerais,MG,31,11547,367737882
4318622,São José dos Ausentes,Rio Grande do Sul,RS,43,4172,177177208
1300409,Barcelos,Amazonas,AM,13,18834,242100261
3134202,Ituiutaba,Minas Gerais,MG,31,102217,4975265394
2304103,Crateús,Ceará,CE,23,76390,1258624723
3167509,Simão Pereira,Minas Gerais,MG,31,2947,116089197
4316402,Rosário do Sul,Rio Grande do Sul,RS,43,36630,1498312719
4317756,Santo Antônio do Planalto,Rio Grande do Sul,RS,43,2089,166647313
3126307,Fortaleza de Minas,Minas Gerais,MG,31,3477,98574541
2926004,Remanso,Bahia,BA,29,40586,573383292
2409506,Pedra Grande,Rio Grande do Norte,RN,24,3618,325404924
3530003,Mira Estrela,São Paulo,SP,35,3126,77240190
4209706,Lebon Régis,Santa Catarina,SC,42,11472,466724315
3549250,São João de Iracema,São Paulo,SP,35,1846,69614459
2516508,Taperoá,Paraíba,PB,25,14068,169781047
4200101,Abelardo Luz,Santa Catarina,SC,42,17392,1085858106
2602704,Buenos Aires,Pernambuco,PE,26,12808,163216659
2904803,Caatiba,Bahia,BA,29,6205,97532131
1506351,Santa Bárbara do Pará,Pará,PA,15,21087,300183818
1703602,Brasilândia do Tocantins,Tocantins,TO,17,1974,75009505
1501501,Benevides,Pará,PA,15,63567,3338144875
3139409,Manhuaçu,Minas Gerais,MG,31,91886,3710638120
3552403,Sumaré,São Paulo,SP,35,279545,19026093466
2907905,Cipó,Bahia,BA,29,17230,214615596
2601409,Barreiros,Pernambuco,PE,26,40121,645436725
1400282,Iracema,Roraima,RR,14,10023,279559465
2916005,Itanhém,Bahia,BA,29,17813,341095515
3166204,Senhora dos Remédios,Minas Gerais,MG,31,10384,138814202
3502705,Apiaí,São Paulo,SP,35,24585,1235625606
2402303,Caraúbas,Rio Grande do Norte,RN,24,19727,540233236
3555505,Ubirajara,São Paulo,SP,35,5132,201026244
3157500,Santa Efigênia de Minas,Minas Gerais,MG,31,4039,58652137
2410603,Rafael Godeiro,Rio Grande do Norte,RN,24,2934,48290035
3510807,Casa Branca,São Paulo,SP,35,28083,1494279305
4117800,Palmital,Paraná,PR,41,13033,406780675
4127007,Teixeira Soares,Paraná,PR,41,9547,633083072
2906600,Candiba,Bahia,BA,29,13016,170087646
1702307,Arapoema,Tocantins,TO,17,5550,158572273
3520004,Igaraçu do Tietê,São Paulo,SP,35,23106,477976018
2506509,Gurjão,Paraíba,PB,25,3242,50412612
5106000,Nortelândia,Mato Grosso,MT,51,5956,399398981
2505238,Cuité de Mamanguape,Paraíba,PB,25,6251,85104872
2801207,Canindé de São Francisco,Sergipe,SE,28,26834,2967956618
4107801,Floraí,Paraná,PR,41,4792,310640443
2401008,Apodi,Rio Grande do Norte,RN,24,36093,941920331
5003801,Fátima do Sul,Mato Grosso do Sul,MS,50,20609,769333268
2604502,Chã Grande,Pernambuco,PE,26,20546,325128686
2201150,Baixa Grande do Ribeiro,Piauí,PI,22,13272,2657264340
4308805,General Câmara,Rio Grande do Sul,RS,43,7612,234057579
1302207,Juruá,Amazonas,AM,13,10742,147949792
2109270,Presidente Sarney,Maranhão,MA,21,17511,186042934
3540903,Pradópolis,São Paulo,SP,35,17078,1456795944
3515400,Fartura,São Paulo,SP,35,16641,566394766
3507506,Botucatu,São Paulo,SP,35,145155,7992147651
2700706,Batalha,Alagoas,AL,27,16448,308733305
4207577,Iomerê,Santa Catarina,SC,42,2877,381384196
3119609,Coronel Pacheco,Minas Gerais,MG,31,2762,72440323
2901106,Amélia Rodrigues,Bahia,BA,29,24138,521349037
3554201,Tejupá,São Paulo,SP,35,4127,341127352
2309805,Pacoti,Ceará,CE,23,11186,175378910
2603207,Caetés,Pernambuco,PE,26,28827,503211951
4107850,Flor da Serra do Sul,Paraná,PR,41,4364,206356743
2608008,Jataúba,Pernambuco,PE,26,15843,192384192
2917334,Iuiu,Bahia,BA,29,11118,179352803
1502806,Curralinho,Pará,PA,15,33903,396832058
3504909,Bananal,São Paulo,SP,35,9969,282443967
3509304,Cajobi,São Paulo,SP,35,9133,275000646
1600808,Vitória do Jari,Amapá,AP,16,11291,303549332
2910750,Fátima,Bahia,BA,29,17895,298891354
2511707,Pilõezinhos,Paraíba,PB,25,5329,64515534
3159902,Santo Antônio do Amparo,Minas Gerais,MG,31,17285,477371676
2901155,América Dourada,Bahia,BA,29,15137,198616016
3164472,São Sebastião do Anta,Minas Gerais,MG,31,6194,128459975
3160959,São Domingos das Dores,Minas Gerais,MG,31,5626,120617641
5007109,Ribas do Rio Pardo,Mato Grosso do Sul,MS,50,23150,3353286399
3514106,Dois Córregos,São Paulo,SP,35,24510,1187096718
3202801,Itapemirim,Espírito Santo,ES,32,39832,6134485638
3168804,Tiradentes,Minas Gerais,MG,31,7744,297551372
5215405,Ouro Verde de Goiás,Goiás,GO,52,4057,217325705
5001243,Aral Moreira,Mato Grosso do Sul,MS,50,10748,1348751703
3537404,Pereira Barreto,São Paulo,SP,35,24095,1495859413
4320859,Tabaí,Rio Grande do Sul,RS,43,4461,176254446
3108909,Brazópolis,Minas Gerais,MG,31,14246,277925932
3143104,Monte Carmelo,Minas Gerais,MG,31,47692,1957160563
3201506,Colatina,Espírito Santo,ES,32,120033,5157944636
2702504,Dois Riachos,Alagoas,AL,27,9805,140027493
1718204,Porto Nacional,Tocantins,TO,17,64418,3195894479
3131158,Ipaba,Minas Gerais,MG,31,17136,225484820
4211702,Orleans,Santa Catarina,SC,42,23661,1408943914
2910727,Eunápolis,Bahia,BA,29,113710,4264492925
5101209,Araguainha,Mato Grosso,MT,51,1010,31096863
2411908,São Francisco do Oeste,Rio Grande do Norte,RN,24,4161,74356880
3536109,Pardinho,São Paulo,SP,35,7153,515970722
2707305,Porto Calvo,Alagoas,AL,27,24071,544519841
2103109,Cedral,Maranhão,MA,21,10208,86164881
3301306,Casimiro de Abreu,Rio de Janeiro,RJ,33,46110,3363238534
3526704,Leme,São Paulo,SP,35,98161,4938511737
3123700,Engenheiro Caldas,Minas Gerais,MG,31,13622,188885396
2933000,Valente,Bahia,BA,29,24362,350571309
2505279,Curral de Cima,Paraíba,PB,25,5254,74435802
2904852,Cabaceiras do Paraguaçu,Bahia,BA,29,16559,186027975
2413706,Sítio Novo,Rio Grande do Norte,RN,24,4654,64195135
2807303,Telha,Sergipe,SE,28,3274,53466564
2204600,Hugo Napoleão,Piauí,PI,22,3518,41161186
4216305,São João Batista,Santa Catarina,SC,42,32687,1303724455
5101258,Araputanga,Mato Grosso,MT,51,14786,864362159
2205953,Marcolândia,Piauí,PI,22,8533,194855021
3143153,Monte Formoso,Minas Gerais,MG,31,4381,52678142
5103007,Chapada dos Guimarães,Mato Grosso,MT,51,18990,1817595686
1101807,Vale do Paraíso,Rondônia,RO,11,6479,225187419
3125002,Ewbank da Câmara,Minas Gerais,MG,31,3875,71575592
3111309,Campo do Meio,Minas Gerais,MG,31,11377,244375088
3516705,Garça,São Paulo,SP,35,42110,1893765629
2100709,Anajatuba,Maranhão,MA,21,25322,255438614
2923803,Paripiranga,Bahia,BA,29,26604,559998860
4215000,Rio Negrinho,Santa Catarina,SC,42,39261,1731868057
4100400,Almirante Tamandaré,Paraná,PR,41,119825,2242619546
4205803,Garuva,Santa Catarina,SC,42,18545,1982039347
2512606,Quixaba,Paraíba,PB,25,1743,30647384
1701002,Ananás,Tocantins,TO,17,10325,199525611
3501004,Altinópolis,São Paulo,SP,35,16818,946537783
3205002,Serra,Espírito Santo,ES,32,520653,37649154625
2608057,Jatobá,Pernambuco,PE,26,14020,183613565
4312500,Mostardas,Rio Grande do Sul,RS,43,12090,494341206
2913804,Ipecaetá,Bahia,BA,29,13709,141403755
4216354,São João do Itaperiú,Santa Catarina,SC,42,4463,455830482
1100502,Novo Horizonte do Oeste,Rondônia,RO,11,7667,331958408
5210604,Itaguaru,Goiás,GO,52,4904,119889318
2502607,Igaracy,Paraíba,PB,25,5648,73095362
5219738,Santo Antônio de Goiás,Goiás,GO,52,7386,200105898
3303708,Paraíba do Sul,Rio de Janeiro,RJ,33,42063,1399156766
2922508,Nazaré,Bahia,BA,29,27060,463720766
3135506,Jequeri,Minas Gerais,MG,31,12419,245642081
3145505,Olímpio Noronha,Minas Gerais,MG,31,2555,55155846
3105202,Bandeira,Minas Gerais,MG,31,4741,66317142.00000001
4302501,Bossoroca,Rio Grande do Sul,RS,43,5890,250550159
4317301,Santa Vitória do Palmar,Rio Grande do Sul,RS,43,30983,1990738865
4115200,Maringá,Paraná,PR,41,409657,27817345988
1705102,Chapada da Natividade,Tocantins,TO,17,3117,155377231
2912509,Ibipitanga,Bahia,BA,29,13863,155050168
3205010,Sooretama,Espírito Santo,ES,32,26502,911932118
3548807,São Caetano do Sul,São Paulo,SP,35,165655,22553448009
2708402,São José da Tapera,Alagoas,AL,27,30604,421127575
1501576,Bom Jesus do Tocantins,Pará,PA,15,18005,336973823
4218905,Urubici,Santa Catarina,SC,42,10834,471775601
2105302,Imperatriz,Maranhão,MA,21,273110,9475802055
1505031,Novo Progresso,Pará,PA,15,33638,1541047549
2407807,Monte Alegre,Rio Grande do Norte,RN,24,23031,348750675
4105201,Cerro Azul,Paraná,PR,41,16134,374010068
5004304,Iguatemi,Mato Grosso do Sul,MS,50,13808,962593231
2313906,Uruoca,Ceará,CE,23,13746,254534325
2201176,Barra D'Alcântara,Piauí,PI,22,3995,47270644
3550902,São Simão,São Paulo,SP,35,13442,648091535
4316006,Rolante,Rio Grande do Sul,RS,43,21253,951008499
3116159,Chapada Gaúcha,Minas Gerais,MG,31,12355,581136991
2105351,Itaipava do Grajaú,Maranhão,MA,21,13828,136088926
2104008,Esperantinópolis,Maranhão,MA,21,18311,202856260
2205508,José de Freitas,Piauí,PI,22,42559,553848030
4319109,São Martinho,Rio Grande do Sul,RS,43,5481,304939015
5219704,Santa Terezinha de Goiás,Goiás,GO,52,10645,259907338
3302403,Macaé,Rio de Janeiro,RJ,33,246391,22394859906
4209300,Lages,Santa Catarina,SC,42,164981,8341649834
1502855,Curuá,Pará,PA,15,14117,192167955
2702553,Estrela de Alagoas,Alagoas,AL,27,15429,177063016
2701209,Cacimbinhas,Alagoas,AL,27,10482,195082744
2917359,Jaborandi,Bahia,BA,29,9275,1527844705
2307205,Jati,Ceará,CE,23,7861,129952148
4309704,Humaitá,Rio Grande do Sul,RS,43,4681,218021109
3503604,Areiópolis,São Paulo,SP,35,10130,221706617
3112604,Capinópolis,Minas Gerais,MG,31,14655,861973729
2802502,General Maynard,Sergipe,SE,28,3037,50397007
2507804,Junco do Seridó,Paraíba,PB,25,6793,128191592
4215075,Riqueza,Santa Catarina,SC,42,4768,198674043
4217600,Siderópolis,Santa Catarina,SC,42,13714,804481763
3139003,Machado,Minas Gerais,MG,31,37684,1406358331
2304608,General Sampaio,Ceará,CE,23,6734,97406255
3502309,Anhembi,São Paulo,SP,35,5674,315143922
2910776,Feira da Mata,Bahia,BA,29,5631,83140366
5219712,Santo Antônio da Barra,Goiás,GO,52,4267,329277361
2312601,São Luís do Curu,Ceará,CE,23,10822,160996694
3543105,Ribeirão Corrente,São Paulo,SP,35,4608,282574463
2313955,Varjota,Ceará,CE,23,18105,488083917
3107604,Bom Jesus da Penha,Minas Gerais,MG,31,4474,203053430
1303502,Pauini,Amazonas,AM,13,19373,237839168
3533908,Olímpia,São Paulo,SP,35,55074,3569675501
2404101,Galinhos,Rio Grande do Norte,RN,24,2104,165672360
4308409,Formigueiro,Rio Grande do Sul,RS,43,6413,263216072.99999997
3156205,Rochedo de Minas,Minas Gerais,MG,31,2291,187590866
1500206,Acará,Pará,PA,15,59023,2111467040
4116505,Nova Aliança do Ivaí,Paraná,PR,41,1323,71238316
4211751,Otacílio Costa,Santa Catarina,SC,42,17312,1267787562
2205516,Juazeiro do Piauí,Piauí,PI,22,5214,67355058
2509602,Monte Horebe,Paraíba,PB,25,4338,59799721
1701051,Angico,Tocantins,TO,17,2876,54433374
3106309,Belo Oriente,Minas Gerais,MG,31,23928,2329753724
1505007,Nova Timboteua,Pará,PA,15,12806,185076503
5211909,Jataí,Goiás,GO,52,105729,10026116752
2806008,Ribeirópolis,Sergipe,SE,28,17033,372070867
2904001,Boninal,Bahia,BA,29,13622,146375553
3200201,Alegre,Espírito Santo,ES,32,29177,702107251
3136801,Juramento,Minas Gerais,MG,31,3768,63718855
2929909,Seabra,Bahia,BA,29,46160,861824933
4106506,Coronel Vivida,Paraná,PR,41,23331,1109441321
3532603,Nhandeara,São Paulo,SP,35,9852,507862208
3535705,Paraíso,São Paulo,SP,35,6099,436076194
3523909,Itu,São Paulo,SP,35,168240,14012530257
1505064,Novo Repartimento,Pará,PA,15,60732,1406400148
5005608,Miranda,Mato Grosso do Sul,MS,50,25536,782434815
2928604,Santo Amaro,Bahia,BA,29,56012,1375771156
4124806,São João,Paraná,PR,41,11886,1220178115
3114402,Carmo do Rio Claro,Minas Gerais,MG,31,20954,843686622
2104081,Fernando Falcão,Maranhão,MA,21,10873,159760766
4311205,Júlio de Castilhos,Rio Grande do Sul,RS,43,18226,1306881920
2703809,Joaquim Gomes,Alagoas,AL,27,17150,541697057
4100459,Altamira do Paraná,Paraná,PR,41,3590,115509036
2210706,Simões,Piauí,PI,22,14350,543067932
3168002,Taiobeiras,Minas Gerais,MG,31,33050,705372640
4127908,Tuneiras do Oeste,Paraná,PR,41,8067,297521394
2104073,Feira Nova do Maranhão,Maranhão,MA,21,8048,132982829
3138609,Lima Duarte,Minas Gerais,MG,31,17221,432496512
3148608,Peçanha,Minas Gerais,MG,31,17446,293484921
3522604,Itapira,São Paulo,SP,35,72022,6365973525
4301206,Arroio do Tigre,Rio Grande do Sul,RS,43,12058,472739311
4215059,Rio Rufino,Santa Catarina,SC,42,2397,96784355
4204509,Corupá,Santa Catarina,SC,42,15267,1055553352
1708205,Formoso do Araguaia,Tocantins,TO,17,18881,988169241
2200707,Anísio de Abreu,Piauí,PI,22,9407,124990013
3119203,Coroaci,Minas Gerais,MG,31,10884,160041242
2308500,Mombaça,Ceará,CE,23,37735,551793724
3158003,Santa Maria de Itabira,Minas Gerais,MG,31,10485,327050191
3121100,Delfim Moreira,Minas Gerais,MG,31,7952,141823929
4118303,Paranapoema,Paraná,PR,41,2398,88780754
3525706,José Bonifácio,São Paulo,SP,35,36633,1940540325
1505908,Porto de Moz,Pará,PA,15,40597,507177479
2511301,Piancó,Paraíba,PB,25,16441,246684781
1200708,Xapuri,Acre,AC,12,18243,626025729
2803807,Malhada dos Bois,Sergipe,SE,28,3579,67243893
4108304,Foz do Iguaçu,Paraná,PR,41,285415,16973250993.999998
1716703,Colméia,Tocantins,TO,17,8941,228039526
3534401,Osasco,São Paulo,SP,35,728615,119404052763
2501302,Aroeiras,Paraíba,PB,25,18705,327698839
2921203,Miguel Calmon,Bahia,BA,29,24661,340199632
3539202,Pirapozinho,São Paulo,SP,35,25348,1410928462
3161403,São Francisco do Glória,Minas Gerais,MG,31,4800,89843001
1303536,Presidente Figueiredo,Amazonas,AM,13,30668,730302557
4311254,Lagoão,Rio Grande do Sul,RS,43,5341,149770842
3508009,Buri,São Paulo,SP,35,20250,907832787
2205540,Lagoinha do Piauí,Piauí,PI,22,2939,46589803
4313003,Nova Bréscia,Rio Grande do Sul,RS,43,3044,153973167
2613909,Serra Talhada,Pernambuco,PE,26,92228,2003113243
2911204,Gandu,Bahia,BA,29,32178,598642986
3108503,Botumirim,Minas Gerais,MG,31,5790,85707159
2501351,Assunção,Paraíba,PB,25,4152,56279093
3151404,Pitangui,Minas Gerais,MG,31,26685,702867367
3556800,Viradouro,São Paulo,SP,35,17414,563835943
4203204,Camboriú,Santa Catarina,SC,42,103074,2703377996
4111704,Jaboti,Paraná,PR,41,5427,156575521
2605806,Frei Miguelinho,Pernambuco,PE,26,13636,152032112
2931707,Terra Nova,Bahia,BA,29,10798,164870724
3529807,Mineiros do Tietê,São Paulo,SP,35,11230,309941386
2615805,Tupanatinga,Pernambuco,PE,26,26937,275931182
3524402,Jacareí,São Paulo,SP,35,240275,19692996445
2406502,Lagoa Nova,Rio Grande do Norte,RN,24,15573,326107093
3506706,Boa Esperança do Sul,São Paulo,SP,35,12978,633216137
2805604,Porto da Folha,Sergipe,SE,28,26576,637807556
2608909,Limoeiro,Pernambuco,PE,26,56510,991140218
2104057,Estreito,Maranhão,MA,21,33294,1195398792
4101705,Araruna,Paraná,PR,41,14485,630796431
5219753,Santo Antônio do Descoberto,Goiás,GO,52,72127,972898933
3302452,Macuco,Rio de Janeiro,RJ,33,5415,282625861
4310801,Ivoti,Rio Grande do Sul,RS,43,22983,1538878471
4106571,Cruzeiro do Iguaçu,Paraná,PR,41,4133,206651374
4320008,Sapucaia do Sul,Rio Grande do Sul,RS,43,132107,4729407944
3160108,Santo Antônio do Grama,Minas Gerais,MG,31,4229,102566311
2900702,Alagoinhas,Bahia,BA,29,151055,5705227490
4208005,Itá,Santa Catarina,SC,42,7067,550221666
4311239,Lagoa Bonita do Sul,Rio Grande do Sul,RS,43,2251,84224157
3205036,Vargem Alta,Espírito Santo,ES,32,19563,523374294
2101806,Benedito Leite,Maranhão,MA,21,5469,94453921
3163201,São José do Alegre,Minas Gerais,MG,31,4133,78981024
2204204,Francisco Santos,Piauí,PI,22,8237,111541415
2413300,Serra de São Bento,Rio Grande do Norte,RN,24,5703,84832526
2205557,Lagoa Alegre,Piauí,PI,22,8256,96064622
1720655,Silvanópolis,Tocantins,TO,17,5108,284767121
3122405,Divisa Nova,Minas Gerais,MG,31,5851,157089428
4319125,São Martinho da Serra,Rio Grande do Sul,RS,43,2860,211209833
2111201,São José de Ribamar,Maranhão,MA,21,244579,3135578678
4300802,Antônio Prado,Rio Grande do Sul,RS,43,13045,926442744
2405207,Janduís,Rio Grande do Norte,RN,24,4746,104811848
3140902,Matipó,Minas Gerais,MG,31,18552,482096182
3519808,Icém,São Paulo,SP,35,7819,263931833.99999997
3150109,Piau,Minas Gerais,MG,31,2796,114475297
4110409,Indianópolis,Paraná,PR,41,4448,772540182
3153202,Presidente Juscelino,Minas Gerais,MG,31,3465,62646785
3203304,Mantenópolis,Espírito Santo,ES,32,12770,250803458
2907103,Carinhanha,Bahia,BA,29,28869,377035401
4113502,Loanda,Paraná,PR,41,23225,909384486
5000807,Anaurilândia,Mato Grosso do Sul,MS,50,7653,623710209
2905305,Cafarnaum,Bahia,BA,29,17466,277213977
2311801,Russas,Ceará,CE,23,72928,1517579539
2303709,Caucaia,Ceará,CE,23,355679,9873556554
3112653,Capitão Andrade,Minas Gerais,MG,31,4585,71144447
3130705,Indianópolis,Minas Gerais,MG,31,6171,2150116581
5210208,Iporá,Goiás,GO,52,35684,1227630812
2206001,Marcos Parente,Piauí,PI,22,4724,68705139
5217104,Piracanjuba,Goiás,GO,52,24883,1311747478
5105622,Mirassol d'Oeste,Mato Grosso,MT,51,26785,1163378799
4308458,Fortaleza dos Valos,Rio Grande do Sul,RS,43,4477,330897860
2503902,Camalaú,Paraíba,PB,25,6085,87713432
2304657,Graça,Ceará,CE,23,13801,159505946
4103503,Califórnia,Paraná,PR,41,8710,250999041
2205524,Júlio Borges,Piauí,PI,22,5388,107846855
3133808,Itaúna,Minas Gerais,MG,31,97669,4975969030
3142700,Montalvânia,Minas Gerais,MG,31,14060,206964135
4314308,Pejuçara,Rio Grande do Sul,RS,43,3745,293083799
3103900,Araújos,Minas Gerais,MG,31,9199,464947328
5000856,Angélica,Mato Grosso do Sul,MS,50,10729,1243471217
2912103,Ibicaraí,Bahia,BA,29,21665,265631847
3113107,Caranaíba,Minas Gerais,MG,31,2933,49306416
2913457,Igrapiúna,Bahia,BA,29,13151,248014796
2310506,Pedra Branca,Ceará,CE,23,40187,481197368
1708254,Tabocão,Tocantins,TO,17,3455,173516818
4302584,Bozano,Rio Grande do Sul,RS,43,2151,119424690
5103056,Cláudia,Mato Grosso,MT,51,9593,1192573273
4305603,Colorado,Rio Grande do Sul,RS,43,3258,198977308
2600807,Altinho,Pernambuco,PE,26,20674,302021724
4304309,Cândido Godói,Rio Grande do Sul,RS,43,6294,375021605
4313037,Nova Esperança do Sul,Rio Grande do Sul,RS,43,4865,197237834
5202353,Arenópolis,Goiás,GO,52,2946,268947159
3168051,Taparuba,Minas Gerais,MG,31,3387,59981029
3124203,Espera Feliz,Minas Gerais,MG,31,24102,570798994
5100805,Apiacás,Mato Grosso,MT,51,8590,291453184
4106555,Corumbataí do Sul,Paraná,PR,41,3760,104934666
2205532,Jurema,Piauí,PI,22,4425,58058491
3501905,Amparo,São Paulo,SP,35,68008,6698468843
3300902,Cambuci,Rio de Janeiro,RJ,33,14616,479568356
2706901,Pilar,Alagoas,AL,27,35370,957604520
5105606,Matupá,Mato Grosso,MT,51,20091,1790693803
2610004,Palmares,Pernambuco,PE,26,54584,1156051915
4215901,São Bonifácio,Santa Catarina,SC,42,2946,265329550
4124020,Santa Tereza do Oeste,Paraná,PR,41,13174,713314961
3511300,Cedral,São Paulo,SP,35,12618,808869528
2400604,Almino Afonso,Rio Grande do Norte,RN,24,4687,68328729
4117008,Nova Fátima,Paraná,PR,41,7225,327433498
4308433,Forquetinha,Rio Grande do Sul,RS,43,2393,64512753
2112506,Tutóia,Maranhão,MA,21,53356,642713080
3541406,Presidente Prudente,São Paulo,SP,35,225668,11617598706
2203800,Flores do Piauí,Piauí,PI,22,4414,55148873
3129004,Guiricema,Minas Gerais,MG,31,7778,135879587
2205581,Lagoa do Piauí,Piauí,PI,22,4810,100848557
1301803,Ipixuna,Amazonas,AM,13,24311,247844484
3305505,Saquarema,Rio de Janeiro,RJ,33,89559,64701140278
3205069,Venda Nova do Imigrante,Espírito Santo,ES,32,23831,945412339
3137304,Lagoa dos Patos,Minas Gerais,MG,31,3313,65868175
3147303,Paraisópolis,Minas Gerais,MG,31,20445,769515649
4107009,Curiúva,Paraná,PR,41,13647,332954115
3138658,Lontra,Minas Gerais,MG,31,8790,110763133
3110905,Campanha,Minas Gerais,MG,31,15935,561946528
3522653,Itapirapuã Paulista,São Paulo,SP,35,4306,77308055
4319158,São Miguel das Missões,Rio Grande do Sul,RS,43,7056,517182430
2104099,Formosa da Serra Negra,Maranhão,MA,21,17719,257047956
3510005,Cândido Mota,São Paulo,SP,35,29449,2482755063
4218954,Urupema,Santa Catarina,SC,42,2656,131850079
5204706,Campinorte,Goiás,GO,52,12510,422671019
3553807,Taquarituba,São Paulo,SP,35,24350,1279103093
2312205,Santa Quitéria,Ceará,CE,23,40183,859224903
4210407,Maracajá,Santa Catarina,SC,42,7815,355365128
5214101,Mutunópolis,Goiás,GO,52,3564,105710908
2307254,Jijoca de Jericoacoara,Ceará,CE,23,25555,711193201
4309753,Ibarama,Rio Grande do Sul,RS,43,3732,105468908
2209203,Santa Filomena,Piauí,PI,22,6087,789357878
4117057,Nova Laranjeiras,Paraná,PR,41,12074,378371953
2313559,Tururu,Ceará,CE,23,15412,164401393
3108552,Brasilândia de Minas,Minas Gerais,MG,31,15020,466968877
3500600,Águas de São Pedro,São Paulo,SP,35,2780,185389984
3129400,Ibertioga,Minas Gerais,MG,31,5198,120874777
2309003,Mucambo,Ceará,CE,23,13666,172103546
3115706,Central de Minas,Minas Gerais,MG,31,6171,100033962
4114807,Marialva,Paraná,PR,41,41851,2964620450
4313011,Nova Candelária,Rio Grande do Sul,RS,43,3061,225891713
3304201,Resende,Rio de Janeiro,RJ,33,129612,12267696488
4316907,Santa Maria,Rio Grande do Sul,RS,43,271735,10932023988
1709500,Gurupi,Tocantins,TO,17,85125,3695016955
4108320,Francisco Alves,Paraná,PR,41,8116,254090328
5211503,Itumbiara,Goiás,GO,52,107970,6555376192
3122470,Dom Bosco,Minas Gerais,MG,31,3697,85437158
3530904,Mombuca,São Paulo,SP,35,3722,179188607
3505401,Barra do Turvo,São Paulo,SP,35,6876,145159017
3305554,Seropédica,Rio de Janeiro,RJ,33,80596,3760076051
3138625,Limeira do Oeste,Minas Gerais,MG,31,8687,775260818
3169307,Três Corações,Minas Gerais,MG,31,75485,3568709809
2205599,Lagoa do Sítio,Piauí,PI,22,4520,53534403
5107404,São Pedro da Cipa,Mato Grosso,MT,51,4191,81084751
4124004,Santana do Itararé,Paraná,PR,41,5514,184041762
3107208,Bocaina de Minas,Minas Gerais,MG,31,5348,105938037
4203253,Capão Alto,Santa Catarina,SC,42,2625,281798429
2207306,Paes Landim,Piauí,PI,22,4088,58224214
3540101,Pongaí,São Paulo,SP,35,3395,124380214
4311270,Lagoa dos Três Cantos,Rio Grande do Sul,RS,43,1738,81864351
4219408,Witmarsum,Santa Catarina,SC,42,4255,197838976
2106631,Matões do Norte,Maranhão,MA,21,17432,134625394
4104808,Cascavel,Paraná,PR,41,348051,19204178185
2206050,Massapê do Piauí,Piauí,PI,22,5218,60922510
3203346,Marechal Floriano,Espírito Santo,ES,32,17641,682791410
2513943,São Domingos do Cariri,Paraíba,PB,25,2585,39709470
4119608,Pitanga,Paraná,PR,41,33567,1448744092
2104909,Guimarães,Maranhão,MA,21,10290,104271141
2410256,Porto do Mangue,Rio Grande do Norte,RN,24,5228,170408791
1502004,Cachoeira do Arari,Pará,PA,15,23981,354702357
2703007,Ibateguara,Alagoas,AL,27,13731,223882760
3202009,Dores do Rio Preto,Espírito Santo,ES,32,6596,232277998
2908408,Conceição do Coité,Bahia,BA,29,67825,1122063228
5203401,Bom Jardim de Goiás,Goiás,GO,52,7826,418165846
2412005,São Gonçalo do Amarante,Rio Grande do Norte,RN,24,115838,2588563905
2413359,Serra do Mel,Rio Grande do Norte,RN,24,13091,685341006
2612604,Santa Maria da Boa Vista,Pernambuco,PE,26,40578,781893105
2314003,Várzea Alegre,Ceará,CE,23,38984,575214115
2926905,Rio do Pires,Bahia,BA,29,10497,119203331
4212205,Papanduva,Santa Catarina,SC,42,19150,1183058194
3150158,Piedade de Caratinga,Minas Gerais,MG,31,8529,214395410
2604155,Casinhas,Pernambuco,PE,26,12967,125630548
3520905,Ipaussu,São Paulo,SP,35,13712,678117975
3139904,Maria da Fé,Minas Gerais,MG,31,14247,273429689
3149903,Perdões,Minas Gerais,MG,31,21384,811684117
2205565,Lagoa do Barro do Piauí,Piauí,PI,22,4995,368692560
5206503,Cromínia,Goiás,GO,52,3883,140959310
2611309,Pombos,Pernambuco,PE,26,27552,635845355
1101492,São Francisco do Guaporé,Rondônia,RO,11,16286,716410560
1100148,Nova Brasilândia D'Oeste,Rondônia,RO,11,15679,731951760
2904050,Bonito,Bahia,BA,29,15844,265008820
3159100,Santana dos Montes,Minas Gerais,MG,31,3469,64537388
4310850,Jaboticaba,Rio Grande do Sul,RS,43,3779,106763479
2916906,Itiruçu,Bahia,BA,29,10999,152011102
4202800,Braço do Norte,Santa Catarina,SC,42,33773,2195934726
5205208,Caturaí,Goiás,GO,52,5184,126676041
3527207,Lorena,São Paulo,SP,35,84855,4501317953
1303569,Rio Preto da Eva,Amazonas,AM,13,24936,495857750
3203353,Marilândia,Espírito Santo,ES,32,12387,404453022
2109700,Sambaíba,Maranhão,MA,21,5568,433340249
2508307,Lagoa Seca,Paraíba,PB,25,27730,416794368
5005681,Mundo Novo,Mato Grosso do Sul,MS,50,19193,1018195256
2205573,Lagoa de São Francisco,Piauí,PI,22,6331,68298742
2601904,Bezerros,Pernambuco,PE,26,61694,1089684939
2401909,Caiçara do Rio do Vento,Rio Grande do Norte,RN,24,3268,474184270
3138682,Luislândia,Minas Gerais,MG,31,6210,82467838
3122454,Divisópolis,Minas Gerais,MG,31,10213,118503144
2513927,São Bentinho,Paraíba,PB,25,4327,64263648
4300851,Arambaré,Rio Grande do Sul,RS,43,4112,233581546
4109401,Guarapuava,Paraná,PR,41,182093,9864113348
4127957,Tupãssi,Paraná,PR,41,8077,520417306
4201505,Armazém,Santa Catarina,SC,42,8834,343668227
4126603,Siqueira Campos,Paraná,PR,41,22811,851120988
3542701,Restinga,São Paulo,SP,35,6404,311796861
4313086,Nova Pádua,Rio Grande do Sul,RS,43,2343,115883567
1100155,Ouro Preto do Oeste,Rondônia,RO,11,35044,1275478843
2108405,Peri Mirim,Maranhão,MA,21,11108,110019842
2109759,Santa Filomena do Maranhão,Maranhão,MA,21,6697,71886149
3203320,Marataízes,Espírito Santo,ES,32,41929,7102417666
3517208,Guaiçara,São Paulo,SP,35,11239,310852418
2806909,São Francisco,Sergipe,SE,28,3243,61511330
2202505,Caracol,Piauí,PI,22,10318,127543158
2203859,Floresta do Piauí,Piauí,PI,22,2333,31642489
2101202,Bacabal,Maranhão,MA,21,103711,1912868327
2510006,Nazarezinho,Paraíba,PB,25,7203,81440989
4204558,Correia Pinto,Santa Catarina,SC,42,15727,763282446
2805208,Pinhão,Sergipe,SE,28,5677,141417060
4304358,Candiota,Rio Grande do Sul,RS,43,10710,1699384339
4206306,Guabiruba,Santa Catarina,SC,42,24543,1492565307
3204609,Santa Teresa,Espírito Santo,ES,32,22808,820679169
1200351,Marechal Thaumaturgo,Acre,AC,12,17093,288045144
2414605,Upanema,Rio Grande do Norte,RN,24,13577,370219693
3130101,Igarapé,Minas Gerais,MG,31,45847,1401823850
4321303,Taquari,Rio Grande do Sul,RS,43,25198,1123745154
1101476,Primavera de Rondônia,Rondônia,RO,11,3076,131192932
4127965,Turvo,Paraná,PR,41,14231,697870372
3547502,Santa Rita do Passa Quatro,São Paulo,SP,35,24833,992179626
3300951,Comendador Levy Gasparian,Rio de Janeiro,RJ,33,8741,633562453
4303004,Cachoeira do Sul,Rio Grande do Sul,RS,43,80070,3371237249
4212239,Paraíso,Santa Catarina,SC,42,4267,194243981
1504604,Mocajuba,Pará,PA,15,27198,480359837
2106672,Milagres do Maranhão,Maranhão,MA,21,8818,94016525
2903805,Boa Vista do Tupim,Bahia,BA,29,16873,187248715
3171501,Mathias Lobato,Minas Gerais,MG,31,3038,58002250
4205001,Dionísio Cerqueira,Santa Catarina,SC,42,15008,674812751
3101300,Alagoa,Minas Gerais,MG,31,2749,63839679
3120706,Cruzeiro da Fortaleza,Minas Gerais,MG,31,3521,183246046
5200605,Alto Paraíso de Goiás,Goiás,GO,52,10306,408321960
3118809,Coração de Jesus,Minas Gerais,MG,31,25377,357956467
2408300,Nova Cruz,Rio Grande do Norte,RN,24,34269,629220813
3546207,Santa Cruz da Conceição,São Paulo,SP,35,4277,200489693
2510907,Paulista,Paraíba,PB,25,11834,200280851
4313060,Nova Hartz,Rio Grande do Sul,RS,43,20088,1054362101
3549300,São João do Pau d'Alho,São Paulo,SP,35,2242,83376430
1101484,São Felipe D'Oeste,Rondônia,RO,11,5258,177906434
2902500,Baianópolis,Bahia,BA,29,13614,362686108
2513984,São Francisco,Paraíba,PB,25,3137,48446698
2202554,Caridade do Piauí,Piauí,PI,22,5033,72563727
3528502,Mairiporã,São Paulo,SP,35,93853,2767181265
2111250,São José dos Basílios,Maranhão,MA,21,6957,75929620
3125507,São Gonçalo do Rio Preto,Minas Gerais,MG,31,3032,59521522
2207355,Pajeú do Piauí,Piauí,PI,22,3000,61083829
2407005,Luís Gomes,Rio Grande do Norte,RN,24,9070,112399318
2607604,Ilha de Itamaracá,Pernambuco,PE,26,24540,298294942
3300936,Carapebus,Rio de Janeiro,RJ,33,13847,1045633275
2515708,Serra Grande,Paraíba,PB,25,2942,40405738
3138674,Luisburgo,Minas Gerais,MG,31,6956,155369855
3170206,Uberlândia,Minas Gerais,MG,31,713224,51065684136
4307104,Herval,Rio Grande do Sul,RS,43,6191,199382551
2517001,Umbuzeiro,Paraíba,PB,25,9124,118557079
2930402,Serra Preta,Bahia,BA,29,17996,175258440
4124053,Santa Terezinha de Itaipu,Paraná,PR,41,24262,765144141
4315602,Rio Grande,Rio Grande do Sul,RS,43,191900,14106680075
2303303,Cariús,Ceará,CE,23,17015,229771045
1100189,Pimenta Bueno,Rondônia,RO,11,35079,2124340165
3538808,Piraju,São Paulo,SP,35,29436,1088629415
1721109,Tocantínia,Tocantins,TO,17,7459,327559836
4208906,Jaraguá do Sul,Santa Catarina,SC,42,182660,15509262572
4316956,Santa Maria do Herval,Rio Grande do Sul,RS,43,6340,271501038
2933505,Wenceslau Guimarães,Bahia,BA,29,24474,424519835
4121802,Ribeirão Claro,Paraná,PR,41,12364,609741425
2505709,Dona Inês,Paraíba,PB,25,10380,117418219
1200336,Mâncio Lima,Acre,AC,12,19294,339224183
4112207,Janiópolis,Paraná,PR,41,5870,336925472
3548005,Santo Antônio de Posse,São Paulo,SP,35,23244,2146889717.9999998
3518503,Guareí,São Paulo,SP,35,15013,386201340
4218103,Timbé do Sul,Santa Catarina,SC,42,5386,197892454
2202539,Caraúbas do Piauí,Piauí,PI,22,5630,67976528
1711902,Lagoa da Confusão,Tocantins,TO,17,15288,1089844109
2925600,Presidente Dutra,Bahia,BA,29,15130,167732785
3132503,Itamarandiba,Minas Gerais,MG,31,32948,669899563
2302008,Barro,Ceará,CE,23,19381,286557319
4102208,Atalaia,Paraná,PR,41,3980,254751637
2932200,Ubaitaba,Bahia,BA,29,17596,316059303
2305100,Guaramiranga,Ceará,CE,23,5654,104815710
5103908,General Carneiro,Mato Grosso,MT,51,6037,506492689
3550100,São Manuel,São Paulo,SP,35,37289,1889877382
3102605,Andradas,Minas Gerais,MG,31,40553,1483245480
2513968,São Domingos,Paraíba,PB,25,2595,44068497
3165800,Senador José Bento,Minas Gerais,MG,31,2068,43394782
2110807,São Félix de Balsas,Maranhão,MA,21,4402,92001248
2915601,Itamaraju,Bahia,BA,29,59605,1395505741
2800407,Arauá,Sergipe,SE,28,10318,203786827
4310876,Jacuizinho,Rio Grande do Sul,RS,43,2040,125145633
1301407,Eirunepé,Amazonas,AM,13,33170,683640161
4322608,Venâncio Aires,Rio Grande do Sul,RS,43,68763,4683133717
1200344,Manoel Urbano,Acre,AC,12,11996,262614030.00000003
4120507,Primeiro de Maio,Paraná,PR,41,10082,462476453
2400208,Açu,Rio Grande do Norte,RN,24,56496,2170177264
1701903,Araguacema,Tocantins,TO,17,5927,411910607
3155801,Rio Pomba,Minas Gerais,MG,31,17443,574081312
4125308,São Jorge do Ivaí,Paraná,PR,41,5168,417316417
1711951,Lagoa do Tocantins,Tocantins,TO,17,3516,85969979
4207601,Ipira,Santa Catarina,SC,42,4578,134994590
2108454,Peritoró,Maranhão,MA,21,20479,277935285
4300877,Araricá,Rio Grande do Sul,RS,43,8525,322955377
2924306,Piatã,Bahia,BA,29,20086,220691887
1713700,Monte Santo do Tocantins,Tocantins,TO,17,2396,86604221
3533106,Nova Guataporanga,São Paulo,SP,35,2156,47451061
2107100,Morros,Maranhão,MA,21,18554,190452291
1200393,Porto Walter,Acre,AC,12,10735,200511946
2929107,São Felipe,Bahia,BA,29,20283,282890888
3136009,Joaíma,Minas Gerais,MG,31,13888,211126178
3146008,Ouro Fino,Minas Gerais,MG,31,32094,1223791087
3164506,São Sebastião do Maranhão,Minas Gerais,MG,31,10079,126119998
2509206,Massaranduba,Paraíba,PB,25,14139,196172625
2610905,Pesqueira,Pernambuco,PE,26,62722,1082144194
1300508,Barreirinha,Amazonas,AM,13,31051,398068438
2919702,Macarani,Bahia,BA,29,21599,269681394
3553856,Taquarivaí,São Paulo,SP,35,6876,433013790
4126652,Sulina,Paraná,PR,41,3440,190979060
3167608,Simonésia,Minas Gerais,MG,31,19750,371229958
2409605,Pedra Preta,Rio Grande do Norte,RN,24,2441,65239901
3126802,Frei Gaspar,Minas Gerais,MG,31,5640,91083395
1712405,Lizarda,Tocantins,TO,17,2999,78341052
3154507,Riacho dos Machados,Minas Gerais,MG,31,8756,301729817
4212270,Passos Maia,Santa Catarina,SC,42,4034,218824223
3104403,Argirita,Minas Gerais,MG,31,2688,51371890
2904902,Cachoeira,Bahia,BA,29,29250,521415950
5220454,Senador Canedo,Goiás,GO,52,155635,5495055229
2926509,Ribeira do Amparo,Bahia,BA,29,13841,199747093
1703701,Brejinho de Nazaré,Tocantins,TO,17,4725,267584255
1717206,Piraquê,Tocantins,TO,17,2282,98238440
3523107,Itaquaquecetuba,São Paulo,SP,35,369275,11979259765
1503309,Igarapé-Miri,Pará,PA,15,64831,1021946299
3552502,Suzano,São Paulo,SP,35,307429,18618697595
2909703,Cristópolis,Bahia,BA,29,13993,218524996
3157609,Santa Fé de Minas,Minas Gerais,MG,31,3522,70866744
4117909,Palotina,Paraná,PR,41,35011,3698095404
2917805,Jaguaripe,Bahia,BA,29,17659,261120545
3166303,Sericita,Minas Gerais,MG,31,7345,156437638
2918407,Juazeiro,Bahia,BA,29,237821,6159603827
4125357,São Jorge do Patrocínio,Paraná,PR,41,6504,183231543
5214606,Niquelândia,Goiás,GO,52,34964,1516123426
2701704,Capela,Alagoas,AL,27,15032,250652573
4202875,Brunópolis,Santa Catarina,SC,42,2489,143765601
5106109,Nossa Senhora do Livramento,Mato Grosso,MT,51,12940,433626055
4127106,Telêmaco Borba,Paraná,PR,41,75042,6409425430
3513702,Descalvado,São Paulo,SP,35,31756,2584483423
2916500,Itapicuru,Bahia,BA,29,31679,534862537
1702406,Arraias,Tocantins,TO,17,10287,239090348
3512407,Cordeirópolis,São Paulo,SP,35,24514,4167915366
4321329,Taquaruçu do Sul,Rio Grande do Sul,RS,43,3119,188337259
4107900,Floresta,Paraná,PR,41,10458,364240154
3546256,Santa Cruz da Esperança,São Paulo,SP,35,2116,101458892
3109006,Brumadinho,Minas Gerais,MG,31,38915,2845329902
3515509,Fernandópolis,São Paulo,SP,35,71186,2790708100
3169356,Três Marias,Minas Gerais,MG,31,28895,2582530940
3504107,Atibaia,São Paulo,SP,35,158647,9426583645
3117504,Conceição do Mato Dentro,Minas Gerais,MG,31,23163,3194400721
2607653,Itambé,Pernambuco,PE,26,34935,586822738
2306405,Itapipoca,Ceará,CE,23,131123,2550370731
4318705,São Leopoldo,Rio Grande do Sul,RS,43,217409,11740912547
3557303,Estiva Gerbi,São Paulo,SP,35,11295,532211875
2801702,Cristinápolis,Sergipe,SE,28,17100,589914464
2606309,Granito,Pernambuco,PE,26,6967,91070663
2616308,Vicência,Pernambuco,PE,26,26359,615581301
1600055,Serra do Navio,Amapá,AP,16,4673,126543789
3128600,Guarda-Mor,Minas Gerais,MG,31,6539,889875319
1706506,Darcinópolis,Tocantins,TO,17,5827,252542744
3527256,Lourdes,São Paulo,SP,35,1950,55440123
4119657,Pitangueiras,Paraná,PR,41,3046,160572520
4202859,Braço do Trombudo,Santa Catarina,SC,42,4026,273815765
2614402,Solidão,Pernambuco,PE,26,5210,63051244
1304005,Silves,Amazonas,AM,13,11559,434235288
2901205,Anagé,Bahia,BA,29,25438,299894814
1302702,Manicoré,Amazonas,AM,13,53914,926409799
3141405,Medina,Minas Gerais,MG,31,20156,330715354
3548054,Santo Antônio do Aracanguá,São Paulo,SP,35,8379,380219452
3529005,Marília,São Paulo,SP,35,237627,12507570770
2615003,Taquaritinga do Norte,Pernambuco,PE,26,24736,402087662
3556008,Urupês,São Paulo,SP,35,13744,647135023
2412906,São Tomé,Rio Grande do Norte,RN,24,9972,184856372
2401503,Barcelona,Rio Grande do Norte,RN,24,3986,63583271
4212254,Passo de Torres,Santa Catarina,SC,42,12897,301934066
2806503,Santa Rosa de Lima,Sergipe,SE,28,3937,59185703
3149952,Periquito,Minas Gerais,MG,31,6553,119988023
3545803,Santa Bárbara d'Oeste,São Paulo,SP,35,183347,10803991725
1200385,Plácido de Castro,Acre,AC,12,16560,764818375
2404606,Ielmo Marinho,Rio Grande do Norte,RN,24,11615,168954297
3131208,Ipanema,Minas Gerais,MG,31,19522,423411376
4310009,Ibirubá,Rio Grande do Sul,RS,43,21583,1708041504
2613107,São Caitano,Pernambuco,PE,26,37126,575981503
1722081,Wanderlândia,Tocantins,TO,17,10522,245767259
5007208,Rio Brilhante,Mato Grosso do Sul,MS,50,37601,3833911208
2110856,São Francisco do Brejão,Maranhão,MA,21,9051,138736696
3514205,Dolcinópolis,São Paulo,SP,35,2207,84390137
3202900,Itarana,Espírito Santo,ES,32,10597,441240524
2302057,Barroquinha,Ceará,CE,23,14567,169757818
3158904,Santana do Manhuaçu,Minas Gerais,MG,31,8987,227887497
2705606,Novo Lino,Alagoas,AL,27,10020,240603336
3140100,Marilac,Minas Gerais,MG,31,4224,75214247
3544509,Rubinéia,São Paulo,SP,35,3833,196382182
3519006,Herculândia,São Paulo,SP,35,9125,552689427
4214607,Rio do Oeste,Santa Catarina,SC,42,7747,348707840
2603702,Canhotinho,Pernambuco,PE,26,24329,364995920
2211209,Uruçuí,Piauí,PI,22,25203,4226265639.0000005
4316972,Santa Margarida do Sul,Rio Grande do Sul,RS,43,2596,278310094
2101251,Bacabeira,Maranhão,MA,21,16966,466225901
3143203,Monte Santo de Minas,Minas Gerais,MG,31,20890,632534984
4207650,Iporã do Oeste,Santa Catarina,SC,42,9335,486273637
2513109,Salgado de São Félix,Paraíba,PB,25,11505,177321450
2403301,Encanto,Rio Grande do Norte,RN,24,6016,75043617
3201605,Conceição da Barra,Espírito Santo,ES,32,27458,676074457
2311009,Poranga,Ceará,CE,23,12065,138932695
2704302,Maceió,Alagoas,AL,27,957916,33749575639
5215900,Palminópolis,Goiás,GO,52,3851,233772067
5207808,Firminópolis,Goiás,GO,52,10419,351012722
1718303,Praia Norte,Tocantins,TO,17,9044,114473357
1507706,São Sebastião da Boa Vista,Pará,PA,15,25643,309742598
3509809,Campos Novos Paulista,São Paulo,SP,35,4888,342294513
2503100,Cabaceiras,Paraíba,PB,25,5335,171068677
4128401,Uraí,Paraná,PR,41,10406,395052698
3133006,Itamonte,Minas Gerais,MG,31,14786,1087902966
4300002,"Área Operacional ""Lagoa dos Patos""",Rio Grande do Sul,RS,43,NA,NA
4300001,"Área Operacional ""Lagoa Mirim""",Rio Grande do Sul,RS,43,NA,NA
2301604,Assaré,Ceará,CE,23,21697,309804211
2903409,Belmonte,Bahia,BA,29,20121,432367576
4313904,Panambi,Rio Grande do Sul,RS,43,43515,4011216467
3103108,Antônio Prado de Minas,Minas Gerais,MG,31,1538,35792157
1506401,Santa Cruz do Arari,Pará,PA,15,7445,115244936
5200209,Água Limpa,Goiás,GO,52,1858,74935310
3301405,Conceição de Macabu,Rio de Janeiro,RJ,33,21104,503999723
1507755,Sapucaia,Pará,PA,15,5847,172700146
1712454,Luzinópolis,Tocantins,TO,17,2717,58820081
4303905,Campo Bom,Rio Grande do Sul,RS,43,62886,4528757407
3123809,Engenheiro Navarro,Minas Gerais,MG,31,6354,116459380
2201200,Barras,Piauí,PI,22,47938,673462844
4213302,Ponte Alta,Santa Catarina,SC,42,4437,205504401
3204658,São Domingos do Norte,Espírito Santo,ES,32,8589,391544913
2102325,Buriticupu,Maranhão,MA,21,55499,1008378406
4321352,Tavares,Rio Grande do Sul,RS,43,5212,135924272
2902104,Araci,Bahia,BA,29,48294,642812114
2300309,Acopiara,Ceará,CE,23,44962,693534939
2113009,Vitorino Freire,Maranhão,MA,21,30845,411453447
3551207,Sarutaiá,São Paulo,SP,35,3704,115634692
2500908,Arara,Paraíba,PB,25,12212,133977296
3519071,Hortolândia,São Paulo,SP,35,236641,22163924356
4323101,Vicente Dutra,Rio Grande do Sul,RS,43,4665,147863798
4216404,São João do Sul,Santa Catarina,SC,42,8668,434705100
3104452,Aricanduva,Minas Gerais,MG,31,4719,86409861
2925204,Pojuca,Bahia,BA,29,32136,3036558676
2607208,Ipojuca,Pernambuco,PE,26,98932,17972323334
5103502,Diamantino,Mato Grosso,MT,51,21941,5741877728
2103604,Coroatá,Maranhão,MA,21,59566,637484029
4215109,Rodeio,Santa Catarina,SC,42,12757,456659972
4126678,Tamarana,Paraná,PR,41,10707,474596193
2918456,Jucuruçu,Bahia,BA,29,9655,152424112
5209606,Heitoraí,Goiás,GO,52,3354,96556956
2203008,Cristalândia do Piauí,Piauí,PI,22,7356,89547212
3172004,Visconde do Rio Branco,Minas Gerais,MG,31,39160,2052277555
3552551,Suzanápolis,São Paulo,SP,35,3408,511504073
4313953,Pantano Grande,Rio Grande do Sul,RS,43,10212,576614361
4205902,Gaspar,Santa Catarina,SC,42,72570,5058949212
3501103,Alto Alegre,São Paulo,SP,35,3841,172396107
3300100,Angra dos Reis,Rio de Janeiro,RJ,33,167434,11900498299
3110103,Caiana,Minas Gerais,MG,31,5304,103763571
2600054,Abreu e Lima,Pernambuco,PE,26,98462,2129775378
4320909,Tapejara,Rio Grande do Sul,RS,43,24557,1870496881
5002605,Camapuã,Mato Grosso do Sul,MS,50,13583,872276480
2102309,Buriti Bravo,Maranhão,MA,21,22455,309327357
3100906,Águas Formosas,Minas Gerais,MG,31,18448,362825731
2915205,Itagibá,Bahia,BA,29,15310,746823176
3531407,Monte Aprazível,São Paulo,SP,35,22280,1038559710
1304062,Tabatinga,Amazonas,AM,13,66764,849680832
4120101,Porto Amazonas,Paraná,PR,41,4098,391661502
5106158,Nova Bandeirantes,Mato Grosso,MT,51,13635,506046124
4207684,Ipuaçu,Santa Catarina,SC,42,7730,435899804
3127305,Galiléia,Minas Gerais,MG,31,6222,126802223
2514404,São José de Espinharas,Paraíba,PB,25,4083,66469263.00000001
3519055,Holambra,São Paulo,SP,35,15094,1806633110
3144508,Nazareno,Minas Gerais,MG,31,8179,826959213
4208955,Jardinópolis,Santa Catarina,SC,42,1776,82848772
4317400,Santiago,Rio Grande do Sul,RS,43,48938,1861691263
3162807,São João Evangelista,Minas Gerais,MG,31,15315,292736468
2206902,Novo Oriente do Piauí,Piauí,PI,22,6097,66803339.00000001
3521408,Iracemápolis,São Paulo,SP,35,21967,2403777589
2105401,Itapecuru Mirim,Maranhão,MA,21,60440,889928415
4114005,Mamborê,Paraná,PR,41,13452,859221279
2504405,Conceição,Paraíba,PB,25,18260,257650700
3105509,Barão do Monte Alto,Minas Gerais,MG,31,4964,73841490
3152808,Prata,Minas Gerais,MG,31,28342,1702674770
5201504,Aporé,Goiás,GO,52,4325,518582383
3127354,Glaucilândia,Minas Gerais,MG,31,2928,55389691
3134301,Itumirim,Minas Gerais,MG,31,6638,110967147
2516201,Sousa,Paraíba,PB,25,67259,1714769851
4104006,Campina Grande do Sul,Paraná,PR,41,47825,2871767402
4316105,Ronda Alta,Rio Grande do Sul,RS,43,9777,402815630
3530102,Mirandópolis,São Paulo,SP,35,27983,978818314
4200200,Agrolândia,Santa Catarina,SC,42,10990,496110326
2904506,Brotas de Macaúbas,Bahia,BA,29,11765,141253088
3140159,Mário Campos,Minas Gerais,MG,31,15900,240476761
2302909,Capistrano,Ceará,CE,23,17254,226540986
2104107,Fortaleza dos Nogueiras,Maranhão,MA,21,12640,354448271
5219803,São Domingos,Goiás,GO,52,9711,276813387
1702000,Araguaçu,Tocantins,TO,17,8133,474482993
2506202,Frei Martinho,Paraíba,PB,25,2846,38774331
4306700,Dona Francisca,Rio Grande do Sul,RS,43,3079,112216054
2206951,Novo Santo Antônio,Piauí,PI,22,2827,38563075
1300102,Anori,Amazonas,AM,13,17194,297170704
2602407,Brejão,Pernambuco,PE,26,9079,226947872
3555604,Uchoa,São Paulo,SP,35,10394,521823515
4202008,Balneário Camboriú,Santa Catarina,SC,42,139155,9004372567
3510906,Cássia dos Coqueiros,São Paulo,SP,35,2799,306056167
3129905,Ibitiúra de Minas,Minas Gerais,MG,31,3365,75923924
3112703,Capitão Enéas,Minas Gerais,MG,31,14108,580397935
5106190,Nova Santa Helena,Mato Grosso,MT,51,4239,483790870
3158953,Santana do Paraíso,Minas Gerais,MG,31,44800,1250977727
2925253,Ponto Novo,Bahia,BA,29,17938,246409882
3520103,Igarapava,São Paulo,SP,35,26212,1422122446
3139102,Madre de Deus de Minas,Minas Gerais,MG,31,5191,408511106
3157658,Santa Helena de Minas,Minas Gerais,MG,31,5938,69029270
3149101,Pedralva,Minas Gerais,MG,31,10760,221496736
4300059,Água Santa,Rio Grande do Sul,RS,43,3912,418737672
5106182,Nova Lacerda,Mato Grosso,MT,51,6670,486836952
2307700,Maranguape,Ceará,CE,23,105093,2011194353
5107065,Querência,Mato Grosso,MT,51,26769,3771292384
5104807,Jaciara,Mato Grosso,MT,51,28569,1711568286
2601102,Araripina,Pernambuco,PE,26,85088,1777713458
3543204,Ribeirão do Sul,São Paulo,SP,35,4677,326854578
5003900,Figueirão,Mato Grosso do Sul,MS,50,3539,186834917
2700409,Atalaia,Alagoas,AL,27,37512,1637106831
3156304,Rodeiro,Minas Gerais,MG,31,8664,704898148
1500701,Anajás,Pará,PA,15,28011,370837756
4116604,Nova América da Colina,Paraná,PR,41,3280,108097018
3127339,Gameleiras,Minas Gerais,MG,31,4793,74869089
3306008,Três Rios,Rio de Janeiro,RJ,33,78346,6017636329
1505106,Óbidos,Pará,PA,15,52229,921982054
3136900,Juruaia,Minas Gerais,MG,31,11084,303328157
4213351,Ponte Alta do Norte,Santa Catarina,SC,42,3210,158355365
4106605,Cruzeiro do Oeste,Paraná,PR,41,23831,1089269489
2102374,Cachoeira Grande,Maranhão,MA,21,9732,85042509
2209708,São Francisco do Piauí,Piauí,PI,22,5392,67263759
3532702,Nipoã,São Paulo,SP,35,4750,146719324
1502509,Chaves,Pará,PA,15,20757,331189508
3146909,Papagaios,Minas Gerais,MG,31,13920,378420878
3554300,Teodoro Sampaio,São Paulo,SP,35,22173,822760153
3540606,Porto Feliz,São Paulo,SP,35,56497,5067048835
2309508,Orós,Ceará,CE,23,19675,267790867.00000003
3507209,Borá,São Paulo,SP,35,907,120962346
3116209,Chiador,Minas Gerais,MG,31,2800,47110405
2804805,Nossa Senhora do Socorro,Sergipe,SE,28,192330,2852077183
2705200,Messias,Alagoas,AL,27,15405,351253369
4124905,São João do Caiuá,Paraná,PR,41,5586,191655660
4311304,Lagoa Vermelha,Rio Grande do Sul,RS,43,27659,1608162616
5203906,Buriti Alegre,Goiás,GO,52,10495,561621016
3106804,Bias Fortes,Minas Gerais,MG,31,3361,51304979
3300159,Aperibé,Rio de Janeiro,RJ,33,11034,301129434
3109907,Caetanópolis,Minas Gerais,MG,31,11435,361893796
3522703,Itápolis,São Paulo,SP,35,39493,2524858407
3168903,Tiros,Minas Gerais,MG,31,7883,441044389
4301305,Arroio Grande,Rio Grande do Sul,RS,43,17558,965508115
1507300,São Félix do Xingu,Pará,PA,15,65418,2352014458
4300034,Aceguá,Rio Grande do Sul,RS,43,4170,382340490
3537503,Pereiras,São Paulo,SP,35,8737,410463048
1708304,Goianorte,Tocantins,TO,17,4738,178251939
2921708,Morro do Chapéu,Bahia,BA,29,33594,1565321407
3119302,Coromandel,Minas Gerais,MG,31,28894,2051785006
2707008,Pindoba,Alagoas,AL,27,2731,53807721
2511400,Picuí,Paraíba,PB,25,18333,270316204
2514453,São José dos Ramos,Paraíba,PB,25,5891,78200070
4312625,Muliterno,Rio Grande do Sul,RS,43,1721,71170277
2102358,Buritirana,Maranhão,MA,21,12918,156523814
1506005,Prainha,Pará,PA,15,35577,548886134
2506251,Gado Bravo,Paraíba,PB,25,8179,101800869
3536208,Pariquera-Açu,São Paulo,SP,35,19233,753096869
2501401,Baía da Traição,Paraíba,PB,25,9224,130461853
4120150,Porto Barreiro,Paraná,PR,41,3110,169167894
5106174,Nova Nazaré,Mato Grosso,MT,51,4200,183701698
3118007,Congonhas,Minas Gerais,MG,31,52890,7693793903
3161502,São Geraldo,Minas Gerais,MG,31,10282,351896564
3539301,Pirassununga,São Paulo,SP,35,73545,4304413432
3543238,Ribeirão dos Índios,São Paulo,SP,35,2025,56509323
2411601,São Bento do Norte,Rio Grande do Norte,RN,24,3304,394852729
2911709,Guanambi,Bahia,BA,29,87817,2028013245
3556909,Vista Alegre do Alto,São Paulo,SP,35,8109,705941182
3544103,Rio Grande da Serra,São Paulo,SP,35,44170,1166050396
3526803,Lençóis Paulista,São Paulo,SP,35,66505,6564647742
1300144,Apuí,Amazonas,AM,13,20647,386133301
2100832,Apicum-Açu,Maranhão,MA,21,17519,170117237
2708956,Senador Rui Palmeira,Alagoas,AL,27,12303,137331970
2110039,Santa Luzia do Paruá,Maranhão,MA,21,24307,382763769
2512721,Pedro Régis,Paraíba,PB,25,5766,70515597
3108602,Brasília de Minas,Minas Gerais,MG,31,32025,510727719
3151503,Piumhi,Minas Gerais,MG,31,36062,1568574297
4111803,Jacarezinho,Paraná,PR,41,40375,1956993425
2513158,Santa Cecília,Paraíba,PB,25,7670,90463261
2931806,Tremedal,Bahia,BA,29,16296,172959458
3529906,Miracatu,São Paulo,SP,35,18553,560826527
1711100,Itaporã do Tocantins,Tocantins,TO,17,2404,76489293
4104055,Campo Bonito,Paraná,PR,41,4027,237197428
2920403,Manoel Vitorino,Bahia,BA,29,13860,165431588
2927002,Rio Real,Bahia,BA,29,35362,1275891660
2105427,Itinga do Maranhão,Maranhão,MA,21,22513,687513901
4306759,Doutor Ricardo,Rio Grande do Sul,RS,43,1888,89703861
2923506,Palmeiras,Bahia,BA,29,10339,153919434
4101804,Araucária,Paraná,PR,41,151666,34075051608.999996
3127370,Goiabeira,Minas Gerais,MG,31,2830,57041944
3160207,Santo Antônio do Itambé,Minas Gerais,MG,31,3915,59342920
3508504,Caçapava,São Paulo,SP,35,96202,6516271282
3123858,Entre Folhas,Minas Gerais,MG,31,5179,82275065
4208104,Itaiópolis,Santa Catarina,SC,42,22051,1404661539
5209200,Guapó,Goiás,GO,52,19545,497333981
3111408,Campo Florido,Minas Gerais,MG,31,8466,1054872158
2110005,Santa Luzia,Maranhão,MA,21,57635,985808785
3516804,Gastão Vidigal,São Paulo,SP,35,3252,101942077
2204303,Fronteiras,Piauí,PI,22,10259,140144701
5200258,Águas Lindas de Goiás,Goiás,GO,52,225693,3062184834
3165008,São Tiago,Minas Gerais,MG,31,11192,280530963
2100808,Anapurus,Maranhão,MA,21,13793,192812583
3122504,Dom Cavati,Minas Gerais,MG,31,4904,85390944
4100103,Abatiá,Paraná,PR,41,7241,297166248
2922201,Muniz Ferreira,Bahia,BA,29,7190,86329424
3150208,Piedade de Ponte Nova,Minas Gerais,MG,31,3976,76206839
3519907,Iepê,São Paulo,SP,35,7619,503731726
4320503,Sertão,Rio Grande do Sul,RS,43,5541,389513968
4312609,Muçum,Rio Grande do Sul,RS,43,4601,273362887
1701101,Aparecida do Rio Negro,Tocantins,TO,17,4856,283246785
2512705,Remígio,Paraíba,PB,25,17885,224366232
4110508,Ipiranga,Paraná,PR,41,14142,776103694
2910404,Encruzilhada,Bahia,BA,29,19107,254827772
3205101,Viana,Espírito Santo,ES,32,73423,5957535596
5002209,Bonito,Mato Grosso do Sul,MS,50,23659,1586576757
3155009,Rio Doce,Minas Gerais,MG,31,2484,107640771
2917003,Itiúba,Bahia,BA,29,33872,429677861
1101500,Seringueiras,Rondônia,RO,11,11171,446996914
2609006,Macaparana,Pernambuco,PE,26,23879,359207789
2311900,Saboeiro,Ceará,CE,23,13854,190821870
4115309,Mariópolis,Paraná,PR,41,6371,554033710
2913507,Iguaí,Bahia,BA,29,21491,282578114
2105476,Jenipapo dos Vieiras,Maranhão,MA,21,17076,174125275
3130804,Ingaí,Minas Gerais,MG,31,2580,163203396
2405702,Jardim do Seridó,Rio Grande do Norte,RN,24,11655,244663038
1100205,Porto Velho,Rondônia,RO,11,460434,25402193434
2502706,Borborema,Paraíba,PB,25,4214,80671479
3303807,Paraty,Rio de Janeiro,RJ,33,45243,6324392329
4312617,Muitos Capões,Rio Grande do Sul,RS,43,2879,950302141
2408805,Parazinho,Rio Grande do Norte,RN,24,4801,524974343
3135605,Jequitaí,Minas Gerais,MG,31,6484,157283874
3145604,Oliveira,Minas Gerais,MG,31,39262,1463236820
3501152,Alumínio,São Paulo,SP,35,17301,3438994015
4123204,Santa Cecília do Pavão,Paraná,PR,41,3365,179165999
3127388,Goianá,Minas Gerais,MG,31,4053,104453506
4302600,Braga,Rio Grande do Sul,RS,43,3268,109438700
3136959,Juvenília,Minas Gerais,MG,31,5789,89870794
4314407,Pelotas,Rio Grande do Sul,RS,43,325685,12480919075
5212006,Jaupaci,Goiás,GO,52,2924,112607354
2912202,Ibicoara,Bahia,BA,29,20785,517754214
3113206,Carandaí,Minas Gerais,MG,31,23812,883368720
2310605,Penaforte,Ceará,CE,23,8972,149292777
1508407,Xinguara,Pará,PA,15,52893,2321584652
2208403,Piripiri,Piauí,PI,22,65538,1242361439
4305702,Condor,Rio Grande do Sul,RS,43,6406,470591921
2600906,Amaraji,Pernambuco,PE,26,18205,307791652
3548906,São Carlos,São Paulo,SP,35,254857,18386920167
5107925,Sorriso,Mato Grosso,MT,51,110635,13748756925
2209757,São Gonçalo do Gurguéia,Piauí,PI,22,2947,64212913
4306734,Doutor Maurício Cardoso,Rio Grande do Sul,RS,43,4470,228266041
2407500,Maxaranguape,Rio Grande do Norte,RN,24,10255,165453695
4304408,Canela,Rio Grande do Sul,RS,43,48946,1959718764
3553005,Taguaí,São Paulo,SP,35,12669,409335494
5202601,Aurilândia,Goiás,GO,52,3284,111362652
4105300,Céu Azul,Paraná,PR,41,11087,1070583203.9999999
3521002,Iperó,São Paulo,SP,35,36459,1291002665
1501204,Baião,Pará,PA,15,51641,799362814
2313609,Ubajara,Ceará,CE,23,32767,839887408
3126000,Florestal,Minas Gerais,MG,31,8045,182908897
3550605,São Roque,São Paulo,SP,35,79484,4532567306
4115358,Maripá,Paraná,PR,41,6555,535683462.00000006
4112702,Jataizinho,Paraná,PR,41,11813,301470024
2610103,Palmeirina,Pernambuco,PE,26,7031,91362197
4202073,Balneário Gaivota,Santa Catarina,SC,42,15669,308869231
2105450,Jatobá,Maranhão,MA,21,7471,83460163
2205607,Landri Sales,Piauí,PI,22,5213,129242437
4217709,Sombrio,Santa Catarina,SC,42,29991,1304359187
4319208,São Nicolau,Rio Grande do Sul,RS,43,5118,178748939
3302502,Magé,Rio de Janeiro,RJ,33,228127,5301410766
1707009,Dianópolis,Tocantins,TO,17,17739,781673078
4117107,Nova Londrina,Paraná,PR,41,12923,718418014
2112605,Urbano Santos,Maranhão,MA,21,32812,315150594
2507507,João Pessoa,Paraíba,PB,25,833932,28442130794
3303856,Paty do Alferes,Rio de Janeiro,RJ,33,29619,862739741
1501253,Bannach,Pará,PA,15,4031,153994721
2907608,Central,Bahia,BA,29,16348,180701476
3129103,Gurinhatã,Minas Gerais,MG,31,5192,238367948
4209409,Laguna,Santa Catarina,SC,42,42785,1404149986
3305604,Silva Jardim,Rio de Janeiro,RJ,33,21352,705912311
3137403,Lagoa Dourada,Minas Gerais,MG,31,12769,376999258
5212055,Jesúpolis,Goiás,GO,52,2123,51231518
3147402,Paraopeba,Minas Gerais,MG,31,24107,1108133444
1720309,São Sebastião do Tocantins,Tocantins,TO,17,4100,68702096
4309803,Ibiaçá,Rio Grande do Sul,RS,43,4527,298760648
2410306,Serra Caiada,Rio Grande do Norte,RN,24,10125,150412555
4107108,Diamante do Norte,Paraná,PR,41,5142,413933429
3503703,Ariranha,São Paulo,SP,35,7602,1252002226
2512762,Riachão do Poço,Paraíba,PB,25,4738,73545674
2906303,Canavieiras,Bahia,BA,29,32683,510979086
2304707,Granja,Ceará,CE,23,53344,561374497
4320578,Sete de Setembro,Rio Grande do Sul,RS,43,1830,77185838
4202081,Bandeirante,Santa Catarina,SC,42,3144,130219536
3502408,Anhumas,São Paulo,SP,35,4023,132375557.99999999
2402006,Caicó,Rio Grande do Norte,RN,24,61146,1735797344
2100873,Araguanã,Maranhão,MA,21,11181,127935136
3556958,Vitória Brasil,São Paulo,SP,35,1794,64481075
3205176,Vila Valério,Espírito Santo,ES,32,13728,615692474
2312304,São Benedito,Ceará,CE,23,47640,883024208
3536257,Parisi,São Paulo,SP,35,2892,67930902
2929602,Sapeaçu,Bahia,BA,29,17963,343804522
5222203,Vila Boa,Goiás,GO,52,4215,201846438
5003504,Douradina,Mato Grosso do Sul,MS,50,5578,259999126
4312674,Nicolau Vergueiro,Rio Grande do Sul,RS,43,1932,101822964
4125803,São Pedro do Ivaí,Paraná,PR,41,8690,453058246
4308508,Frederico Westphalen,Rio Grande do Sul,RS,43,32627,1792336004
5107909,Sinop,Mato Grosso,MT,51,196312,11736046947
2922250,Muquém do São Francisco,Bahia,BA,29,10443,266937053
5211602,Ivolândia,Goiás,GO,52,2693,145721780
3505500,Barretos,São Paulo,SP,35,122485,6715414139
2920452,Mansidão,Bahia,BA,29,13919,117786924
3149150,Pedras de Maria da Cruz,Minas Gerais,MG,31,10433,132256152
5203939,Buriti de Goiás,Goiás,GO,52,2732,78971058
3541901,Queluz,São Paulo,SP,35,9159,481508718
3200300,Alfredo Chaves,Espírito Santo,ES,32,13836,565384874
2207405,Palmeira do Piauí,Piauí,PI,22,4952,180248606
2604205,Catende,Pernambuco,PE,26,32156,390074712
4219507,Xanxerê,Santa Catarina,SC,42,51607,3145564606
5107958,Tangará da Serra,Mato Grosso,MT,51,106434,5602199726
2402907,Coronel João Pessoa,Rio Grande do Norte,RN,24,4237,54170236
1503804,Jacundá,Pará,PA,15,37707,800237449
3200359,Alto Rio Novo,Espírito Santo,ES,32,7434,152484588
2106706,Mirador,Maranhão,MA,21,21030,389856869
4306767,Eldorado do Sul,Rio Grande do Sul,RS,43,39559,2623491095
4202057,Balneário Barra do Sul,Santa Catarina,SC,42,14912,321609088
3535804,Paranapanema,São Paulo,SP,35,19395,1222547491
2703502,Jacuípe,Alagoas,AL,27,5352,144753474
3202108,Ecoporanga,Espírito Santo,ES,32,21992,481243171
2918902,Lajedão,Bahia,BA,29,3845,132125986
2109809,Santa Helena,Maranhão,MA,21,41561,483902824
2512747,Riachão,Paraíba,PB,25,2927,42006934
2412104,São João do Sabugi,Rio Grande do Norte,RN,24,5956,100072756
4124509,Santo Inácio,Paraná,PR,41,6181,836727448
3114501,Carmópolis de Minas,Minas Gerais,MG,31,18003,541381493
3121209,Delfinópolis,Minas Gerais,MG,31,8393,355640310
4312658,Não-Me-Toque,Rio Grande do Sul,RS,43,17898,2951959557
3516853,Gavião Peixoto,São Paulo,SP,35,4702,1735632823
2210805,Simplício Mendes,Piauí,PI,22,13870,236710730
3168101,Tapira,Minas Gerais,MG,31,4118,631715634
5216403,Paraúna,Goiás,GO,52,10659,1824836047
3138708,Luminárias,Minas Gerais,MG,31,5586,166134310
3148707,Pedra Azul,Minas Gerais,MG,31,24410,428870193
4302659,Brochier,Rio Grande do Sul,RS,43,4966,132265489.99999999
4212700,Petrolândia,Santa Catarina,SC,42,6716,265681594.99999997
3509007,Caieiras,São Paulo,SP,35,95032,5507619475
4204608,Criciúma,Santa Catarina,SC,42,214493,12339547621
5208301,Divinópolis de Goiás,Goiás,GO,52,4457,113664844
2702207,Coqueiro Seco,Alagoas,AL,27,5581,115661504
2200806,Antônio Almeida,Piauí,PI,22,3152,197618998
3205150,Vila Pavão,Espírito Santo,ES,32,8911,213352292
2308203,Meruoca,Ceará,CE,23,15157,166663575
3158102,Santa Maria do Salto,Minas Gerais,MG,31,4755,60852325
2508802,Malta,Paraíba,PB,25,6046,77515727
3525805,Júlio Mesquita,São Paulo,SP,35,4254,82839206
4118402,Paranavaí,Paraná,PR,41,92001,4189765044
2803500,Lagarto,Sergipe,SE,28,101579,2177825208
2908903,Coração de Maria,Bahia,BA,29,26692,325844013
4320552,Sertão Santana,Rio Grande do Sul,RS,43,5863,344570747
2512754,Riachão do Bacamarte,Paraíba,PB,25,4690,68122085
5205703,Córrego do Ouro,Goiás,GO,52,2454,87369887
3121258,Delta,Minas Gerais,MG,31,10494,708459476
4211405,Nova Erechim,Santa Catarina,SC,42,5155,266502424
4108403,Francisco Beltrão,Paraná,PR,41,96666,4525403384
3534500,Oscar Bressane,São Paulo,SP,35,2470,123399289
3123007,Dores de Campos,Minas Gerais,MG,31,10007,485976956
1600501,Oiapoque,Amapá,AP,16,27482,820364059
5216452,Perolândia,Goiás,GO,52,2964,790810676
1100254,Presidente Médici,Rondônia,RO,11,19327,776280726
2108504,Pindaré-Mirim,Maranhão,MA,21,31429,356583735
5221809,Urutaí,Goiás,GO,52,3553,152304129
3516002,Flórida Paulista,São Paulo,SP,35,12958,361684346
1200401,Rio Branco,Acre,AC,12,364756,12960965992
4313102,Nova Palma,Rio Grande do Sul,RS,43,5586,306852216
4314456,Pinhal,Rio Grande do Sul,RS,43,2959,154126687
2606804,Igarassu,Pernambuco,PE,26,115196,3770816207
2202604,Castelo do Piauí,Piauí,PI,22,19288,234521426
1600550,Pracuúba,Amapá,AP,16,3803,101033151
4203303,Campo Alegre,Santa Catarina,SC,42,12501,872665444
5218508,Quirinópolis,Goiás,GO,52,48447,3123504061
2510105,Nova Floresta,Paraíba,PB,25,9724,114955039
2615508,Tracunhaém,Pernambuco,PE,26,13867,198569520
2413409,Serra Negra do Norte,Rio Grande do Norte,RN,24,7597,162338806
2807006,São Miguel do Aleixo,Sergipe,SE,28,3434,79123152
2709400,Viçosa,Alagoas,AL,27,24092,596814189
3506805,Bocaina,São Paulo,SP,35,11259,381376277
5203962,Buritinópolis,Goiás,GO,52,3145,68010224
4206405,Guaraciaba,Santa Catarina,SC,42,10796,615278476
4101408,Apucarana,Paraná,PR,41,130134,4834012856
5209291,Guaraíta,Goiás,GO,52,2188,60565106
4111407,Ivaí,Paraná,PR,41,13229,711072742
3547601,Santa Rosa de Viterbo,São Paulo,SP,35,23411,1131988610
2500106,Água Branca,Paraíba,PB,25,9335,107368213
2605509,Ferreiros,Pernambuco,PE,26,15026,171422622
3100104,Abadia dos Dourados,Minas Gerais,MG,31,6272,190396516
2101905,Bequimão,Maranhão,MA,21,19584,166173290
4314423,Picada Café,Rio Grande do Sul,RS,43,5351,393451853
3163300,São José do Divino,Minas Gerais,MG,31,3464,60347690
4112751,Jesuítas,Paraná,PR,41,10506,556585940
4209458,Lajeado Grande,Santa Catarina,SC,42,1702,108718509
4205100,Dona Emma,Santa Catarina,SC,42,4221,184448320
4217758,Sul Brasil,Santa Catarina,SC,42,2832,123619650
4216057,São Cristóvão do Sul,Santa Catarina,SC,42,6084,197298749
2111300,São Luís,Maranhão,MA,21,1037775,42389051100
3120805,Cruzília,Minas Gerais,MG,31,15362,421201298
5107941,Tabaporã,Mato Grosso,MT,51,9818,1540339296
4321808,Três de Maio,Rio Grande do Sul,RS,43,24916,1525082331
2704807,Maribondo,Alagoas,AL,27,13679,222263702
3538006,Pindamonhangaba,São Paulo,SP,35,165428,13674680185
3203403,Mimoso do Sul,Espírito Santo,ES,32,24475,702863314
2905008,Caculé,Bahia,BA,29,22462,429993372
2204352,Geminiano,Piauí,PI,22,5445,70886212
4110102,Imbituva,Paraná,PR,41,29924,1503417717
3528601,Manduri,São Paulo,SP,35,9871,361118423
4213807,Praia Grande,Santa Catarina,SC,42,8270,312293605
5210307,Israelândia,Goiás,GO,52,2560,90979919
2206100,Matias Olímpio,Piauí,PI,22,10641,132516282
5217203,Piranhas,Goiás,GO,52,11712,953112485
1101559,Teixeirópolis,Rondônia,RO,11,4256,156426033
2512788,Riacho de Santo Antônio,Paraíba,PB,25,1955,35322056
4321857,Três Palmeiras,Rio Grande do Sul,RS,43,4716,165900513
1506906,Santarém Novo,Pará,PA,15,6116,81217033
3133907,Itaverava,Minas Gerais,MG,31,5642,83986058
4323606,Vista Alegre do Prata,Rio Grande do Sul,RS,43,1590,76366871
2515807,Serra Redonda,Paraíba,PB,25,6828,74714691
3551702,Sertãozinho,São Paulo,SP,35,126887,9075017911
3142809,Monte Alegre de Minas,Minas Gerais,MG,31,20170,903721125
4307203,Erval Grande,Rio Grande do Sul,RS,43,4930,161671677
2930501,Serrinha,Bahia,BA,29,80435,1420688878
1600535,Porto Grande,Amapá,AP,16,17848,527654729.00000006
2311959,Salitre,Ceará,CE,23,16633,222379429
4315701,Rio Pardo,Rio Grande do Sul,RS,43,34654,1248018944
2303402,Carnaubal,Ceará,CE,23,17210,210864889
1100288,Rolim de Moura,Rondônia,RO,11,56406,2287630996
2708105,Santana do Mundaú,Alagoas,AL,27,11323,1127361226
3511409,Cerqueira César,São Paulo,SP,35,21469,1400618178
2505808,Duas Estradas,Paraíba,PB,25,3327,51973317
1200435,Santa Rosa do Purus,Acre,AC,12,6723,124069582
5105309,Luciara,Mato Grosso,MT,51,2509,95373982
3170701,Varginha,Minas Gerais,MG,31,136467,10068568198
3518602,Guariba,São Paulo,SP,35,37498,1517993918
3549805,São José do Rio Preto,São Paulo,SP,35,480393,26390120821
5004007,Glória de Dourados,Mato Grosso do Sul,MS,50,10444,449930239
3124302,Espinosa,Minas Gerais,MG,31,30443,472196909
3114550,Carneirinho,Minas Gerais,MG,31,9422,684511571
2302107,Baturité,Ceará,CE,23,35218,578202649
2106755,Miranda do Norte,Maranhão,MA,21,23864,578366236
2203909,Floriano,Piauí,PI,22,62036,1693507840
3102704,Cachoeira de Pajeú,Minas Gerais,MG,31,9110,146445066
4118451,Pato Bragado,Paraná,PR,41,5733,269743771
3302106,Itaocara,Rio de Janeiro,RJ,33,22919,756489450
4304002,Campo Novo,Rio Grande do Sul,RS,43,4975,287302289
1100296,Santa Luzia D'Oeste,Rondônia,RO,11,7419,291886731
3165909,Senador Modestino Gonçalves,Minas Gerais,MG,31,4008,92678688
4102703,Barra do Jacaré,Paraná,PR,41,2814,187138061
3305208,São Pedro da Aldeia,Rio de Janeiro,RJ,33,104029,3359011214
3548500,Santos,São Paulo,SP,35,418608,30961718450
3500709,Agudos,São Paulo,SP,35,37680,3415808553
4314498,Pinheirinho do Vale,Rio Grande do Sul,RS,43,4540,140566168
4321832,Três Forquilhas,Rio Grande do Sul,RS,43,2760,79196797
3155900,Rio Preto,Minas Gerais,MG,31,5141,82690003
2802205,Feira Nova,Sergipe,SE,28,5975,169357162
3148756,Pedra Bonita,Minas Gerais,MG,31,7320,124988239
3110608,Cambuí,Minas Gerais,MG,31,29536,2451442898
1100262,Rio Crespo,Rondônia,RO,11,3471,265160115.99999997
3531902,Morro Agudo,São Paulo,SP,35,27933,1980195494
3541109,Presidente Alves,São Paulo,SP,35,3804,112971570
5220504,Serranópolis,Goiás,GO,52,8027,819679537
2609907,Ouricuri,Pernambuco,PE,26,65245,1016703912
2101939,Bernardo do Mearim,Maranhão,MA,21,5840,276117942
5204409,Caiapônia,Goiás,GO,52,16513,1456337725
2924801,Piritiba,Bahia,BA,29,17566,218911430
1503002,Faro,Pará,PA,15,8728,102051794
3533205,Nova Independência,São Paulo,SP,35,4609,285939288
1715507,Oliveira de Fátima,Tocantins,TO,17,1164,50178139
3521903,Itajobi,São Paulo,SP,35,16989,1278534349
1303205,Novo Airão,Amazonas,AM,13,15761,243315684
2927903,Santa Inês,Bahia,BA,29,10300,113747756
3136108,Joanésia,Minas Gerais,MG,31,4329,120063635
5221858,Valparaíso de Goiás,Goiás,GO,52,198861,3621839692
3146107,Ouro Preto,Minas Gerais,MG,31,74821,6765810317
3164605,São Sebastião do Oeste,Minas Gerais,MG,31,8815,882568006
3115805,Centralina,Minas Gerais,MG,31,10207,448883432
4211454,Nova Itaberaba,Santa Catarina,SC,42,4536,191951536
5212907,Marzagão,Goiás,GO,52,2758,76281110
2804003,Maruim,Sergipe,SE,28,15719,320962662
5006408,Pedro Gomes,Mato Grosso do Sul,MS,50,6941,460934465
3530607,Mogi das Cruzes,São Paulo,SP,35,451505,26072522197
4314464,Pinhal da Serra,Rio Grande do Sul,RS,43,2248,249015902
4200705,Alfredo Wagner,Santa Catarina,SC,42,10481,414786613
3169406,Três Pontas,Minas Gerais,MG,31,55255,2288500376
1200427,Rodrigues Alves,Acre,AC,12,14938,293645129
3126901,Frei Inocêncio,Minas Gerais,MG,31,8226,173509214
3107307,Bocaiúva,Minas Gerais,MG,31,48032,1435951111
3154606,Ribeirão das Neves,Minas Gerais,MG,31,329794,6336695364
4122800,Salgado Filho,Paraná,PR,41,4075,144580810
4210100,Mafra,Santa Catarina,SC,42,55286,3296811911
2914802,Itabuna,Bahia,BA,29,186708,5152367087
2926608,Ribeira do Pombal,Bahia,BA,29,54010,918879756
3520608,Indiana,São Paulo,SP,35,5090,99885601
3159209,Santa Rita de Caldas,Minas Gerais,MG,31,8460,249061006
4314472,Pinhal Grande,Rio Grande do Sul,RS,43,3805,500997765
4119707,Planaltina do Paraná,Paraná,PR,41,4070,149539866
4104501,Capanema,Paraná,PR,41,20481,1592680617
4114500,Manoel Ribas,Paraná,PR,41,14240,656196290
2917904,Jandaíra,Bahia,BA,29,9285,217807116
3535408,Panorama,São Paulo,SP,35,14964,397152926
3134806,Jacuí,Minas Gerais,MG,31,7495,186298724
1722107,Xambioá,Tocantins,TO,17,10517,722712656
5203104,Baliza,Goiás,GO,52,3351,175462198
3106002,Bela Vista de Minas,Minas Gerais,MG,31,10167,407734406
2612703,Santa Maria do Cambucá,Pernambuco,PE,26,14013,151435198
2314102,Viçosa do Ceará,Ceará,CE,23,59712,723250390
3513801,Diadema,São Paulo,SP,35,393237,21229085409
3525409,Jeriquara,São Paulo,SP,35,3863,308788507
2611408,Primavera,Pernambuco,PE,26,13838,320399161
1702901,Axixá do Tocantins,Tocantins,TO,17,10262,173373364
3512506,Coroados,São Paulo,SP,35,5400,335404552
2916609,Itapitanga,Bahia,BA,29,10279,124198931
4127601,Tijucas do Sul,Paraná,PR,41,17621,554175374
3527306,Louveira,São Paulo,SP,35,51847,20154612051
3109105,Bueno Brandão,Minas Gerais,MG,31,10911,256721226
3554805,Tremembé,São Paulo,SP,35,51173,1091770581
3504206,Auriflama,São Paulo,SP,35,13692,443572489
3117603,Conceição do Pará,Minas Gerais,MG,31,5415,313543484
2306504,Itapiúna,Ceará,CE,23,17841,213999298
4318804,São Lourenço do Sul,Rio Grande do Sul,RS,43,41989,1719595707
4109500,Guaraqueçaba,Paraná,PR,41,7430,146080935
3156809,Sabinópolis,Minas Gerais,MG,31,14240,415038365
4108007,Florestópolis,Paraná,PR,41,11446,623832373
4118006,Paraíso do Norte,Paraná,PR,41,13245,533427301
3534104,Oriente,São Paulo,SP,35,6085,194078729
2614501,Surubim,Pernambuco,PE,26,64120,1131953610
3170750,Varjão de Minas,Minas Gerais,MG,31,6969,361877695
3141504,Mendes Pimentel,Minas Gerais,MG,31,5606,98140772
3529104,Marinópolis,São Paulo,SP,35,1860,56364596
2401602,Bento Fernandes,Rio Grande do Norte,RN,24,4807,128584398
3517307,Guaimbê,São Paulo,SP,35,5512,593772310
3524105,Ituverava,São Paulo,SP,35,37571,2218625130
5108402,Várzea Grande,Mato Grosso,MT,51,300078,13984217795
2101301,Bacuri,Maranhão,MA,21,16290,156363090
2613206,São João,Pernambuco,PE,26,23837,374386583
3120839,Cuparaque,Minas Gerais,MG,31,3983,83623306
4314050,Parobé,Rio Grande do Sul,RS,43,52058,1725746396
5007703,Sete Quedas,Mato Grosso do Sul,MS,50,10994,493949383
4310538,Itaara,Rio Grande do Sul,RS,43,5572,304166514
3514700,Echaporã,São Paulo,SP,35,6205,187402902
3101409,Albertina,Minas Gerais,MG,31,2952,90906241
2406205,Lagoa d'Anta,Rio Grande do Norte,RN,24,6654,89996361
2805307,Pirambu,Sergipe,SE,28,7913,155336484
3204708,São Gabriel da Palha,Espírito Santo,ES,32,32252,988351287
4206009,Governador Celso Ramos,Santa Catarina,SC,42,16915,661697403
1503044,Floresta do Araguaia,Pará,PA,15,17898,657024636
2901700,Antônio Cardoso,Bahia,BA,29,11146,138792627
2414704,Várzea,Rio Grande do Norte,RN,24,5233,72802708
2508000,Juru,Paraíba,PB,25,9234,111022128
3519105,Iacanga,São Paulo,SP,35,10437,687530477
2908101,Cocos,Bahia,BA,29,19151,733216570
2603801,Capoeiras,Pernambuco,PE,26,18338,266090115.99999997
4103222,Bom Sucesso do Sul,Paraná,PR,41,3202,331505224
3140209,Maripá de Minas,Minas Gerais,MG,31,3387,111014879
2101970,Boa Vista do Gurupi,Maranhão,MA,21,7574,93312366
2211308,Valença do Piauí,Piauí,PI,22,22279,385863696
2101350,Bacurituba,Maranhão,MA,21,5252,52137831
4303103,Cachoeirinha,Rio Grande do Sul,RS,43,136258,7781824403
2608602,Lagoa do Ouro,Pernambuco,PE,26,11933,150180496
2311108,Porteiras,Ceará,CE,23,17050,232418150
3500758,Alambari,São Paulo,SP,35,6141,160252134
3547205,Santana da Ponte Pensa,São Paulo,SP,35,1670,56776266
4300505,Alpestre,Rio Grande do Sul,RS,43,7117,302869447
3120409,Cristiano Otoni,Minas Gerais,MG,31,4667,168667765
3509908,Cananéia,São Paulo,SP,35,12289,330537640
4310504,Iraí,Rio Grande do Sul,RS,43,7482,255785427
3118908,Cordisburgo,Minas Gerais,MG,31,7547,164132156
2408003,Mossoró,Rio Grande do Norte,RN,24,264577,10323665815
2201309,Barreiras do Piauí,Piauí,PI,22,3264,137541510
5101803,Barra do Garças,Mato Grosso,MT,51,69210,3537695616
2900405,Água Fria,Bahia,BA,29,14497,174798461
4305371,Charrua,Rio Grande do Sul,RS,43,2768,125647296
4314027,Paraíso do Sul,Rio Grande do Sul,RS,43,6519,230034251
4102752,Bela Vista da Caroba,Paraná,PR,41,4031,126094802
2301703,Aurora,Ceará,CE,23,23714,291950421
2903508,Belo Campo,Bahia,BA,29,18412,217595873
2707909,Santa Luzia do Norte,Alagoas,AL,27,6919,199947778
3103207,Araçaí,Minas Gerais,MG,31,2181,75709061
2414753,Venha-Ver,Rio Grande do Norte,RN,24,3014,47869532
2202653,Caxingó,Piauí,PI,22,5496,68615939
3301900,Itaboraí,Rio de Janeiro,RJ,33,224267,6278393127
3125606,Felisburgo,Minas Gerais,MG,31,6489,91368427
3203007,Iúna,Espírito Santo,ES,32,28590,722976073
4103206,Bom Sucesso,Paraná,PR,41,6581,221658047
4113205,Lapa,Paraná,PR,41,45003,2647565699
2926657,Ribeirão do Largo,Bahia,BA,29,9740,134073859
4216909,São Lourenço do Oeste,Santa Catarina,SC,42,24791,1843473333
2902203,Aramari,Bahia,BA,29,9833,138749091
2300408,Aiuaba,Ceará,CE,23,14076,169075878
1718808,Sampaio,Tocantins,TO,17,4215,70136476
3133501,Itapecerica,Minas Gerais,MG,31,21046,665952349
5101852,Bom Jesus do Araguaia,Mato Grosso,MT,51,7280,1001993682
5100508,Alto Paraguai,Mato Grosso,MT,51,8009,171250947
3300605,Bom Jesus do Itabapoana,Rio de Janeiro,RJ,33,35173,1207610759
4314035,Pareci Novo,Rio Grande do Sul,RS,43,4319,159254017
2933604,Xique-Xique,Bahia,BA,29,44757,780079645
2706604,Paulo Jacinto,Alagoas,AL,27,6576,108186746
5103601,Dom Aquino,Mato Grosso,MT,51,7872,724833869
3142403,Moema,Minas Gerais,MG,31,7548,160124318
2600104,Afogados da Ingazeira,Pernambuco,PE,26,40241,651000735
2103703,Cururupu,Maranhão,MA,21,31558,343104472
4215604,Santa Rosa de Lima,Santa Catarina,SC,42,2088,108833819
3126950,Frei Lagonegro,Minas Gerais,MG,31,3391,50932766
4309001,Giruá,Rio Grande do Sul,RS,43,16013,1017467927
1503077,Garrafão do Norte,Pará,PA,15,24703,426846806
3511003,Castilho,São Paulo,SP,35,19977,2275540623
2110500,São Bento,Maranhão,MA,21,46395,404149053
2932309,Ubatã,Bahia,BA,29,16094,264213164.99999997
2102408,Cajapió,Maranhão,MA,21,10121,81775000
2306553,Itarema,Ceará,CE,23,42957,711164955
2305209,Hidrolândia,Ceará,CE,23,17855,239627074
4315750,Riozinho,Rio Grande do Sul,RS,43,4473,165771634
4305355,Charqueadas,Rio Grande do Sul,RS,43,35012,1857420420
2800506,Areia Branca,Sergipe,SE,28,18081,353833617
5106653,Pontal do Araguaia,Mato Grosso,MT,51,6932,244682231
4113254,Laranjal,Paraná,PR,41,5600,125483191
1301506,Envira,Amazonas,AM,13,17186,236123505
3127404,Gonçalves,Minas Gerais,MG,31,4727,124200379
2400307,Afonso Bezerra,Rio Grande do Norte,RN,24,10839,160921097
1400027,Amajari,Roraima,RR,14,13927,329099885
3155504,Rio Paranaíba,Minas Gerais,MG,31,14532,1148100508
1503093,Goianésia do Pará,Pará,PA,15,26362,595811202
1700301,Aguiarnópolis,Tocantins,TO,17,4497,226238275
4322301,Tuparendi,Rio Grande do Sul,RS,43,8363,375005554
4207700,Ipumirim,Santa Catarina,SC,42,7816,564807509
2514503,São José de Piranhas,Paraíba,PB,25,19067,289436757
1718865,Santa Fé do Araguaia,Tocantins,TO,17,7216,202706984
3164209,São Romão,Minas Gerais,MG,31,10315,228104536
4310579,Itapuca,Rio Grande do Sul,RS,43,1937,93880969
1715101,Novo Acordo,Tocantins,TO,17,3969,176373135
2919405,Licínio de Almeida,Bahia,BA,29,11834,165211987
4105805,Colombo,Paraná,PR,41,232212,7628974586
4115804,Medianeira,Paraná,PR,41,54369,3007596291
5107107,São José dos Quatro Marcos,Mato Grosso,MT,51,17849,550357836
5101837,Boa Esperança do Norte,Mato Grosso,MT,51,NA,NA
2504504,Condado,Paraíba,PB,25,6451,89036655
2107209,Nina Rodrigues,Maranhão,MA,21,14176,109173932
3500303,Aguaí,São Paulo,SP,35,32072,1773842732
2401651,Bodó,Rio Grande do Norte,RN,24,2306,240166494
5201603,Araçu,Goiás,GO,52,3799,87231852
1718881,Santa Maria do Tocantins,Tocantins,TO,17,2680,118353126
4125001,São João do Ivaí,Paraná,PR,41,10667,410617462
2509305,Mataraca,Paraíba,PB,25,8244,231045680
4300570,Alto Feliz,Rio Grande do Sul,RS,43,3072,203171417
4219101,Vargeão,Santa Catarina,SC,42,3634,301834497
3104502,Arinos,Minas Gerais,MG,31,17272,544568075
2305266,Ibaretama,Ceará,CE,23,11956,163764929
2114007,Zé Doca,Maranhão,MA,21,40801,685857504
3513405,Cruzeiro,São Paulo,SP,35,74961,4281961616.9999995
4314068,Passa Sete,Rio Grande do Sul,RS,43,3983,144618439
3154200,Resende Costa,Minas Gerais,MG,31,11230,243888248
2909406,Cotegipe,Bahia,BA,29,13063,214456773
5004908,Jaraguari,Mato Grosso do Sul,MS,50,7139,717700528
5212956,Matrinchã,Goiás,GO,52,4042,225034902
2307809,Marco,Ceará,CE,23,25799,453537358
5107156,Reserva do Cabaçal,Mato Grosso,MT,51,2122,54023705
5214705,Nova América,Goiás,GO,52,2337,60720586
2701803,Carneiros,Alagoas,AL,27,8999,97600504
2902252,Arataca,Bahia,BA,29,10191,135073021
2107258,Nova Colinas,Maranhão,MA,21,5021,95717645
2100055,Açailândia,Maranhão,MA,21,106550,4274161961
3165537,Sarzedo,Minas Gerais,MG,31,36844,1642521872
4314076,Passo do Sobrado,Rio Grande do Sul,RS,43,6025,281871212
2109007,Porto Franco,Maranhão,MA,21,23903,1252850199
3512100,Colômbia,São Paulo,SP,35,6629,743433098
5206206,Cristalina,Goiás,GO,52,62337,5707718214
4200754,Alto Bela Vista,Santa Catarina,SC,42,1856,94012018
1718840,Sandolândia,Tocantins,TO,17,3723,134401907
3557006,Votorantim,São Paulo,SP,35,127923,5209654121
3128709,Guaxupé,Minas Gerais,MG,31,50911,2431559589
4215679,Santa Terezinha,Santa Catarina,SC,42,8066,342768701
2305233,Horizonte,Ceará,CE,23,74755,2964813703
2210003,São João do Piauí,Piauí,PI,22,21421,418478650
2211357,Várzea Branca,Piauí,PI,22,5055,60846104
4202503,Bom Jardim da Serra,Santa Catarina,SC,42,4026,338788253
2616001,Venturosa,Pernambuco,PE,26,17251,291064556
1500800,Ananindeua,Pará,PA,15,478778,11473897449
1400050,Alto Alegre,Roraima,RR,14,21096,802540265
5221007,Taquaral de Goiás,Goiás,GO,52,4026,97089853
2509370,Mato Grosso,Paraíba,PB,25,2543,38899586
4300554,Alto Alegre,Rio Grande do Sul,RS,43,1800,72441818
4309050,Glorinha,Rio Grande do Sul,RS,43,7658,595368852
4310553,Itacurubi,Rio Grande do Sul,RS,43,2995,114341750
1505601,Peixe-Boi,Pará,PA,15,8285,100656898
2210052,São José do Divino,Piauí,PI,22,4841,83009456
3203056,Jaguaré,Espírito Santo,ES,32,28931,1252073176
2914000,Ipirá,Bahia,BA,29,56876,799164101
4201208,Antônio Carlos,Santa Catarina,SC,42,11224,1163092146
3543709,Rincão,São Paulo,SP,35,9098,346936887
2606002,Garanhuns,Pernambuco,PE,26,142506,3834635254
4318408,São Jerônimo,Rio Grande do Sul,RS,43,21028,712278282
3168606,Teófilo Otoni,Minas Gerais,MG,31,137418,3540247727
4126306,Sengés,Paraná,PR,41,17270,690924291
3200805,Baixo Guandu,Espírito Santo,ES,32,30674,910611357
4109104,Guaporema,Paraná,PR,41,2191,106182693
3116308,Cipotânea,Minas Gerais,MG,31,5581,80891274
3506003,Bauru,São Paulo,SP,35,379146,20654759202
2806602,Santo Amaro das Brotas,Sergipe,SE,28,11092,227941577
2509339,Matinhas,Paraíba,PB,25,4571,80820674
3542404,Regente Feijó,São Paulo,SP,35,20145,1293798465
2705309,Minador do Negrão,Alagoas,AL,27,4845,90124639
2404705,Ipanguaçu,Rio Grande do Norte,RN,24,14131,263824958.99999997
3141108,Matozinhos,Minas Gerais,MG,31,37618,1895425771
1715150,Novo Alegre,Tocantins,TO,17,1846,38611975
3106903,Bicas,Minas Gerais,MG,31,13978,357490741
4322343,Ubiretama,Rio Grande do Sul,RS,43,1994,73526022
1505650,Placas,Pará,PA,15,18668,491401617
3545506,Sandovalina,São Paulo,SP,35,3645,455962205
5208806,Goianira,Goiás,GO,52,71916,1604686600
1504307,Maracanã,Pará,PA,15,25971,361785781
3158607,Santana do Deserto,Minas Gerais,MG,31,3747,84573749
4215653,Santa Rosa do Sul,Santa Catarina,SC,42,9792,277593894
2704005,Junqueiro,Alagoas,AL,27,23907,705481763
4321006,Tapera,Rio Grande do Sul,RS,43,10592,584149166
2921807,Mortugaba,Bahia,BA,29,11143,132840361
1507409,São Francisco do Pará,Pará,PA,15,14894,359790379
4219150,Vargem,Santa Catarina,SC,42,2627,100063874
4214300,Rancho Queimado,Santa Catarina,SC,42,3279,227901573
2514552,São José de Princesa,Paraíba,PB,25,3416,43362375
2513208,Santa Cruz,Paraíba,PB,25,5947,74311872
2931004,Tanhaçu,Bahia,BA,29,21006,315576937
4108908,Guairaçá,Paraná,PR,41,6587,404827015
4301800,Barracão,Rio Grande do Sul,RS,43,4831,300014763
2403400,Equador,Rio Grande do Norte,RN,24,5360,90161203
4118907,Pérola,Paraná,PR,41,11878,364026037
3171204,Vespasiano,Minas Gerais,MG,31,129246,3619030727
4207759,Iraceminha,Santa Catarina,SC,42,3986,258922509
1506104,Primavera,Pará,PA,15,10851,564056454
4311809,Marau,Rio Grande do Sul,RS,43,45124,3738294771
4128104,Umuarama,Paraná,PR,41,117095,5096996048
1700350,Aliança do Tocantins,Tocantins,TO,17,5147,423069710
4202537,Bom Jesus,Santa Catarina,SC,42,2777,187851870
4322350,União da Serra,Rio Grande do Sul,RS,43,1170,64312655
5107198,Ribeirãozinho,Mato Grosso,MT,51,2593,192863566
2202251,Canavieira,Piauí,PI,22,3414,52032166
2503209,Cabedelo,Paraíba,PB,25,66519,4092777006
4322327,Turuçu,Rio Grande do Sul,RS,43,3419,161326001
4319737,São Valério do Sul,Rio Grande do Sul,RS,43,2543,67840614
4213005,Pinheiro Preto,Santa Catarina,SC,42,3473,323208867
1707553,Fátima,Tocantins,TO,17,3467,127671542
2911808,Guaratinga,Bahia,BA,29,19049,318836843
5200308,Alexânia,Goiás,GO,52,27008,1832280539
3544202,Riolândia,São Paulo,SP,35,10309,390634838
4301859,Barra do Guarita,Rio Grande do Sul,RS,43,3161,63072239
3526902,Limeira,São Paulo,SP,35,291869,20876940083
3516507,Gabriel Monteiro,São Paulo,SP,35,2763,123955929
2515005,São Miguel de Taipu,Paraíba,PB,25,7066,122551230
5207501,Estrela do Norte,Goiás,GO,52,3205,113691244
4303608,Cambará do Sul,Rio Grande do Sul,RS,43,6361,275332193
3165578,Senador Amaral,Minas Gerais,MG,31,6206,115729920
3549003,São Francisco,São Paulo,SP,35,2602,59556069
4313607,Paim Filho,Rio Grande do Sul,RS,43,3629,162820804
3539806,Poá,São Paulo,SP,35,103765,4610760103
4203808,Canoinhas,Santa Catarina,SC,42,55016,2759647733
2920502,Maracás,Bahia,BA,29,27620,692348658
1506112,Quatipuru,Pará,PA,15,11524,147129344
3509957,Canas,São Paulo,SP,35,4931,121017029
3204351,Rio Bananal,Espírito Santo,ES,32,19274,787897981
2505006,Cubati,Paraíba,PB,25,7580,102129440
2927101,Rodelas,Bahia,BA,29,10308,162518115
2925303,Porto Seguro,Bahia,BA,29,168326,5009893696
2607307,Ipubi,Pernambuco,PE,26,29009,412535385
4121505,Rebouças,Paraná,PR,41,14514,635752238
3508603,Cachoeira Paulista,São Paulo,SP,35,31564,847786431
3160702,Santos Dumont,Minas Gerais,MG,31,42406,1259405745
2111805,Sítio Novo,Maranhão,MA,21,17074,292191152
4201273,Arabutã,Santa Catarina,SC,42,4378,400560968
3163805,São Miguel do Anta,Minas Gerais,MG,31,6334,129740224
5107180,Ribeirão Cascalheira,Mato Grosso,MT,51,10089,814506222
1718899,Santa Rita do Tocantins,Tocantins,TO,17,2219,275184548
1500859,Anapu,Pará,PA,15,31850,715999089
4318440,São Jorge,Rio Grande do Sul,RS,43,2912,113153705
4320602,Severiano de Almeida,Rio Grande do Sul,RS,43,3406,142412486
3538501,Piquete,São Paulo,SP,35,12490,227360717
2512804,Riacho dos Cavalos,Paraíba,PB,25,8493,111761073
2910503,Entre Rios,Bahia,BA,29,38098,790786138
4215687,Santa Terezinha do Progresso,Santa Catarina,SC,42,2576,89006068
2917102,Itororó,Bahia,BA,29,16617,281111572
4317509,Santo Ângelo,Rio Grande do Sul,RS,43,76917,3379818284
5217708,Pontalina,Goiás,GO,52,18309,840051957
2609105,Machados,Pernambuco,PE,26,11333,271714468
2915304,Itagimirim,Bahia,BA,29,6347,153619497
3132206,Itaguara,Minas Gerais,MG,31,13846,466010107
3162500,São João del Rei,Minas Gerais,MG,31,90225,3505345575
4319711,São Valentim do Sul,Rio Grande do Sul,RS,43,2207,84856729
4120200,Porto Rico,Paraná,PR,41,3182,152980460
2405801,João Câmara,Rio Grande do Norte,RN,24,33290,1527021890
3150703,Pirajuba,Minas Gerais,MG,31,5537,639002677
2924009,Paulo Afonso,Bahia,BA,29,112870,4258890934.0000005
1706258,Crixás do Tocantins,Tocantins,TO,17,1470,77386875
2409332,Santa Maria,Rio Grande do Norte,RN,24,4847,89728667
5001003,Aparecida do Taboado,Mato Grosso do Sul,MS,50,27674,2189221716
3100609,Água Boa,Minas Gerais,MG,31,12589,235422116
4123303,Santa Cruz de Monte Castelo,Paraná,PR,41,8613,387175483
3153806,Queluzito,Minas Gerais,MG,31,1770,51169239
4315354,Quinze de Novembro,Rio Grande do Sul,RS,43,3910,172890809
4207304,Imbituba,Santa Catarina,SC,42,52579,3250687753
5212105,Joviânia,Goiás,GO,52,7159,423165114
2905909,Campo Alegre de Lourdes,Bahia,BA,29,30671,383421237
3531100,Mongaguá,São Paulo,SP,35,61951,1535905805
2208502,Porto,Piauí,PI,22,12052,143077312
2103752,Davinópolis,Maranhão,MA,21,14404,218071737
4215695,Santiago do Sul,Santa Catarina,SC,42,1651,62417195
2206605,Monte Alegre do Piauí,Piauí,PI,22,10660,391313656
4318457,São José das Missões,Rio Grande do Sul,RS,43,2362,76281491
2105500,João Lisboa,Maranhão,MA,21,24709,362691779
3152501,Pouso Alegre,Minas Gerais,MG,31,152217,14201205978
3126109,Formiga,Minas Gerais,MG,31,68248,2969264149
3165552,Setubinha,Minas Gerais,MG,31,9917,135060474
3553500,Tapiraí,São Paulo,SP,35,7996,223954353
2509396,Maturéia,Paraíba,PB,25,6433,79510308
4122008,Rio Azul,Paraná,PR,41,14025,996992189
3113701,Carlos Chagas,Minas Gerais,MG,31,18615,629831916
3105608,Barbacena,Minas Gerais,MG,31,125317,4108617172
4201257,Apiúna,Santa Catarina,SC,42,9811,510609771
4306809,Encantado,Rio Grande do Sul,RS,43,22962,1411421633
3521101,Ipeúna,São Paulo,SP,35,6831,1055775919
3167301,Silveirânia,Minas Gerais,MG,31,2323,45006943
1501303,Barcarena,Pará,PA,15,126650,9190032788
2610608,Paudalho,Pernambuco,PE,26,56665,1151980668
3552205,Sorocaba,São Paulo,SP,35,723682,58816286432
3144201,Nacip Raydan,Minas Gerais,MG,31,2459,40636373
2516300,Sumé,Paraíba,PB,25,17166,255600848
4126355,Serranópolis do Iguaçu,Paraná,PR,41,5007,272573448
3511904,Clementina,São Paulo,SP,35,6982,254107308
3115003,Cascalho Rico,Minas Gerais,MG,31,2712,101297044
2409308,Patu,Rio Grande do Norte,RN,24,11007,198145746
4304903,Casca,Rio Grande do Sul,RS,43,9465,875949222
3124807,Estrela do Sul,Minas Gerais,MG,31,6840,458303039
4314902,Porto Alegre,Rio Grande do Sul,RS,43,1332845,104743272125
4112801,Joaquim Távora,Paraná,PR,41,11945,872245893
2904605,Brumado,Bahia,BA,29,70510,1931839323
2205706,Luís Correia,Piauí,PI,22,30641,461806251
3555307,Turmalina,São Paulo,SP,35,1669,100226090
4318424,São João da Urtiga,Rio Grande do Sul,RS,43,4461,198261234
3134004,Itinga,Minas Gerais,MG,31,13745,283613085
2506301,Guarabira,Paraíba,PB,25,57484,1489288359
2907707,Chorrochó,Bahia,BA,29,10579,137581262
1702109,Araguaína,Tocantins,TO,17,171301,7357637906
1300201,Atalaia do Norte,Amazonas,AM,13,15314,206768902
3165560,Sem-Peixe,Minas Gerais,MG,31,2433,41762745
2602506,Brejinho,Pernambuco,PE,26,7720,95682714
3157302,Santa Bárbara do Tugúrio,Minas Gerais,MG,31,4208,78007352
4309902,Ibiraiaras,Rio Grande do Sul,RS,43,6776,380199360
3510609,Carapicuíba,São Paulo,SP,35,386984,8436817189.999999
2410405,Pureza,Rio Grande do Norte,RN,24,9362,182888696
3503802,Artur Nogueira,São Paulo,SP,35,51456,2162832741
4202578,Bom Jesus do Oeste,Santa Catarina,SC,42,2187,103571913
1506161,Rio Maria,Pará,PA,15,18384,1007362504
4318432,São João do Polêsine,Rio Grande do Sul,RS,43,2649,117972869
3147907,Passos,Minas Gerais,MG,31,111939,4080105786
2906402,Candeal,Bahia,BA,29,7772,84961221
3139201,Malacacheta,Minas Gerais,MG,31,17516,272762390
2304806,Granjeiro,Ceará,CE,23,4841,67463265
3149200,Pedrinópolis,Minas Gerais,MG,31,3344,333526702
4115853,Mercedes,Paraná,PR,41,5931,311868781
2402105,Campo Redondo,Rio Grande do Norte,RN,24,10215,131974603.99999999
2801009,Campo do Brito,Sergipe,SE,28,18149,354386358
4107603,Faxinal,Paraná,PR,41,16389,625078517
5104906,Jangada,Mato Grosso,MT,51,7426,210301005
3515202,Estrela d'Oeste,São Paulo,SP,35,9417,1317162584
3544251,Rosana,São Paulo,SP,35,17440,1542730941
4117602,Palmas,Paraná,PR,41,48247,1728162368
2601201,Arcoverde,Pernambuco,PE,26,77742,1503621461
3304805,São Fidélis,Rio de Janeiro,RJ,33,38961,985937952
5222302,Vila Propício,Goiás,GO,52,5815,444209156
3137908,Lamim,Minas Gerais,MG,31,3184,66917653.00000001
4108957,Guamiranga,Paraná,PR,41,7856,357064021
2700508,Barra de Santo Antônio,Alagoas,AL,27,16365,358500789
2207934,Pedro Laurentino,Piauí,PI,22,2458,38184775
3147956,Patis,Minas Gerais,MG,31,4837,61642258
2109056,Porto Rico do Maranhão,Maranhão,MA,21,5954,63769406
1302009,Itapiranga,Amazonas,AM,13,10162,196557472
3554003,Tatuí,São Paulo,SP,35,123942,6784534581
3169901,Ubá,Minas Gerais,MG,31,103365,4462211846
2510659,Parari,Paraíba,PB,25,1720,28041853
4319752,São Vendelino,Rio Grande do Sul,RS,43,2251,105310987
4322376,Unistalda,Rio Grande do Sul,RS,43,1995,71038009
2609154,Manari,Pernambuco,PE,26,23763,183153582
4318481,São José do Hortêncio,Rio Grande do Sul,RS,43,4447,149146050
2915353,Itaguaçu da Bahia,Bahia,BA,29,12311,173900568
2604304,Cedro,Pernambuco,PE,26,10518,133554484
5221080,Teresina de Goiás,Goiás,GO,52,2701,47498504
2209807,São Gonçalo do Piauí,Piauí,PI,22,4837,80523117
1502608,Colares,Pará,PA,15,12868,136193895
3540705,Porto Ferreira,São Paulo,SP,35,52649,3069355360
3159704,Santa Rosa da Serra,Minas Gerais,MG,31,3382,119335757
2309607,Pacajus,Ceará,CE,23,70983,1808068498
3507308,Boracéia,São Paulo,SP,35,4715,657535084
2106805,Mirinzal,Maranhão,MA,21,13978,133234731
2804904,Pacatuba,Sergipe,SE,28,12502,219431735
4107652,Fazenda Rio Grande,Paraná,PR,41,148873,4139460922
2703601,Japaratinga,Alagoas,AL,27,9219,329293160
3123528,Durandé,Minas Gerais,MG,31,7817,154213270
2207900,Pedro II,Piauí,PI,22,37894,499936063
5213400,Moiporá,Goiás,GO,52,1685,73136307
4318499,São José do Inhacorá,Rio Grande do Sul,RS,43,2406,214097053
2603009,Cabrobó,Pernambuco,PE,26,30294,536174834.99999994
4219176,Vargem Bonita,Santa Catarina,SC,42,4576,661591361
1506138,Redenção,Pará,PA,15,85597,3681706091
3509106,Caiuá,São Paulo,SP,35,5466,111895200
2924058,Pé de Serra,Bahia,BA,29,13243,166031463
4301875,Barra do Quaraí,Rio Grande do Sul,RS,43,4241,332589973
5215207,Novo Brasil,Goiás,GO,52,3527,105687062
2702306,Coruripe,Alagoas,AL,27,50414,2400819380
3537206,Pedro de Toledo,São Paulo,SP,35,11281,208399244
4212809,Balneário Piçarras,Santa Catarina,SC,42,27127,2097521043
2508901,Mamanguape,Paraíba,PB,25,44599,1086800044
3504701,Balbinos,São Paulo,SP,35,3887,82894684
2707107,Piranhas,Alagoas,AL,27,22609,358241009
3202603,Iconha,Espírito Santo,ES,32,12326,385081427
5207535,Faina,Goiás,GO,52,7070,211347189
4320651,Silveira Martins,Rio Grande do Sul,RS,43,2028,72204098
1506195,Rurópolis,Pará,PA,15,35769,605553853
3157336,Santa Cruz de Minas,Minas Gerais,MG,31,8109,154995253
3162559,São João do Manhuaçu,Minas Gerais,MG,31,11246,245231859
5205802,Corumbá de Goiás,Goiás,GO,52,10562,340461045
4318465,São José do Herval,Rio Grande do Sul,RS,43,1902,55693984
3527801,Lupércio,São Paulo,SP,35,3981,115243875
4211504,Nova Trento,Santa Catarina,SC,42,13727,972888071
3301108,Cantagalo,Rio de Janeiro,RJ,33,19390,1075295576
1507458,São Geraldo do Araguaia,Pará,PA,15,24255,1028624529
1600600,Santana,Amapá,AP,16,107618,3725688060
5101001,Araguaiana,Mato Grosso,MT,51,3795,169004880
3201308,Cariacica,Espírito Santo,ES,32,353491,19710842610
3517802,Guaraçaí,São Paulo,SP,35,7441,374454285
2411700,São Bento do Trairí,Rio Grande do Norte,RN,24,3792,58250895
2931053,Tanque Novo,Bahia,BA,29,17158,297435262
1718006,Porto Alegre do Tocantins,Tocantins,TO,17,2866,59926510
3526506,Lavínia,São Paulo,SP,35,9689,262293976.00000003
3123502,Douradoquara,Minas Gerais,MG,31,1829,88740750
4216107,São Domingos,Santa Catarina,SC,42,9226,536173650
1712157,Lavandeira,Tocantins,TO,17,1626,41517156
4303673,Campestre da Serra,Rio Grande do Sul,RS,43,3242,236802103
3108701,Brás Pires,Minas Gerais,MG,31,4260,60375527
1507474,São João de Pirabas,Pará,PA,15,20689,232878224
2209872,São João da Fronteira,Piauí,PI,22,5522,74939977
2807105,Simão Dias,Sergipe,SE,28,42578,925386501
1507466,São João da Ponta,Pará,PA,15,4430,79286720
1702158,Araguanã,Tocantins,TO,17,4310,107609051
1100320,São Miguel do Guaporé,Rondônia,RO,11,21635,1549191677
3202652,Irupi,Espírito Santo,ES,32,13710,280697616
2923605,Paramirim,Bahia,BA,29,20351,310453443
1101609,Theobroma,Rondônia,RO,11,8113,307753834
3127073,Fruta de Leite,Minas Gerais,MG,31,4647,57436617
1100338,Nova Mamoré,Rondônia,RO,11,25444,1060566252.0000001
4304952,Caseiros,Rio Grande do Sul,RS,43,3000,177158193
4206900,Ibirama,Santa Catarina,SC,42,19862,774395357
3301157,Cardoso Moreira,Rio de Janeiro,RJ,33,12958,393124678
4100202,Adrianópolis,Paraná,PR,41,6256,467129251
4321907,Três Passos,Rio Grande do Sul,RS,43,25436,1228031658
2922300,Muritiba,Bahia,BA,29,28707,375976500
2500601,Alhandra,Paraíba,PB,25,21730,3148252077
4205605,Galvão,Santa Catarina,SC,42,3210,159894354
2102036,Bom Jesus das Selvas,Maranhão,MA,21,28599,456765664
3101904,Alpinópolis,Minas Gerais,MG,31,18300,618617893
2100501,Alto Parnaíba,Maranhão,MA,21,11109,573769442
2911857,Heliópolis,Bahia,BA,29,12309,170531034
2206670,Morro do Chapéu do Piauí,Piauí,PI,22,6425,75683719
5002308,Brasilândia,Mato Grosso do Sul,MS,50,11579,1159416526
2913606,Ilhéus,Bahia,BA,29,178649,7234380827
3111101,Campina Verde,Minas Gerais,MG,31,18011,677668025
1100304,Vilhena,Rondônia,RO,11,95832,5115785079
4313656,Palmares do Sul,Rio Grande do Sul,RS,43,12844,739854785
5210406,Itaberaí,Goiás,GO,52,44734,2305609003
2502409,Bonito de Santa Fé,Paraíba,PB,25,10252,119585901
2512408,Puxinanã,Paraíba,PB,25,14277,189387338
1506187,Rondon do Pará,Pará,PA,15,53143,1083238556
2408904,Parelhas,Rio Grande do Norte,RN,24,21499,473775240
3145307,Novo Cruzeiro,Minas Gerais,MG,31,26975,416700311
4218707,Tubarão,Santa Catarina,SC,42,110088,6007107895
4302303,Bom Jesus,Rio Grande do Sul,RS,43,11202,593402555
4306429,Dois Irmãos das Missões,Rio Grande do Sul,RS,43,2090,125756576
4312302,Miraguaí,Rio Grande do Sul,RS,43,4427,200597337
2912301,Ibicuí,Bahia,BA,29,13934,224503022
3546801,Santa Isabel,São Paulo,SP,35,53174,2298061229
3135308,Japaraíba,Minas Gerais,MG,31,4506,126374759
2708204,São Brás,Alagoas,AL,27,6555,123934472
2209856,São João da Canabrava,Piauí,PI,22,4242,54282066
2105104,Icatu,Maranhão,MA,21,24794,211920611
2408953,Rio do Fogo,Rio Grande do Norte,RN,24,10351,207249129
2207959,Nova Santa Rita,Piauí,PI,22,4076,51654083
3203908,Nova Venécia,Espírito Santo,ES,32,49065,1886120510
3540754,Potim,São Paulo,SP,35,20392,355270826
3303500,Nova Iguaçu,Rio de Janeiro,RJ,33,785867,20518623982
3170800,Várzea da Palma,Minas Gerais,MG,31,33744,1351753570
3549904,São José dos Campos,São Paulo,SP,35,697054,61394524128
2407609,Messias Targino,Rio Grande do Norte,RN,24,4274,65325131
5004106,Guia Lopes da Laguna,Mato Grosso do Sul,MS,50,9940,477599794
4105003,Catanduvas,Paraná,PR,41,10446,413684795
4317103,Sant'Ana do Livramento,Rio Grande do Sul,RS,43,84421,3143614301
4115002,Marilena,Paraná,PR,41,7253,237236998
3157377,Santa Cruz de Salinas,Minas Gerais,MG,31,3910,59169054
2313708,Umari,Ceará,CE,23,6871,85632532
3548609,São Bento do Sapucaí,São Paulo,SP,35,11674,354768094
3127057,Fronteira dos Vales,Minas Gerais,MG,31,4345,57796324
2208551,Porto Alegre do Piauí,Piauí,PI,22,2364,47843299
3550704,São Sebastião,São Paulo,SP,35,81595,17400619207
2702355,Craíbas,Alagoas,AL,27,25397,450186836
2105153,Igarapé do Meio,Maranhão,MA,21,13974,464887219
5219506,Santa Rosa de Goiás,Goiás,GO,52,2820,100776701
2410009,Pilões,Rio Grande do Norte,RN,24,2965,50550428
3302205,Itaperuna,Rio de Janeiro,RJ,33,101041,4067636895
2507606,Juarez Távora,Paraíba,PB,25,7796,93223035
3521150,Ipiguá,São Paulo,SP,35,6761,173090620
4209102,Joinville,Santa Catarina,SC,42,616317,49815876840
4217402,Schroeder,Santa Catarina,SC,42,20061,906591286
2205300,Jerumenha,Piauí,PI,22,4497,68875199
2206654,Morro Cabeça no Tempo,Piauí,PI,22,4377,53314280
4102802,Bela Vista do Paraíso,Paraná,PR,41,14833,564053919
3166006,Senhora de Oliveira,Minas Gerais,MG,31,5483,91127597
5104104,Guarantã do Norte,Mato Grosso,MT,51,31024,1286329067
2307007,Jaguaruana,Ceará,CE,23,31701,665089793
3112406,Capetinga,Minas Gerais,MG,31,6562,233337821
3503406,Arealva,São Paulo,SP,35,8130,301110079
2802304,Frei Paulo,Sergipe,SE,28,14530,551018667
5220603,Silvânia,Goiás,GO,52,22245,1594191158
5215256,Novo Planalto,Goiás,GO,52,3716,190861982
4306403,Dois Irmãos,Rio Grande do Sul,RS,43,30709,2639523250
4320677,Sinimbu,Rio Grande do Sul,RS,43,8578,248267158
2924900,Planaltino,Bahia,BA,29,8022,88316286
4309506,Guarani das Missões,Rio Grande do Sul,RS,43,7415,295742866
2932804,Utinga,Bahia,BA,29,16277,297919476
2312403,São Gonçalo do Amarante,Ceará,CE,23,54143,6908372654
2305704,Ipaumirim,Ceará,CE,23,12083,186861113
2929701,Sátiro Dias,Bahia,BA,29,16008,352993391
4125902,São Pedro do Paraná,Paraná,PR,41,2661,111291046
3502101,Andradina,São Paulo,SP,35,59783,4464940278
1303304,Novo Aripuanã,Amazonas,AM,13,23818,311736687
2313757,Umirim,Ceará,CE,23,17470,210671724
3162575,São João do Manteninha,Minas Gerais,MG,31,5331,92757159
5001904,Bataguassu,Mato Grosso do Sul,MS,50,23031,1841917456
3156007,Rio Vermelho,Minas Gerais,MG,31,12641,177449682
5211701,Jandaia,Goiás,GO,52,6272,446722520
3533700,Ocauçu,São Paulo,SP,35,4331,163910353
3555356,Ubarana,São Paulo,SP,35,5365,298745870
4308201,Flores da Cunha,Rio Grande do Sul,RS,43,30892,3336287608
3107406,Bom Despacho,Minas Gerais,MG,31,51737,2193212185
3146602,Paiva,Minas Gerais,MG,31,1474,33858892
1400506,São João da Baliza,Roraima,RR,14,8858,425809496
1100379,Alto Alegre dos Parecis,Rondônia,RO,11,11479,575129366
2928406,Santa Rita de Cássia,Bahia,BA,29,27390,389399755
4106308,Corbélia,Paraná,PR,41,17470,993480192
2102077,Bom Lugar,Maranhão,MA,21,12212,149055868
3532405,Nazaré Paulista,São Paulo,SP,35,18217,595409604
4116307,Munhoz de Melo,Paraná,PR,41,3951,176663312
2914901,Itacaré,Bahia,BA,29,27704,563115494
3523701,Itirapuã,São Paulo,SP,35,5779,190876434
1503903,Juruti,Pará,PA,15,50881,1184841849
2106409,Mata Roma,Maranhão,MA,21,17090,226302950
2210508,São Pedro do Piauí,Piauí,PI,22,13755,159451786
2304400,Fortaleza,Ceará,CE,23,2428708,86939831736
3535507,Paraguaçu Paulista,São Paulo,SP,35,41120,3133901500
5300108,Brasília,Distrito Federal,DF,53,2817381,365669107906
3136603,Nova União,Minas Gerais,MG,31,5909,147089479
3522406,Itapeva,São Paulo,SP,35,89728,4558511821
4124608,São Carlos do Ivaí,Paraná,PR,41,6587,567835843
3114204,Carmo do Cajuru,Minas Gerais,MG,31,23479,779792824
3166907,Serrania,Minas Gerais,MG,31,7621,202564574
5106703,Ponte Branca,Mato Grosso,MT,51,2008,49856433
1717800,Ponte Alta do Bom Jesus,Tocantins,TO,17,4220,82503151
3525508,Joanópolis,São Paulo,SP,35,12815,335736757
5215231,Novo Gama,Goiás,GO,52,103804,1349983116
1100346,Alvorada D'Oeste,Rondônia,RO,11,13117,486626485
4301008,Arroio do Meio,Rio Grande do Sul,RS,43,21958,1943138022
4311007,Jaguarão,Rio Grande do Sul,RS,43,26603,1034801744
4127700,Toledo,Paraná,PR,41,150470,9508571518
5208004,Formosa,Goiás,GO,52,115901,3918238829
5005400,Maracaju,Mato Grosso do Sul,MS,50,45047,5921262311
2200509,Amarante,Piauí,PI,22,17234,243953678
3119005,Cordislândia,Minas Gerais,MG,31,3200,131187282
2308302,Milagres,Ceará,CE,23,25900,335238601
2921005,Mata de São João,Bahia,BA,29,42566,1734856860
3156908,Sacramento,Minas Gerais,MG,31,26670,2387149527
2803609,Laranjeiras,Sergipe,SE,28,23975,638032867
3161205,São Francisco de Paula,Minas Gerais,MG,31,6187,231806277
2100550,Amapá do Maranhão,Maranhão,MA,21,7170,95025625
3109600,Cachoeira da Prata,Minas Gerais,MG,31,3693,68104771
3148400,Paulistas,Minas Gerais,MG,31,4389,80480686
1716505,Pedro Afonso,Tocantins,TO,17,14055,1090443285
4108106,Flórida,Paraná,PR,41,2652,101261114
2206696,Murici dos Portelas,Piauí,PI,22,9797,103630381
4302352,Bom Princípio,Rio Grande do Sul,RS,43,13142,951019165
4118105,Paranacity,Paraná,PR,41,9557,517609255
4209151,José Boiteux,Santa Catarina,SC,42,5985,171771933
3534203,Orindiúva,São Paulo,SP,35,6024,830370242
4312351,Montauri,Rio Grande do Sul,RS,43,1499,73732732
2501104,Areia,Paraíba,PB,25,22633,355512333
4204301,Concórdia,Santa Catarina,SC,42,81646,5510391821
2511103,Pedra Lavrada,Paraíba,PB,25,6859,94715184
3514809,Eldorado,São Paulo,SP,35,13069,423995268
2414407,Touros,Rio Grande do Norte,RN,24,33035,1015670245
3539004,Pirangi,São Paulo,SP,35,10885,535545258.99999994
5221908,Varjão,Goiás,GO,52,3716,122375692
3556602,Vera Cruz,São Paulo,SP,35,10176,302804606
2901809,Antônio Gonçalves,Bahia,BA,29,10862,108499704
3138401,Leopoldina,Minas Gerais,MG,31,51145,1344583254
3524204,Jaborandi,São Paulo,SP,35,6221,247094751
1200500,Sena Madureira,Acre,AC,12,41343,972647740
2911006,Floresta Azul,Bahia,BA,29,11059,134078706
3108305,Borda da Mata,Minas Gerais,MG,31,17404,465206300
2606903,Iguaracy,Pernambuco,PE,26,11081,122067904
3151206,Pirapora,Minas Gerais,MG,31,55606,3361259131
2501153,Areia de Baraúnas,Paraíba,PB,25,2005,27915935
4203006,Caçador,Santa Catarina,SC,42,73720,5375160552
4301057,Arroio do Sal,Rio Grande do Sul,RS,43,11057,353686792
2615607,Trindade,Pernambuco,PE,26,30321,654210618
5007802,Selvíria,Mato Grosso do Sul,MS,50,8142,2691218217
3529609,Meridiano,São Paulo,SP,35,4572,437548090
2929750,Saubara,Bahia,BA,29,11438,179571811
2406304,Lagoa de Pedras,Rio Grande do Norte,RN,24,7338,101030040
3506508,Birigui,São Paulo,SP,35,118979,4866489546
3163003,São José da Safira,Minas Gerais,MG,31,3806,53061692
2414803,Vera Cruz,Rio Grande do Norte,RN,24,10735,167326015
2413102,Senador Elói de Souza,Rio Grande do Norte,RN,24,5965,79949978
3519600,Ibitinga,São Paulo,SP,35,60033,2528835327
4101507,Arapongas,Paraná,PR,41,119138,5715471043
4111506,Ivaiporã,Paraná,PR,41,32720,1142266373
2908200,Conceição da Feira,Bahia,BA,29,20800,430602157
3302254,Itatiaia,Rio de Janeiro,RJ,33,30908,6988685307
2613701,São Lourenço da Mata,Pernambuco,PE,26,111249,1791059055
2931509,Teofilândia,Bahia,BA,29,21176,238097542
2605608,Flores,Pernambuco,PE,26,20347,245679199
4308250,Floriano Peixoto,Rio Grande do Sul,RS,43,1668,77406347
2101608,Barra do Corda,Maranhão,MA,21,84532,1157930001
2913200,Ibotirama,Bahia,BA,29,26309,544229386
2608701,Lagoa dos Gatos,Pernambuco,PE,26,14076,168830764
4306452,Dois Lajeados,Rio Grande do Sul,RS,43,3097,166002207
2204006,Francinópolis,Piauí,PI,22,4505,57190927
3131802,Itabirinha,Minas Gerais,MG,31,10362,182486722
2205359,João Costa,Piauí,PI,22,2970,82059471
3122207,Divinolândia de Minas,Minas Gerais,MG,31,6516,91614435
2111003,São João Batista,Maranhão,MA,21,18544,152916056
2405009,Jaçanã,Rio Grande do Norte,RN,24,7834,100644236
4300604,Alvorada,Rio Grande do Sul,RS,43,187315,4129934297
2704906,Mar Vermelho,Alagoas,AL,27,3155,51607016
4310603,Itaqui,Rio Grande do Sul,RS,43,35768,2068939243
5101902,Brasnorte,Mato Grosso,MT,51,17004,2668090616
2900504,Érico Cardoso,Bahia,BA,29,10604,102934025
3529658,Mesópolis,São Paulo,SP,35,1952,108331327
3153004,Pratinha,Minas Gerais,MG,31,3559,230172432
2905107,Caém,Bahia,BA,29,10384,127401113
5000609,Amambai,Mato Grosso do Sul,MS,50,39325,2426261174
4110201,Inácio Martins,Paraná,PR,41,9670,249949243
3140704,Mateus Leme,Minas Gerais,MG,31,37841,1095993715
2308377,Miraíma,Ceará,CE,23,14196,141462332
2201804,Bocaina,Piauí,PI,22,4078,53637042
4213906,Presidente Castello Branco,Santa Catarina,SC,42,1689,88879330
4111555,Ivaté,Paraná,PR,41,6831,280429774
3145372,Novorizonte,Minas Gerais,MG,31,4571,92593548
4321956,Trindade do Sul,Rio Grande do Sul,RS,43,7556,403530887
3203106,Jerônimo Monteiro,Espírito Santo,ES,32,11575,218904491
2503704,Cajazeiras,Paraíba,PB,25,63239,1808446516
2513703,Santa Rita,Paraíba,PB,25,149910,3163543763
4103305,Borrazópolis,Paraná,PR,41,7735,296465288
4113304,Laranjeiras do Sul,Paraná,PR,41,32227,1230923929
5210000,Inhumas,Goiás,GO,52,52204,1880643106
2311603,Redenção,Ceará,CE,23,27214,520806417
4323705,Vista Gaúcha,Rio Grande do Sul,RS,43,2783,94255711
3143807,Munhoz,Minas Gerais,MG,31,7451,159929258
3130507,Ilicínea,Minas Gerais,MG,31,12741,314564988
3551801,Sete Barras,São Paulo,SP,35,12730,461849310
4312385,Monte Belo do Sul,Rio Grande do Sul,RS,43,2557,126816218
3111150,Campo Azul,Minas Gerais,MG,31,3714,52497209
2308351,Milhã,Ceará,CE,23,14123,250240907
1718907,Santa Rosa do Tocantins,Tocantins,TO,17,4653,419882078
3133600,Itapeva,Minas Gerais,MG,31,12692,1698907149
4305405,Chiapetta,Rio Grande do Sul,RS,43,3913,265708115.99999997
5100607,Alto Taquari,Mato Grosso,MT,51,10904,1194825900
2304459,Fortim,Ceará,CE,23,17294,391326312
3300704,Cabo Frio,Rio de Janeiro,RJ,33,222161,16964471592
4314134,Paulo Bento,Rio Grande do Sul,RS,43,2144,238557905
2706703,Penedo,Alagoas,AL,27,58650,1159276482
3142502,Monjolos,Minas Gerais,MG,31,2169,41814661
3166956,Serranópolis de Minas,Minas Gerais,MG,31,4399,61270987
3103702,Araponga,Minas Gerais,MG,31,8048,143377299
4215703,Santo Amaro da Imperatriz,Santa Catarina,SC,42,27272,1749916489
2310308,Parambu,Ceará,CE,23,31445,349488139
2600609,Alagoinha,Pernambuco,PE,26,13542,199751482
3124005,Ervália,Minas Gerais,MG,31,20255,576909131
3501707,Américo Brasiliense,São Paulo,SP,35,33019,1504961923
2300903,Apuiarés,Ceará,CE,23,12928,166863721
5202155,Araguapaz,Goiás,GO,52,7153,252817717
4309571,Herveiras,Rio Grande do Sul,RS,43,2565,88439464
3511102,Catanduva,São Paulo,SP,35,115791,7029953383
3136652,Juatuba,Minas Gerais,MG,31,30716,2124349302.0000002
4304101,Campos Borges,Rio Grande do Sul,RS,43,3613,105020137
2112308,Tuntum,Maranhão,MA,21,36251,410127182
4314100,Passo Fundo,Rio Grande do Sul,RS,43,206215,14069539725
2701001,Boca da Mata,Alagoas,AL,27,21187,565490707
4305454,Cidreira,Rio Grande do Sul,RS,43,17071,406916434
3145356,Novo Oriente de Minas,Minas Gerais,MG,31,10275,150988959
2203602,Eliseu Martins,Piauí,PI,22,4377,65844304.99999999
5106752,Pontes e Lacerda,Mato Grosso,MT,51,52018,2856804986
4218756,Tunápolis,Santa Catarina,SC,42,4916,229505878
1301605,Fonte Boa,Amazonas,AM,13,25871,324328590
3305307,São Sebastião do Alto,Rio de Janeiro,RJ,33,7750,272845232
4323754,Vitória das Missões,Rio Grande do Sul,RS,43,3260,89071444
3147105,Pará de Minas,Minas Gerais,MG,31,97139,5161430074
2400406,Água Nova,Rio Grande do Norte,RN,24,2946,42554072
3549953,São Lourenço da Serra,São Paulo,SP,35,16067,346115309
2102903,Carutapera,Maranhão,MA,21,24238,246447079
3127909,Grupiara,Minas Gerais,MG,31,1392,51558240
3110707,Cambuquira,Minas Gerais,MG,31,12313,455158505
3541208,Presidente Bernardes,São Paulo,SP,35,14490,351783368
3135357,Japonvar,Minas Gerais,MG,31,8127,100135576
5220686,Simolândia,Goiás,GO,52,5742,233338966
5204508,Caldas Novas,Goiás,GO,52,98622,3782024337
1503101,Gurupá,Pará,PA,15,31786,489496626
2313302,Tauá,Ceará,CE,23,61227,934349184
3137106,Lagamar,Minas Gerais,MG,31,6631,265408930.99999997
5211305,Itarumã,Goiás,GO,52,6101,412359244
3103751,Araporã,Minas Gerais,MG,31,8479,1209045340
3169109,Toledo,Minas Gerais,MG,31,7214,125617739
4210209,Major Gercino,Santa Catarina,SC,42,3214,86474067
2608750,Lagoa Grande,Pernambuco,PE,26,24088,713608793
5107206,Rio Branco,Mato Grosso,MT,51,4535,129894841
2209005,Rio Grande do Piauí,Piauí,PI,22,5801,75898440
3500402,Águas da Prata,São Paulo,SP,35,7369,272358712
3115508,Caxambu,Minas Gerais,MG,31,21056,464910514
3304003,Piraí,Rio de Janeiro,RJ,33,27474,3388747187
1709302,Guaraí,Tocantins,TO,17,24775,1130106068
3530706,Mogi Guaçu,São Paulo,SP,35,153658,9433837649
2509404,Mogeiro,Paraíba,PB,25,13899,220316809
3505203,Bariri,São Paulo,SP,35,31595,1863763724
3107000,Biquinhas,Minas Gerais,MG,31,2383,75633740
4200804,Anchieta,Santa Catarina,SC,42,5943,261385394
2313351,Tejuçuoca,Ceará,CE,23,17154,174349007
2312007,Santana do Acaraú,Ceará,CE,23,30628,352192189
4302378,Bom Progresso,Rio Grande do Sul,RS,43,2096,73593306
4309555,Harmonia,Rio Grande do Sul,RS,43,5378,306940865
4312377,Monte Alegre dos Campos,Rio Grande do Sul,RS,43,3180,117051122
4300646,Ametista do Sul,Rio Grande do Sul,RS,43,7650,203478293
2905156,Caetanos,Bahia,BA,29,11266,114112660
2207108,Olho D'Água do Piauí,Piauí,PI,22,2637,38346323
4114609,Marechal Cândido Rondon,Paraná,PR,41,55836,3919007285
2926707,Rio de Contas,Bahia,BA,29,13184,198436418
4316709,Santa Bárbara do Sul,Rio Grande do Sul,RS,43,8122,875560860
3520707,Indiaporã,São Paulo,SP,35,4035,167087329
4305439,Chuí,Rio Grande do Sul,RS,43,6262,522359628
4122909,Salto do Itararé,Paraná,PR,41,5192,124159798
1720499,São Valério,Tocantins,TO,17,4422,229617827
4104600,Capitão Leônidas Marques,Paraná,PR,41,14648,1300219755
3134905,Jacutinga,Minas Gerais,MG,31,25525,1708889642
4301073,Arroio do Padre,Rio Grande do Sul,RS,43,2599,96550913
5203203,Barro Alto,Goiás,GO,52,10371,1686186910
2104701,Graça Aranha,Maranhão,MA,21,6023,66886202.99999999
2612406,Sanharó,Pernambuco,PE,26,18624,269693618
4212007,Palma Sola,Santa Catarina,SC,42,7605,361215376
5204557,Caldazinha,Goiás,GO,52,4507,103501566
3149705,Perdigão,Minas Gerais,MG,31,12268,378765823
4314175,Pedras Altas,Rio Grande do Sul,RS,43,2061,172851793
5206305,Cristianópolis,Goiás,GO,52,3504,134732071
2506806,Ingá,Paraíba,PB,25,17692,270159360
3302270,Japeri,Rio de Janeiro,RJ,33,96289,1874798222
2516805,Triunfo,Paraíba,PB,25,9892,121796408
2402600,Ceará-Mirim,Rio Grande do Norte,RN,24,79115,1260346024
4202602,Bom Retiro,Santa Catarina,SC,42,8418,454469762
4305447,Chuvisca,Rio Grande do Sul,RS,43,4597,163414982
3139706,Maravilhas,Minas Gerais,MG,31,7333,243501960
2111029,São João do Carú,Maranhão,MA,21,12251,143797487
2611101,Petrolina,Pernambuco,PE,26,386791,10577530457
3527009,Lindóia,São Paulo,SP,35,7014,405308216
3554904,Três Fronteiras,São Paulo,SP,35,6804,155504752
2109502,Riachão,Maranhão,MA,21,22145,687701031
4209177,Jupiá,Santa Catarina,SC,42,2555,109998735
2601706,Belo Jardim,Pernambuco,PE,26,79507,3429627918
5205000,Carmo do Rio Verde,Goiás,GO,52,9710,543627158
3517000,Getulina,São Paulo,SP,35,10232,272840621
4310652,Itati,Rio Grande do Sul,RS,43,2638,103482518
3130556,Imbé de Minas,Minas Gerais,MG,31,6986,129944598
4119400,Piraí do Sul,Paraná,PR,41,23651,1441276078
1505700,Ponta de Pedras,Pará,PA,15,24984,313391742
4201307,Araquari,Santa Catarina,SC,42,45283,9900039604
3543808,Rinópolis,São Paulo,SP,35,9259,495679830
1200104,Brasiléia,Acre,AC,12,26000,929800488
2803203,Itaporanga d'Ajuda,Sergipe,SE,28,34411,562365723
2109551,Ribamar Fiquene,Maranhão,MA,21,7420,149001274
4126405,Sertaneja,Paraná,PR,41,5616,465712008
1302900,Maués,Amazonas,AM,13,61204,695906555
4109203,Guaraci,Paraná,PR,41,4748,192290817
2108207,Pedreiras,Maranhão,MA,21,37050,830170627
2401701,Bom Jesus,Rio Grande do Norte,RN,24,9952,140518808
2806701,São Cristóvão,Sergipe,SE,28,95612,1392937530
5108501,Vera,Mato Grosso,MT,51,12800,1504304388
3542503,Reginópolis,São Paulo,SP,35,7662,270644409
2202307,Canto do Buriti,Piauí,PI,22,19365,342971602
4204350,Cordilheira Alta,Santa Catarina,SC,42,4781,529197692.00000006
3116803,Coluna,Minas Gerais,MG,31,8163,134747624
3507803,Brodowski,São Paulo,SP,35,25201,1210304604
4300638,Amaral Ferrador,Rio Grande do Sul,RS,43,5310,174054484
2111078,São João do Soter,Maranhão,MA,21,16889,208558872
1504406,Marapanim,Pará,PA,15,26573,333940999
4206108,Grão-Pará,Santa Catarina,SC,42,6277,406387201
4314159,Paverama,Rio Grande do Sul,RS,43,7978,301261996
4215752,São Bernardino,Santa Catarina,SC,42,2684,110781413
4321105,Tapes,Rio Grande do Sul,RS,43,14695,634090285
2101004,Arari,Maranhão,MA,21,29472,422712588
2414456,Triunfo Potiguar,Rio Grande do Norte,RN,24,3376,55944374
5107248,Santa Carmem,Mato Grosso,MT,51,5374,1133112545
3203130,João Neiva,Espírito Santo,ES,32,14079,615682286
2608305,Jupi,Pernambuco,PE,26,15329,247149782
3171303,Viçosa,Minas Gerais,MG,31,76430,2234763919
4301909,Barra do Ribeiro,Rio Grande do Sul,RS,43,12225,581054183
3547304,Santana de Parnaíba,São Paulo,SP,35,154105,14328397388
4311908,Marcelino Ramos,Rio Grande do Sul,RS,43,4320,192535053
3120508,Cristina,Minas Gerais,MG,31,10374,316772643
2408102,Natal,Rio Grande do Norte,RN,24,751300,31162042725
4103370,Brasilândia do Sul,Paraná,PR,41,3708,298634398
5106778,Porto Alegre do Norte,Mato Grosso,MT,51,12127,558329600
2903607,Biritinga,Bahia,BA,29,15146,234654242
5102850,Castanheira,Mato Grosso,MT,51,7506,261557048
3101102,Aimorés,Minas Gerais,MG,31,25269,793375795
3528304,Magda,São Paulo,SP,35,3165,168948851
3204401,Rio Novo do Sul,Espírito Santo,ES,32,11069,293578773
2111052,São João do Paraíso,Maranhão,MA,21,9904,226524703
3536802,Pedra Bela,São Paulo,SP,35,6557,147569268
5221577,Uirapuru,Goiás,GO,52,2798,86672408
3546009,Santa Branca,São Paulo,SP,35,13975,357556385
2510709,Passagem,Paraíba,PB,25,2463,35351992
3125309,Faria Lemos,Minas Gerais,MG,31,3188,79465644
4323770,Westfália,Rio Grande do Sul,RS,43,3098,234678220
3118601,Contagem,Minas Gerais,MG,31,621863,45092392887
4104659,Carambeí,Paraná,PR,41,23283,1989895500
3549102,São João da Boa Vista,São Paulo,SP,35,92547,5011180867
1200138,Bujari,Acre,AC,12,12917,365418786
3518305,Guararema,São Paulo,SP,35,31236,2034662745
3170008,Ubaí,Minas Gerais,MG,31,11708,142057180
3539905,Poloni,São Paulo,SP,35,5592,199994460
5100201,Água Boa,Mato Grosso,MT,51,29219,2479715078
5000252,Alcinópolis,Mato Grosso do Sul,MS,50,4537,384368067
4208708,Jacinto Machado,Santa Catarina,SC,42,10624,733561608
2925402,Potiraguá,Bahia,BA,29,10274,151243460
2706307,Palmeira dos Índios,Alagoas,AL,27,71574,1367252109
2607406,Itacuruba,Pernambuco,PE,26,4284,82429917
4121604,Renascença,Paraná,PR,41,6845,460071759
2204907,Isaías Coelho,Piauí,PI,22,7774,93918913
3160801,São Bento Abade,Minas Gerais,MG,31,4713,96682634
2930204,Sento Sé,Bahia,BA,29,38154,1566194071
4315404,Redentora,Rio Grande do Sul,RS,43,9738,207603983
2505501,Vista Serrana,Paraíba,PB,25,3641,50452087
2303105,Cariré,Ceará,CE,23,17632,244538025
2515500,Serra Branca,Paraíba,PB,25,13614,187052161
3165602,Senador Cortes,Minas Gerais,MG,31,2240,48570350
2933307,Vitória da Conquista,Bahia,BA,29,370879,12666570589
4316758,Santa Clara do Sul,Rio Grande do Sul,RS,43,6887,427743869
2503753,Cajazeirinhas,Paraíba,PB,25,2740,51075078
2805000,Pedra Mole,Sergipe,SE,28,2778,74512297
4112009,Jaguariaíva,Paraná,PR,41,35141,2062534661
3538600,Piracaia,São Paulo,SP,35,26029,799448681
5200852,Americano do Brasil,Goiás,GO,52,5259,106098530
2110609,São Bernardo,Maranhão,MA,21,26943,384189277
3132305,Itaipé,Minas Gerais,MG,31,10463,143638883
4103354,Braganey,Paraná,PR,41,4854,261007315
2932002,Uauá,Bahia,BA,29,24665,318312473
3150802,Piranga,Minas Gerais,MG,31,17018,253176297
3203163,Laranja da Terra,Espírito Santo,ES,32,11094,272934203
4120309,Porto Vitória,Paraná,PR,41,3562,98341081
1100809,Candeias do Jamari,Rondônia,RO,11,22310,1001610328
2922805,Nova Itarana,Bahia,BA,29,7780,89839984
3102407,Alvorada de Minas,Minas Gerais,MG,31,4159,95008888
3155603,Rio Pardo de Minas,Minas Gerais,MG,31,28271,404312283
4102000,Assis Chateaubriand,Paraná,PR,41,36808,2033730672
4300661,André da Rocha,Rio Grande do Sul,RS,43,1135,112013387
2609600,Olinda,Pernambuco,PE,26,349976,7024917244
4322400,Uruguaiana,Rio Grande do Sul,RS,43,117210,3915554297
2800209,Aquidabã,Sergipe,SE,28,20131,362299329
1700400,Almas,Tocantins,TO,17,6499,336120393
4315453,Relvado,Rio Grande do Sul,RS,43,1796,75597034
5212600,Mairipotaba,Goiás,GO,52,2561,101347894
2108256,Pedro do Rosário,Maranhão,MA,21,24320,225794779
4207403,Imbuia,Santa Catarina,SC,42,5982,319440817
5205059,Castelândia,Goiás,GO,52,2985,140320937
3164308,São Roque de Minas,Minas Gerais,MG,31,7129,424171787
1301209,Coari,Amazonas,AM,13,70616,3893678738
3554953,Tuiuti,São Paulo,SP,35,6778,239682024
3553609,Tapiratiba,São Paulo,SP,35,11816,358652712
2912806,Ibirapuã,Bahia,BA,29,8896,486181660
5221551,Turvelândia,Goiás,GO,52,4985,757325604
5220280,São Patrício,Goiás,GO,52,2143,66123929.99999999
2919504,Livramento de Nossa Senhora,Bahia,BA,29,43903,705491381
4105904,Colorado,Paraná,PR,41,22896,1171687956
4115903,Mirador,Paraná,PR,41,2238,178999342
1501808,Breves,Pará,PA,15,106968,1515249515
2927606,Santa Brígida,Bahia,BA,29,14965,161580395
3113800,Carmésia,Minas Gerais,MG,31,2605,45529016
4122503,Roncador,Paraná,PR,41,11251,639474291
2612471,Santa Cruz da Baixa Verde,Pernambuco,PE,26,11567,143723450
3167400,Silvianópolis,Minas Gerais,MG,31,6179,178703091
4125100,São João do Triunfo,Paraná,PR,41,13726,875907408
4123857,Santa Maria do Oeste,Paraná,PR,41,9934,353046217
2509008,Manaíra,Paraíba,PB,25,10434,110034241
1504455,Medicilândia,Pará,PA,15,27094,1140468562
2610707,Paulista,Pernambuco,PE,26,342167,6999012805
3552304,Sud Mennucci,São Paulo,SP,35,7355,302800668
4219200,Vidal Ramos,Santa Catarina,SC,42,6189,401953374
4316733,Santa Cecília do Sul,Rio Grande do Sul,RS,43,1674,91361099
2917607,Jaguaquara,Bahia,BA,29,45964,807068769
2409407,Pau dos Ferros,Rio Grande do Norte,RN,24,30479,827724015
3126604,Francisco Dumont,Minas Gerais,MG,31,4503,106412427
2926301,Riachão do Jacuípe,Bahia,BA,29,33386,565913377
1715259,Novo Jardim,Tocantins,TO,17,2230,49097366
3154309,Resplendor,Minas Gerais,MG,31,17226,376309281
2904704,Buerarema,Bahia,BA,29,14804,237932104
3513504,Cubatão,São Paulo,SP,35,112476,27813387639
1717008,Pindorama do Tocantins,Tocantins,TO,17,4478,110782997
2909505,Cravolândia,Bahia,BA,29,4415,57702745
2916302,Itapebi,Bahia,BA,29,9174,329115871
1702208,Araguatins,Tocantins,TO,17,31918,641439817
3144904,Nova Módica,Minas Gerais,MG,31,3663,71915763
3512209,Conchal,São Paulo,SP,35,28101,1093663839
2701506,Campo Grande,Alagoas,AL,27,8143,113469687
3104205,Arcos,Minas Gerais,MG,31,41416,3058033013
3157401,Santa Cruz do Escalvado,Minas Gerais,MG,31,4673,90331280
2410900,Riachuelo,Rio Grande do Norte,RN,24,7389,319931036
1504422,Marituba,Pará,PA,15,111785,2780522030
3557105,Votuporanga,São Paulo,SP,35,96634,4582202643
1200179,Capixaba,Acre,AC,12,10392,530656841
5220264,São Miguel do Passa Quatro,Goiás,GO,52,4464,337469253
2906907,Caravelas,Bahia,BA,29,20580,413319456
1720903,Taguatinga,Tocantins,TO,17,14011,386845570
5107263,Santo Afonso,Mato Grosso,MT,51,2519,193731027
3515301,Estrela do Norte,São Paulo,SP,35,2703,69691794
4107702,Fênix,Paraná,PR,41,4492,243623571
4319802,São Vicente do Sul,Rio Grande do Sul,RS,43,8097,469885580
4117701,Palmeira,Paraná,PR,41,33855,2220002904
3304904,São Gonçalo,Rio de Janeiro,RJ,33,896744,23063688967
3117306,Conceição das Alagoas,Minas Gerais,MG,31,28381,1782238407
2616100,Verdejante,Pernambuco,PE,26,9169,103220729
4301925,Barra do Rio Azul,Rio Grande do Sul,RS,43,1696,78570978
3170057,Ubaporanga,Minas Gerais,MG,31,13017,227183641
3557154,Zacarias,São Paulo,SP,35,2692,177562313
2604809,Cortês,Pernambuco,PE,26,10198,147761122
2412708,São Pedro,Rio Grande do Norte,RN,24,5776,72504348
2612455,Santa Cruz,Pernambuco,PE,26,13841,156125213
3128402,Guarani,Minas Gerais,MG,31,7714,226179735
3107901,Bom Repouso,Minas Gerais,MG,31,12649,209756748
2312908,Sobral,Ceará,CE,23,203023,6588929369
2614204,Sirinhaém,Pernambuco,PE,26,37596,861416787
2306207,Itaiçaba,Ceará,CE,23,7536,103645939
5008305,Três Lagoas,Mato Grosso do Sul,MS,50,132152,14761815743
4318507,São José do Norte,Rio Grande do Sul,RS,43,25443,1273463684
3168705,Timóteo,Minas Gerais,MG,31,81579,4648991987
2801504,Carmópolis,Sergipe,SE,28,13853,464416713
3200904,Barra de São Francisco,Espírito Santo,ES,32,42498,1326676964
2401305,Campo Grande,Rio Grande do Norte,RN,24,9730,136391199
4212056,Palmeira,Santa Catarina,SC,42,2561,205053150
2705408,Monteirópolis,Alagoas,AL,27,7184,109207659
2404408,Grossos,Rio Grande do Norte,RN,24,9924,185921039
5100250,Alta Floresta,Mato Grosso,MT,51,58613,3034592885
1302504,Manacapuru,Amazonas,AM,13,101883,1917412717
3141207,Matutina,Minas Gerais,MG,31,3814,128622612
4214409,Rio das Antas,Santa Catarina,SC,42,6253,328939713
2806305,Santa Luzia do Itanhy,Sergipe,SE,28,13616,238278236
2919553,Luís Eduardo Magalhães,Bahia,BA,29,107909,11559024195
2110658,São Domingos do Azeitão,Maranhão,MA,21,7992,339609164
3545605,Santa Adélia,São Paulo,SP,35,14018,560338958
5208905,Goiás,Goiás,GO,52,24071,793947242
3158706,Santana do Garambéu,Minas Gerais,MG,31,2137,48321597
3121803,Dionísio,Minas Gerais,MG,31,6847,104802973
5215702,Palmeiras de Goiás,Goiás,GO,52,31858,2083486395
1507508,São João do Araguaia,Pará,PA,15,13664,235495215
2509057,Marcação,Paraíba,PB,25,8999,123335931
2603504,Camocim de São Félix,Pernambuco,PE,26,17419,209246358
3504800,Bálsamo,São Paulo,SP,35,9596,367870867
3202702,Itaguaçu,Espírito Santo,ES,32,13589,453183439
2403103,Currais Novos,Rio Grande do Norte,RN,24,41313,955846897
2211001,Teresina,Piauí,PI,22,866300,29449062918
3509601,Campo Limpo Paulista,São Paulo,SP,35,77632,3233934762
2702801,Flexeiras,Alagoas,AL,27,9618,251579689
2922854,Nova Redenção,Bahia,BA,29,7538,93115338
3526001,Junqueirópolis,São Paulo,SP,35,20448,940870636
4128203,União da Vitória,Paraná,PR,41,55033,2223372504
3131000,Inhaúma,Minas Gerais,MG,31,6239,157760257
3301207,Carmo,Rio de Janeiro,RJ,33,17198,671866142
2903201,Barreiras,Bahia,BA,29,159734,9499498974
3143005,Monte Belo,Minas Gerais,MG,31,13046,486080874
4107736,Fernandes Pinheiro,Paraná,PR,41,6255,323922046
3201407,Castelo,Espírito Santo,ES,32,36930,1395637924
4213104,Piratuba,Santa Catarina,SC,42,5769,953671082
4311981,Mariana Pimentel,Rio Grande do Sul,RS,43,3916,117787008
1707652,Figueirópolis,Tocantins,TO,17,5211,350089875
3516606,Gália,São Paulo,SP,35,6380,220849140
3544301,Roseira,São Paulo,SP,35,10832,450314327
4301958,Barra Funda,Rio Grande do Sul,RS,43,2498,167381582
3123601,Elói Mendes,Minas Gerais,MG,31,26336,948341686
4216206,São Francisco do Sul,Santa Catarina,SC,42,52674,7396331907
2308807,Moraújo,Ceará,CE,23,8254,86070204
5207600,Fazenda Nova,Goiás,GO,52,5877,248809058
2201002,Arraial,Piauí,PI,22,4520,60133367
4303707,Campina das Missões,Rio Grande do Sul,RS,43,5882,203771408
2301406,Aratuba,Ceará,CE,23,11224,191054761
4313706,Palmeira das Missões,Rio Grande do Sul,RS,43,33216,1708324224
4121208,Quitandinha,Paraná,PR,41,18398,594458541
4203907,Capinzal,Santa Catarina,SC,42,23314,1482553727
2925006,Planalto,Bahia,BA,29,23334,324874126
5103304,Comodoro,Mato Grosso,MT,51,18238,1088026122
2206720,Nazária,Piauí,PI,22,10262,134076046
2103406,Coelho Neto,Maranhão,MA,21,41658,486211267
2111904,Sucupira do Norte,Maranhão,MA,21,10238,193909361
5209408,Guarani de Goiás,Goiás,GO,52,4085,100115074
2915007,Itaeté,Bahia,BA,29,13472,151141500
3163904,São Pedro da União,Minas Gerais,MG,31,4885,157484323
2500700,São João do Rio do Peixe,Paraíba,PB,25,17964,286060022
4205704,Garopaba,Santa Catarina,SC,42,29959,1005307519
2807600,Umbaúba,Sergipe,SE,28,23917,721872317
5002407,Caarapó,Mato Grosso do Sul,MS,50,30612,2553085299
2905602,Camacan,Bahia,BA,29,22579,470759707
3531209,Monte Alegre do Sul,São Paulo,SP,35,8627,304555388
2300101,Abaiara,Ceará,CE,23,10038,143729523
5210901,Itapaci,Goiás,GO,52,21087,599908340
3162609,São João do Oriente,Minas Gerais,MG,31,7070,129881307
3127107,Frutal,Minas Gerais,MG,31,58588,4026768689
2306256,Itaitinga,Ceará,CE,23,64650,2352737029
2111953,Sucupira do Riachão,Maranhão,MA,21,4985,63214375
3100708,Água Comprida,Minas Gerais,MG,31,2108,330940253
3153905,Raposos,Minas Gerais,MG,31,16279,232669301
2102101,Brejo,Maranhão,MA,21,34120,426438571
5103353,Confresa,Mato Grosso,MT,51,35075,1967776070
2903235,Barro Alto,Bahia,BA,29,13453,137538062
3546900,Santa Lúcia,São Paulo,SP,35,7149,185362450
2206704,Nazaré do Piauí,Piauí,PI,22,6665,78812182
4307807,Estrela,Rio Grande do Sul,RS,43,32183,2376913365
2105203,Igarapé Grande,Maranhão,MA,21,10231,138143859
3152600,Pouso Alto,Minas Gerais,MG,31,6566,542608928
2504207,Catingueira,Paraíba,PB,25,4491,63519478
2514206,São José da Lagoa Tapada,Paraíba,PB,25,7126,87268516
5004601,Itaquiraí,Mato Grosso do Sul,MS,50,19423,1546552505
4317202,Santa Rosa,Rio Grande do Sul,RS,43,76963,4530356238
3521200,Iporanga,São Paulo,SP,35,4046,70828696
5201306,Anicuns,Goiás,GO,52,18503,730524309
1703107,Barrolândia,Tocantins,TO,17,4846,140103410
2607000,Inajá,Pernambuco,PE,26,25603,276204457
1504059,Mãe do Rio,Pará,PA,15,34353,488399850
2928950,São Domingos,Bahia,BA,29,8426,109019733
3144300,Nanuque,Minas Gerais,MG,31,35038,1074888835
3553658,Taquaral,São Paulo,SP,35,2619,92382788
1302553,Manaquiri,Amazonas,AM,13,17107,303946710
3124906,Eugenópolis,Minas Gerais,MG,31,10801,243154700
5105903,Nobres,Mato Grosso,MT,51,15492,1492553257
4112900,Jundiaí do Sul,Paraná,PR,41,3333,157361134
1720937,Taipas do Tocantins,Tocantins,TO,17,2021,41627057
3555406,Ubatuba,São Paulo,SP,35,92981,3506919269
5103361,Conquista D'Oeste,Mato Grosso,MT,51,3760,179152247
5219605,Santa Tereza de Goiás,Goiás,GO,52,3293,105474001
3134103,Itueta,Minas Gerais,MG,31,6055,163923406
2506004,Esperança,Paraíba,PB,25,31231,851650249
2516003,Solânea,Paraíba,PB,25,26774,428474553
3105301,Bandeira do Sul,Minas Gerais,MG,31,5943,113862262
2206753,Nossa Senhora de Nazaré,Piauí,PI,22,5228,69229598
2708709,São Miguel dos Milagres,Alagoas,AL,27,8482,308509627
3166105,Senhora do Porto,Minas Gerais,MG,31,3067,56070040
5214408,Nazário,Goiás,GO,52,8189,313258311
2602209,Bom Jardim,Pernambuco,PE,26,37629,419042210
3510708,Cardoso,São Paulo,SP,35,11345,440024546
3129707,Ibiraci,Minas Gerais,MG,31,10948,895829172
4200051,Abdon Batista,Santa Catarina,SC,42,2598,115985219
3112505,Capim Branco,Minas Gerais,MG,31,10663,179521310
4306502,Dom Feliciano,Rio Grande do Sul,RS,43,13051,418179091
2302701,Campos Sales,Ceará,CE,23,25135,370106891
2802809,Indiaroba,Sergipe,SE,28,16549,322888157
5104609,Itiquira,Mato Grosso,MT,51,12236,2049318896
5003702,Dourados,Mato Grosso do Sul,MS,50,243367,20257953123
2209500,Santo Inácio do Piauí,Piauí,PI,22,3646,49247645
3533809,Óleo,São Paulo,SP,35,2512,143211547
4213153,Planalto Alegre,Santa Catarina,SC,42,2946,144006502
2201051,Assunção do Piauí,Piauí,PI,22,7452,81044939
3156106,Ritápolis,Minas Gerais,MG,31,4994,124811296
3554102,Taubaté,São Paulo,SP,35,310739,22607800468
1303809,São Gabriel da Cachoeira,Amazonas,AM,13,51795,584408814
4203956,Capivari de Baixo,Santa Catarina,SC,42,23975,689018546
2307502,Lavras da Mangabeira,Ceará,CE,23,30802,444999728
2700201,Anadia,Alagoas,AL,27,13966,276951671
3543006,Ribeirão Branco,São Paulo,SP,35,18627,640748923
4124301,Santo Antônio do Paraíso,Paraná,PR,41,2125,114799018
2509909,Natuba,Paraíba,PB,25,8945,116149056
3146701,Palma,Minas Gerais,MG,31,5707,114459219
5213103,Mineiros,Goiás,GO,52,70081,4536324835
4106407,Cornélio Procópio,Paraná,PR,41,45206,2382241244
3532504,Neves Paulista,São Paulo,SP,35,9699,384591644
4116406,Nossa Senhora das Graças,Paraná,PR,41,3669,126912839
3507001,Boituva,São Paulo,SP,35,61081,4474129933
3523800,Itobi,São Paulo,SP,35,8046,251137683
3540408,Populina,São Paulo,SP,35,4127,156037352
3159803,Santa Vitória,Minas Gerais,MG,31,20973,1006615070
3515350,Euclides da Cunha Paulista,São Paulo,SP,35,7924,162208418
4107751,Figueira,Paraná,PR,41,8062,191681526
1502301,Capitão Poço,Pará,PA,15,56506,900134035
2705002,Mata Grande,Alagoas,AL,27,21844,400973856
3136702,Juiz de Fora,Minas Gerais,MG,31,540756,23271627261
2908705,Condeúba,Bahia,BA,29,17053,203310521
3522505,Itapevi,São Paulo,SP,35,232297,15615097192
2309300,Nova Russas,Ceará,CE,23,30699,432948087
3116001,Chalé,Minas Gerais,MG,31,6075,139735953
3106606,Bertópolis,Minas Gerais,MG,31,4451,62779568
3144375,Natalândia,Minas Gerais,MG,31,3520,92799301
2804607,Nossa Senhora das Dores,Sergipe,SE,28,24996,540609743
1717909,Ponte Alta do Tocantins,Tocantins,TO,17,7586,141531394
3514007,Dobrada,São Paulo,SP,35,8759,213754857
2300150,Acarape,Ceará,CE,23,14027,220474376
3545209,Salto,São Paulo,SP,35,134319,11498958795
3109709,Cachoeira de Minas,Minas Gerais,MG,31,11883,609744952
4307831,Eugênio de Castro,Rio Grande do Sul,RS,43,2633,224861798
4301107,Arroio dos Ratos,Rio Grande do Sul,RS,43,14601,404984553
2903276,Barrocas,Bahia,BA,29,15203,289667896
1507102,São Caetano de Odivelas,Pará,PA,15,16666,241828535
4311106,Jaguari,Rio Grande do Sul,RS,43,10579,328936711
3537305,Penápolis,São Paulo,SP,35,61679,2743179555
3119104,Corinto,Minas Gerais,MG,31,23532,546843801
2102150,Brejo de Areia,Maranhão,MA,21,9218,90088922
3161304,São Francisco de Sales,Minas Gerais,MG,31,5732,249351958
3162658,São João do Pacuí,Minas Gerais,MG,31,3972,52787430
2411403,Santana do Matos,Rio Grande do Norte,RN,24,12456,207087541
3527900,Lutécia,São Paulo,SP,35,2661,135644625
3536000,Parapuã,São Paulo,SP,35,10580,1150355727
1716604,Peixe,Tocantins,TO,17,9317,897174450
2501203,Areial,Paraíba,PB,25,7128,81463230
2511202,Pedras de Fogo,Paraíba,PB,25,29662,836968568
4320321,Senador Salgado Filho,Rio Grande do Sul,RS,43,2673,93393407
3144359,Naque,Minas Gerais,MG,31,6303,108081133
2921500,Monte Santo,Bahia,BA,29,47780,590805465
4312427,Mormaço,Rio Grande do Sul,RS,43,2756,102288927
3539103,Pirapora do Bom Jesus,São Paulo,SP,35,18370,693313531
2406809,Lajes Pintadas,Rio Grande do Norte,RN,24,4787,68289881
3556701,Vinhedo,São Paulo,SP,35,76540,14699664334
3517901,Guaraci,São Paulo,SP,35,10350,660485534
3526605,Lavrinhas,São Paulo,SP,35,7171,169896176
2911501,Gongogi,Bahia,BA,29,5555,91564455
3108404,Botelhos,Minas Gerais,MG,31,14828,346226599
1720978,Talismã,Tocantins,TO,17,2456,173124577
3151305,Piraúba,Minas Gerais,MG,31,11610,246400803
2500734,Amparo,Paraíba,PB,25,2234,37039128
2918100,Jeremoabo,Bahia,BA,29,37626,623856272
5103379,Cotriguaçu,Mato Grosso,MT,51,11011,327751370
3529708,Miguelópolis,São Paulo,SP,35,19441,1113098239
3160009,Santo Antônio do Aventureiro,Minas Gerais,MG,31,3769,79244936
4307815,Estrela Velha,Rio Grande do Sul,RS,43,3070,145288697
2920205,Malhada,Bahia,BA,29,15398,238292949
2923308,Ouriçangas,Bahia,BA,29,7716,110003255
4111605,Ivatuba,Paraná,PR,41,2708,167214759
2613800,São Vicente Férrer,Pernambuco,PE,26,16677,384211971
3519709,Ibiúna,São Paulo,SP,35,75605,3023500924
4320305,Selbach,Rio Grande do Sul,RS,43,5107,286809651
2931608,Teolândia,Bahia,BA,29,15332,279612060
3508306,Cabrália Paulista,São Paulo,SP,35,4299,177481056
2910206,Dom Macedo Costa,Bahia,BA,29,4407,60840322
4306551,Dom Pedro de Alcântara,Rio Grande do Sul,RS,43,2562,83655809
2204105,Francisco Ayres,Piauí,PI,22,4412,66832997
1101302,Mirante da Serra,Rondônia,RO,11,9235,380178709
3131901,Itabirito,Minas Gerais,MG,31,53365,7160444102
2913309,Ichu,Bahia,BA,29,6190,72148171
3150000,Pescador,Minas Gerais,MG,31,3570,57196612
3122306,Divinópolis,Minas Gerais,MG,31,231091,9339332264
2405504,Jardim de Angicos,Rio Grande do Norte,RN,24,2437,69279968
2922003,Mucuri,Bahia,BA,29,37977,3127407236
5200050,Abadia de Goiás,Goiás,GO,52,19128,477983256
4121257,Ramilândia,Paraná,PR,41,4221,126585131
2100600,Amarante do Maranhão,Maranhão,MA,21,37085,500782201
2408607,Paraná,Rio Grande do Norte,RN,24,3934,56062115
2805901,Riachuelo,Sergipe,SE,28,8748,240563022
2907400,Catolândia,Bahia,BA,29,3434,93082334
4123006,Salto do Lontra,Paraná,PR,41,15223,628454439
3111200,Campo Belo,Minas Gerais,MG,31,52277,1458095820
2912004,Ibiassucê,Bahia,BA,29,10429,121229529
5002001,Batayporã,Mato Grosso do Sul,MS,50,10712,784829390
3140803,Matias Barbosa,Minas Gerais,MG,31,14121,879158745
2201903,Bom Jesus,Piauí,PI,22,28796,1661674232
2502508,Boqueirão,Paraíba,PB,25,17598,302850002
2512507,Queimadas,Paraíba,PB,25,47658,788731565
3303609,Paracambi,Rio de Janeiro,RJ,33,41375,1085488613
3145406,Olaria,Minas Gerais,MG,31,1945,44676357
4218806,Turvo,Santa Catarina,SC,42,13043,992638805
2209559,São Braz do Piauí,Piauí,PI,22,4358,53740246
2407302,Marcelino Vieira,Rio Grande do Norte,RN,24,7896,101177405
4302402,Bom Retiro do Sul,Rio Grande do Sul,RS,43,12294,509724682
2311702,Reriutaba,Ceará,CE,23,18606,238537887
4312401,Montenegro,Rio Grande do Sul,RS,43,64322,5259436987
1507151,São Domingos do Araguaia,Pará,PA,15,21092,490028822
3152204,Porteirinha,Minas Gerais,MG,31,37438,625525222
4311130,Jari,Rio Grande do Sul,RS,43,3349,211635216
3130606,Inconfidentes,Minas Gerais,MG,31,7301,175312803
3113008,Caraí,Minas Gerais,MG,31,19548,273822674
4305504,Ciríaco,Rio Grande do Sul,RS,43,4149,233409517
3135407,Jeceaba,Minas Gerais,MG,31,6197,1689755212
3550407,São Pedro,São Paulo,SP,35,38256,1243177030
2607901,Jaboatão dos Guararapes,Pernambuco,PE,26,644037,20281297853
4314209,Pedro Osório,Rio Grande do Sul,RS,43,7484,242414966
4113809,Lupionópolis,Paraná,PR,41,4813,164845924
3103801,Arapuá,Minas Gerais,MG,31,2631,249487352
3304557,Rio de Janeiro,Rio de Janeiro,RJ,33,6211223,418462360308
2310407,Paramoti,Ceará,CE,23,10384,137553131
1508209,Vigia,Pará,PA,15,50832,602141261
1100015,Alta Floresta D'Oeste,Rondônia,RO,11,21494,1046342546
4105102,Centenário do Sul,Paraná,PR,41,10832,376524952
4115101,Mariluz,Paraná,PR,41,9847,403956783
1501006,Aveiro,Pará,PA,15,18290,228317168
2902807,Barra da Estiva,Bahia,BA,29,26026,589438511
2600708,Aliança,Pernambuco,PE,26,35741,472448892
3146750,Palmópolis,Minas Gerais,MG,31,6301,82987718
4106456,Coronel Domingos Soares,Paraná,PR,41,5649,328942490
4103800,Cambira,Paraná,PR,41,9460,349367410
2201919,Bom Princípio do Piauí,Piauí,PI,22,5636,82658518
4112504,Jardim Alegre,Paraná,PR,41,12004,424449093
2205409,Joaquim Pires,Piauí,PI,22,13886,145543184
2410108,Poço Branco,Rio Grande do Norte,RN,24,12390,161103111
3302304,Laje do Muriaé,Rio de Janeiro,RJ,33,7336,208602898
2112407,Turiaçu,Maranhão,MA,21,37491,414975211
4304200,Candelária,Rio Grande do Sul,RS,43,28906,1234676842
4317251,Santa Tereza,Rio Grande do Sul,RS,43,1505,53741883
2507309,Jacaraú,Paraíba,PB,25,14477,217258076
4209201,Lacerdópolis,Santa Catarina,SC,42,2248,186584359
3555000,Tupã,São Paulo,SP,35,63928,3128301710
4217501,Seara,Santa Catarina,SC,42,18620,1506647813
3145455,Olhos-d'Água,Minas Gerais,MG,31,5385,204856974
4218855,União do Oeste,Santa Catarina,SC,42,2774,116752879
3106655,Berizal,Minas Gerais,MG,31,4201,70040781
4319000,São Marcos,Rio Grande do Sul,RS,43,21084,1488757457
2210623,Sebastião Barros,Piauí,PI,22,3202,57577245
3304524,Rio das Ostras,Rio de Janeiro,RJ,33,156491,10599897907
4322905,Viadutos,Rio Grande do Sul,RS,43,4769,191223343
3147204,Paraguaçu,Minas Gerais,MG,31,21723,801200209
3503505,Areias,São Paulo,SP,35,3577,75042147
5222005,Vianópolis,Goiás,GO,52,14956,914943447
5207253,Doverlândia,Goiás,GO,52,6956,682107609
3110806,Campanário,Minas Gerais,MG,31,2923,61166633
5003306,Coxim,Mato Grosso do Sul,MS,50,32151,1400833097
4125605,São Mateus do Sul,Paraná,PR,41,42366,1934142346
3135456,Jenipapo de Minas,Minas Gerais,MG,31,6100,87873846
1720101,São Bento do Tocantins,Tocantins,TO,17,5654,90981939
2500775,Aparecida,Paraíba,PB,25,7960,147637352
2313401,Tianguá,Ceará,CE,23,81506,2265253166
3137205,Lagoa da Prata,Minas Gerais,MG,31,51412,2471545415
1710904,Itapiratins,Tocantins,TO,17,3577,153089941
5211404,Itauçu,Goiás,GO,52,7736,359650707
2400901,Antônio Martins,Rio Grande do Norte,RN,24,6577,79463801
4309605,Horizontina,Rio Grande do Sul,RS,43,18851,1828050073
2411429,Santana do Seridó,Rio Grande do Norte,RN,24,2696,51448978
2932903,Valença,Bahia,BA,29,85655,2194454273
2305803,Ipu,Ceará,CE,23,41081,676518572
1300839,Caapiranga,Amazonas,AM,13,13469,219111532
2929404,São Miguel das Matas,Bahia,BA,29,10334,207568001
3502200,Angatuba,São Paulo,SP,35,24022,1776474762
2304509,Frecheirinha,Ceará,CE,23,15657,423489925
2922052,Mulungu do Morro,Bahia,BA,29,13152,283456447
3505302,Barra Bonita,São Paulo,SP,35,34346,2077900588
4200903,Angelina,Santa Catarina,SC,42,5358,192261927
2312106,Santana do Cariri,Ceará,CE,23,16954,191197485
4308300,Fontoura Xavier,Rio Grande do Sul,RS,43,9550,260495099
4309654,Hulha Negra,Rio Grande do Sul,RS,43,5976,228859975
5107701,Rosário Oeste,Mato Grosso,MT,51,15453,650377244
4311122,Jaquirana,Rio Grande do Sul,RS,43,3690,101810110
3541703,Quatá,São Paulo,SP,35,13163,1087543316
5205521,Colinas do Sul,Goiás,GO,52,4030,87396982
4312476,Morro Reuter,Rio Grande do Sul,RS,43,6029,304040260
2107803,Parnarama,Maranhão,MA,21,31250,381793132
2207207,Padre Marcos,Piauí,PI,22,6382,88444887
2604007,Carpina,Pernambuco,PE,26,79293,1937470426
1400605,São Luiz,Roraima,RR,14,7315,221584508
2928109,Santa Maria da Vitória,Bahia,BA,29,38604,696761133
4307864,Fagundes Varela,Rio Grande do Sul,RS,43,2566,189848106
1300805,Borba,Amazonas,AM,13,33080,435683804
2402709,Cerro Corá,Rio Grande do Norte,RN,24,11000,225342136
1503606,Itaituba,Pará,PA,15,123314,3806020448
2106508,Matinha,Maranhão,MA,21,22034,232533515
2210607,São Raimundo Nonato,Piauí,PI,22,38934,761785174
3200102,Afonso Cláudio,Espírito Santo,ES,32,30684,740219596
3535606,Paraibuna,São Paulo,SP,35,17667,408569087
2703304,Inhapi,Alagoas,AL,27,15167,210038558
5222054,Vicentinópolis,Goiás,GO,52,8768,677599603
1100049,Cacoal,Rondônia,RO,11,86887,3848467896
1714880,Nova Olinda,Tocantins,TO,17,10367,442503822
2918704,Lafaiete Coutinho,Bahia,BA,29,4075,70953286
2201945,Boqueirão do Piauí,Piauí,PI,22,6545,67423852
3522109,Itanhaém,São Paulo,SP,35,112476,2956406115
3114303,Carmo do Paranaíba,Minas Gerais,MG,31,29011,1195268635
4212502,Penha,Santa Catarina,SC,42,33663,1340663262
5005103,Jateí,Mato Grosso do Sul,MS,50,3586,729978052
3514924,Elisiário,São Paulo,SP,35,3138,121970552
5206800,Damolândia,Goiás,GO,52,2724,60603878
4312443,Morrinhos do Sul,Rio Grande do Sul,RS,43,3071,103248390
5107750,Salto do Céu,Mato Grosso,MT,51,3679,120131448
4321626,Travesseiro,Rio Grande do Sul,RS,43,2152,86077838
3148509,Pavão,Minas Gerais,MG,31,8047,111033234
4320354,Sentinela do Sul,Rio Grande do Sul,RS,43,5306,179897373
3140852,Matias Cardoso,Minas Gerais,MG,31,8895,200578992
1717503,Pium,Tocantins,TO,17,7128,458624898
2702009,Coité do Nóia,Alagoas,AL,27,10810,234385387
2200608,Angical do Piauí,Piauí,PI,22,6827,84771951
2109601,Rosário,Maranhão,MA,21,38475,522395196
4211207,Morro da Fumaça,Santa Catarina,SC,42,18537,1019641349
2508604,Lucena,Paraíba,PB,25,12560,279943950
3121001,Datas,Minas Gerais,MG,31,5465,88055274
3122355,Divisa Alegre,Minas Gerais,MG,31,6321,216685656
2210656,Sigefredo Pacheco,Piauí,PI,22,9460,97005731
5221601,Uruaçu,Goiás,GO,52,42546,1637351708
1100056,Cerejeiras,Rondônia,RO,11,15890,1006389440
3130655,Indaiabira,Minas Gerais,MG,31,6346,96825456
4201802,Atalanta,Santa Catarina,SC,42,3227,146755371
5107768,Santa Rita do Trivelato,Mato Grosso,MT,51,3276,1341337475
2308005,Massapê,Ceará,CE,23,37697,483230175
4302451,Boqueirão do Leão,Rio Grande do Sul,RS,43,6247,199040090
4118204,Paranaguá,Paraná,PR,41,145829,15291702668
1200203,Cruzeiro do Sul,Acre,AC,12,91888,2680143051
4312450,Morro Redondo,Rio Grande do Sul,RS,43,6046,153226152
4204400,Coronel Freitas,Santa Catarina,SC,42,10388,484592888
3162252,São João da Lagoa,Minas Gerais,MG,31,4822,73609884
2803302,Japaratuba,Sergipe,SE,28,16209,549070010
2607950,Jaqueira,Pernambuco,PE,26,10247,129333729
1600303,Macapá,Amapá,AP,16,442933,18470857969
4126900,Tapira,Paraná,PR,41,5745,187714218
3514908,Elias Fausto,São Paulo,SP,35,17699,2159508523
2414506,Umarizal,Rio Grande do Norte,RN,24,10078,167072025
2108306,Penalva,Maranhão,MA,21,32511,313292208
2615300,Timbaúba,Pernambuco,PE,26,46147,905264787
3200169,Água Doce do Norte,Espírito Santo,ES,32,12042,234306619
3138500,Liberdade,Minas Gerais,MG,31,4737,117802921
3171808,Virginópolis,Minas Gerais,MG,31,10314,210992204
1716208,Paranã,Tocantins,TO,17,10542,353206426
1100023,Ariquemes,Rondônia,RO,11,96833,4383815338
2606606,Ibimirim,Pernambuco,PE,26,26593,425354782
5205513,Cocalzinho de Goiás,Goiás,GO,52,25016,530183329.99999994
2202406,Capitão de Campos,Piauí,PI,22,11100,133031494
4203105,Caibi,Santa Catarina,SC,42,6304,382026643
5219258,Santa Fé de Goiás,Goiás,GO,52,4951,350881007
3116902,Comendador Gomes,Minas Gerais,MG,31,2773,225389957
2201929,Bonfim do Piauí,Piauí,PI,22,5913,68105590
4311155,Jóia,Rio Grande do Sul,RS,43,7184,345893658
4204459,Coronel Martins,Santa Catarina,SC,42,2065,74760809
3506607,Biritiba Mirim,São Paulo,SP,35,29683,1111541124
1304302,Urucará,Amazonas,AM,13,18631,244546903
4217550,Serra Alta,Santa Catarina,SC,42,3303,147398192
4206207,Gravatal,Santa Catarina,SC,42,12435,456980670
2705903,Olho d'Água Grande,Alagoas,AL,27,4330,72757805
4321600,Tramandaí,Rio Grande do Sul,RS,43,54387,1579725122
2413201,Senador Georgino Avelino,Rio Grande do Norte,RN,24,4065,114535687
4128708,Vitorino,Paraná,PR,41,9706,631024629
2605301,Exu,Pernambuco,PE,26,31843,440315223
1100031,Cabixi,Rondônia,RO,11,5351,300832108
4214904,Rio Fortuna,Santa Catarina,SC,42,4847,373207524
3200136,Águia Branca,Espírito Santo,ES,32,9711,313557518
4111209,Itapejara d'Oeste,Paraná,PR,41,12344,970545410
2709202,Traipu,Alagoas,AL,27,23565,357715435
2101707,Barreirinhas,Maranhão,MA,21,65589,816789021
1504901,Muaná,Pará,PA,15,45368,464374317
5218300,Posse,Goiás,GO,52,34914,938125116
2205458,Joca Marques,Piauí,PI,22,5394,58124622
2111102,São João dos Patos,Maranhão,MA,21,25020,444285470
3170529,Urucuia,Minas Gerais,MG,31,17479,230886674
2112456,Turilândia,Maranhão,MA,21,31638,280000368
3120607,Crucilândia,Minas Gerais,MG,31,5434,100691886
2704609,Maravilha,Alagoas,AL,27,9534,134023717
5107743,Santa Cruz do Xingu,Mato Grosso,MT,51,2661,601239101
2923357,Ourolândia,Bahia,BA,29,19243,318032238
5210109,Ipameri,Goiás,GO,52,25548,2797965496
2210631,Sebastião Leal,Piauí,PI,22,4446,724911345
1720150,São Félix do Tocantins,Tocantins,TO,17,1783,42354936
3544806,Sales,São Paulo,SP,35,6437,266233881
4323408,Vila Maria,Rio Grande do Sul,RS,43,4413,393599585
2204154,Francisco Macedo,Piauí,PI,22,2929,37456469
1100080,Costa Marques,Rondônia,RO,11,12627,413942952
3528403,Mairinque,São Paulo,SP,35,50027,2923463212
4213609,Porto União,Santa Catarina,SC,42,32970,1314938113
3536901,Pedranópolis,São Paulo,SP,35,2787,116927575
1506708,Santana do Araguaia,Pará,PA,15,32413,1978254119
5107792,Santo Antônio do Leste,Mato Grosso,MT,51,4099,1313632329
2201988,Brejo do Piauí,Piauí,PI,22,3904,57956044
4101200,Antonina,Paraná,PR,41,18091,1001674868
2503803,Caldas Brandão,Paraíba,PB,25,5753,92129365
3203205,Linhares,Espírito Santo,ES,32,166786,10014356320
2513802,Santa Teresinha,Paraíba,PB,25,4402,66909087
3130200,Igaratinga,Minas Gerais,MG,31,10830,831526667
3143906,Muriaé,Minas Gerais,MG,31,104108,3211391402
3518404,Guaratinguetá,São Paulo,SP,35,118044,8369820871
3551504,Serrana,São Paulo,SP,35,43909,1454534798
5200902,Amorinópolis,Goiás,GO,52,3007,130844617
4321667,Três Cachoeiras,Rio Grande do Sul,RS,43,10962,372783278
5210158,Ipiranga de Goiás,Goiás,GO,52,2919,95822200
3142601,Monsenhor Paulo,Minas Gerais,MG,31,8340,280174615
2515609,Serra da Raiz,Paraíba,PB,25,3094,47507443
5005152,Juti,Mato Grosso do Sul,MS,50,6729,517929686
3549607,São José do Barreiro,São Paulo,SP,35,3853,80553126
4307005,Erechim,Rio Grande do Sul,RS,43,105705,8497105637
2930303,Serra Dourada,Bahia,BA,29,17066,261412036
1100098,Espigão D'Oeste,Rondônia,RO,11,29414,1023972935
2505600,Diamante,Paraíba,PB,25,6299,75548342
2303204,Caririaçu,Ceará,CE,23,26320,295135894
4305108,Caxias do Sul,Rio Grande do Sul,RS,43,463501,37860601686
4315503,Restinga Sêca,Rio Grande do Sul,RS,43,14939,643230024
2918753,Lagoa Real,Bahia,BA,29,14105,147332400
3165701,Senador Firmino,Minas Gerais,MG,31,7716,142956376
3124104,Esmeraldas,Minas Gerais,MG,31,85598,1314690511
3501806,Américo de Campos,São Paulo,SP,35,5870,175847704
2513851,Santo André,Paraíba,PB,25,2622,40211065
3303203,Nilópolis,Rio de Janeiro,RJ,33,146774,3339768896
2925907,Quijingue,Bahia,BA,29,25272,277904407
3170503,Urucânia,Minas Gerais,MG,31,10600,356137131
3110400,Camacho,Minas Gerais,MG,31,2838,89250729
4321634,Três Arroios,Rio Grande do Sul,RS,43,2591,134290645
5105101,Juara,Mato Grosso,MT,51,34906,1859025469
1100064,Colorado do Oeste,Rondônia,RO,11,15663,580898591
3522158,Itaoca,São Paulo,SP,35,3422,67981734
3532157,Nantes,São Paulo,SP,35,2660,189555515
2203701,Esperantina,Piauí,PI,22,40970,630892878
4217105,São Martinho,Santa Catarina,SC,42,3405,148540885
2915908,Itanagra,Bahia,BA,29,5914,110577394
3548302,Santo Expedito,São Paulo,SP,35,3000,60255674
4120804,Quatro Barras,Paraná,PR,41,24191,2336181030
1504976,Nova Ipixuna,Pará,PA,15,13955,231145290
3102506,Amparo do Serra,Minas Gerais,MG,31,4541,71597296
3155702,Rio Piracicaba,Minas Gerais,MG,31,14631,270260630
3305000,São João da Barra,Rio de Janeiro,RJ,33,36573,13986152276
2906105,Canápolis,Bahia,BA,29,10225,110069158
5107776,Santa Terezinha,Mato Grosso,MT,51,7596,306137440
2609709,Orobó,Pernambuco,PE,26,21808,582869897
4123907,Santa Mariana,Paraná,PR,41,11066,497961396
3164407,São Sebastião da Bela Vista,Minas Gerais,MG,31,6387,718486980
4102505,Barbosa Ferraz,Paraná,PR,41,10795,342155193
4211256,Morro Grande,Santa Catarina,SC,42,3010,194418422
2924603,Pindobaçu,Bahia,BA,29,19083,215103251
5212709,Mambaí,Goiás,GO,52,8124,139649963
2925956,Rafael Jambeiro,Bahia,BA,29,19662,422266249
4200507,Águas de Chapecó,Santa Catarina,SC,42,6036,240633331
3169208,Tombos,Minas Gerais,MG,31,8609,168052386
2101731,Belágua,Maranhão,MA,21,8460,100862708
3154002,Raul Soares,Minas Gerais,MG,31,23423,497923077
2802007,Divina Pastora,Sergipe,SE,28,4340,240796937
5204201,Cachoeira de Goiás,Goiás,GO,52,1405,45522396
1100072,Corumbiara,Rondônia,RO,11,7519,509565719
3521705,Itaberá,São Paulo,SP,35,17983,1058158523
2201960,Brasileira,Piauí,PI,22,8436,101117213
1501907,Bujaru,Pará,PA,15,24383,688319814
3531704,Monteiro Lobato,São Paulo,SP,35,4138,113890985
5106422,Peixoto de Azevedo,Mato Grosso,MT,51,32714,1146389168
2927705,Santa Cruz Cabrália,Bahia,BA,29,29185,649501528
3556354,Vargem,São Paulo,SP,35,10512,222012401
3500501,Águas de Lindóia,São Paulo,SP,35,17930,801114539
4122602,Rondon,Paraná,PR,41,9097,538735802
2914604,Irecê,Bahia,BA,29,74507,1963173351
3115607,Cedro do Abaeté,Minas Gerais,MG,31,1081,27974963
2917706,Jaguarari,Bahia,BA,29,32703,805703944
3126703,Francisco Sá,Minas Gerais,MG,31,23476,532917976
2926400,Riacho de Santana,Bahia,BA,29,30711,406699912
3107109,Boa Esperança,Minas Gerais,MG,31,39848,1413663549
2409902,Pendências,Rio Grande do Norte,RN,24,12278,668529569
4203154,Calmon,Santa Catarina,SC,42,3443,135172658
4316808,Santa Cruz do Sul,Rio Grande do Sul,RS,43,133230,13396617903
3513603,Cunha,São Paulo,SP,35,22110,432940522
3530409,Mirassolândia,São Paulo,SP,35,4669,378154379
1504950,Nova Esperança do Piriá,Pará,PA,15,20478,334512049
3157906,Santa Margarida,Minas Gerais,MG,31,16395,497578478
1704600,Chapada de Areia,Tocantins,TO,17,1501,51575653
4114302,Mandirituba,Paraná,PR,41,27439,801432662
2916401,Itapetinga,Bahia,BA,29,65897,1938472475
5006200,Nova Andradina,Mato Grosso do Sul,MS,50,48563,3568744549
3552809,Taboão da Serra,São Paulo,SP,35,273542,12084179332
3134608,Jaboticatubas,Minas Gerais,MG,31,20406,373789243
3166600,Serra da Saudade,Minas Gerais,MG,31,833,25561612
4305132,Cerro Branco,Rio Grande do Sul,RS,43,3802,104220011
3159001,Santana do Riacho,Minas Gerais,MG,31,5313,139840897
2104800,Grajaú,Maranhão,MA,21,73872,1415487969
3555901,Uru,São Paulo,SP,35,1387,66749681
2612505,Santa Cruz do Capibaribe,Pernambuco,PE,26,98254,2125694679
2925931,Quixabeira,Bahia,BA,29,9461,117642285
4127403,Terra Roxa,Paraná,PR,41,18119,921399935
3149804,Perdizes,Minas Gerais,MG,31,17151,2577883513
4119509,Piraquara,Paraná,PR,41,118730,1901529260
3505351,Barra do Chapéu,São Paulo,SP,35,5179,202870405
4104303,Campo Mourão,Paraná,PR,41,99432,5991907747
3520400,Ilhabela,São Paulo,SP,35,34934,14830714927
1702703,Aurora do Tocantins,Tocantins,TO,17,3342,69896054
2506905,Itabaiana,Paraíba,PB,25,23182,417387020
1712702,Mateiros,Tocantins,TO,17,2748,467178710
2516904,Uiraúna,Paraíba,PB,25,14930,245509735
3170578,Vargem Alegre,Minas Gerais,MG,31,5780,86774267
4319901,Sapiranga,Rio Grande do Sul,RS,43,75648,4674054049
3525201,Jarinu,São Paulo,SP,35,37535,3546443823
3139805,Mar de Espanha,Minas Gerais,MG,31,12721,288911310
2611200,Poção,Pernambuco,PE,26,10500,132807470
3535200,Palmeira d'Oeste,São Paulo,SP,35,8903,308863583
3527108,Lins,São Paulo,SP,35,74779,8610362609
3554607,Timburi,São Paulo,SP,35,2464,80267648
3515806,Flora Rica,São Paulo,SP,35,1487,65664782.99999999
2601805,Betânia,Pernambuco,PE,26,11232,125497931
3117405,Conceição de Ipanema,Minas Gerais,MG,31,4409,91447329
3504008,Assis,São Paulo,SP,35,101409,4682609402
2924678,Piraí do Norte,Bahia,BA,29,10974,157000634
2604908,Cumaru,Pernambuco,PE,26,15920,163890032
3517109,Glicério,São Paulo,SP,35,4138,188391507
2612554,Santa Filomena,Pernambuco,PE,26,12106,133150008.99999999
2614303,Moreilândia,Pernambuco,PE,26,10540,106461539
2306306,Itapajé,Ceará,CE,23,46426,741512906
4318606,São José do Ouro,Rio Grande do Sul,RS,43,6834,426237689
2801603,Cedro de São João,Sergipe,SE,28,5391,84948639
2401404,Baía Formosa,Rio Grande do Norte,RN,24,8825,335923178
4302055,Benjamin Constant do Sul,Rio Grande do Sul,RS,43,2082,49986472
2406007,José da Penha,Rio Grande do Norte,RN,24,5803,88302194
2202000,Buriti dos Lopes,Piauí,PI,22,19654,276426411
5108204,Torixoréu,Mato Grosso,MT,51,4164,241589373
1302603,Manaus,Amazonas,AM,13,2063689,127649795492
1200252,Epitaciolândia,Acre,AC,12,18757,793426711
3141306,Medeiros,Minas Gerais,MG,31,3900,273184894
4305116,Centenário,Rio Grande do Sul,RS,43,2721,123347044
3507902,Brotas,São Paulo,SP,35,23898,1555980462
2613008,São Bento do Una,Pernambuco,PE,26,49449,1909078014
5007505,Rochedo,Mato Grosso do Sul,MS,50,5199,352336836
3514502,Duartina,São Paulo,SP,35,12328,435779649
2706422,Pariconha,Alagoas,AL,27,10573,119510287
4217154,São Miguel da Boa Vista,Santa Catarina,SC,42,1781,73871298
4318614,São José do Sul,Rio Grande do Sul,RS,43,2380,111513648
2901502,Anguera,Bahia,BA,29,11031,118551884
3121902,Divinésia,Minas Gerais,MG,31,4226,87003442
5215801,Palmelo,Goiás,GO,52,2259,58940540
4120853,Quatro Pontes,Paraná,PR,41,4480,307122319
2101103,Axixá,Maranhão,MA,21,11790,118130837
2603603,Camutanga,Pernambuco,PE,26,7750,427495169
2101772,Bela Vista do Maranhão,Maranhão,MA,21,11750,133413541
2203750,Fartura do Piauí,Piauí,PI,22,5284,63132332
2805109,Pedrinhas,Sergipe,SE,28,7396,128570496
2608404,Jurema,Pernambuco,PE,26,13648,146165657
2211100,União,Piauí,PI,22,46119,609122249
3509700,Campos do Jordão,São Paulo,SP,35,46974,1946799338
2924652,Pintadas,Bahia,BA,29,10325,132344777.99999999
4310330,Imbé,Rio Grande do Sul,RS,43,26824,762866405
2702900,Girau do Ponciano,Alagoas,AL,27,36102,602811940
4305124,Cerrito,Rio Grande do Sul,RS,43,5808,131165766
3547007,Santa Maria da Serra,São Paulo,SP,35,5243,197769076
4310306,Ilópolis,Rio Grande do Sul,RS,43,4157,164900365
4103024,Boa Esperança do Iguaçu,Paraná,PR,41,2455,165031300
5101605,Barão de Melgaço,Mato Grosso,MT,51,7253,143657129
2900207,Abaré,Bahia,BA,29,17639,224238542
2707701,Rio Largo,Alagoas,AL,27,93927,2032760572
2903300,Barro Preto,Bahia,BA,29,5833,112869346
5209937,Inaciolândia,Goiás,GO,52,5954,373360719
2914653,Itabela,Bahia,BA,29,28165,669662547
3120201,Cristais,Minas Gerais,MG,31,12197,343069406
1100924,Chupinguaia,Rondônia,RO,11,9324,673989845
3101201,Aiuruoca,Minas Gerais,MG,31,6233,154421875
4300307,Alecrim,Rio Grande do Sul,RS,43,6123,153719013
3204500,Santa Leopoldina,Espírito Santo,ES,32,13106,439644340
4111258,Itaperuçu,Paraná,PR,41,31217,799717726
3301702,Duque de Caxias,Rio de Janeiro,RJ,33,808161,70068006833
4305173,Cerro Grande do Sul,Rio Grande do Sul,RS,43,9178,251120043
2510808,Patos,Paraíba,PB,25,103165,2555214303
3143500,Morada Nova de Minas,Minas Gerais,MG,31,9067,570682925
3125408,Felício dos Santos,Minas Gerais,MG,31,5133,90314498
4113007,Jussara,Paraná,PR,41,6690,370464609
3118700,Coqueiral,Minas Gerais,MG,31,9023,279819690
2301505,Arneiroz,Ceará,CE,23,7429,88078487
2201101,Avelino Lopes,Piauí,PI,22,10866,127137202
3201902,Domingos Martins,Espírito Santo,ES,32,35416,1294973940
3103009,Antônio Dias,Minas Gerais,MG,31,9219,535451082.00000006
2902005,Aracatu,Bahia,BA,29,13936,174004348
5100300,Alto Araguaia,Mato Grosso,MT,51,17193,2036608914
3520442,Ilha Solteira,São Paulo,SP,35,25549,917731981
3536505,Paulínia,São Paulo,SP,35,110537,67067300461
3133303,Itaobim,Minas Gerais,MG,31,19151,375951855
4216701,São José do Cedro,Santa Catarina,SC,42,14167,681891491
4122651,Rosário do Ivaí,Paraná,PR,41,5435,166638258
4208807,Jaguaruna,Santa Catarina,SC,42,20375,887385693
4103008,Boa Esperança,Paraná,PR,41,4558,342930480
3300407,Barra Mansa,Rio de Janeiro,RJ,33,169894,6831114616
5105176,Juruena,Mato Grosso,MT,51,10213,386050781
2706406,Pão de Açúcar,Alagoas,AL,27,23823,282237106
3204559,Santa Maria de Jetibá,Espírito Santo,ES,32,41636,2592684786
5103403,Cuiabá,Mato Grosso,MT,51,650877,39050753124
3142205,Miraí,Minas Gerais,MG,31,13633,368816523
2103505,Colinas,Maranhão,MA,21,40316,729810029
4215406,Salto Veloso,Santa Catarina,SC,42,4390,347635839
3111705,Canaã,Minas Gerais,MG,31,4715,102038527
4114351,Manfrinópolis,Paraná,PR,41,2770,104399309
2110302,Santo Antônio dos Lopes,Maranhão,MA,21,14304,5184563970
3126752,Franciscópolis,Minas Gerais,MG,31,5034,95098130
3165305,São Vicente de Minas,Minas Gerais,MG,31,6804,248336175
5209903,Iaciara,Goiás,GO,52,10584,265592202
2933406,Wagner,Bahia,BA,29,9503,115311179
2203305,Demerval Lobão,Piauí,PI,22,16352,343572642
4207106,Ilhota,Santa Catarina,SC,42,17046,1190605336
4323457,Vila Nova do Sul,Rio Grande do Sul,RS,43,3863,217497780
3501400,Álvaro de Carvalho,São Paulo,SP,35,4808,69376886
5002902,Cassilândia,Mato Grosso do Sul,MS,50,20988,1059973419
3155306,Rio Manso,Minas Gerais,MG,31,5568,138278888
4307054,Ernestina,Rio Grande do Sul,RS,43,3034,163434285
2300200,Acaraú,Ceará,CE,23,65264,1250250592
4322103,Tucunduva,Rio Grande do Sul,RS,43,5542,231162492
3520426,Ilha Comprida,São Paulo,SP,35,13419,2802536357
5106455,Planalto da Serra,Mato Grosso,MT,51,3166,296059771
2932101,Ubaíra,Bahia,BA,29,18626,305086784
2311355,Quixelô,Ceará,CE,23,15910,241296593
2933455,Wanderley,Bahia,BA,29,12968,230491553
2305001,Guaraciaba do Norte,Ceará,CE,23,42053,878354191
3127206,Funilândia,Minas Gerais,MG,31,4686,111147827
1100908,Castanheiras,Rondônia,RO,11,3233,138594311
2922904,Nova Soure,Bahia,BA,29,24236,341841659
2400109,Acari,Rio Grande do Norte,RN,24,10597,195828116
4310363,Imigrante,Rio Grande do Sul,RS,43,3080,590476017
4305157,Cerro Grande,Rio Grande do Sul,RS,43,2379,61938119
2800308,Aracaju,Sergipe,SE,28,602757,22291877481
4315552,Rio dos Índios,Rio Grande do Sul,RS,43,2835,116659938
4207502,Indaial,Santa Catarina,SC,42,71549,4484717577
5105150,Juína,Mato Grosso,MT,51,45869,1845535594
4103057,Boa Vista da Aparecida,Paraná,PR,41,7924,222436901
3500105,Adamantina,São Paulo,SP,35,34687,1705894987
2102200,Buriti,Maranhão,MA,21,29685,332530155
1301308,Codajás,Amazonas,AM,13,23549,637712807
4312906,Nova Bassano,Rio Grande do Sul,RS,43,9649,765058372
3554656,Torre de Pedra,São Paulo,SP,35,2046,44086733
2912905,Ibirataia,Bahia,BA,29,18792,274185068
2107001,Montes Altos,Maranhão,MA,21,9106,119452986
2206803,Nossa Senhora dos Remédios,Piauí,PI,22,8525,117750898
3164001,São Pedro dos Ferros,Minas Gerais,MG,31,7166,160625945
2919207,Lauro de Freitas,Bahia,BA,29,203331,8918479610
2608453,Lagoa do Carro,Pernambuco,PE,26,17981,327921218
4115606,Matelândia,Paraná,PR,41,18450,1440814615
5002951,Chapadão do Sul,Mato Grosso do Sul,MS,50,30993,3329527327
2504306,Catolé do Rocha,Paraíba,PB,25,30661,622714090
2514305,São José de Caiana,Paraíba,PB,25,5034,63973028
2401453,Baraúna,Rio Grande do Norte,RN,24,26913,991164144
5006275,Paraíso das Águas,Mato Grosso do Sul,MS,50,5510,1389705720
4302907,Cacequi,Rio Grande do Sul,RS,43,11157,566822982
5004700,Ivinhema,Mato Grosso do Sul,MS,50,27821,2005468709
5201405,Aparecida de Goiânia,Goiás,GO,52,527796,20888936559
4123956,Santa Mônica,Paraná,PR,41,3356,115471200
2509107,Mari,Paraíba,PB,25,21512,303051596
2610806,Pedra,Pernambuco,PE,26,22795,426035560
3135902,Jesuânia,Minas Gerais,MG,31,5138,113092975
2909208,Coronel João Sá,Bahia,BA,29,17056,258087826
4105607,Cidade Gaúcha,Paraná,PR,41,11467,620523946
5204250,Cachoeira Dourada,Goiás,GO,52,7782,890575737
3513207,Cristais Paulista,São Paulo,SP,35,9272,449171364
5103437,Curvelândia,Mato Grosso,MT,51,4903,135779445
1705508,Colinas do Tocantins,Tocantins,TO,17,34233,1161301206
4200556,Águas Frias,Santa Catarina,SC,42,2839,183331993
2708808,São Sebastião,Alagoas,AL,27,31786,736908072
4315131,Pouso Novo,Rio Grande do Sul,RS,43,1739,57903861
2701605,Canapi,Alagoas,AL,27,15559,235141067
3104304,Areado,Minas Gerais,MG,31,13881,380055761
5007554,Santa Rita do Pardo,Mato Grosso do Sul,MS,50,7027,642966615
4202305,Biguaçu,Santa Catarina,SC,42,76773,3523317578
2902054,Araçás,Bahia,BA,29,11557,325621667
2200277,Alegrete do Piauí,Piauí,PI,22,4634,56359397
2706448,Paripueira,Alagoas,AL,27,13835,302558875
2202026,Buriti dos Montes,Piauí,PI,22,7434,98669320
3302809,Mendes,Rio de Janeiro,RJ,33,17502,444763760
2802908,Itabaiana,Sergipe,SE,28,103440,2942685897
1705557,Combinado,Tocantins,TO,17,4756,95001445
1501956,Cachoeira do Piriá,Pará,PA,15,19630,237908343
4319505,São Sebastião do Caí,Rio Grande do Sul,RS,43,24428,1123567771
1707306,Dueré,Tocantins,TO,17,4248,290817554
5006259,Novo Horizonte do Sul,Mato Grosso do Sul,MS,50,4721,450886303
3156601,Rubim,Minas Gerais,MG,31,10298,139214136
1500602,Altamira,Pará,PA,15,126279,3887893813
2202075,Cajazeiras do Piauí,Piauí,PI,22,3108,45637171
4311627,Lindolfo Collor,Rio Grande do Sul,RS,43,6248,353108597
4126108,São Tomé,Paraná,PR,41,5232,221193951
4103040,Boa Ventura de São Roque,Paraná,PR,41,6378,449414068
4119103,Piên,Paraná,PR,41,13655,853225172
1303908,São Paulo de Olivença,Amazonas,AM,13,32967,358400311
2307601,Limoeiro do Norte,Ceará,CE,23,59560,1854064858
2409100,Passa e Fica,Rio Grande do Norte,RN,24,10896,179581905
4315149,Presidente Lucena,Rio Grande do Sul,RS,43,3077,371733887
2412807,São Rafael,Rio Grande do Norte,RN,24,7711,108234806
1505403,Ourém,Pará,PA,15,17855,279080616
1718659,Rio da Conceição,Tocantins,TO,17,1768,45739445
3128501,Guarará,Minas Gerais,MG,31,3149,72282659
4318200,São Francisco de Paula,Rio Grande do Sul,RS,43,21893,1202081557
5100359,Alto Boa Vista,Mato Grosso,MT,51,5715,307732425
3161809,São Gonçalo do Pará,Minas Gerais,MG,31,11770,380221311
3168408,Tarumirim,Minas Gerais,MG,31,14709,236378043
3200607,Aracruz,Espírito Santo,ES,32,94765,7724839436
4201000,Anita Garibaldi,Santa Catarina,SC,42,8285,251490950
2202091,Caldeirão Grande do Piauí,Piauí,PI,22,5503,243767241
3543501,Riversul,São Paulo,SP,35,5599,119164482
3114808,Carvalhos,Minas Gerais,MG,31,4422,103815761
4119152,Pinhais,Paraná,PR,41,127019,9852601347
5208608,Goianésia,Goiás,GO,52,73707,2691742145
2705101,Matriz de Camaragibe,Alagoas,AL,27,23857,514991135
3158409,Santana de Cataguases,Minas Gerais,MG,31,3489,61152633
4116901,Nova Esperança,Paraná,PR,41,26585,1253498273
2202083,Cajueiro da Praia,Piauí,PI,22,7957,152471290
3116100,Chapada do Norte,Minas Gerais,MG,31,10337,121416360
3542206,Rancharia,São Paulo,SP,35,28588,1999656704
2404507,Guamaré,Rio Grande do Norte,RN,24,15295,2581922040
3106705,Betim,Minas Gerais,MG,31,411846,52614325377
3306305,Volta Redonda,Rio de Janeiro,RJ,33,261563,15307614873
2806404,Santana do São Francisco,Sergipe,SE,28,7346,160614555
5209952,Indiara,Goiás,GO,52,17061,754046791
3300456,Belford Roxo,Rio de Janeiro,RJ,33,483087,9686338741
3545308,Salto de Pirapora,São Paulo,SP,35,43748,2856415228
1100940,Cujubim,Rondônia,RO,11,14863,582148186
1504109,Magalhães Barata,Pará,PA,15,8115,121850919
2203354,Dirceu Arcoverde,Piauí,PI,22,7054,89610762
3142254,Miravânia,Minas Gerais,MG,31,3985,57919312
4106902,Curitiba,Paraná,PR,41,1773718,120065276017
1507201,São Domingos do Capim,Pará,PA,15,30599,654079167
4215455,Sangão,Santa Catarina,SC,42,12882,701076240
4204905,Descanso,Santa Catarina,SC,42,8530,382121357
2509156,Marizópolis,Paraíba,PB,25,6705,97757446
2921609,Morpará,Bahia,BA,29,7996,102667043
4322152,Tunas,Rio Grande do Sul,RS,43,3681,94250377
4214102,Presidente Nereu,Santa Catarina,SC,42,2301,81283338
4118709,Paulo Frontin,Paraná,PR,41,6343,473855158
4311601,Liberato Salzano,Rio Grande do Sul,RS,43,4781,152570985
3121506,Desterro do Melo,Minas Gerais,MG,31,2994,62040964
2403202,Doutor Severiano,Rio Grande do Norte,RN,24,7044,106163588
4312955,Nova Boa Vista,Rio Grande do Sul,RS,43,2042,137786208
2202059,Cabeceiras do Piauí,Piauí,PI,22,10212,107816673
2503001,Caaporã,Paraíba,PB,25,21193,545157242
2513000,Salgadinho,Paraíba,PB,25,3355,40278149
4316477,Salvador das Missões,Rio Grande do Sul,RS,43,2877,162260348
2504355,Caturité,Paraíba,PB,25,5254,87217458
4301602,Bagé,Rio Grande do Sul,RS,43,117938,4414767606
3524808,Jales,São Paulo,SP,35,48776,2590208251
3118304,Conselheiro Lafaiete,Minas Gerais,MG,31,131621,3482647959
2406908,Lucrécia,Rio Grande do Norte,RN,24,3490,61081889
3534807,Ouro Verde,São Paulo,SP,35,7779,186891202
3171006,Vazante,Minas Gerais,MG,31,19975,1203158712
2501708,Barra de São Miguel,Paraíba,PB,25,5906,101523734
3204104,Pinheiros,Espírito Santo,ES,32,23915,1024676311
4315172,Protásio Alves,Rio Grande do Sul,RS,43,2025,93358025
3516309,Francisco Morato,São Paulo,SP,35,165139,2237469166
3544004,Rio das Pedras,São Paulo,SP,35,31328,2037525868
2308906,Morrinhos,Ceará,CE,23,22753,239995253
2911600,Governador Mangabeira,Bahia,BA,29,20605,284847183
2307635,Madalena,Ceará,CE,23,16896,215696189
3151800,Poços de Caldas,Minas Gerais,MG,31,163742,10732908121
4203600,Campos Novos,Santa Catarina,SC,42,36932,3456853516
1706001,Couto Magalhães,Tocantins,TO,17,5331,249461846
2301109,Aracati,Ceará,CE,23,75113,1966473133
4313409,Novo Hamburgo,Rio Grande do Sul,RS,43,227646,11936582053
4121307,Rancho Alegre,Paraná,PR,41,3512,197169890
5218805,Rio Verde,Goiás,GO,52,225696,22310032201
3150539,Pingo-d'Água,Minas Gerais,MG,31,4706,70142250
4108700,Grandes Rios,Paraná,PR,41,5641,177555382
2920304,Malhada de Pedras,Bahia,BA,29,8670,111364731
2111607,São Raimundo das Mangabeiras,Maranhão,MA,21,18672,1090033402
2500809,Araçagi,Paraíba,PB,25,16646,233112691
1505437,Ourilândia do Norte,Pará,PA,15,32467,1053014288
2925105,Poções,Bahia,BA,29,48293,681871458
5200100,Abadiânia,Goiás,GO,52,17232,633024793
5201454,Aparecida do Rio Doce,Goiás,GO,52,2907,151337296
2607109,Ingazeira,Pernambuco,PE,26,4765,65456660
2415008,Vila Flor,Rio Grande do Norte,RN,24,3174,49863018
4320404,Serafina Corrêa,Rio Grande do Sul,RS,43,16961,988516381
2510402,Olho d'Água,Paraíba,PB,25,6060,76533574
3508405,Cabreúva,São Paulo,SP,35,47011,7240981438
3160504,Santo Antônio do Rio Abaixo,Minas Gerais,MG,31,1808,38141635
3539608,Planalto,São Paulo,SP,35,4389,331486812
4208401,Itapiranga,Santa Catarina,SC,42,16638,1369949152
2910305,Elísio Medrado,Bahia,BA,29,7808,104130141
3302858,Mesquita,Rio de Janeiro,RJ,33,167127,3029006761
4316451,Salto do Jacuí,Rio Grande do Sul,RS,43,10203,594921188
5200159,Adelândia,Goiás,GO,52,2297,59485587
2915106,Itagi,Bahia,BA,29,13803,162850098
3163607,São José do Mantimento,Minas Gerais,MG,31,2753,56991577
4120002,Porecatu,Paraná,PR,41,11624,732948490
4301651,Barão,Rio Grande do Sul,RS,43,6461,462911085
2405603,Jardim de Piranhas,Rio Grande do Norte,RN,24,13977,276160760
3150505,Pimenta,Minas Gerais,MG,31,8563,314466294
4121356,Rancho Alegre D'Oeste,Paraná,PR,41,2618,235642158
4303400,Caiçara,Rio Grande do Sul,RS,43,4836,159894473
4208450,Itapoá,Santa Catarina,SC,42,30750,1990651159
3528908,Mariápolis,São Paulo,SP,35,3513,90254596
4123105,Santa Amélia,Paraná,PR,41,3394,141542179
2905701,Camaçari,Bahia,BA,29,300372,27418877532
3153608,Prudente de Morais,Minas Gerais,MG,31,11466,333022234
3132008,Itacambira,Minas Gerais,MG,31,4252,72423371
3162302,São João da Mata,Minas Gerais,MG,31,2914,65323218
2204659,Ilha Grande,Piauí,PI,22,9274,132842200.00000001
2933059,Várzea da Roça,Bahia,BA,29,13800,152109586
3538303,Piquerobi,São Paulo,SP,35,3264,100296285
4322186,Tupanci do Sul,Rio Grande do Sul,RS,43,1374,79798196
3100401,Acaiaca,Minas Gerais,MG,31,3909,85065900
2206407,Monsenhor Gil,Piauí,PI,22,10255,161626992
3502754,Araçariguama,São Paulo,SP,35,21522,4832076525
4315156,Progresso,Rio Grande do Sul,RS,43,5340,181523261
3122801,Dom Viçoso,Minas Gerais,MG,31,3095,50704475
3152303,Porto Firme,Minas Gerais,MG,31,10569,151758568
1300029,Alvarães,Amazonas,AM,13,15866,242584495
3113503,Carbonita,Minas Gerais,MG,31,8512,199921931
5103452,Denise,Mato Grosso,MT,51,7014,777253691
4110805,Iretama,Paraná,PR,41,10684,409528021
4301636,Balneário Pinhal,Rio Grande do Sul,RS,43,14955,333149046
2103554,Conceição do Lago-Açu,Maranhão,MA,21,14915,159749781
4307906,Farroupilha,Rio Grande do Sul,RS,43,70286,4960620721
3511706,Charqueada,São Paulo,SP,35,15535,790607333
3553302,Tambaú,São Paulo,SP,35,21435,966714250
4113908,Mallet,Paraná,PR,41,13428,973316236
2904407,Brejolândia,Bahia,BA,29,9108,146903266
4100806,Alvorada do Sul,Paraná,PR,41,10326,436442873
1703206,Bernardo Sayão,Tocantins,TO,17,4229,128559899
3167103,Serro,Minas Gerais,MG,31,21952,386923235
1501105,Bagre,Pará,PA,15,31892,329848074
4308854,Gentil,Rio Grande do Sul,RS,43,1744,152255931
3552007,Silveiras,São Paulo,SP,35,6186,116266107
3144003,Mutum,Minas Gerais,MG,31,27635,662868668
2907509,Catu,Bahia,BA,29,48148,928641003
4314704,Planalto,Rio Grande do Sul,RS,43,10406,325777528
4103909,Campina da Lagoa,Paraná,PR,41,15723,674422201
4112603,Jardim Olinda,Paraná,PR,41,1343,78978799
3171030,Verdelândia,Minas Gerais,MG,31,7672,136750975
2610400,Parnamirim,Pernambuco,PE,26,18612,268155955.00000003
3536570,Paulistânia,São Paulo,SP,35,2090,74506181
2310902,Piquet Carneiro,Ceará,CE,23,16616,203533098
3555109,Tupi Paulista,São Paulo,SP,35,15854,446937811
3157104,Salto da Divisa,Minas Gerais,MG,31,6110,118710428
2410207,Portalegre,Rio Grande do Norte,RN,24,7601,99832084
5200134,Acreúna,Goiás,GO,52,21568,1188179252
2112902,Vitória do Mearim,Maranhão,MA,21,30805,410266629
4311643,Linha Nova,Rio Grande do Sul,RS,43,1683,76154302
4116950,Nova Esperança do Sudoeste,Paraná,PR,41,5597,198769677
2506103,Fagundes,Paraíba,PB,25,11049,135440880
3147709,Passa Tempo,Minas Gerais,MG,31,8473,310555252
2516102,Soledade,Paraíba,PB,25,13968,319642968
3105400,Barão de Cocais,Minas Gerais,MG,31,30778,1547169755
2403251,Parnamirim,Rio Grande do Norte,RN,24,252716,7608526424
4304705,Carazinho,Rio Grande do Sul,RS,43,61804,3744966585
3124609,Estrela Dalva,Minas Gerais,MG,31,2186,51735890
5214507,Nerópolis,Goiás,GO,52,31932,1548491902
2602308,Bonito,Pernambuco,PE,26,37474,736190805
3132909,Itamogi,Minas Gerais,MG,31,10770,348466857
3129806,Ibirité,Minas Gerais,MG,31,170537,3235632471
2111631,São Raimundo do Doca Bezerra,Maranhão,MA,21,5650,62615799
5207352,Edealina,Goiás,GO,52,4001,516262695
2302800,Canindé,Ceará,CE,23,74174,1194866513
4306601,Dom Pedrito,Rio Grande do Sul,RS,43,36981,2288172309
3510401,Capivari,São Paulo,SP,35,50068,3824460124
3149002,Pedra Dourada,Minas Gerais,MG,31,2757,65491720
3515004,Embu das Artes,São Paulo,SP,35,250691,17290649652
4117404,Ourizona,Paraná,PR,41,3187,186572952
2601003,Angelim,Pernambuco,PE,26,10241,186927480
4210803,Meleiro,Santa Catarina,SC,42,7006,469315843
2305902,Ipueiras,Ceará,CE,23,36798,406831424
3150570,Pintópolis,Minas Gerais,MG,31,7084,94229610
3505807,Bastos,São Paulo,SP,35,21503,1596603168
3117009,Comercinho,Minas Gerais,MG,31,6660,84176078
1505494,Palestina do Pará,Pará,PA,15,6885,127592480
2209609,São Félix do Piauí,Piauí,PI,22,2842,38023456
3305901,Trajano de Moraes,Rio de Janeiro,RJ,33,10302,290438917
3137700,Lajinha,Minas Gerais,MG,31,20835,508139191
4313441,Novo Tiradentes,Rio Grande do Sul,RS,43,2146,73352814
2700300,Arapiraca,Alagoas,AL,27,234696,6880940082
3169703,Turmalina,Minas Gerais,MG,31,20000,486869098
4107405,Enéas Marques,Paraná,PR,41,5999,389459999
3304607,Santa Maria Madalena,Rio de Janeiro,RJ,33,10232,275098177
5107800,Santo Antônio de Leverger,Mato Grosso,MT,51,15246,743716874
1505486,Pacajá,Pará,PA,15,41097,1114327561
4124400,Santo Antônio do Sudoeste,Paraná,PR,41,23673,804866436
2107902,Passagem Franca,Maranhão,MA,21,17220,207014125
2207702,Parnaíba,Piauí,PI,22,162159,3682146193
2604106,Caruaru,Pernambuco,PE,26,378048,11238433526
1400704,Uiramutã,Roraima,RR,14,13751,254452849
2918209,Jiquiriçá,Bahia,BA,29,13629,195942717
5008008,Terenos,Mato Grosso do Sul,MS,50,17652,1348544080
4304713,Caraá,Rio Grande do Sul,RS,43,7394,158174358
3507100,Bom Jesus dos Perdões,São Paulo,SP,35,22006,1627411043
5203807,Britânia,Goiás,GO,52,5695,305496957
3159506,Santa Rita do Itueto,Minas Gerais,MG,31,5826,233545096
3540507,Porangaba,São Paulo,SP,35,10451,309199549
1300904,Canutama,Amazonas,AM,13,16869,208247373
2106607,Matões,Maranhão,MA,21,32174,334401282
3128105,Guapé,Minas Gerais,MG,31,13772,499821825
2307650,Maracanaú,Ceará,CE,23,234509,13540093939
5216304,Paranaiguara,Goiás,GO,52,7607,317829996
4117453,Ouro Verde do Oeste,Paraná,PR,41,6785,297137278
1502400,Castanhal,Pará,PA,15,192256,6318090753
4210852,Mirim Doce,Santa Catarina,SC,42,2511,106937446
2703403,Jacaré dos Homens,Alagoas,AL,27,5083,78412401
2908804,Contendas do Sincorá,Bahia,BA,29,4333,63627246
5206909,Davinópolis,Goiás,GO,52,1902,496504304
2412401,São José do Seridó,Rio Grande do Norte,RN,24,4558,106548284
4212601,Peritiba,Santa Catarina,SC,42,2992,166701472
5215009,Nova Veneza,Goiás,GO,52,9481,261700994
2309409,Novo Oriente,Ceará,CE,23,27545,343681506
2804706,Nossa Senhora de Lourdes,Sergipe,SE,28,6268,115909832
1300060,Amaturá,Amazonas,AM,13,10819,134731625
2611705,Riacho das Almas,Pernambuco,PE,26,20639,289327023
3507159,Bom Sucesso de Itararé,São Paulo,SP,35,3555,77487097
4314779,Pontão,Rio Grande do Sul,RS,43,3296,271978148
3109808,Cachoeira Dourada,Minas Gerais,MG,31,2315,156899526
4320453,Sério,Rio Grande do Sul,RS,43,1941,70328654
2702108,Colônia Leopoldina,Alagoas,AL,27,15816,367108963
1303957,São Sebastião do Uatumã,Amazonas,AM,13,11670,145515482
4211306,Navegantes,Santa Catarina,SC,42,86401,7939673784
2508703,Mãe d'Água,Paraíba,PB,25,3583,45505079
2309458,Ocara,Ceará,CE,23,24493,322685871
4313425,Novo Machado,Rio Grande do Sul,RS,43,3198,140898981
3202405,Guarapari,Espírito Santo,ES,32,124656,3391094556
2103125,Central do Maranhão,Maranhão,MA,21,7094,69154233
2411502,Santo Antônio,Rio Grande do Norte,RN,24,22177,339515207
4201901,Aurora,Santa Catarina,SC,42,6780,468008170
4109807,Ibiporã,Paraná,PR,41,51603,4037854555
3537008,Pedregulho,São Paulo,SP,35,15525,1417487589
2516151,Sossêgo,Paraíba,PB,25,3345,47774606
1600402,Mazagão,Amapá,AP,16,21924,583553165
3171071,Veredinha,Minas Gerais,MG,31,5181,114943493
2108801,Pirapemas,Maranhão,MA,21,17714,185469491
4214151,Princesa,Santa Catarina,SC,42,2964,134567034
2103174,Centro Novo do Maranhão,Maranhão,MA,21,16267,236610365
3517604,Guapiara,São Paulo,SP,35,17071,585182465
5200175,Água Fria de Goiás,Goiás,GO,52,4954,476287771
3527603,Luís Antônio,São Paulo,SP,35,12265,2385616849
1100122,Ji-Paraná,Rondônia,RO,11,124333,5824472224
2202901,Corrente,Piauí,PI,22,27278,764221648
2111672,São Roberto,Maranhão,MA,21,4544,58526475
5209101,Goiatuba,Goiás,GO,52,35664,2725199918
2207777,Patos do Piauí,Piauí,PI,22,5425,65640864
3201100,Bom Jesus do Norte,Espírito Santo,ES,32,10254,269758037
3526308,Lagoinha,São Paulo,SP,35,5083,101410723
4206702,Herval d'Oeste,Santa Catarina,SC,42,21724,723521698
3123304,Dores do Turvo,Minas Gerais,MG,31,4987,76798359
4205431,Formosa do Sul,Santa Catarina,SC,42,2682,104803400
3202454,Ibatiba,Espírito Santo,ES,32,25380,560947126
1100130,Machadinho D'Oeste,Rondônia,RO,11,30707,1055806050
2923407,Palmas de Monte Alto,Bahia,BA,29,20078,291638714
4321709,Três Coroas,Rio Grande do Sul,RS,43,24425,1046073454
4205407,Florianópolis,Santa Catarina,SC,42,537211,31190132216
2709301,União dos Palmares,Alagoas,AL,27,59280,1693997867
2911659,Guajeru,Bahia,BA,29,8050,86286262
3547908,Santo Antônio da Alegria,São Paulo,SP,35,6775,282936894
4314753,Poço das Antas,Rio Grande do Sul,RS,43,2171,100774015
1101401,Monte Negro,Rondônia,RO,11,11548,526989790.99999994
2310951,Pires Ferreira,Ceará,CE,23,10606,103591093
2913408,Igaporã,Bahia,BA,29,15527,237185761
1100106,Guajará-Mirim,Rondônia,RO,11,39387,1145033649
2922102,Mundo Novo,Bahia,BA,29,17305,219477472
3101706,Almenara,Minas Gerais,MG,31,40364,813916600
2100303,Aldeias Altas,Maranhão,MA,21,23286,335245811
2408706,Paraú,Rio Grande do Norte,RN,24,3579,62149621
3145109,Nova Resende,Minas Gerais,MG,31,16387,492956115
4206751,Ibiam,Santa Catarina,SC,42,2008,90693309
1101450,Parecis,Rondônia,RO,11,4125,201510402
2601052,Araçoiaba,Pernambuco,PE,26,19243,203113302
5002100,Bela Vista,Mato Grosso do Sul,MS,50,21613,1176300428
2500403,Alagoa Nova,Paraíba,PB,25,21013,376825036
5003454,Deodápolis,Mato Grosso do Sul,MS,50,13663,712633366
2103158,Centro do Guilherme,Maranhão,MA,21,12342,137520372
2207751,Passagem Franca do Piauí,Piauí,PI,22,4135,62728100
3518909,Guzolândia,São Paulo,SP,35,4246,120155836
2513901,São Bento,Paraíba,PB,25,32235,724346431
4218509,Treze Tílias,Santa Catarina,SC,42,8787,1194854233
2209658,São Francisco de Assis do Piauí,Piauí,PI,22,5572,68222245
2407401,Martins,Rio Grande do Norte,RN,24,8179,130556508
5002159,Bodoquena,Mato Grosso do Sul,MS,50,8567,386420183
4312104,Mata,Rio Grande do Sul,RS,43,4698,174005675
2512200,Prata,Paraíba,PB,25,3915,83660221
3546603,Santa Fé do Sul,São Paulo,SP,35,34794,1988880172
4219853,Zortéa,Santa Catarina,SC,42,3930,135060002
2930808,Souto Soares,Bahia,BA,29,17054,177202729
3550506,São Pedro do Turvo,São Paulo,SP,35,7217,393936414
4302105,Bento Gonçalves,Rio Grande do Sul,RS,43,123151,9062598061
2502201,Bom Jesus,Paraíba,PB,25,2286,40310002
4313466,Novo Xingu,Rio Grande do Sul,RS,43,1646,67740643
3549706,São José do Rio Pardo,São Paulo,SP,35,52205,2876972561
1508308,Viseu,Pará,PA,15,58692,869708727
1100114,Jaru,Rondônia,RO,11,50591,2515557725
1101468,Pimenteiras do Oeste,Rondônia,RO,11,2156,355185198
5219308,Santa Helena de Goiás,Goiás,GO,52,38492,1995751751
2902906,Barra do Choça,Bahia,BA,29,36539,540749955
3203700,Muniz Freire,Espírito Santo,ES,32,18153,509937651
3125903,Ferros,Minas Gerais,MG,31,9590,163549232
2708006,Santana do Ipanema,Alagoas,AL,27,46220,863266737
2205102,Itaueira,Piauí,PI,22,10323,164341801
3303302,Niterói,Rio de Janeiro,RJ,33,481749,76268004731
3170602,Vargem Bonita,Minas Gerais,MG,31,2158,92402413
3135100,Janaúba,Minas Gerais,MG,31,70699,1965161025
4307500,Espumoso,Rio Grande do Sul,RS,43,15173,861537803
3503208,Araraquara,São Paulo,SP,35,242228,14689500266
3112208,Capela Nova,Minas Gerais,MG,31,4362,70184031
2507408,Jericó,Paraíba,PB,25,7516,95978613
2517407,Zabelê,Paraíba,PB,25,2228,35337319
5220405,São Simão,Goiás,GO,52,17020,2537275047
4217204,São Miguel do Oeste,Santa Catarina,SC,42,44330,3105097849
2907558,Caturama,Bahia,BA,29,8841,105133773
3548401,Santópolis do Aguapeí,São Paulo,SP,35,3899,97801855
4120903,Quedas do Iguaçu,Paraná,PR,41,30738,1927945223
1101435,Nova União,Rondônia,RO,11,6200,193556525
4103958,Campina do Simão,Paraná,PR,41,3936,195119696
4314787,Ponte Preta,Rio Grande do Sul,RS,43,1575,78317469
5209150,Gouvelândia,Goiás,GO,52,4390,338160136
3302007,Itaguaí,Rio de Janeiro,RJ,33,116841,11383961888
4317806,Santo Augusto,Rio Grande do Sul,RS,43,13902,728450437
4125704,São Miguel do Iguaçu,Paraná,PR,41,29122,1484412447
2906204,Canarana,Bahia,BA,29,24206,305655738
4306205,Cruzeiro do Sul,Rio Grande do Sul,RS,43,11600,685746234
5107875,Sapezal,Mato Grosso,MT,51,28944,6410246748
2302404,Boa Viagem,Ceará,CE,23,50411,717720910
1720200,São Miguel do Tocantins,Tocantins,TO,17,13241,239633870
4307559,Estação,Rio Grande do Sul,RS,43,5582,397872381
4102604,Barracão,Paraná,PR,41,9759,323296511
2924702,Piripá,Bahia,BA,29,9152,92317178
2313500,Trairi,Ceará,CE,23,58415,1039083163
4309308,Guaíba,Rio Grande do Sul,RS,43,92924,9001785047
2932606,Urandi,Bahia,BA,29,15355,232370405
2802106,Estância,Sergipe,SE,28,65078,1473224591
2305506,Iguatu,Ceará,CE,23,98064,2342034481
2929503,São Sebastião do Passé,Bahia,BA,29,40958,957089480
1200328,Jordão,Acre,AC,12,9222,150648095
2107506,Paço do Lumiar,Maranhão,MA,21,145643,1643536521
3146404,Paineiras,Minas Gerais,MG,31,4224,98947338
3164902,São Sebastião do Rio Verde,Minas Gerais,MG,31,2300,48144982
5003488,Dois Irmãos do Buriti,Mato Grosso do Sul,MS,50,11100,456776952
2914703,Itaberaba,Bahia,BA,29,65073,1267186907
4201950,Balneário Arroio do Silva,Santa Catarina,SC,42,15820,302101421
4308003,Faxinal do Soturno,Rio Grande do Sul,RS,43,6702,298533378
3541802,Queiroz,São Paulo,SP,35,3265,1095800380
1303106,Nova Olinda do Norte,Amazonas,AM,13,27062,354692767
3201159,Brejetuba,Espírito Santo,ES,32,12985,342657680
3154903,Rio Casca,Minas Gerais,MG,31,12789,277814295
1400308,Mucajaí,Roraima,RR,14,18095,552044224
2928208,Santana,Bahia,BA,29,24755,426642509
4116109,Moreira Sales,Paraná,PR,41,11175,382098401
5107883,Serra Nova Dourada,Mato Grosso,MT,51,1800,160051610
2106201,Luís Domingues,Maranhão,MA,21,7161,72747495
3114006,Carmo da Mata,Minas Gerais,MG,31,11019,315081702
5107859,São Félix do Araguaia,Mato Grosso,MT,51,13621,2351792282
3523503,Itatinga,São Paulo,SP,35,19070,601160989
2402808,Coronel Ezequiel,Rio Grande do Norte,RN,24,5117,65459563
1503705,Itupiranga,Pará,PA,15,49754,979791945
3533502,Novo Horizonte,São Paulo,SP,35,38324,2313783253
2304202,Crato,Ceará,CE,23,131050,2445566540
4313490,Novo Barreiro,Rio Grande do Sul,RS,43,4272,120313354
3552908,Taciba,São Paulo,SP,35,6260,242091189
3136405,Joaquim Felício,Minas Gerais,MG,31,3854,83619696
2918803,Laje,Bahia,BA,29,21052,344541365
4125753,São Pedro do Iguaçu,Paraná,PR,41,5784,267876552.00000003
3522208,Itapecerica da Serra,São Paulo,SP,35,158522,6215133643
3532207,Narandiba,São Paulo,SP,35,5713,896056601
3166709,Serra dos Aimorés,Minas Gerais,MG,31,6944,159078680
2804300,Muribeca,Sergipe,SE,28,7822,112543753
5106505,Poconé,Mato Grosso,MT,51,31217,861874490
2207793,Pau D'Arco do Piauí,Piauí,PI,22,3880,43954203
4127502,Tibagi,Paraná,PR,41,19961,1448624415
5005202,Ladário,Mato Grosso do Sul,MS,50,21522,420685263
3104809,Augusto de Lima,Minas Gerais,MG,31,4538,113861695
4106100,Conselheiro Mairinck,Paraná,PR,41,3461,168785167
3535309,Palmital,São Paulo,SP,35,19594,1405806538
1712801,Maurilândia do Tocantins,Tocantins,TO,17,3095,63313243
3512803,Cosmópolis,São Paulo,SP,35,59773,2313364052
2210300,São Julião,Piauí,PI,22,6025,67831628
4205456,Forquilhinha,Santa Catarina,SC,42,31431,1525924405
2614808,Tacaratu,Pernambuco,PE,26,23902,262197621.99999997
3525300,Jaú,São Paulo,SP,35,133497,6542932931
3109402,Buritizeiro,Minas Gerais,MG,31,23910,852046429
3148202,Patrocínio do Muriaé,Minas Gerais,MG,31,5576,152117819
3515905,Floreal,São Paulo,SP,35,2733,131171272
3504503,Avaré,São Paulo,SP,35,92805,4408538237
1503754,Jacareacanga,Pará,PA,15,24042,732418403
3117900,Congonhal,Minas Gerais,MG,31,11083,274057130
4204103,Caxambu do Sul,Santa Catarina,SC,42,4614,248344204
5221700,Uruana,Goiás,GO,52,13729,405663867
2200301,Alto Longá,Piauí,PI,22,13479,146913269
3161007,São Domingos do Prata,Minas Gerais,MG,31,17392,402896007
2411106,Ruy Barbosa,Rio Grande do Norte,RN,24,3206,218238897
2308104,Mauriti,Ceará,CE,23,45561,707666578
1200302,Feijó,Acre,AC,12,35426,741343805
4312153,Mato Leitão,Rio Grande do Sul,RS,43,4859,295044211
3109451,Cabeceira Grande,Minas Gerais,MG,31,6627,529789018.00000006
2803401,Japoatã,Sergipe,SE,28,13407,298619811
2414209,Tibau do Sul,Rio Grande do Norte,RN,24,16929,576214691
3108107,Bonfim,Minas Gerais,MG,31,7434,142868422
2605004,Cupira,Pernambuco,PE,26,23518,355808776
3151008,Piranguinho,Minas Gerais,MG,31,9120,171573339
1508357,Vitória do Xingu,Pará,PA,15,15607,3987037044
3556404,Vargem Grande do Sul,São Paulo,SP,35,40133,1431641524
4212650,Pescaria Brava,Santa Catarina,SC,42,10190,164482919
3506300,Bernardino de Campos,São Paulo,SP,35,11607,605499302
2615409,Toritama,Pernambuco,PE,26,41137,812755257
3138203,Lavras,Minas Gerais,MG,31,104761,3916681627
3171907,Virgolândia,Minas Gerais,MG,31,4552,67748405
3524006,Itupeva,São Paulo,SP,35,70616,10529260248
1716307,Pau D'Arco,Tocantins,TO,17,4043,110801858
2406106,Jucurutu,Rio Grande do Norte,RN,24,17793,442765414
4302154,Boa Vista das Missões,Rio Grande do Sul,RS,43,1933,173199979
3534005,Onda Verde,São Paulo,SP,35,4771,370589412
3170651,Vargem Grande do Rio Pardo,Minas Gerais,MG,31,4633,77006645
2606705,Ibirajuba,Pernambuco,PE,26,7140,99152810
2908002,Coaraci,Bahia,BA,29,17333,256642839
5219357,Santa Isabel,Goiás,GO,52,3538,147693638
2613503,São José do Belmonte,Pernambuco,PE,26,34843,529902800.00000006
2614857,Tamandaré,Pernambuco,PE,26,23561,432296997
2403707,Felipe Guerra,Rio Grande do Norte,RN,24,5944,302413019
3161056,São Félix de Minas,Minas Gerais,MG,31,3200,59107679
3514601,Dumont,São Paulo,SP,35,9471,414001737
2205151,Jacobina do Piauí,Piauí,PI,22,5613,91191757
1304401,Urucurituba,Amazonas,AM,13,23945,297172948
4217253,São Pedro de Alcântara,Santa Catarina,SC,42,5776,148310928
5218003,Porangatu,Goiás,GO,52,44317,2072827411
2901601,Antas,Bahia,BA,29,14206,197869627
4128807,Xambrê,Paraná,PR,41,5798,138497562
3519402,Ibirá,São Paulo,SP,35,11690,418177801
2605400,Feira Nova,Pernambuco,PE,26,21427,274542362
3141801,Minas Novas,Minas Gerais,MG,31,24405,412127792
3529401,Mauá,São Paulo,SP,35,418261,25000732020
3140530,Martins Soares,Minas Gerais,MG,31,8396,298804815
4111308,Itaúna do Sul,Paraná,PR,41,3572,151824849
2911253,Gavião,Bahia,BA,29,4360,64348661
2211605,Vila Nova do Piauí,Piauí,PI,22,2935,41920877
4308052,Faxinalzinho,Rio Grande do Sul,RS,43,2520,113640030
2913002,Ibitiara,Bahia,BA,29,14637,145139883
2923001,Nova Viçosa,Bahia,BA,29,39509,699743948
2608503,Lagoa de Itaenga,Pernambuco,PE,26,19003,551073701
1101005,Governador Jorge Teixeira,Rondônia,RO,11,8001,320123460
3131604,Iraí de Minas,Minas Gerais,MG,31,7180,455213734
4101309,Antônio Olinto,Paraná,PR,41,7018,282610628
4312138,Mato Castelhano,Rio Grande do Sul,RS,43,2553,128502171
3302056,Italva,Rio de Janeiro,RJ,33,14073,431493401
2704708,Marechal Deodoro,Alagoas,AL,27,60370,3185683264
4310405,Independência,Rio Grande do Sul,RS,43,6427,443606056
2201606,Beneditinos,Piauí,PI,22,9929,118265224
5101704,Barra do Bugres,Mato Grosso,MT,51,29403,1774197962
2900306,Acajutiba,Bahia,BA,29,13795,186446172
2707800,Roteiro,Alagoas,AL,27,6474,247075761
2931301,Tapiramutá,Bahia,BA,29,15818,174264684
3544905,Sales Oliveira,São Paulo,SP,35,11411,529464336
4323507,Vista Alegre,Rio Grande do Sul,RS,43,2660,137184989
1720259,São Salvador do Tocantins,Tocantins,TO,17,2385,59857278
3122009,Divino,Minas Gerais,MG,31,20706,442809827
4110003,Iguaraçu,Paraná,PR,41,5338,267157990
4300406,Alegrete,Rio Grande do Sul,RS,43,72409,3102027800
3140506,Martinho Campos,Minas Gerais,MG,31,14003,584257694
4213708,Pouso Redondo,Santa Catarina,SC,42,17123,912670161
3301801,Engenheiro Paulo de Frontin,Rio de Janeiro,RJ,33,12242,320438424
1506807,Santarém,Pará,PA,15,331942,8681869363
2513505,Santana de Mangueira,Paraíba,PB,25,5010,60940205
4113106,Kaloré,Paraná,PR,41,4582,201236290
2311405,Quixeramobim,Ceará,CE,23,82177,1928559402
3143609,Morro da Garça,Minas Gerais,MG,31,2411,62850192
2931350,Teixeira de Freitas,Bahia,BA,29,145216,3670771175
3130309,Iguatama,Minas Gerais,MG,31,6826,569668718
3551603,Serra Negra,São Paulo,SP,35,29894,1025007433
2304251,Cruz,Ceará,CE,23,29761,565662960
4310413,Inhacorá,Rio Grande do Sul,RS,43,2014,76395812
1718709,Rio dos Bois,Tocantins,TO,17,2738,88774984
4216800,São José do Cerrito,Santa Catarina,SC,42,8708,355893941
3133402,Itapagipe,Minas Gerais,MG,31,13690,714871685
5100409,Alto Garças,Mato Grosso,MT,51,13052,1233308155
2503506,Cacimba de Dentro,Paraíba,PB,25,16064,179298703
4103107,Bocaiúva do Sul,Paraná,PR,41,13299,305498453
3300506,Bom Jardim,Rio de Janeiro,RJ,33,28102,1018919574
3501509,Alvinlândia,São Paulo,SP,35,2885,82612841
2706505,Passo de Camaragibe,Alagoas,AL,27,13804,378390990
3142304,Moeda,Minas Gerais,MG,31,5125,104132227
3103504,Araguari,Minas Gerais,MG,31,117808,6858533812
5005251,Laguna Carapã,Mato Grosso do Sul,MS,50,6799,1257650182
4215505,Santa Cecília,Santa Catarina,SC,42,15546,672249587
4305207,Cerro Largo,Rio Grande do Sul,RS,43,13705,807006841
2203404,Dom Expedito Lopes,Piauí,PI,22,6320,93968986
4207205,Imaruí,Santa Catarina,SC,42,11881,320779620
2300705,Alto Santo,Ceará,CE,23,14155,273863485
5102637,Campo Novo do Parecis,Mato Grosso,MT,51,45899,7917232816
2102705,Cantanhede,Maranhão,MA,21,24303,233272809
5105200,Juscimeira,Mato Grosso,MT,51,11480,555049279
3110509,Camanducaia,Minas Gerais,MG,31,26097,1318309628
4104428,Candói,Paraná,PR,41,14973,901448618
2310100,Palmácia,Ceará,CE,23,10242,141264284
5220009,São João d'Aliança,Goiás,GO,52,14041,597270189
2600401,Água Preta,Pernambuco,PE,26,26461,263641501.99999997
2112100,Timbiras,Maranhão,MA,21,26484,248535937
2105807,Lago do Junco,Maranhão,MA,21,9506,108264187
2208205,Pio IX,Piauí,PI,22,17613,234054888
2507002,Itaporanga,Paraíba,PB,25,23940,445867099
2923035,Novo Horizonte,Bahia,BA,29,11162,137372055
3500204,Adolfo,São Paulo,SP,35,4351,215282976
2609808,Orocó,Pernambuco,PE,26,13613,192309248
4220000,Balneário Rincão,Santa Catarina,SC,42,15981,420207739
2313104,Tabuleiro do Norte,Ceará,CE,23,30652,584614136
3305109,São João de Meriti,Rio de Janeiro,RJ,33,440962,11534047295
5212808,Mara Rosa,Goiás,GO,52,10700,411527717
5105259,Lucas do Rio Verde,Mato Grosso,MT,51,83798,8238966090
5102603,Campinápolis,Mato Grosso,MT,51,15347,614855730
3505005,Barão de Antonina,São Paulo,SP,35,3531,80403485
4200606,Águas Mornas,Santa Catarina,SC,42,6743,281792179
5204300,Caçu,Goiás,GO,52,13774,1219984319
3154101,Recreio,Minas Gerais,MG,31,11007,152511380
5103957,Glória D'Oeste,Mato Grosso,MT,51,2905,115168195
2923050,Novo Triunfo,Bahia,BA,29,10660,130774308
5107008,Poxoréu,Mato Grosso,MT,51,23283,1242006768
3521804,Itaí,São Paulo,SP,35,25180,1082752493
3531803,Monte Mor,São Paulo,SP,35,64662,6049397718
2304236,Croatá,Ceará,CE,23,17481,282766927
3125952,Fervedouro,Minas Gerais,MG,31,10445,184762184
2927804,Santa Cruz da Vitória,Bahia,BA,29,4681,77736690
3556453,Vargem Grande Paulista,São Paulo,SP,35,50415,3524292853
4122701,Sabáudia,Paraná,PR,41,8822,741344575
4210001,Luiz Alves,Santa Catarina,SC,42,11684,1138041979
3105905,Barroso,Minas Gerais,MG,31,20080,801809897
2914307,Iramaia,Bahia,BA,29,10752,128687776
3127701,Governador Valadares,Minas Gerais,MG,31,257171,8612265515
5006309,Paranaíba,Mato Grosso do Sul,MS,50,40957,2012106193
1715002,Nova Rosalândia,Tocantins,TO,17,3362,110146816
3541000,Praia Grande,São Paulo,SP,35,349935,11396645549
3506359,Bertioga,São Paulo,SP,35,64188,2663550123
2202117,Campo Alegre do Fidalgo,Piauí,PI,22,4616,62190515
3115300,Cataguases,Minas Gerais,MG,31,66261,2139615680.9999998
4312179,Mato Queimado,Rio Grande do Sul,RS,43,1795,61648446
4110078,Imbaú,Paraná,PR,41,14249,320470890
2514800,São José dos Cordeiros,Paraíba,PB,25,3411,44794600
2304285,Eusébio,Ceará,CE,23,74170,4940351646
2104503,Governador Archer,Maranhão,MA,21,10231,123047257
2612208,Salgueiro,Pernambuco,PE,26,62372,1389969359
3520509,Indaiatuba,São Paulo,SP,35,255748,28264863052
2210375,São Luis do Piauí,Piauí,PI,22,2309,28432502
4210050,Macieira,Santa Catarina,SC,42,1778,70007530
3530508,Mococa,São Paulo,SP,35,67681,4014553266
3149507,Pequeri,Minas Gerais,MG,31,3351,78666131
3305158,São José do Vale do Rio Preto,Rio de Janeiro,RJ,33,22080,941644953
1705607,Conceição do Tocantins,Tocantins,TO,17,3887,88972637
4114401,Mangueirinha,Paraná,PR,41,16603,1869714524
2504801,Coremas,Paraíba,PB,25,14683,255021268
3134707,Jacinto,Minas Gerais,MG,31,11042,159690215
3541059,Pratânia,São Paulo,SP,35,5126,252654531
4204178,Cerro Negro,Santa Catarina,SC,42,3317,152293215
2602803,Buíque,Pernambuco,PE,26,52097,647063336
2403756,Fernando Pedroza,Rio Grande do Norte,RN,24,2938,61993688
4202404,Blumenau,Santa Catarina,SC,42,361261,24871919560
2605459,Fernando de Noronha,Pernambuco,PE,26,3167,304923356
2900355,Adustina,Bahia,BA,29,14201,275493875
2109304,Presidente Vargas,Maranhão,MA,21,10549,108884158
4104402,Cândido de Abreu,Paraná,PR,41,15244,475234993
2601508,Belém de Maria,Pernambuco,PE,26,10378,110733486
4316501,Salvador do Sul,Rio Grande do Sul,RS,43,6879,395635911
2516607,Tavares,Paraíba,PB,25,14101,167332902
3140555,Mata Verde,Minas Gerais,MG,31,9112,112643542
2210383,São Miguel da Baixa Grande,Piauí,PI,22,2269,32909225
1301852,Iranduba,Amazonas,AM,13,61163,1263495864
3139508,Manhumirim,Minas Gerais,MG,31,20613,587887014
5105234,Lambari D'Oeste,Mato Grosso,MT,51,4790,284218596
5006358,Paranhos,Mato Grosso do Sul,MS,50,12921,371182610
4201109,Anitápolis,Santa Catarina,SC,42,3593,117402730
3554706,Torrinha,São Paulo,SP,35,9335,380075254
3156700,Sabará,Minas Gerais,MG,31,129380,3837192206
2210359,São Lourenço do Piauí,Piauí,PI,22,4410,54907103
5221304,Três Ranchos,Goiás,GO,52,2921,96755905
2506608,Ibiara,Paraíba,PB,25,5631,63597032
4126207,Sapopema,Paraná,PR,41,6695,183023364
4119202,Pinhalão,Paraná,PR,41,6566,251910694
2108009,Pastos Bons,Maranhão,MA,21,18802,322652132
1505502,Paragominas,Pará,PA,15,105550,5308605056
1718758,Rio Sono,Tocantins,TO,17,4841,150795103
3305133,São José de Ubá,Rio de Janeiro,RJ,33,7070,232730440
2803005,Itabaianinha,Sergipe,SE,28,40678,865771933
4110052,Iguatu,Paraná,PR,41,2144,94790950
4300455,Alegria,Rio Grande do Sul,RS,43,3651,136099350
4109005,Guapirama,Paraná,PR,41,4626,228918643
2202109,Campinas do Piauí,Piauí,PI,22,4938,75221338
5102678,Campo Verde,Mato Grosso,MT,51,44585,5099105108
4204152,Celso Ramos,Santa Catarina,SC,42,2805,96486981
5213707,Montes Claros de Goiás,Goiás,GO,52,8756,818049454
3543600,Rifaina,São Paulo,SP,35,4049,232910865
3507605,Bragança Paulista,São Paulo,SP,35,176811,10443287830
3116605,Cláudio,Minas Gerais,MG,31,30159,1426309747
2304269,Deputado Irapuan Pinheiro,Ceará,CE,23,8932,124422171
4210035,Luzerna,Santa Catarina,SC,42,5794,346309270
2700805,Belém,Alagoas,AL,27,4722,187160230
3119708,Coronel Xavier Chaves,Minas Gerais,MG,31,3486,89841008
5108303,União do Sul,Mato Grosso,MT,51,3838,601637343
3542305,Redenção da Serra,São Paulo,SP,35,4494,122058723
4308078,Fazenda Vilanova,Rio Grande do Sul,RS,43,4291,145765540
2304277,Ereré,Ceará,CE,23,6474,102444679
4310439,Ipê,Rio Grande do Sul,RS,43,5399,392922433
1504208,Marabá,Pará,PA,15,266533,9748964708
2203453,Dom Inocêncio,Piauí,PI,22,9159,212410057
2306801,Jaguaribara,Ceará,CE,23,10356,196533274
2608107,João Alfredo,Pernambuco,PE,26,27725,354878784
1502905,Curuçá,Pará,PA,15,41262,485458161
4215554,Santa Helena,Santa Catarina,SC,42,2425,128409249
2406155,Jundiá,Rio Grande do Norte,RN,24,3739,47290914
5107040,Primavera do Leste,Mato Grosso,MT,51,85146,8571209082
2309904,Pacujá,Ceará,CE,23,6175,81237281
4202438,Bocaina do Sul,Santa Catarina,SC,42,3515,145083681
3537909,Pilar do Sul,São Paulo,SP,35,27619,1502793869
2300754,Amontada,Ceará,CE,23,42156,808125932
4311700,Machadinho,Rio Grande do Sul,RS,43,5735,260894592
2511806,Pirpirituba,Paraíba,PB,25,9340,120990462
5218052,Porteirão,Goiás,GO,52,4070,388338529
2102754,Capinzal do Norte,Maranhão,MA,21,11374,215753536
3547106,Santa Mercedes,São Paulo,SP,35,2956,97262169
3551009,São Vicente,São Paulo,SP,35,329911,7414656300
2203420,Domingos Mourão,Piauí,PI,22,4075,55942899
3301876,Iguaba Grande,Rio de Janeiro,RJ,33,27920,814661157
3118403,Conselheiro Pena,Minas Gerais,MG,31,20824,500870997
4301701,Barão de Cotegipe,Rio Grande do Sul,RS,43,7144,324768863
3120300,Cristália,Minas Gerais,MG,31,5121,74446623
3171105,Veríssimo,Minas Gerais,MG,31,3411,306967756
2501807,Bayeux,Paraíba,PB,25,82742,1899000350
3154150,Reduto,Minas Gerais,MG,31,7848,131257130
3204203,Piúma,Espírito Santo,ES,32,22300,1056102655
5101308,Arenápolis,Mato Grosso,MT,51,10576,325466983
2707404,Porto de Pedras,Alagoas,AL,27,9295,451597609
5007695,São Gabriel do Oeste,Mato Grosso do Sul,MS,50,29579,2883850034
1706100,Cristalândia,Tocantins,TO,17,6371,214100337
2204709,Inhuma,Piauí,PI,22,14958,190109576
4121406,Realeza,Paraná,PR,41,19247,958986554
3518107,Guarantã,São Paulo,SP,35,6427,312045476
3528106,Macaubal,São Paulo,SP,35,7481,245038153
3536604,Paulo de Faria,São Paulo,SP,35,7400,426145814
2504850,Coxixola,Paraíba,PB,25,1824,30936265
1505536,Parauapebas,Pará,PA,15,267836,26421066668
2104552,Governador Edison Lobão,Maranhão,MA,21,18411,448007297
2920809,Marcionílio Souza,Bahia,BA,29,9267,119537686
3160603,Santo Hipólito,Minas Gerais,MG,31,2717,71684849
3508900,Caiabu,São Paulo,SP,35,3712,88015441
2510501,Olivedos,Paraíba,PB,25,3580,53270440
3539707,Platina,São Paulo,SP,35,3025,160405565
4208500,Ituporanga,Santa Catarina,SC,42,26525,1565743138
3111804,Canápolis,Minas Gerais,MG,31,10608,937761455
2930006,Sebastião Laranjeiras,Bahia,BA,29,9360,123933498
2110401,São Benedito do Rio Preto,Maranhão,MA,21,18364,186474265
4315206,Putinga,Rio Grande do Sul,RS,43,3747,153757741
2515302,Sapé,Paraíba,PB,25,51306,852470983
3165404,Sapucaí-Mirim,Minas Gerais,MG,31,6311,174273908
2706109,Ouro Branco,Alagoas,AL,27,11446,150495004
2933109,Várzea do Poço,Bahia,BA,29,8101,154661072
2210391,São Miguel do Fidalgo,Piauí,PI,22,2829,36835683
2202133,Campo Grande do Piauí,Piauí,PI,22,6020,77243211
3150604,Piracema,Minas Gerais,MG,31,6700,248564985
3125101,Extrema,Minas Gerais,MG,31,53482,20204998576
2910800,Feira de Santana,Bahia,BA,29,616272,21846454667
4104451,Cantagalo,Paraná,PR,41,10933,386335113
4305801,Constantina,Rio Grande do Sul,RS,43,10385,471924803
2505303,Curral Velho,Paraíba,PB,25,2292,33783253
3155405,Rio Novo,Minas Gerais,MG,31,8518,143555841
2609402,Moreno,Pernambuco,PE,26,55292,1118308800
1711506,Jaú do Tocantins,Tocantins,TO,17,3334,110816306
3301850,Guapimirim,Rio de Janeiro,RJ,33,51696,1589983141
2905800,Camamu,Bahia,BA,29,30469,557661535
4204194,Chapadão do Lageado,Santa Catarina,SC,42,2950,147114718
2208809,Regeneração,Piauí,PI,22,17133,337226000
2913903,Ipiaú,Bahia,BA,29,40706,714937605
2923902,Pau Brasil,Bahia,BA,29,9370,135358895
4322202,Tupanciretã,Rio Grande do Sul,RS,43,20005,1275253921
2108058,Paulino Neves,Maranhão,MA,21,17056,157984399
3132107,Itacarambi,Minas Gerais,MG,31,17208,292850107
2503555,Cacimbas,Paraíba,PB,25,7223,84005404
1100601,Cacaulândia,Rondônia,RO,11,4150,238989350
4311734,Mampituba,Rio Grande do Sul,RS,43,3131,101220214
3102209,Alvarenga,Minas Gerais,MG,31,3975,64939112
4310462,Ipiranga do Sul,Rio Grande do Sul,RS,43,1720,122375560
4123600,Santa Inês,Paraná,PR,41,1748,85155059
3122900,Dona Euzébia,Minas Gerais,MG,31,6093,126626913
5213756,Montividiu,Goiás,GO,52,12521,1619838607
4103156,Bom Jesus do Sul,Paraná,PR,41,3980,142417578
3113602,Careaçu,Minas Gerais,MG,31,6816,199576245
3554755,Trabiju,São Paulo,SP,35,1682,66640706.00000001
4110904,Itaguajé,Paraná,PR,41,4481,164294738
2912608,Ibiquera,Bahia,BA,29,3725,48873515
2922607,Nilo Peçanha,Bahia,BA,29,12063,201028331
2610509,Passira,Pernambuco,PE,26,28340,293500419
2919306,Lençóis,Bahia,BA,29,10774,210369840
3164100,São Pedro do Suaçuí,Minas Gerais,MG,31,5103,117362439
4126256,Sarandi,Paraná,PR,41,118455,2398689677
5108352,Vale de São Domingos,Mato Grosso,MT,51,2904,81317584
4115705,Matinhos,Paraná,PR,41,39259,1148204622
1301001,Carauari,Amazonas,AM,13,28742,433322221
4305850,Coqueiros do Sul,Rio Grande do Sul,RS,43,2211,139283039
2409209,Passagem,Rio Grande do Norte,RN,24,3115,46582613
2505352,Damião,Paraíba,PB,25,4982,62653583
3553401,Tanabi,São Paulo,SP,35,25265,1592466950
4122305,Rio Negro,Paraná,PR,41,31324,1456164794
2407906,Monte das Gameleiras,Rio Grande do Norte,RN,24,2276,45921843
5220058,São João da Paraúna,Goiás,GO,52,1774,148706508
4100905,Amaporã,Paraná,PR,41,4762,163898554
3167202,Sete Lagoas,Minas Gerais,MG,31,227397,14904465169
1703305,Bom Jesus do Tocantins,Tocantins,TO,17,4038,143622743
1713304,Miranorte,Tocantins,TO,17,12701,483394014
3552106,Socorro,São Paulo,SP,35,40122,1449300539
5004809,Japorã,Mato Grosso do Sul,MS,50,8148,242175215
2909307,Correntina,Bahia,BA,29,32457,3806363285
4219002,Urussanga,Santa Catarina,SC,42,20919,1222446926
4105706,Clevelândia,Paraná,PR,41,15070,915574920
5102686,Campos de Júlio,Mato Grosso,MT,51,8822,2905079082
2917409,Jacaraci,Bahia,BA,29,14436,150695590
2927408,Salvador,Bahia,BA,29,2417678,76698777218
4314803,Portão,Rio Grande do Sul,RS,43,34071,1816676821
2208858,Riacho Frio,Piauí,PI,22,4165,61503450
3157203,Santa Bárbara,Minas Gerais,MG,31,30466,1019088443
3513306,Cruzália,São Paulo,SP,35,2108,218198594
4300471,Almirante Tamandaré do Sul,Rio Grande do Sul,RS,43,1969,223166993
3147808,Passa Vinte,Minas Gerais,MG,31,2233,47564508
2916104,Itaparica,Bahia,BA,29,19789,298513763
4304804,Carlos Barbosa,Rio Grande do Sul,RS,43,30420,3815080263
2708907,Satuba,Alagoas,AL,27,24278,369183970
3126406,Fortuna de Minas,Minas Gerais,MG,31,3093,70961247
2926103,Retirolândia,Bahia,BA,29,13651,175547914
1712009,Lajeado,Tocantins,TO,17,3357,79405004
4209805,Leoberto Leal,Santa Catarina,SC,42,3330,169622368
3104007,Araxá,Minas Gerais,MG,31,111691,8847239614
2410702,Riacho da Cruz,Rio Grande do Norte,RN,24,2701,42856817
1501600,Bonito,Pará,PA,15,12622,147258247
3115359,Catas Altas,Minas Gerais,MG,31,5473,1779684141
1502954,Eldorado do Carajás,Pará,PA,15,28192,736063654
3512001,Colina,São Paulo,SP,35,18486,2052576439
5102694,Canabrava do Norte,Mato Grosso,MT,51,4485,299034729
4311718,Maçambará,Rio Grande do Sul,RS,43,4425,367963281
3302908,Miguel Pereira,Rio de Janeiro,RJ,33,26582,847197958
4115754,Mauá da Serra,Paraná,PR,41,9383,527212083
2402402,Carnaúba dos Dantas,Rio Grande do Norte,RN,24,7992,150901648
3502804,Araçatuba,São Paulo,SP,35,200124,11457739505
2701308,Cajueiro,Alagoas,AL,27,16024,223747585
2906709,Cândido Sales,Bahia,BA,29,25247,289056859
4305835,Coqueiro Baixo,Rio Grande do Sul,RS,43,1290,56010850
4319604,São Sepé,Rio Grande do Sul,RS,43,21219,1059509122.9999999
3515103,Embu-Guaçu,São Paulo,SP,35,66970,1742920008
4117503,Paiçandu,Paraná,PR,41,45962,1342361599
4210902,Modelo,Santa Catarina,SC,42,4080,203355814
2507903,Juripiranga,Paraíba,PB,25,10012,150460562
3137809,Lambari,Minas Gerais,MG,31,20414,538927795
3505906,Batatais,São Paulo,SP,35,58402,3328690303
2614006,Serrita,Pernambuco,PE,26,18207,195989250
2202174,Campo Largo do Piauí,Piauí,PI,22,7419,80881270
4107504,Engenheiro Beltrão,Paraná,PR,41,12454,698650245
2401107,Areia Branca,Rio Grande do Norte,RN,24,24093,1089647398
3304706,Santo Antônio de Pádua,Rio de Janeiro,RJ,33,41325,1686337288
3161908,São Gonçalo do Rio Abaixo,Minas Gerais,MG,31,11850,3766221656
2404200,Goianinha,Rio Grande do Norte,RN,24,26741,646382961
2207801,Paulistana,Piauí,PI,22,21055,359215287
2604601,Condado,Pernambuco,PE,26,24587,294986647
2306009,Iracema,Ceará,CE,23,14001,253154163
4318309,São Gabriel,Rio Grande do Sul,RS,43,58487,2682926041
3168507,Teixeiras,Minas Gerais,MG,31,12255,220040203
1502939,Dom Eliseu,Pará,PA,15,58484,1332437358
2801306,Capela,Sergipe,SE,28,31645,595060958
3200706,Atílio Vivácqua,Espírito Santo,ES,32,10540,453838514
3114907,Casa Grande,Minas Gerais,MG,31,2214,81954280
4202453,Bombinhas,Santa Catarina,SC,42,25058,1178867901
2312700,Senador Pompeu,Ceará,CE,23,24266,473899961
4119251,Pinhal de São Bento,Paraná,PR,41,2761,82103550
4115739,Mato Rico,Paraná,PR,41,3267,157347724
3128204,Guaraciaba,Minas Gerais,MG,31,9753,132453764
3151909,Pocrane,Minas Gerais,MG,31,8350,151973798
5208707,Goiânia,Goiás,GO,52,1437366,75780845992
5005707,Naviraí,Mato Grosso do Sul,MS,50,50457,3670206619
4308904,Getúlio Vargas,Rio Grande do Sul,RS,43,16602,879960498
3158508,Santana de Pirapama,Minas Gerais,MG,31,7030,135532542
5216809,Petrolina de Goiás,Goiás,GO,52,9573,244842867
2412500,São Miguel,Rio Grande do Norte,RN,24,23537,420063646
1302306,Jutaí,Amazonas,AM,13,25172,394549656
3141009,Mato Verde,Minas Gerais,MG,31,12038,229089451
2603306,Calçado,Pernambuco,PE,26,11093,134330846
2806107,Rosário do Catete,Sergipe,SE,28,9295,391878489
2910859,Filadélfia,Bahia,BA,29,17897,201628080
1505551,Pau D'Arco,Pará,PA,15,6931,153520962
3545407,Salto Grande,São Paulo,SP,35,9050,394927897
2928703,Santo Antônio de Jesus,Bahia,BA,29,103055,3028413726
3509403,Cajuru,São Paulo,SP,35,23830,1123798612
5215504,Ouvidor,Goiás,GO,52,7200,486717154
2111722,Satubinha,Maranhão,MA,21,8784,107921231
4311775,Maquiné,Rio Grande do Sul,RS,43,7418,228748225
4128005,Ubiratã,Paraná,PR,41,24749,2129921863
4322251,Tupandi,Rio Grande do Sul,RS,43,5029,604244088
2903003,Barra do Mendes,Bahia,BA,29,13836,143355927
3202504,Ibiraçu,Espírito Santo,ES,32,11723,359706918
4214201,Quilombo,Santa Catarina,SC,42,11022,670409310
1200807,Porto Acre,Acre,AC,12,16693,533385984.00000006
4118808,Peabiru,Paraná,PR,41,13346,530692824.99999994
3121605,Diamantina,Minas Gerais,MG,31,47702,1201220973
4110953,Itaipulândia,Paraná,PR,41,11485,566775591
4211801,Ouro,Santa Catarina,SC,42,7032,307201540
3301009,Campos dos Goytacazes,Rio de Janeiro,RJ,33,483540,42953468722
1700251,Abreulândia,Tocantins,TO,17,2576,141930063
5207402,Edéia,Goiás,GO,52,11747,1196282559
4108809,Guaíra,Paraná,PR,41,32097,1438846331
2108900,Poção de Pedras,Maranhão,MA,21,17161,221326724
3524907,Jambeiro,São Paulo,SP,35,6397,461642156
3534906,Pacaembu,São Paulo,SP,35,14877,285243693
3201209,Cachoeiro de Itapemirim,Espírito Santo,ES,32,185786,7593554334
2702603,Feira Grande,Alagoas,AL,27,22712,500385300
2922656,Nordestina,Bahia,BA,29,18523,184561855
4203709,Canelinha,Santa Catarina,SC,42,12821,412707977
3516408,Franco da Rocha,São Paulo,SP,35,144849,5438088812
4311759,Manoel Viana,Rio Grande do Sul,RS,43,6801,303342219
4216008,São Carlos,Santa Catarina,SC,42,10282,794989549
2308609,Monsenhor Tabosa,Ceará,CE,23,17149,210937865
2933174,Varzedo,Bahia,BA,29,9913,172935392
2301208,Aracoiaba,Ceará,CE,23,25553,336284104
2803906,Malhador,Sergipe,SE,28,11533,224467342
4107538,Entre Rios do Oeste,Paraná,PR,41,4575,420777808
4313508,Osório,Rio Grande do Sul,RS,43,47396,2141949768.9999998
5218904,Rubiataba,Goiás,GO,52,19788,767419393
2413805,Taboleiro Grande,Rio Grande do Norte,RN,24,2338,43555704
2103208,Chapadinha,Maranhão,MA,21,81386,1130461995
2615904,Tuparetama,Pernambuco,PE,26,8005,95042201
4305871,Coronel Barros,Rio Grande do Sul,RS,43,2822,143057556
4126272,Saudade do Iguaçu,Paraná,PR,41,6108,1143427458
2111706,São Vicente Ferrer,Maranhão,MA,21,19498,183735027
4206801,Ibicaré,Santa Catarina,SC,42,3269,174344419
3123403,Doresópolis,Minas Gerais,MG,31,1461,134727115
3204252,Ponto Belo,Espírito Santo,ES,32,6497,141033723
4303509,Camaquã,Rio Grande do Sul,RS,43,62200,3154677298
2605905,Gameleira,Pernambuco,PE,26,18214,248184298
3171154,Vermelho Novo,Minas Gerais,MG,31,4899,87808636
4205506,Fraiburgo,Santa Catarina,SC,42,33481,1596213305
5213772,Montividiu do Norte,Goiás,GO,52,3779,124015250
4121000,Querência do Norte,Paraná,PR,41,10685,342243778
2208874,Ribeira do Piauí,Piauí,PI,22,4055,278046153
4209854,Lindóia do Sul,Santa Catarina,SC,42,4549,201026150
5217609,Planaltina,Goiás,GO,52,105031,1939904035
4107546,Espigão Alto do Iguaçu,Paraná,PR,41,4797,201751523
3163706,São Lourenço,Minas Gerais,MG,31,44798,1412019982
4301750,Barão do Triunfo,Rio Grande do Sul,RS,43,5889,142447239
5103106,Cocalinho,Mato Grosso,MT,51,6220,363690468
2807402,Tobias Barreto,Sergipe,SE,28,50905,1150010304
4304853,Carlos Gomes,Rio Grande do Sul,RS,43,1368,61763318
5000906,Antônio João,Mato Grosso do Sul,MS,50,9303,851780994
2905404,Cairu,Bahia,BA,29,17761,1442324551
3153707,Quartel Geral,Minas Gerais,MG,31,3179,89894292
3162401,São João da Ponte,Minas Gerais,MG,31,23930,358300962
2301257,Ararendá,Ceará,CE,23,11096,143424021
2500502,Alagoinha,Paraíba,PB,25,13725,166686215
2933158,Várzea Nova,Bahia,BA,29,13377,573060128
3100500,Açucena,Minas Gerais,MG,31,8943,172093758
2103257,Cidelândia,Maranhão,MA,21,12878,242329810
2207850,Pavussu,Piauí,PI,22,3628,45823359
2504033,Capim,Paraíba,PB,25,6970,101591928
2206506,Monsenhor Hipólito,Piauí,PI,22,7577,91423978
2105005,Humberto de Campos,Maranhão,MA,21,25680,241228091
3152402,Poté,Minas Gerais,MG,31,13666,213765729
3509452,Campina do Monte Alegre,São Paulo,SP,35,5954,211436295
4211876,Paial,Santa Catarina,SC,42,1927,73787528
4303558,Camargo,Rio Grande do Sul,RS,43,2981,612434517
3128253,Guaraciama,Minas Gerais,MG,31,5051,83745323
5201108,Anápolis,Goiás,GO,52,398869,20432108565
3546702,Santa Gertrudes,São Paulo,SP,35,23611,3568256895
3157278,Santa Bárbara do Monte Verde,Minas Gerais,MG,31,3095,71438159
4307609,Estância Velha,Rio Grande do Sul,RS,43,47924,2309196099
2930907,Tabocas do Brejo Velho,Bahia,BA,29,11979,341963364
2303808,Cedro,Ceará,CE,23,22344,304070488
2514008,São João do Cariri,Paraíba,PB,25,4226,71554611
3304755,São Francisco de Itabapoana,Rio de Janeiro,RJ,33,45059,1481367364
5004403,Inocência,Mato Grosso do Sul,MS,50,8404,946306681
4317004,Santana da Boa Vista,Rio Grande do Sul,RS,43,7024,237629272
4100509,Altônia,Paraná,PR,41,18742,546400969
3515129,Emilianópolis,São Paulo,SP,35,3014,97865943
5219407,Santa Rita do Araguaia,Goiás,GO,52,5924,216188957
3531001,Monções,São Paulo,SP,35,1937,77880840
3144102,Muzambinho,Minas Gerais,MG,31,21891,742833043
2111763,Senador La Rocque,Maranhão,MA,21,14700,225141131
2602001,Bodocó,Pernambuco,PE,26,34478,388247393
4107520,Esperança Nova,Paraná,PR,41,1849,75224394
2504009,Campina Grande,Paraíba,PB,25,419379,12908743351
3555208,Turiúba,São Paulo,SP,35,1818,88091265
3112307,Capelinha,Minas Gerais,MG,31,39626,1111827021
2708501,São Luís do Quitunde,Alagoas,AL,27,30873,1052903024.9999999
3502002,Analândia,São Paulo,SP,35,4589,266291597
3124708,Estrela do Indaiá,Minas Gerais,MG,31,2772,163895665
3541505,Presidente Venceslau,São Paulo,SP,35,35201,1096298255
2302503,Brejo Santo,Ceará,CE,23,51090,1263862578
4306304,David Canabarro,Rio Grande do Sul,RS,43,4321,206879586
3510500,Caraguatatuba,São Paulo,SP,35,134873,5822814916
3515194,Espírito Santo do Turvo,São Paulo,SP,35,4157,181809326
5204805,Campo Alegre de Goiás,Goiás,GO,52,7422,964884983
2111748,Senador Alexandre Costa,Maranhão,MA,21,10207,145324252
3129509,Ibiá,Minas Gerais,MG,31,22229,1701475145
4210506,Maravilha,Santa Catarina,SC,42,28251,2499222596
3157252,Santa Bárbara do Leste,Minas Gerais,MG,31,8458,153222004
3515186,Espírito Santo do Pinhal,São Paulo,SP,35,39816,2715247127
2504074,Caraúbas,Paraíba,PB,25,3944,55068396
2209302,Santa Luz,Piauí,PI,22,5336,87684551
4118857,Perobal,Paraná,PR,41,7189,354948365
3117108,Conceição da Aparecida,Minas Gerais,MG,31,10371,325806067
3146503,Pains,Minas Gerais,MG,31,8142,676495679
4311791,Maratá,Rio Grande do Sul,RS,43,2470,104146760
4211850,Ouro Verde,Santa Catarina,SC,42,2181,170819679
2307304,Juazeiro do Norte,Ceará,CE,23,286120,6457542671
3169802,Turvolândia,Minas Gerais,MG,31,4935,158831610
2802601,Graccho Cardoso,Sergipe,SE,28,5834,139799259
2904100,Boquira,Bahia,BA,29,19322,221071153
4124103,Santo Antônio da Platina,Paraná,PR,41,44369,1837883729
3107703,Bom Jesus do Amparo,Minas Gerais,MG,31,5631,178433210
1500305,Afuá,Pará,PA,15,37765,665557288
4116208,Morretes,Paraná,PR,41,18309,534711882
4114906,Marilândia do Sul,Paraná,PR,41,8677,510268194
3159605,Santa Rita do Sapucaí,Minas Gerais,MG,31,40635,2514297658
2509701,Monteiro,Paraíba,PB,25,32277,842417323
3523602,Itirapina,São Paulo,SP,35,16148,1570273265
3106408,Belo Vale,Minas Gerais,MG,31,8627,268616399
2701357,Campestre,Alagoas,AL,27,6665,109805490
3533601,Nuporanga,São Paulo,SP,35,7391,1235536788
3515152,Engenheiro Coelho,São Paulo,SP,35,19566,814390123
1303601,Santa Isabel do Rio Negro,Amazonas,AM,13,14164,197856988
3136504,Jordânia,Minas Gerais,MG,31,10304,129428687
5203500,Bom Jesus de Goiás,Goiás,GO,52,23958,1512295116
3540200,Pontal,São Paulo,SP,35,37607,2153953579
2908507,Conceição do Jacuípe,Bahia,BA,29,35308,2634469119
2309102,Mulungu,Ceará,CE,23,10569,146502587
4106209,Contenda,Paraná,PR,41,19128,627817968
3522307,Itapetininga,São Paulo,SP,35,157790,7962801863
3532306,Natividade da Serra,São Paulo,SP,35,6999,159424698
3304300,Rio Bonito,Rio de Janeiro,RJ,33,56276,2038466081
3545001,Salesópolis,São Paulo,SP,35,15202,310985155
2804409,Neópolis,Sergipe,SE,28,16426,382704881
4107553,Farol,Paraná,PR,41,3039,255636460
1502103,Cametá,Pará,PA,15,134184,1901552871
3543253,Ribeirão Grande,São Paulo,SP,35,7450,127268877
2611804,Ribeirão,Pernambuco,PE,26,33507,601649095
3512902,Cosmorama,São Paulo,SP,35,8719,878427208
4104907,Castro,Paraná,PR,41,73075,4517500842
4205555,Frei Rogério,Santa Catarina,SC,42,2411,114310223
2703908,Jundiá,Alagoas,AL,27,4092,92728487
3109501,Cabo Verde,Minas Gerais,MG,31,11410,320279696
3504602,Bady Bassitt,São Paulo,SP,35,27260,762195130
2412559,São Miguel do Gostoso,Rio Grande do Norte,RN,24,10221,712098273
3161106,São Francisco,Minas Gerais,MG,31,52762,859288930
2411205,Santa Cruz,Rio Grande do Norte,RN,24,37313,716309409
4109906,Icaraíma,Paraná,PR,41,8991,329105838
3537107,Pedreira,São Paulo,SP,35,43112,1817291527
3162450,São João das Missões,Minas Gerais,MG,31,13024,119038290
2511004,Pedra Branca,Paraíba,PB,25,3739,48602052
3108206,Bonfinópolis de Minas,Minas Gerais,MG,31,5528,473315719
3151107,Pirapetinga,Minas Gerais,MG,31,11077,707927765
2605103,Custódia,Pernambuco,PE,26,37699,759609293
3556503,Várzea Paulista,São Paulo,SP,35,115771,4736061572
3517703,Guará,São Paulo,SP,35,18606,854714843
3527702,Luiziânia,São Paulo,SP,35,4701,117808607
3537156,Pedrinhas Paulista,São Paulo,SP,35,2804,177967145
2501005,Araruna,Paraíba,PB,25,17189,244109139
2911303,Gentio do Ouro,Bahia,BA,29,10884,563487092
2921302,Milagres,Bahia,BA,29,11071,181064199
5219456,Santa Rita do Novo Destino,Goiás,GO,52,2689,179620410
5108808,Nova Guarita,Mato Grosso,MT,51,4590,236922134
2613602,São José do Egito,Pernambuco,PE,26,31004,471425907
3508108,Buritama,São Paulo,SP,35,17210,746203785
2209351,Santana do Piauí,Piauí,PI,22,4125,52379685
2406601,Lagoa Salgada,Rio Grande do Norte,RN,24,8319,124483324
3526407,Laranjal Paulista,São Paulo,SP,35,26261,1688979269
2100436,Alto Alegre do Maranhão,Maranhão,MA,21,24048,378314119
2111789,Serrano do Maranhão,Maranhão,MA,21,10202,118312412
3202553,Ibitirama,Espírito Santo,ES,32,9520,206693236
3519501,Ibirarema,São Paulo,SP,35,6385,331386983
3141900,Minduri,Minas Gerais,MG,31,3741,199019102
3529500,Mendonça,São Paulo,SP,35,6159,593744816
2500536,Alcantil,Paraíba,PB,25,5578,70347946
4320107,Sarandi,Rio Grande do Sul,RS,43,22851,1427660579
2211704,Wall Ferraz,Piauí,PI,22,4059,58143662
4302220,Boa Vista do Cadeado,Rio Grande do Sul,RS,43,2229,269990931
2910008,Dário Meira,Bahia,BA,29,10820,155286969
2920007,Maiquinique,Bahia,BA,29,8731,210895572
3524501,Jaci,São Paulo,SP,35,7613,880800415
2913101,Ibititá,Bahia,BA,29,16969,181670057
4306353,Dezesseis de Novembro,Rio Grande do Sul,RS,43,2507,51411752
2923100,Olindina,Bahia,BA,29,22633,296049094
4211892,Painel,Santa Catarina,SC,42,2215,111005961
3525854,Jumirim,São Paulo,SP,35,3056,287950527
1101104,Itapuã do Oeste,Rondônia,RO,11,8548,340162494
3131703,Itabira,Minas Gerais,MG,31,113343,7434200081
3111002,Campestre,Minas Gerais,MG,31,20696,564549397
2405306,Januário Cicco,Rio Grande do Norte,RN,24,9051,102924442
4310900,Jacutinga,Rio Grande do Sul,RS,43,3338,188689161
2201705,Bertolínia,Piauí,PI,22,5562,90843778
2900801,Alcobaça,Bahia,BA,29,24530,439081541
3101805,Alpercata,Minas Gerais,MG,31,6903,112973052
2100402,Altamira do Maranhão,Maranhão,MA,21,6447,88342755
1500347,Água Azul do Norte,Pará,PA,15,18080,1047225878
2408409,Olho d'Água do Borges,Rio Grande do Norte,RN,24,3905,58971730
2805703,Propriá,Sergipe,SE,28,26618,614880096
3153301,Presidente Kubitschek,Minas Gerais,MG,31,3071,45372896
3145208,Nova Serrana,Minas Gerais,MG,31,105552,3936357770
2907202,Casa Nova,Bahia,BA,29,72086,1135275591
2931400,Teodoro Sampaio,Bahia,BA,29,7110,123381217
2903904,Bom Jesus da Lapa,Bahia,BA,29,65550,1554154439
3122108,Divino das Laranjeiras,Minas Gerais,MG,31,4178,70321234
4302238,Boa Vista do Incra,Rio Grande do Sul,RS,43,2271,196998485
4202099,Barra Bonita,Santa Catarina,SC,42,1668,66205888.99999999
3140605,Materlândia,Minas Gerais,MG,31,3963,76739742
2512309,Princesa Isabel,Paraíba,PB,25,21114,343378966
3546306,Santa Cruz das Palmeiras,São Paulo,SP,35,28864,788978101
4306320,Derrubadas,Rio Grande do Sul,RS,43,2751,117581469
4113601,Lobato,Paraná,PR,41,4601,333368278
4218608,Trombudo Central,Santa Catarina,SC,42,7274,433329734
2311504,Quixeré,Ceará,CE,23,20874,805777821
2407104,Macaíba,Rio Grande do Norte,RN,24,82249,2455739334
4312203,Maximiliano de Almeida,Rio Grande do Sul,RS,43,4191,159588300
3152006,Pompéu,Minas Gerais,MG,31,31047,1229908179
3162005,São Gonçalo do Sapucaí,Minas Gerais,MG,31,23959,1189276860
5203559,Bonfinópolis,Goiás,GO,52,10296,158519717
3540259,Pontalinda,São Paulo,SP,35,4127,131996978
3130408,Ijaci,Minas Gerais,MG,31,7003,601865287
4300901,Aratiba,Rio Grande do Sul,RS,43,6483,1185217051
2902609,Baixa Grande,Bahia,BA,29,18220,226703817
3146552,Pai Pedro,Minas Gerais,MG,31,5551,73623066
3135209,Januária,Minas Gerais,MG,31,65150,1040488653
3550209,São Miguel Arcanjo,São Paulo,SP,35,32039,1157726376
4302204,Boa Vista do Buricá,Rio Grande do Sul,RS,43,6966,354601866
2502300,Bom Sucesso,Paraíba,PB,25,4661,66561104.99999999
3203809,Muqui,Espírito Santo,ES,32,13745,307885495
5219001,Sanclerlândia,Goiás,GO,52,7918,279278064
3103603,Arantina,Minas Gerais,MG,31,2915,77722691
2310209,Paracuru,Ceará,CE,23,38980,679587030
4101853,Ariranha do Ivaí,Paraná,PR,41,2329,144972888
4305306,Chapada,Rio Grande do Sul,RS,43,9540,603052913
2112209,Timon,Maranhão,MA,21,174465,2840126286
1721208,Tocantinópolis,Tocantins,TO,17,22615,529092868
4103602,Cambará,Paraná,PR,41,23212,985512340
4209003,Joaçaba,Santa Catarina,SC,42,30146,2754514296
2205201,Jaicós,Piauí,PI,22,17527,214290092
2605152,Dormentes,Pernambuco,PE,26,17188,311853941
4107124,Diamante do Sul,Paraná,PR,41,3171,85753794
3303401,Nova Friburgo,Rio de Janeiro,RJ,33,189939,7367566824
2300804,Antonina do Norte,Ceará,CE,23,7245,101190958
3147006,Paracatu,Minas Gerais,MG,31,94023,6798922469
2517100,Várzea,Paraíba,PB,25,2668,46408077
1502152,Canaã dos Carajás,Pará,PA,15,77079,16621560000
3136553,José Raydan,Minas Gerais,MG,31,4268,113810435
3503307,Araras,São Paulo,SP,35,130866,10022873262
2102804,Carolina,Maranhão,MA,21,24062,595613673
4314001,Paraí,Rio Grande do Sul,RS,43,7194,488255924
2110906,São Francisco do Maranhão,Maranhão,MA,21,12064,127388685
4217303,Saudades,Santa Catarina,SC,42,10265,718462655
2106326,Maracaçumé,Maranhão,MA,21,21149,275246484
2600500,Águas Belas,Pernambuco,PE,26,41548,489637130
4322707,Vera Cruz,Rio Grande do Sul,RS,43,26710,1126736420
2208304,Piracuruca,Piauí,PI,22,28846,464675726
2507101,Itapororoca,Paraíba,PB,25,18382,261025283
2400703,Alto do Rodrigues,Rio Grande do Norte,RN,24,12484,902783049
5003108,Corguinho,Mato Grosso do Sul,MS,50,4783,172551440
4317905,Santo Cristo,Rio Grande do Sul,RS,43,15320,766616238
4125407,São José da Boa Vista,Paraná,PR,41,6040,232640965
3108255,Bonito de Minas,Minas Gerais,MG,31,10204,127474180
3510104,Cândido Rodrigues,São Paulo,SP,35,2889,157950773
2313203,Tamboril,Ceará,CE,23,24815,319201566
3137007,Ladainha,Minas Gerais,MG,31,14383,168094058
1710706,Itaguatins,Tocantins,TO,17,5172,100219950
5211206,Itapuranga,Goiás,GO,52,26113,734912624
5102702,Canarana,Mato Grosso,MT,51,25858,3000653747
3136520,José Gonçalves de Minas,Minas Gerais,MG,31,3969,62251278
4309407,Guaporé,Rio Grande do Sul,RS,43,25268,1264537170
3505104,Barbosa,São Paulo,SP,35,5640,186922613
2514909,São Mamede,Paraíba,PB,25,7470,101240525
2932705,Uruçuca,Bahia,BA,29,21420,384146077
2305605,Independência,Ceará,CE,23,24024,408128094
3503356,Arco-Íris,São Paulo,SP,35,2044,136328537
2107605,Palmeirândia,Maranhão,MA,21,21059,188189650
2207009,Oeiras,Piauí,PI,22,38161,740096178
2500577,Algodão de Jandaíra,Paraíba,PB,25,2953,38482518
1700707,Alvorada,Tocantins,TO,17,8802,886077059
3127800,Grão Mogol,Minas Gerais,MG,31,13901,817459322
2100477,Alto Alegre do Pindaré,Maranhão,MA,21,25710,310141738
3553906,Tarabai,São Paulo,SP,35,6536,187170910
4108452,Foz do Jordão,Paraná,PR,41,4926,187782428
4308102,Feliz,Rio Grande do Sul,RS,43,13764,676580784
2929206,São Francisco do Conde,Bahia,BA,29,38733,26505736857
1508001,Tomé-Açu,Pará,PA,15,67585,1746482552
1400407,Normandia,Roraima,RR,14,13986,370956111
3114105,Carmo de Minas,Minas Gerais,MG,31,13797,330268118
2106300,Magalhães de Almeida,Maranhão,MA,21,13807,181566593
1300631,Beruri,Amazonas,AM,13,20718,262120815
2910057,Dias d'Ávila,Bahia,BA,29,71485,2377818192
1300607,Benjamin Constant,Amazonas,AM,13,37648,469445192
2210409,São Miguel do Tapuio,Piauí,PI,22,17554,206591964
2909802,Cruz das Almas,Bahia,BA,29,60348,1279175071
2304301,Farias Brito,Ceará,CE,23,18217,242210086
2919801,Macaúbas,Bahia,BA,29,41859,549585766
3553955,Tarumã,São Paulo,SP,35,14882,1153082930
5216007,Panamá,Goiás,GO,52,2455,207977155
4210555,Marema,Santa Catarina,SC,42,2184,111255266
2305654,Ipaporanga,Ceará,CE,23,11575,134149709.99999999
4317954,Santo Expedito do Sul,Rio Grande do Sul,RS,43,2349,105537385
2504900,Cruz do Espírito Santo,Paraíba,PB,25,17095,253013254
5108857,Nova Marilândia,Mato Grosso,MT,51,3529,551799376
4212304,Paulo Lopes,Santa Catarina,SC,42,9063,417795002
3166808,Serra do Salitre,Minas Gerais,MG,31,11801,898489496
5204854,Campo Limpo de Goiás,Goiás,GO,52,8081,237750969
3523206,Itararé,São Paulo,SP,35,44438,1406445260
1503408,Inhangapi,Pará,PA,15,10325,230529658
3104908,Baependi,Minas Gerais,MG,31,18366,451939764
2109403,Primeira Cruz,Maranhão,MA,21,13614,120507877
5206602,Cumari,Goiás,GO,52,2927,115381253
1714203,Natividade,Tocantins,TO,17,8754,352747690
2205276,Jatobá do Piauí,Piauí,PI,22,4494,70002934
4107157,Diamante D'Oeste,Paraná,PR,41,4557,134492640
2703106,Igaci,Alagoas,AL,27,23995,328695401
1508050,Trairão,Pará,PA,15,15242,454558103
2918506,Jussara,Bahia,BA,29,16354,151838486
4205159,Doutor Pedrinho,Santa Catarina,SC,42,3637,184032493
5205307,Cavalcante,Goiás,GO,52,9583,373218617
1301951,Itamarati,Amazonas,AM,13,10937,161776815
4202909,Brusque,Santa Catarina,SC,42,141385,11071535293
3148301,Paula Cândido,Minas Gerais,MG,31,8659,143373108
4211009,Mondaí,Santa Catarina,SC,42,10066,1249316724
4204202,Chapecó,Santa Catarina,SC,42,254785,17619284312
5221403,Trindade,Goiás,GO,52,142431,3631624099
1600105,Amapá,Amapá,AP,16,7943,219044853
2804458,Nossa Senhora Aparecida,Sergipe,SE,28,9232,209604537
2200400,Altos,Piauí,PI,22,47453,764914100
2108108,Paulo Ramos,Maranhão,MA,21,20341,261075014
2616407,Vitória de Santo Antão,Pernambuco,PE,26,134084,6095992225
1400456,Pacaraima,Roraima,RR,14,19305,447420649
4201604,Arroio Trinta,Santa Catarina,SC,42,3556,154297375
2508406,Lastro,Paraíba,PB,25,3162,37247791
4306379,Dilermando de Aguiar,Rio Grande do Sul,RS,43,2806,202939142
2200459,Alvorada do Gurguéia,Piauí,PI,22,5322,109088428
4312252,Minas do Leão,Rio Grande do Sul,RS,43,7505,291060534
2803104,Itabi,Sergipe,SE,28,4745,101138057
4126702,Tamboara,Paraná,PR,41,4880,184145474
2414308,Timbaúba dos Batistas,Rio Grande do Norte,RN,24,2348,47341240
2606408,Gravatá,Pernambuco,PE,26,86516,1637743490
2202208,Campo Maior,Piauí,PI,22,45793,940801888
4204251,Cocal do Sul,Santa Catarina,SC,42,17240,1084929853
2615102,Terezinha,Pernambuco,PE,26,6513,91620629
1600154,Pedra Branca do Amapari,Amapá,AP,16,12847,375826783
3116704,Coimbra,Minas Gerais,MG,31,7117,149609320
2902658,Banzaê,Bahia,BA,29,11958,152080651
3138302,Leandro Ferreira,Minas Gerais,MG,31,3199,67066463
2209377,Santa Rosa do Piauí,Piauí,PI,22,4650,63444727
3506409,Bilac,São Paulo,SP,35,7319,307745487
4302253,Boa Vista do Sul,Rio Grande do Sul,RS,43,2779,134911770
3542800,Ribeira,São Paulo,SP,35,3132,61921669
3556107,Valentim Gentil,São Paulo,SP,35,14098,565653229
1508035,Tracuateua,Pará,PA,15,28595,391637992
2403806,Florânia,Rio Grande do Norte,RN,24,10196,152502371
2201739,Betânia do Piauí,Piauí,PI,22,6220,120127102
2306900,Jaguaribe,Ceará,CE,23,33726,740827469
2205250,Jardim do Mulato,Piauí,PI,22,4180,51475934
1304104,Tapauá,Amazonas,AM,13,19599,318010207
2106375,Maranhãozinho,Maranhão,MA,21,13761,146664205
5218102,Portelândia,Goiás,GO,52,3280,305583932
2310258,Paraipaba,Ceará,CE,23,32216,614089604
2413003,São Vicente,Rio Grande do Norte,RN,24,6310,100457936
3131307,Ipatinga,Minas Gerais,MG,31,227731,16870238851
4321402,Tenente Portela,Rio Grande do Sul,RS,43,14497,614913536
2709004,Tanque d'Arca,Alagoas,AL,27,5796,92869301
2929255,São Gabriel,Bahia,BA,29,18600,193552547
4205191,Ermo,Santa Catarina,SC,42,2269,241247320
5203575,Bonópolis,Goiás,GO,52,3299,282293776
4111001,Itambaracá,Paraná,PR,41,5908,279453255
3510153,Canitar,São Paulo,SP,35,6283,218327890
2705705,Olho d'Água das Flores,Alagoas,AL,27,20695,343110540
3544608,Sabino,São Paulo,SP,35,5112,183224581
4214706,Rio dos Cedros,Santa Catarina,SC,42,10865,565977434
5207907,Flores de Goiás,Goiás,GO,52,13744,287568896
4128500,Wenceslau Braz,Paraná,PR,41,19188,767255933
3136579,Josenópolis,Minas Gerais,MG,31,3630,59635327
1504703,Moju,Pará,PA,15,84094,2156272999
2704401,Major Isidoro,Alagoas,AL,27,17700,296432798
1507805,Senador José Porfírio,Pará,PA,15,22576,341243519
5003157,Coronel Sapucaia,Mato Grosso do Sul,MS,50,14289,388241057
3547650,Santa Salete,São Paulo,SP,35,1645,66139508
4101002,Ampére,Paraná,PR,41,19620,1001174451
2513604,Santana dos Garrotes,Paraíba,PB,25,6569,81501799
3171600,Virgem da Lapa,Minas Gerais,MG,31,11804,162587512
3143708,Morro do Pilar,Minas Gerais,MG,31,3133,56082571
4321451,Teutônia,Rio Grande do Sul,RS,43,32797,2003350793
1506500,Santa Izabel do Pará,Pará,PA,15,73019,1828145396
2903953,Bom Jesus da Serra,Bahia,BA,29,9730,92366046
3518206,Guararapes,São Paulo,SP,35,31043,1718487879
3549409,São Joaquim da Barra,São Paulo,SP,35,48558,2733786441
3528205,Macedônia,São Paulo,SP,35,3963,123749527
2304350,Forquilha,Ceará,CE,23,24173,346304173
4323200,Victor Graeff,Rio Grande do Sul,RS,43,2780,235753534
4321469,Tio Hugo,Rio Grande do Sul,RS,43,3267,173558886
3536703,Pederneiras,São Paulo,SP,35,44827,3840420972
2503605,Caiçara,Paraíba,PB,25,6602,83427990
2105922,Lagoa do Mato,Maranhão,MA,21,10572,211546724
2910909,Firmino Alves,Bahia,BA,29,4873,88592155
3501608,Americana,São Paulo,SP,35,237240,17600565714
2920908,Mascote,Bahia,BA,29,13544,193316501
4213401,Ponte Serrada,Santa Catarina,SC,42,10649,390492155
2607703,Itapetim,Pernambuco,PE,26,13791,170269168
4121901,Ribeirão do Pinhal,Paraná,PR,41,13060,487933203
2106359,Marajá do Sena,Maranhão,MA,21,7027,116023372
2104628,Governador Luiz Rocha,Maranhão,MA,21,7063,108305113
3551306,Sebastianópolis do Sul,São Paulo,SP,35,3130,454541519
2112233,Trizidela do Vale,Maranhão,MA,21,22484,436529351
3111903,Cana Verde,Minas Gerais,MG,31,5272,95423162
2930105,Senhor do Bonfim,Bahia,BA,29,74523,1260521545
2303006,Caridade,Ceará,CE,23,16377,209727982
4315305,Quaraí,Rio Grande do Sul,RS,43,23500,720056580
3165503,Sardoá,Minas Gerais,MG,31,5104,85294480
2515401,São Vicente do Seridó,Paraíba,PB,25,10291,112002676
2203503,Elesbão Veloso,Piauí,PI,22,13607,208872796
2513653,Joca Claudino,Paraíba,PB,25,2539,43129227
4112306,Japira,Paraná,PR,41,4972,169939686
3303005,Miracema,Rio de Janeiro,RJ,33,26881,742077285
3548104,Santo Antônio do Jardim,São Paulo,SP,35,6126,253743152
3170305,Umburatiba,Minas Gerais,MG,31,2684,54270751
4218202,Timbó,Santa Catarina,SC,42,46099,2737816587
3110202,Cajuri,Minas Gerais,MG,31,4088,128295673
4321436,Terra de Areia,Rio Grande do Sul,RS,43,10334,342570174
4305900,Coronel Bicaco,Rio Grande do Sul,RS,43,6144,397095211
2505402,Desterro,Paraíba,PB,25,8067,94773816
2918555,Jussari,Bahia,BA,29,5888,90404100
3538907,Pirajuí,São Paulo,SP,35,22431,737808736
2609501,Nazaré da Mata,Pernambuco,PE,26,30648,777087489
2208908,Ribeiro Gonçalves,Piauí,PI,22,6164,927444826
2915700,Itamari,Bahia,BA,29,7051,118905574
5220108,São Luís de Montes Belos,Goiás,GO,52,33852,2008425161
3132602,Itamarati de Minas,Minas Gerais,MG,31,3690,73660005
2105906,Lago Verde,Maranhão,MA,21,14769,169405214
2925709,Presidente Jânio Quadros,Bahia,BA,29,12621,122013542
1703826,Cachoeirinha,Tocantins,TO,17,1961,62095442
4120606,Prudentópolis,Paraná,PR,41,49393,1905943321
3102308,Alvinópolis,Minas Gerais,MG,31,15059,402513186
4218251,Timbó Grande,Santa Catarina,SC,42,7342,304452754
4205175,Entre Rios,Santa Catarina,SC,42,3402,75980775
5212501,Luziânia,Goiás,GO,52,209129,6264671451
1721257,Tupirama,Tocantins,TO,17,1909,96851499
3172103,Volta Grande,Minas Gerais,MG,31,4443,146386275
4123709,Santa Isabel do Ivaí,Paraná,PR,41,8912,293691548
4102307,Balsa Nova,Paraná,PR,41,13395,1302016129
3115409,Catas Altas da Noruega,Minas Gerais,MG,31,3110,51640222
1200013,Acrelândia,Acre,AC,12,14021,502663016
4211058,Monte Carlo,Santa Catarina,SC,42,9117,325033469
3138351,Leme do Prado,Minas Gerais,MG,31,4341,73646075
4200309,Agronômica,Santa Catarina,SC,42,6055,279405695
5221452,Trombas,Goiás,GO,52,3120,82138118
5204003,Cabeceiras,Goiás,GO,52,7560,484327515
1713809,Palmeiras do Tocantins,Tocantins,TO,17,4872,108234964
3531506,Monte Azul Paulista,São Paulo,SP,35,18151,958013847
1400472,Rorainópolis,Roraima,RR,14,32647,981040451
5107578,Rondolândia,Mato Grosso,MT,51,3505,135694082
3144607,Nepomuceno,Minas Gerais,MG,31,25018,757417466
4122404,Rolândia,Paraná,PR,41,71670,4602703668
4201653,Arvoredo,Santa Catarina,SC,42,2510,194587973
5220157,São Luiz do Norte,Goiás,GO,52,4837,221722563
2914406,Iraquara,Bahia,BA,29,23879,695112510
3152907,Pratápolis,Minas Gerais,MG,31,8406,249603521
2924405,Pilão Arcado,Bahia,BA,29,35357,367179251
3162906,São João Nepomuceno,Minas Gerais,MG,31,25565,672478433
2925758,Presidente Tancredo Neves,Bahia,BA,29,27734,417933455
2313252,Tarrafas,Ceará,CE,23,7529,116827327
2201770,Boa Hora,Piauí,PI,22,6902,77968556
4114104,Mandaguaçu,Paraná,PR,41,31457,995409852
3521507,Irapuã,São Paulo,SP,35,6867,282415637
1501709,Bragança,Pará,PA,15,123082,1977329959
2917508,Jacobina,Bahia,BA,29,82590,2030142295
2409704,Pedro Avelino,Rio Grande do Norte,RN,24,6242,282103497
5106224,Nova Mutum,Mato Grosso,MT,51,55839,7647129140
2927507,Santa Bárbara,Bahia,BA,29,20952,229692146
3169000,Tocantins,Minas Gerais,MG,31,16185,450784238
1508084,Tucumã,Pará,PA,15,39550,1347918985
2104602,Governador Eugênio Barros,Maranhão,MA,21,13930,195174375
2612307,Saloá,Pernambuco,PE,26,13836,251854451
3149606,Pequi,Minas Gerais,MG,31,4155,103925031
3134400,Iturama,Minas Gerais,MG,31,38295,2864935043
3157708,Santa Juliana,Minas Gerais,MG,31,15734,912073167
3167707,Sobrália,Minas Gerais,MG,31,5137,82141470
2916203,Itapé,Bahia,BA,29,10341,135711734
3126505,Francisco Badaró,Minas Gerais,MG,31,7366,91211621
2926202,Riachão das Neves,Bahia,BA,29,21642,1896806255
4209904,Lontras,Santa Catarina,SC,42,12873,579987199
4125456,São José das Palmeiras,Paraná,PR,41,3957,109673662
2602902,Cabo de Santo Agostinho,Pernambuco,PE,26,203440,15897620496
1703800,Buriti do Tocantins,Tocantins,TO,17,10307,149972612
2410801,Riacho de Santana,Rio Grande do Norte,RN,24,4127,53836485
3115458,Catuji,Minas Gerais,MG,31,7030,109879753
4127205,Terra Boa,Paraná,PR,41,17568,709922487
2611002,Petrolândia,Pernambuco,PE,26,34161,1568602968
1504752,Mojuí dos Campos,Pará,PA,15,23501,457250562
1300680,Boa Vista do Ramos,Amazonas,AM,13,23785,243779045
3552601,Tabapuã,São Paulo,SP,35,11323,397691073
3169059,Tocos do Moji,Minas Gerais,MG,31,3826,82673018
4104105,Campo do Tenente,Paraná,PR,41,7508,306673047
5102793,Carlinda,Mato Grosso,MT,51,10332,423097807
4128559,Vera Cruz do Oeste,Paraná,PR,41,8215,335606889
2601607,Belém do São Francisco,Pernambuco,PE,26,18301,715390261
4316600,Sananduva,Rio Grande do Sul,RS,43,16399,877957067
5106232,Nova Olímpia,Mato Grosso,MT,51,16352,771963918
4321493,Toropi,Rio Grande do Sul,RS,43,2554,82303849
5006002,Nova Alvorada do Sul,Mato Grosso do Sul,MS,50,21822,2592615070
1712504,Marianópolis do Tocantins,Tocantins,TO,17,4615,373197357
3166402,Seritinga,Minas Gerais,MG,31,1819,54766412
3530201,Mirante do Paranapanema,São Paulo,SP,35,15917,651108007
3502903,Araçoiaba da Serra,São Paulo,SP,35,32443,1523193918
2402501,Carnaubais,Rio Grande do Norte,RN,24,9714,231816498
2516706,Teixeira,Paraíba,PB,25,14631,222478776
2906808,Cansanção,Bahia,BA,29,37439,510493321
3555703,União Paulista,São Paulo,SP,35,1603,72243943
4305934,Coronel Pilar,Rio Grande do Sul,RS,43,1607,58153052
4319703,São Valentim,Rio Grande do Sul,RS,43,3264,124877898
3139607,Mantena,Minas Gerais,MG,31,26535,610896883
5106208,Nova Brasilândia,Mato Grosso,MT,51,3932,216719961
3535002,Palestina,São Paulo,SP,35,11476,603348105
2105963,Lagoa Grande do Maranhão,Maranhão,MA,21,11411,128790836
3533254,Novais,São Paulo,SP,35,4412,105506875
2614105,Sertânia,Pernambuco,PE,26,32811,404067380
2109452,Raposa,Maranhão,MA,21,30839,381070977
3520202,Igaratá,São Paulo,SP,35,10605,353163257
2506707,Imaculada,Paraíba,PB,25,10392,105988276
2112274,Tufilândia,Maranhão,MA,21,5507,75760470
4119301,Pinhão,Paraná,PR,41,29886,1851108012
3525003,Jandira,São Paulo,SP,35,118045,5547106684
2401206,Arês,Rio Grande do Norte,RN,24,13251,471283907
3554409,Terra Roxa,São Paulo,SP,35,7904,237426174
3515608,Fernando Prestes,São Paulo,SP,35,5942,281661783
1503457,Ipixuna do Pará,Pará,PA,15,30329,612706967
2604700,Correntes,Pernambuco,PE,26,17131,211879991
2306108,Irauçuba,Ceará,CE,23,23915,271621971
2607752,Itapissuma,Pernambuco,PE,26,27749,3258624133
2801405,Carira,Sergipe,SE,28,19939,723768733
5213806,Morrinhos,Goiás,GO,52,51351,2524023048
2930154,Serra do Ramalho,Bahia,BA,29,34222,521085967
3507704,Braúna,São Paulo,SP,35,5356,157855147
2200053,Acauã,Piauí,PI,22,6420,84924313
1506559,Santa Luzia do Pará,Pará,PA,15,20370,258360428
2700904,Belo Monte,Alagoas,AL,27,5936,196376816
3513850,Dirce Reis,São Paulo,SP,35,1620,99485465
3119807,Córrego Danta,Minas Gerais,MG,31,2960,181309701
5216908,Pilar de Goiás,Goiás,GO,52,2328,121146635
2105948,Lago dos Rodrigues,Maranhão,MA,21,8758,104301153
2901304,Andaraí,Bahia,BA,29,13080,178408467
1200054,Assis Brasil,Acre,AC,12,8100,187366498
1302405,Lábrea,Amazonas,AM,13,45448,742982105
1703867,Cariri do Tocantins,Tocantins,TO,17,4007,997799584
5106216,Nova Canaã do Norte,Mato Grosso,MT,51,11707,1057941889
4321477,Tiradentes do Sul,Rio Grande do Sul,RS,43,5129,162975258
4315313,Quatro Irmãos,Rio Grande do Sul,RS,43,1552,136522530
2603405,Calumbi,Pernambuco,PE,26,5228,62248882
4128534,Ventania,Paraná,PR,41,9681,378783843
3507753,Brejo Alegre,São Paulo,SP,35,2565,90696609
2608206,Joaquim Nabuco,Pernambuco,PE,26,13269,164490898
5108006,Tapurah,Mato Grosso,MT,51,14370,2467467464
2104677,Governador Nunes Freire,Maranhão,MA,21,23128,324762474
3509502,Campinas,São Paulo,SP,35,1139047,91968328317
5215603,Padre Bernardo,Goiás,GO,52,34967,1036140690
4120655,Quarto Centenário,Paraná,PR,41,4201,409019000
2901353,Andorinha,Bahia,BA,29,15012,252205760
4310108,Igrejinha,Rio Grande do Sul,RS,43,32808,2656127263
5007307,Rio Negro,Mato Grosso do Sul,MS,50,4841,170385672
3514304,Dourado,São Paulo,SP,35,8096,1178139786
2903102,Barra do Rocha,Bahia,BA,29,5775,107926635
3515657,Fernão,São Paulo,SP,35,1656,102634371
3162948,São José da Barra,Minas Gerais,MG,31,7793,911244741
3121704,Diogo de Vasconcelos,Minas Gerais,MG,31,3549,55354946
2511905,Pitimbu,Paraíba,PB,25,16751,479171698
4315321,Quevedos,Rio Grande do Sul,RS,43,2507,156253021
4211900,Palhoça,Santa Catarina,SC,42,222598,10294550237
5106265,Novo Mundo,Mato Grosso,MT,51,6520,626984284
3143302,Montes Claros,Minas Gerais,MG,31,414240,13326238602
3144656,Ninheira,Minas Gerais,MG,31,10588,166816364
3118502,Consolação,Minas Gerais,MG,31,1563,36259032
1703842,Campos Lindos,Tocantins,TO,17,8653,665856679
3120003,Córrego Novo,Minas Gerais,MG,31,2875,63742211
3201704,Conceição do Castelo,Espírito Santo,ES,32,11937,356678843
2501906,Belém,Paraíba,PB,25,16401,268655340
3101003,Águas Vermelhas,Minas Gerais,MG,31,14037,278389902
2702702,Feliz Deserto,Alagoas,AL,27,3963,218958196
1718402,Presidente Kennedy,Tocantins,TO,17,3047,88842962
3537602,Peruíbe,São Paulo,SP,35,68352,2366996023
4300109,Agudo,Rio Grande do Sul,RS,43,16041,780151895
3204302,Presidente Kennedy,Espírito Santo,ES,32,13696,7368210798
5101407,Aripuanã,Mato Grosso,MT,51,24626,1451935796
3300225,Areal,Rio de Janeiro,RJ,33,11828,597072116
2707503,Porto Real do Colégio,Alagoas,AL,27,20082,294350743
5106273,Novo Horizonte do Norte,Mato Grosso,MT,51,3349,132645924.99999999
3133105,Itanhandu,Minas Gerais,MG,31,15236,649276352
4208609,Jaborá,Santa Catarina,SC,42,4310,236969898
2301307,Araripe,Ceará,CE,23,19783,259167904
3162955,São José da Lapa,Minas Gerais,MG,31,26090,1026318769
2204808,Ipiranga do Piauí,Piauí,PI,22,9420,101790387
2413904,Taipu,Rio Grande do Norte,RN,24,11422,184090867
2103307,Codó,Maranhão,MA,21,114275,1808033367
3301504,Cordeiro,Rio de Janeiro,RJ,33,20783,530533448
3536307,Patrocínio Paulista,São Paulo,SP,35,14512,1850012193
4305975,Coxilha,Rio Grande do Sul,RS,43,2667,349363704
2104651,Governador Newton Bello,Maranhão,MA,21,10713,120254032
4101051,Anahy,Paraná,PR,41,2918,124322819
1703891,Carrasco Bonito,Tocantins,TO,17,3318,56192017
2510600,Ouro Velho,Paraíba,PB,25,2918,47542267
5100102,Acorizal,Mato Grosso,MT,51,5014,169373160
3111507,Campos Altos,Minas Gerais,MG,31,12979,524859209.99999994
2110104,Santa Quitéria do Maranhão,Maranhão,MA,21,23957,391678372
5106240,Nova Ubiratã,Mato Grosso,MT,51,11530,3184846567
3300233,Armação dos Búzios,Rio de Janeiro,RJ,33,40006,5019621154
4216503,São Joaquim,Santa Catarina,SC,42,25939,1484850704
5209705,Hidrolândia,Goiás,GO,52,27742,1528148591
3162922,São Joaquim de Bicas,Minas Gerais,MG,31,34348,1065143955.0000001
2906857,Capela do Alto Alegre,Bahia,BA,29,10744,164342354
3300209,Araruama,Rio de Janeiro,RJ,33,129671,13156181005
2706208,Palestina,Alagoas,AL,27,4325,48822089
3123908,Entre Rios de Minas,Minas Gerais,MG,31,14746,417306732
2933208,Vera Cruz,Bahia,BA,29,42529,709330481
2203107,Cristino Castro,Piauí,PI,22,10503,155695982
5103205,Colíder,Mato Grosso,MT,51,31370,1958222209
2922730,Nova Fátima,Bahia,BA,29,7967,121798973
3125200,Fama,Minas Gerais,MG,31,2578,68125526
4215208,Romelândia,Santa Catarina,SC,42,4823,132525469.00000001
2807501,Tomar do Geru,Sergipe,SE,28,12012,208833285
3501202,Álvares Florence,São Paulo,SP,35,3915,175598215
3516903,General Salgado,São Paulo,SP,35,10312,348923464
5002704,Campo Grande,Mato Grosso do Sul,MS,50,898100,42269767537
1702554,Augustinópolis,Tocantins,TO,17,17484,396227327
3155108,Rio do Prado,Minas Gerais,MG,31,4639,68107378
3165107,São Tomás de Aquino,Minas Gerais,MG,31,6740,236783513
2516755,Tenório,Paraíba,PB,25,2966,40231265
2100907,Araioses,Maranhão,MA,21,39052,351323823
5202502,Aruanã,Goiás,GO,52,8300,379920608
2102002,Bom Jardim,Maranhão,MA,21,33100,571100823
1100700,Campo Novo de Rondônia,Rondônia,RO,11,8844,455251255
5210802,Itajá,Goiás,GO,52,4380,188305516
4312708,Nonoai,Rio Grande do Sul,RS,43,13719,539373949
2933257,Vereda,Bahia,BA,29,6003,116334100
4305959,Cotiporã,Rio Grande do Sul,RS,43,3846,205101892
1501725,Brasil Novo,Pará,PA,15,24718,517482030
2909000,Cordeiros,Bahia,BA,29,7546,79050184
2800100,Amparo do São Francisco,Sergipe,SE,28,2170,49411591
3205200,Vila Velha,Espírito Santo,ES,32,467722,19711327558
3145703,Oliveira Fortes,Minas Gerais,MG,31,2027,44411957
2608255,Jucati,Pernambuco,PE,26,11517,142789573
4115408,Marmeleiro,Paraná,PR,41,15901,738402903
2906824,Canudos,Bahia,BA,29,16105,203666771
3115474,Catuti,Minas Gerais,MG,31,4739,70828424
5213855,Morro Agudo de Goiás,Goiás,GO,52,2456,68988212
5106257,Nova Xavantina,Mato Grosso,MT,51,24345,1185191829
3127008,Fronteira,Minas Gerais,MG,31,14540,1090434189
5201207,Anhanguera,Goiás,GO,52,924,26737509
2912707,Ibirapitanga,Bahia,BA,29,25344,385351271
2922706,Nova Canaã,Bahia,BA,29,13715,227966485
3135704,Jequitibá,Minas Gerais,MG,31,5883,161753013
2105989,Lajeado Novo,Maranhão,MA,21,7057,122752409
1301100,Careiro,Amazonas,AM,13,30792,436682175
2514107,São João do Tigre,Paraíba,PB,25,4263,51496027
2603454,Camaragibe,Pernambuco,PE,26,147771,2436551849
4302709,Butiá,Rio Grande do Sul,RS,43,19084,567080683
5004502,Itaporã,Mato Grosso do Sul,MS,50,24137,1525654290
2502805,Brejo do Cruz,Paraíba,PB,25,13613,207305210
1506583,Santa Maria das Barreiras,Pará,PA,15,16548,943385780
3303906,Petrópolis,Rio de Janeiro,RJ,33,278881,19907334726
2919009,Lajedinho,Bahia,BA,29,3527,66279945.00000001
4105409,Chopinzinho,Paraná,PR,41,21085,1196359965
5108055,Terra Nova do Norte,Mato Grosso,MT,51,10616,571448179
1302801,Maraã,Amazonas,AM,13,15529,202680119
1200450,Senador Guiomard,Acre,AC,12,21454,1111820541
1500503,Almeirim,Pará,PA,15,34280,593847200
1303007,Nhamundá,Amazonas,AM,13,20136,239730567
1300086,Anamã,Amazonas,AM,13,9962,154694426
1301902,Itacoatiara,Amazonas,AM,13,103598,3321936455
2111532,São Pedro da Água Branca,Maranhão,MA,21,14338,149358525
2928307,Santanópolis,Bahia,BA,29,8716,84482199
1505635,Piçarra,Pará,PA,15,12832,361690008
2904308,Brejões,Bahia,BA,29,12943,168676087
1713205,Miracema do Tocantins,Tocantins,TO,17,18566,860438225
1707405,Esperantina,Tocantins,TO,17,7530,119197107
